segment_id	unit_x	doc_id_x	token_count_x	lexical_token_count	emotion_anger_count	emotion_anger_per_1k	emotion_anger_prop	intensity_anger_mean	emotion_anticipation_count	emotion_anticipation_per_1k	emotion_anticipation_prop	intensity_anticipation_mean	emotion_disgust_count	emotion_disgust_per_1k	emotion_disgust_prop	intensity_disgust_mean	emotion_fear_count	emotion_fear_per_1k	emotion_fear_prop	intensity_fear_mean	emotion_joy_count	emotion_joy_per_1k	emotion_joy_prop	intensity_joy_mean	emotion_sadness_count	emotion_sadness_per_1k	emotion_sadness_prop	intensity_sadness_mean	emotion_surprise_count	emotion_surprise_per_1k	emotion_surprise_prop	intensity_surprise_mean	emotion_trust_count	emotion_trust_per_1k	emotion_trust_prop	intensity_trust_mean	sentiment_positive_count	sentiment_positive_per_1k	sentiment_negative_count	sentiment_negative_per_1k	vad_valence_mean	vad_arousal_mean	vad_dominance_mean	sentiment_balance	lexicon_hit_count	lexicon_unique_hit_count	lexicon_coverage	dominant_emotion	dominant_emotion_score	source_xml_x	xml_doc_index_x	title_x	author_x	century_x	genre_x	publication_x	category_x	year_x	language_x	gerne_x	cemtury_x	unit_y	doc_id_y	sent_ids	n_sent_ids	token_count_y	word_token_count	lemma_token_count	text_preview	source_xml_y	xml_doc_index_y	title_y	author_y	century_y	genre_y	publication_y	category_y	year_y	language_y	gerne_y	cemtury_y	review_emotion
wikivir-015502::document::1	document	wikivir-015502	28	12	4.0	333.3333333333333	0.25	0.3911666666666666	1.0	83.33333333333333	0.0625	0.073	2.0	166.66666666666666	0.125	0.2201666666666666	4.0	333.3333333333333	0.25	0.4204999999999999	1.0	83.33333333333333	0.0625	0.0989999999999999	2.0	166.66666666666666	0.125	0.1646666666666666	1.0	83.33333333333333	0.0625	0.0533333333333333	1.0	83.33333333333333	0.0625	0.1041666666666666	1.0	83.33333333333333	4.0	333.3333333333333	0.4403333333333334	0.6420833333333333	0.5729166666666666	-0.6	6	6	0.5	anger	0.25	wikivir.xml	15502	Pekel	Joka Žigon	20	pesmi			1973.0				document	wikivir-015502	wikivir-015502.s000001|wikivir-015502.s000002|wikivir-015502.s000003|wikivir-015502.s000004	4	28	21	10	Pekèl sem res, al se ne boj, korajšno vstopi, grešnik moj! Tu ni hudičev, ne požarov, tu je le Angel Molinarov.	wikivir.xml	15502	Pekel	Joka Žigon	20	pesmi			1973.0				emotion_anger_per_1k
wikivir-015502::window::1	window	wikivir-015502	21	12	4.0	333.3333333333333	0.25	0.3911666666666666	1.0	83.33333333333333	0.0625	0.073	2.0	166.66666666666666	0.125	0.2201666666666666	4.0	333.3333333333333	0.25	0.4204999999999999	1.0	83.33333333333333	0.0625	0.0989999999999999	2.0	166.66666666666666	0.125	0.1646666666666666	1.0	83.33333333333333	0.0625	0.0533333333333333	1.0	83.33333333333333	0.0625	0.1041666666666666	1.0	83.33333333333333	4.0	333.3333333333333	0.4403333333333334	0.6420833333333333	0.5729166666666666	-0.6	6	6	0.5	anger	0.25	wikivir.xml	15502	Pekel	Joka Žigon	20	pesmi			1973.0				window	wikivir-015502	wikivir-015502.s000001|wikivir-015502.s000002|wikivir-015502.s000003|wikivir-015502.s000004	4	21	21	10	Pekèl sem resal se ne bojkorajšno vstopigrešnik mojTu ni hudičevne požarovtu je le Angel Molinarov	wikivir.xml	15502	Pekel	Joka Žigon	20	pesmi			1973.0				emotion_anger_per_1k
wikivir-000535::document::1	document	wikivir-000535	31	19	6.0	315.7894736842105	0.3157894736842105	0.5588571428571429	0.0	0.0	0.0	0.0	0.0	0.0	0.0	0.0	7.0	368.4210526315789	0.3684210526315789	0.531	0.0	0.0	0.0	0.0	6.0	315.7894736842105	0.3157894736842105	0.6831428571428572	0.0	0.0	0.0	0.0	0.0	0.0	0.0	0.0	0.0	0.0	7.0	368.4210526315789	0.1945714285714286	0.7307857142857144	0.1612142857142857	-1.0	7	2	0.3684210526315789	fear	0.3684210526315789	wikivir.xml	535	Rodovnik	Srečko Kosovel		pesmi	Integrali 26						document	wikivir-000535	wikivir-000535.s000001|wikivir-000535.s000002|wikivir-000535.s000003|wikivir-000535.s000004|wikivir-000535.s000005|wikivir-000535.s000006|wikivir-000535.s000007|wikivir-000535.s000008	8	31	21	19	Suženj. Suženj Hlapec. Suženj Hlapčevič Hlapec. Suženj Sužnjevič Hlapčevič Ponižni. Suženj II. Suženj Ponižnjevič III. Hlapčevič IV. Janez Ponižni, Strahopetni, Velepotezni.	wikivir.xml	535	Rodovnik	Srečko Kosovel		pesmi	Integrali 26						emotion_anger_per_1k
wikivir-000535::window::1	window	wikivir-000535	21	19	6.0	315.7894736842105	0.3157894736842105	0.5588571428571429	0.0	0.0	0.0	0.0	0.0	0.0	0.0	0.0	7.0	368.4210526315789	0.3684210526315789	0.531	0.0	0.0	0.0	0.0	6.0	315.7894736842105	0.3157894736842105	0.6831428571428572	0.0	0.0	0.0	0.0	0.0	0.0	0.0	0.0	0.0	0.0	7.0	368.4210526315789	0.1945714285714286	0.7307857142857144	0.1612142857142857	-1.0	7	2	0.3684210526315789	fear	0.3684210526315789	wikivir.xml	535	Rodovnik	Srečko Kosovel		pesmi	Integrali 26						window	wikivir-000535	wikivir-000535.s000001|wikivir-000535.s000002|wikivir-000535.s000003|wikivir-000535.s000004|wikivir-000535.s000005|wikivir-000535.s000006|wikivir-000535.s000007|wikivir-000535.s000008	8	21	21	19	SuženjSuženj HlapecSuženj Hlapčevič HlapecSuženj Sužnjevič Hlapčevič PonižniSuženj IISuženj Ponižnjevič IIIHlapčevič IVJanez PonižniStrahopetniVelepotezni	wikivir.xml	535	Rodovnik	Srečko Kosovel		pesmi	Integrali 26						emotion_anger_per_1k
wikivir-007025::window::1	window	wikivir-007025	29	16	5.0	312.5	0.238095238095238	0.2622727272727272	0.0	0.0	0.0	0.0	6.0	375.0	0.2857142857142857	0.3606363636363636	5.0	312.5	0.238095238095238	0.3763636363636363	0.0	0.0	0.0	0.0	5.0	312.5	0.238095238095238	0.3977272727272727	0.0	0.0	0.0	0.0	0.0	0.0	0.0	0.0	0.0	0.0	6.0	375.0	0.3852272727272727	0.4593636363636363	0.4090454545454545	-1.0	11	5	0.6875	disgust	0.2857142857142857	wikivir.xml	7025	Rak	Anica Černej	20	pesmi							window	wikivir-007025	wikivir-007025.s000001|wikivir-007025.s000002|wikivir-007025.s000003|wikivir-007025.s000004|wikivir-007025.s000005|wikivir-007025.s000006|wikivir-007025.s000007|wikivir-007025.s000008|wikivir-007025.s000009|wikivir-007025.s000010|wikivir-007025.s000011|wikivir-007025.s000012|wikivir-007025.s000013	13	29	29	15	Rak Rakrakje krojačurezal mi je dvoje hlačKer mi hlače niso pravsem mu jih nazaj poslalRakrakje rdečker mi hlače niso všeč	wikivir.xml	7025	Rak	Anica Černej	20	pesmi							emotion_anger_per_1k
wikivir-007293::window::1	window	wikivir-007293	29	16	5.0	312.5	0.238095238095238	0.2622727272727272	0.0	0.0	0.0	0.0	6.0	375.0	0.2857142857142857	0.3606363636363636	5.0	312.5	0.238095238095238	0.3763636363636363	0.0	0.0	0.0	0.0	5.0	312.5	0.238095238095238	0.3977272727272727	0.0	0.0	0.0	0.0	0.0	0.0	0.0	0.0	0.0	0.0	6.0	375.0	0.3823333333333333	0.4756666666666666	0.4034242424242424	-1.0	11	6	0.6875	disgust	0.2857142857142857	wikivir.xml	7293	Rak	Anica Černej	20	pesmi							window	wikivir-007293	wikivir-007293.s000001|wikivir-007293.s000002|wikivir-007293.s000003|wikivir-007293.s000004|wikivir-007293.s000005|wikivir-007293.s000006|wikivir-007293.s000007|wikivir-007293.s000008|wikivir-007293.s000009|wikivir-007293.s000010|wikivir-007293.s000011|wikivir-007293.s000012|wikivir-007293.s000013	13	29	29	15	RAK RAKRAK JE KROJAČVREZAL MI JE DVOJE HLAČKER MI HLAČE NISO PRAVSEM MU JIH NAZAJ POSLALRAKRAK JE RDEČKER MI HLAČKE NISO VŠEČ	wikivir.xml	7293	Rak	Anica Černej	20	pesmi							emotion_anger_per_1k
wikivir-007025::document::1	document	wikivir-007025	39	16	5.0	312.5	0.238095238095238	0.2622727272727272	0.0	0.0	0.0	0.0	6.0	375.0	0.2857142857142857	0.3606363636363636	5.0	312.5	0.238095238095238	0.3763636363636363	0.0	0.0	0.0	0.0	5.0	312.5	0.238095238095238	0.3977272727272727	0.0	0.0	0.0	0.0	0.0	0.0	0.0	0.0	0.0	0.0	6.0	375.0	0.3852272727272727	0.4593636363636363	0.4090454545454545	-1.0	11	5	0.6875	disgust	0.2857142857142857	wikivir.xml	7025	Rak	Anica Černej	20	pesmi							document	wikivir-007025	wikivir-007025.s000001|wikivir-007025.s000002|wikivir-007025.s000003|wikivir-007025.s000004|wikivir-007025.s000005|wikivir-007025.s000006|wikivir-007025.s000007|wikivir-007025.s000008|wikivir-007025.s000009|wikivir-007025.s000010|wikivir-007025.s000011|wikivir-007025.s000012|wikivir-007025.s000013	13	39	29	15	Rak Rak, rak, je krojač, urezal mi je dvoje hlač. Ker mi hlače niso prav, sem mu jih nazaj poslal. Rak, rak, je rdeč, ker mi hlače niso všeč.	wikivir.xml	7025	Rak	Anica Černej	20	pesmi							emotion_anger_per_1k
wikivir-007293::document::1	document	wikivir-007293	37	16	5.0	312.5	0.238095238095238	0.2622727272727272	0.0	0.0	0.0	0.0	6.0	375.0	0.2857142857142857	0.3606363636363636	5.0	312.5	0.238095238095238	0.3763636363636363	0.0	0.0	0.0	0.0	5.0	312.5	0.238095238095238	0.3977272727272727	0.0	0.0	0.0	0.0	0.0	0.0	0.0	0.0	0.0	0.0	6.0	375.0	0.3823333333333333	0.4756666666666666	0.4034242424242424	-1.0	11	6	0.6875	disgust	0.2857142857142857	wikivir.xml	7293	Rak	Anica Černej	20	pesmi							document	wikivir-007293	wikivir-007293.s000001|wikivir-007293.s000002|wikivir-007293.s000003|wikivir-007293.s000004|wikivir-007293.s000005|wikivir-007293.s000006|wikivir-007293.s000007|wikivir-007293.s000008|wikivir-007293.s000009|wikivir-007293.s000010|wikivir-007293.s000011|wikivir-007293.s000012|wikivir-007293.s000013	13	37	29	15	RAK RAK, RAK JE KROJAČ, VREZAL MI JE DVOJE HLAČ. KER MI HLAČE NISO PRAV, SEM MU JIH NAZAJ POSLAL. RAK, RAK JE RDEČ, KER MI HLAČKE NISO VŠEČ.	wikivir.xml	7293	Rak	Anica Černej	20	pesmi							emotion_anger_per_1k
wikivir-006827::document::1	document	wikivir-006827	23	13	4.0	307.69230769230774	0.25	0.2345	6.0	461.5384615384616	0.375	0.31025	0.0	0.0	0.0	0.0	0.0	0.0	0.0	0.0	2.0	153.84615384615387	0.125	0.0665	0.0	0.0	0.0	0.0	2.0	153.84615384615387	0.125	0.043	2.0	153.84615384615387	0.125	0.1095	2.0	153.84615384615387	0.0	0.0	0.572875	0.4155	0.4870625	1.0	8	4	0.6153846153846154	anticipation	0.375	wikivir.xml	6827	(Vek vre)	Tomaž Šalamun	21	pesmi	Opera buffa						document	wikivir-006827	wikivir-006827.s000001|wikivir-006827.s000002|wikivir-006827.s000003|wikivir-006827.s000004|wikivir-006827.s000005	5	23	18	13	Vek vre. Tudi drugi vek vre, pa ne zapuščajo sledov. Vek vre brez sonca. Vek vre s soncem.	wikivir.xml	6827	(Vek vre)	Tomaž Šalamun	21	pesmi	Opera buffa						emotion_anger_per_1k
wikivir-003385::document::1	document	wikivir-003385	19	13	4.0	307.69230769230774	0.3333333333333333	0.232125	0.0	0.0	0.0	0.0	0.0	0.0	0.0	0.0	4.0	307.69230769230774	0.3333333333333333	0.2955	1.0	76.92307692307693	0.0833333333333333	0.022	2.0	153.84615384615387	0.1666666666666666	0.1543749999999999	1.0	76.92307692307693	0.0833333333333333	0.107375	0.0	0.0	0.0	0.0	2.0	153.84615384615387	4.0	307.69230769230774	0.3698749999999999	0.5315208333333333	0.4838958333333334	-0.3333333333333333	8	7	0.6153846153846154	anger	0.3333333333333333	wikivir.xml	3385	Lava	Peter Svetina	21	pesmi							document	wikivir-003385	wikivir-003385.s000001|wikivir-003385.s000002|wikivir-003385.s000003|wikivir-003385.s000004|wikivir-003385.s000005|wikivir-003385.s000006|wikivir-003385.s000007	7	19	15	13	Lava Zemlja kuha razbeljeno juho. To je lava. Včasih izbruha. Takrat nastane huda žareča poplava.	wikivir.xml	3385	Lava	Peter Svetina	21	pesmi							emotion_anger_per_1k
wikivir-003385::window::1	window	wikivir-003385	15	13	4.0	307.69230769230774	0.3333333333333333	0.232125	0.0	0.0	0.0	0.0	0.0	0.0	0.0	0.0	4.0	307.69230769230774	0.3333333333333333	0.2955	1.0	76.92307692307693	0.0833333333333333	0.022	2.0	153.84615384615387	0.1666666666666666	0.1543749999999999	1.0	76.92307692307693	0.0833333333333333	0.107375	0.0	0.0	0.0	0.0	2.0	153.84615384615387	4.0	307.69230769230774	0.3698749999999999	0.5315208333333333	0.4838958333333334	-0.3333333333333333	8	7	0.6153846153846154	anger	0.3333333333333333	wikivir.xml	3385	Lava	Peter Svetina	21	pesmi							window	wikivir-003385	wikivir-003385.s000001|wikivir-003385.s000002|wikivir-003385.s000003|wikivir-003385.s000004|wikivir-003385.s000005|wikivir-003385.s000006|wikivir-003385.s000007	7	15	15	13	Lava Zemlja kuha razbeljeno juhoTo je lavaVčasih izbruhaTakrat nastane huda žareča poplava	wikivir.xml	3385	Lava	Peter Svetina	21	pesmi							emotion_anger_per_1k
wikivir-006827::window::1	window	wikivir-006827	18	13	4.0	307.69230769230774	0.25	0.2345	6.0	461.5384615384616	0.375	0.31025	0.0	0.0	0.0	0.0	0.0	0.0	0.0	0.0	2.0	153.84615384615387	0.125	0.0665	0.0	0.0	0.0	0.0	2.0	153.84615384615387	0.125	0.043	2.0	153.84615384615387	0.125	0.1095	2.0	153.84615384615387	0.0	0.0	0.572875	0.4155	0.4870625	1.0	8	4	0.6153846153846154	anticipation	0.375	wikivir.xml	6827	(Vek vre)	Tomaž Šalamun	21	pesmi	Opera buffa						window	wikivir-006827	wikivir-006827.s000001|wikivir-006827.s000002|wikivir-006827.s000003|wikivir-006827.s000004|wikivir-006827.s000005	5	18	18	13	Vek vreTudi drugi vek vrepa ne zapuščajo sledovVek vre brez soncaVek vre s soncem	wikivir.xml	6827	(Vek vre)	Tomaž Šalamun	21	pesmi	Opera buffa						emotion_anger_per_1k
wikivir-015785::window::1	window	wikivir-015785	18	11	3.0	272.7272727272727	0.2727272727272727	0.177875	1.0	90.9090909090909	0.0909090909090909	0.055625	1.0	90.9090909090909	0.0909090909090909	0.048875	3.0	272.7272727272727	0.2727272727272727	0.183625	1.0	90.9090909090909	0.0909090909090909	0.08525	1.0	90.9090909090909	0.0909090909090909	0.05275	0.0	0.0	0.0	0.0	1.0	90.9090909090909	0.0909090909090909	0.04975	2.0	181.8181818181818	3.0	272.7272727272727	0.4365	0.5649166666666667	0.5601666666666667	-0.2	8	6	0.7272727272727273	anger	0.2727272727272727	wikivir.xml	15785	Krempeljnu	France Prešeren	19	pesmi							window	wikivir-015785	wikivir-015785.s000001|wikivir-015785.s000002	2	18	18	10	Nisi je v glavo dobilsi dobil le slovenščino v krempljeDuh preonemčeni slabvoljni so kremplji bilí	wikivir.xml	15785	Krempeljnu	France Prešeren	19	pesmi							emotion_anger_per_1k
wikivir-019772::window::1	window	wikivir-019772	18	11	3.0	272.7272727272727	0.2727272727272727	0.171125	0.0	0.0	0.0	0.0	2.0	181.8181818181818	0.1818181818181818	0.142375	3.0	272.7272727272727	0.2727272727272727	0.207	0.0	0.0	0.0	0.0235	3.0	272.7272727272727	0.2727272727272727	0.214	0.0	0.0	0.0	0.0	0.0	0.0	0.0	0.0605	0.0	0.0	4.0	363.6363636363636	0.4405104166666667	0.4661666666666667	0.4520208333333333	-1.0	8	8	0.7272727272727273	anger	0.2727272727272727	wikivir.xml	19772	V današnjih časih	Karel Destovnik Kajuh	20	pesmi							window	wikivir-019772	wikivir-019772.s000001|wikivir-019772.s000002|wikivir-019772.s000003|wikivir-019772.s000004	4	18	18	11	Povsod tema na potih legaa človek se skoznjo rinetavahodidokler v nesreče brezno ne zablodi	wikivir.xml	19772	V današnjih časih	Karel Destovnik Kajuh	20	pesmi							emotion_anger_per_1k
wikivir-015785::document::1	document	wikivir-015785	22	11	3.0	272.7272727272727	0.2727272727272727	0.177875	1.0	90.9090909090909	0.0909090909090909	0.055625	1.0	90.9090909090909	0.0909090909090909	0.048875	3.0	272.7272727272727	0.2727272727272727	0.183625	1.0	90.9090909090909	0.0909090909090909	0.08525	1.0	90.9090909090909	0.0909090909090909	0.05275	0.0	0.0	0.0	0.0	1.0	90.9090909090909	0.0909090909090909	0.04975	2.0	181.8181818181818	3.0	272.7272727272727	0.4365	0.5649166666666667	0.5601666666666667	-0.2	8	6	0.7272727272727273	anger	0.2727272727272727	wikivir.xml	15785	Krempeljnu	France Prešeren	19	pesmi							document	wikivir-015785	wikivir-015785.s000001|wikivir-015785.s000002	2	22	18	10	Nisi je v glavo dobil, si dobil le slovenščino v kremplje. Duh preonemčeni slab, voljni so kremplji bilí.	wikivir.xml	15785	Krempeljnu	France Prešeren	19	pesmi							emotion_anger_per_1k
wikivir-019772::document::1	document	wikivir-019772	23	11	3.0	272.7272727272727	0.2727272727272727	0.171125	0.0	0.0	0.0	0.0	2.0	181.8181818181818	0.1818181818181818	0.142375	3.0	272.7272727272727	0.2727272727272727	0.207	0.0	0.0	0.0	0.0235	3.0	272.7272727272727	0.2727272727272727	0.214	0.0	0.0	0.0	0.0	0.0	0.0	0.0	0.0605	0.0	0.0	4.0	363.6363636363636	0.4405104166666667	0.4661666666666667	0.4520208333333333	-1.0	8	8	0.7272727272727273	anger	0.2727272727272727	wikivir.xml	19772	V današnjih časih	Karel Destovnik Kajuh	20	pesmi							document	wikivir-019772	wikivir-019772.s000001|wikivir-019772.s000002|wikivir-019772.s000003|wikivir-019772.s000004	4	23	18	11	Povsod tema na potih lega, a človek se skoznjo rine, tava, hodi, dokler v nesreče brezno ne zablodi.	wikivir.xml	19772	V današnjih časih	Karel Destovnik Kajuh	20	pesmi							emotion_anger_per_1k
wikivir-007484::document::1	document	wikivir-007484	36	15	4.0	266.6666666666667	0.2352941176470588	0.2307999999999999	0.0	0.0	0.0	0.0	5.0	333.3333333333333	0.2941176470588235	0.3233	4.0	266.6666666666667	0.2352941176470588	0.3312	0.0	0.0	0.0	0.0	4.0	266.6666666666667	0.2352941176470588	0.35	0.0	0.0	0.0	0.0	0.0	0.0	0.0	0.0	0.0	0.0	5.0	333.3333333333333	0.3969166666666667	0.4687333333333333	0.4008166666666667	-1.0	10	6	0.6666666666666666	disgust	0.2941176470588235	wikivir.xml	7484	Rak, rak	Anica Černej	20	pesmi							document	wikivir-007484	wikivir-007484.s000001|wikivir-007484.s000002|wikivir-007484.s000003|wikivir-007484.s000004|wikivir-007484.s000005|wikivir-007484.s000006|wikivir-007484.s000007|wikivir-007484.s000008|wikivir-007484.s000009|wikivir-007484.s000010|wikivir-007484.s000011|wikivir-007484.s000012	12	36	28	14	RAK, RAK JE KROJAČ, VREZAL MI JE DVOJE HLAČ. KER MI HLAČE NISO PRAV, SE MU JIH NAZAJ POSLAL. RAK, RAK JE RDEČ, KER MI HLAČKE NISO VŠEČ.	wikivir.xml	7484	Rak, rak	Anica Černej	20	pesmi							emotion_anger_per_1k
wikivir-007484::window::1	window	wikivir-007484	28	15	4.0	266.6666666666667	0.2352941176470588	0.2307999999999999	0.0	0.0	0.0	0.0	5.0	333.3333333333333	0.2941176470588235	0.3233	4.0	266.6666666666667	0.2352941176470588	0.3312	0.0	0.0	0.0	0.0	4.0	266.6666666666667	0.2352941176470588	0.35	0.0	0.0	0.0	0.0	0.0	0.0	0.0	0.0	0.0	0.0	5.0	333.3333333333333	0.3969166666666667	0.4687333333333333	0.4008166666666667	-1.0	10	6	0.6666666666666666	disgust	0.2941176470588235	wikivir.xml	7484	Rak, rak	Anica Černej	20	pesmi							window	wikivir-007484	wikivir-007484.s000001|wikivir-007484.s000002|wikivir-007484.s000003|wikivir-007484.s000004|wikivir-007484.s000005|wikivir-007484.s000006|wikivir-007484.s000007|wikivir-007484.s000008|wikivir-007484.s000009|wikivir-007484.s000010|wikivir-007484.s000011|wikivir-007484.s000012	12	28	28	14	RAKRAK JE KROJAČVREZAL MI JE DVOJE HLAČKER MI HLAČE NISO PRAVSE MU JIH NAZAJ POSLALRAKRAK JE RDEČKER MI HLAČKE NISO VŠEČ	wikivir.xml	7484	Rak, rak	Anica Černej	20	pesmi							emotion_anger_per_1k
wikivir-000985::window::1	window	wikivir-000985	76	42	11.0	261.9047619047619	0.2444444444444444	0.2528095238095237	4.0	95.23809523809524	0.0888888888888888	0.0881904761904761	7.0	166.66666666666666	0.1555555555555555	0.1224761904761904	12.0	285.7142857142857	0.2666666666666666	0.3176190476190476	1.0	23.809523809523807	0.0222222222222222	0.0861904761904762	4.0	95.23809523809524	0.0888888888888888	0.1358571428571428	2.0	47.61904761904761	0.0444444444444444	0.0323809523809523	4.0	95.23809523809524	0.0888888888888888	0.1249523809523809	6.0	142.85714285714286	13.0	309.5238095238095	0.4170833333333333	0.5447539682539683	0.5758174603174604	-0.3684210526315789	21	15	0.5	fear	0.2666666666666666	wikivir.xml	985	Gospod	Srečko Kosovel	20	pesmi	Integrali 26						window	wikivir-000985	wikivir-000985.s000001|wikivir-000985.s000002|wikivir-000985.s000003|wikivir-000985.s000004|wikivir-000985.s000005|wikivir-000985.s000006|wikivir-000985.s000007|wikivir-000985.s000008|wikivir-000985.s000009|wikivir-000985.s000010|wikivir-000985.s000011|wikivir-000985.s000012|wikivir-000985.s000013|wikivir-000985.s000014|wikivir-000985.s000015|wikivir-000985.s000016|wikivir-000985.s000017|wikivir-000985.s000018|wikivir-000985.s000019|wikivir-000985.s000020	20	76	76	41	Gospod me zasleduje z drobnimihudobnimi očmiKaj me zasledujetegospodbi radi hrabrostno svetinjoker ste me ujeli NevarnegaČlovek je vedno jezenče ima tako malenkostne skrbiin če je plašanse vsega boji in mu je vse nevarnoKaj bi imeli viče bi ne imeli orožjaPlašljivci nosijo orožjeMi pa imamo državlja	wikivir.xml	985	Gospod	Srečko Kosovel	20	pesmi	Integrali 26						emotion_anger_per_1k
wikivir-000985::document::1	document	wikivir-000985	95	42	11.0	261.9047619047619	0.2444444444444444	0.2528095238095237	4.0	95.23809523809524	0.0888888888888888	0.0881904761904761	7.0	166.66666666666666	0.1555555555555555	0.1224761904761904	12.0	285.7142857142857	0.2666666666666666	0.3176190476190476	1.0	23.809523809523807	0.0222222222222222	0.0861904761904762	4.0	95.23809523809524	0.0888888888888888	0.1358571428571428	2.0	47.61904761904761	0.0444444444444444	0.0323809523809523	4.0	95.23809523809524	0.0888888888888888	0.1249523809523809	6.0	142.85714285714286	13.0	309.5238095238095	0.4170833333333333	0.5447539682539683	0.5758174603174604	-0.3684210526315789	21	15	0.5	fear	0.2666666666666666	wikivir.xml	985	Gospod	Srečko Kosovel	20	pesmi	Integrali 26						document	wikivir-000985	wikivir-000985.s000001|wikivir-000985.s000002|wikivir-000985.s000003|wikivir-000985.s000004|wikivir-000985.s000005|wikivir-000985.s000006|wikivir-000985.s000007|wikivir-000985.s000008|wikivir-000985.s000009|wikivir-000985.s000010|wikivir-000985.s000011|wikivir-000985.s000012|wikivir-000985.s000013|wikivir-000985.s000014|wikivir-000985.s000015|wikivir-000985.s000016|wikivir-000985.s000017|wikivir-000985.s000018|wikivir-000985.s000019|wikivir-000985.s000020	20	95	76	41	"Gospod me zasleduje z drobnimi, hudobnimi očmi. Kaj me zasledujete, gospod, bi radi hrabrostno svetinjo, ker ste me ujeli ""Nevarnega?"" Človek je vedno jezen, če ima tako malenkostne skrbi, in če je plašan, se vsega boji in mu je vse nevarno. Kaj bi imeli vi, če bi ne imeli orožja? Plašljivci nosijo "	wikivir.xml	985	Gospod	Srečko Kosovel	20	pesmi	Integrali 26						emotion_anger_per_1k
wikivir-015483::window::1	window	wikivir-015483	17	12	3.0	250.0	0.3	0.3854	1.0	83.33333333333333	0.1	0.0703999999999999	2.0	166.66666666666666	0.2	0.2156	1.0	83.33333333333333	0.1	0.1032	0.0	0.0	0.0	0.0	3.0	250.0	0.3	0.4027999999999999	0.0	0.0	0.0	0.0	0.0	0.0	0.0	0.0	0.0	0.0	3.0	250.0	0.3579333333333334	0.4986666666666666	0.3838666666666667	-1.0	5	4	0.4166666666666667	anger	0.3	wikivir.xml	15483	Muzejsko društvo	Joka Žigon	20	pesmi			1973.0				window	wikivir-015483	wikivir-015483.s000001|wikivir-015483.s000002|wikivir-015483.s000003|wikivir-015483.s000004	4	17	17	12	Grška je Efialta rodilaLoška še hujšo reč izkotilaleto za letom ta graja njene razglede izdaja	wikivir.xml	15483	Muzejsko društvo	Joka Žigon	20	pesmi			1973.0				emotion_anger_per_1k
wikivir-020727::window::1	window	wikivir-020727	31	20	5.0	250.0	0.1219512195121951	0.1594444444444444	7.0	350.0	0.1707317073170731	0.1417777777777777	5.0	250.0	0.1219512195121951	0.1822222222222222	7.0	350.0	0.1707317073170731	0.2923333333333333	2.0	100.0	0.048780487804878	0.0804444444444444	5.0	250.0	0.1219512195121951	0.2541666666666666	5.0	250.0	0.1219512195121951	0.1605555555555555	5.0	250.0	0.1219512195121951	0.1310555555555555	6.0	300.0	5.0	250.0	0.4581111111111111	0.4547574074074074	0.4968018518518519	0.0909090909090909	18	12	0.9	anticipation	0.1707317073170731	wikivir.xml	20727	(Ženska in smrt sta sestri )	Tomaž Šalamun	20	pesmi							window	wikivir-020727	wikivir-020727.s000001|wikivir-020727.s000002|wikivir-020727.s000003|wikivir-020727.s000004|wikivir-020727.s000005|wikivir-020727.s000006|wikivir-020727.s000007|wikivir-020727.s000008|wikivir-020727.s000009|wikivir-020727.s000010	10	31	31	20	Ženska in smrt sta sestriMati in smrt sestriMoški in smrt brataOče in smrt brataČlovek in smrtdva velikanadve svetleči kroglidva ljubimcaJaz beli drevored oba	wikivir.xml	20727	(Ženska in smrt sta sestri )	Tomaž Šalamun	20	pesmi							emotion_anger_per_1k
wikivir-015483::document::1	document	wikivir-015483	20	12	3.0	250.0	0.3	0.3854	1.0	83.33333333333333	0.1	0.0703999999999999	2.0	166.66666666666666	0.2	0.2156	1.0	83.33333333333333	0.1	0.1032	0.0	0.0	0.0	0.0	3.0	250.0	0.3	0.4027999999999999	0.0	0.0	0.0	0.0	0.0	0.0	0.0	0.0	0.0	0.0	3.0	250.0	0.3579333333333334	0.4986666666666666	0.3838666666666667	-1.0	5	4	0.4166666666666667	anger	0.3	wikivir.xml	15483	Muzejsko društvo	Joka Žigon	20	pesmi			1973.0				document	wikivir-015483	wikivir-015483.s000001|wikivir-015483.s000002|wikivir-015483.s000003|wikivir-015483.s000004	4	20	17	12	Grška je Efialta rodila, Loška še hujšo reč izkotila: leto za letom ta graja njene razglede izdaja.	wikivir.xml	15483	Muzejsko društvo	Joka Žigon	20	pesmi			1973.0				emotion_anger_per_1k
wikivir-020727::document::1	document	wikivir-020727	45	20	5.0	250.0	0.1219512195121951	0.1594444444444444	7.0	350.0	0.1707317073170731	0.1417777777777777	5.0	250.0	0.1219512195121951	0.1822222222222222	7.0	350.0	0.1707317073170731	0.2923333333333333	2.0	100.0	0.048780487804878	0.0804444444444444	5.0	250.0	0.1219512195121951	0.2541666666666666	5.0	250.0	0.1219512195121951	0.1605555555555555	5.0	250.0	0.1219512195121951	0.1310555555555555	6.0	300.0	5.0	250.0	0.4581111111111111	0.4547574074074074	0.4968018518518519	0.0909090909090909	18	12	0.9	anticipation	0.1707317073170731	wikivir.xml	20727	(Ženska in smrt sta sestri )	Tomaž Šalamun	20	pesmi							document	wikivir-020727	wikivir-020727.s000001|wikivir-020727.s000002|wikivir-020727.s000003|wikivir-020727.s000004|wikivir-020727.s000005|wikivir-020727.s000006|wikivir-020727.s000007|wikivir-020727.s000008|wikivir-020727.s000009|wikivir-020727.s000010	10	45	31	20	Ženska in smrt sta sestri. Mati in smrt — sestri. Moški in smrt — brata. Oče in smrt — brata. Človek in smrt, dva velikana, dve svetleči krogli, dva ljubimca. Jaz — beli drevored — oba.	wikivir.xml	20727	(Ženska in smrt sta sestri )	Tomaž Šalamun	20	pesmi							emotion_anger_per_1k
wikivir-011686::window::36	window	wikivir-011686	93	49	12.0	244.89795918367344	0.1904761904761904	0.1904166666666666	5.0	102.04081632653062	0.0793650793650793	0.0668611111111111	5.0	102.04081632653062	0.0793650793650793	0.0868055555555555	15.0	306.12244897959187	0.238095238095238	0.2555	3.0	61.224489795918366	0.0476190476190476	0.0467777777777777	13.0	265.30612244897964	0.2063492063492063	0.2746944444444444	5.0	102.04081632653062	0.0793650793650793	0.0481666666666666	5.0	102.04081632653062	0.0793650793650793	0.0904722222222222	5.0	102.04081632653062	17.0	346.9387755102041	0.4673819444444444	0.4923912037037036	0.4895486111111111	-0.5454545454545454	36	24	0.7346938775510204	fear	0.238095238095238	wikivir.xml	11686	Na mrtvi straži	Vitomir Feodor Jelenc	20	kratka proza			1921.0				window	wikivir-011686	wikivir-011686.s000187|wikivir-011686.s000188|wikivir-011686.s000189|wikivir-011686.s000190	4	93	93	49	mesto Komaj smo spoznali svojega druga odvojili smo njegovo truplo od drugihizkopali mu grob ni bilo suhega očesako smo izvršili žalosten obredko smo nad njegovim truplom nagomilili gomilo prsti Nad Kosovim poljem je grob našega komitepreko njegovega groba je divjala vojnapreko njegovega groba smo š	wikivir.xml	11686	Na mrtvi straži	Vitomir Feodor Jelenc	20	kratka proza			1921.0				emotion_anger_per_1k
wikivir-013348::window::5	window	wikivir-013348	67	30	7.0	233.33333333333331	0.3888888888888889	0.1600454545454545	0.0	0.0	0.0	0.0166818181818181	1.0	33.333333333333336	0.0555555555555555	0.0273636363636363	6.0	200.0	0.3333333333333333	0.1654999999999999	1.0	33.333333333333336	0.0555555555555555	0.0550454545454545	0.0	0.0	0.0	0.0298181818181818	0.0	0.0	0.0	0.0	3.0	100.0	0.1666666666666666	0.1289090909090909	3.0	100.0	6.0	200.0	0.4680984848484849	0.5326856060606061	0.5043295454545456	-0.3333333333333333	22	20	0.7333333333333333	anger	0.3888888888888889	wikivir.xml	13348	Dober sovražnik		20	kratka proza							window	wikivir-013348	wikivir-013348.s000101|wikivir-013348.s000102|wikivir-013348.s000103|wikivir-013348.s000104|wikivir-013348.s000105|wikivir-013348.s000106|wikivir-013348.s000107|wikivir-013348.s000108|wikivir-013348.s000109|wikivir-013348.s000110|wikivir-013348.s000111|wikivir-013348.s000112|wikivir-013348.s000113	13	67	67	30	sem gada je to po naših ukazih prepovedanoa ker ni odnehalsem ga ustrelilČetudi sem tvoj sovražnikvendar take zlobe nisem mogel prenestiSolze so mi zalile oči in brez besed sem stisnil v znak hvaležnosti roko svojemu plemenitemu sovražnikuPonoči pa so prišli naši sanitejci in naju odvedli v zasilno 	wikivir.xml	13348	Dober sovražnik		20	kratka proza							emotion_anger_per_1k
wikivir-015015::document::1	document	wikivir-015015	28	9	2.0	222.2222222222222	0.2	0.051125	0.0	0.0	0.0	0.0	2.0	222.2222222222222	0.2	0.09575	2.0	222.2222222222222	0.2	0.09525	0.0	0.0	0.0	0.064375	3.0	333.3333333333333	0.3	0.1952499999999999	0.0	0.0	0.0	0.0	1.0	111.1111111111111	0.1	0.082	1.0	111.1111111111111	4.0	444.4444444444444	0.518203125	0.4265208333333333	0.4330989583333333	-0.6	8	7	0.8888888888888888	sadness	0.3	wikivir.xml	15015	Utrinek (Lojze Grozde, 2)	Lojze Grozde	20	pesmi							document	wikivir-015015	wikivir-015015.s000001|wikivir-015015.s000002|wikivir-015015.s000003|wikivir-015015.s000004	4	28	22	9	Luči sem prosil prejšnje dni, a zdaj Te je ne prosim več, preveč je je, Gospod, preveč, in bolne so moje oči.	wikivir.xml	15015	Utrinek (Lojze Grozde, 2)	Lojze Grozde	20	pesmi							emotion_anger_per_1k
wikivir-001708::window::1	window	wikivir-001708	13	9	2.0	222.2222222222222	0.6666666666666666	0.0896	0.0	0.0	0.0	0.0	0.0	0.0	0.0	0.0	1.0	111.1111111111111	0.3333333333333333	0.1048	0.0	0.0	0.0	0.0	0.0	0.0	0.0	0.0	0.0	0.0	0.0	0.0	0.0	0.0	0.0	0.0	2.0	222.2222222222222	1.0	111.1111111111111	0.5000666666666668	0.4326	0.4248666666666666	0.3333333333333333	5	5	0.5555555555555556	anger	0.6666666666666666	wikivir.xml	1708	Vsak po svoje	Neža Maurer		pesmi							window	wikivir-001708	wikivir-001708.s000001|wikivir-001708.s000002|wikivir-001708.s000003|wikivir-001708.s000004	4	13	13	7	Kadar medved se učivedno godrnjaKadar žaba se učikar naprej reglja	wikivir.xml	1708	Vsak po svoje	Neža Maurer		pesmi							emotion_anger_per_1k
wikivir-012832::window::1	window	wikivir-012832	13	9	2.0	222.2222222222222	0.2857142857142857	0.073	1.0	111.1111111111111	0.1428571428571428	0.0454	1.0	111.1111111111111	0.1428571428571428	0.0078	0.0	0.0	0.0	0.0	1.0	111.1111111111111	0.1428571428571428	0.018	0.0	0.0	0.0	0.0	1.0	111.1111111111111	0.1428571428571428	0.0156	1.0	111.1111111111111	0.1428571428571428	0.0812	1.0	111.1111111111111	1.0	111.1111111111111	0.5758	0.3476	0.4618	0.0	5	5	0.5555555555555556	anger	0.2857142857142857	wikivir.xml	12832	Noč	Neža Maurer		pesmi							window	wikivir-012832	wikivir-012832.s000001|wikivir-012832.s000002|wikivir-012832.s000003|wikivir-012832.s000004	4	13	13	9	Luna pleza na drevo tiše kakor mucek pa vseeno nanjo jezno laja cucek	wikivir.xml	12832	Noč	Neža Maurer		pesmi							emotion_anger_per_1k
wikivir-012832::document::1	document	wikivir-012832	15	9	2.0	222.2222222222222	0.2857142857142857	0.073	1.0	111.1111111111111	0.1428571428571428	0.0454	1.0	111.1111111111111	0.1428571428571428	0.0078	0.0	0.0	0.0	0.0	1.0	111.1111111111111	0.1428571428571428	0.018	0.0	0.0	0.0	0.0	1.0	111.1111111111111	0.1428571428571428	0.0156	1.0	111.1111111111111	0.1428571428571428	0.0812	1.0	111.1111111111111	1.0	111.1111111111111	0.5758	0.3476	0.4618	0.0	5	5	0.5555555555555556	anger	0.2857142857142857	wikivir.xml	12832	Noč	Neža Maurer		pesmi							document	wikivir-012832	wikivir-012832.s000001|wikivir-012832.s000002|wikivir-012832.s000003|wikivir-012832.s000004	4	15	13	9	Luna pleza na drevo tiše kakor mucek - pa vseeno nanjo jezno laja cucek.	wikivir.xml	12832	Noč	Neža Maurer		pesmi							emotion_anger_per_1k
wikivir-001708::document::1	document	wikivir-001708	17	9	2.0	222.2222222222222	0.6666666666666666	0.0896	0.0	0.0	0.0	0.0	0.0	0.0	0.0	0.0	1.0	111.1111111111111	0.3333333333333333	0.1048	0.0	0.0	0.0	0.0	0.0	0.0	0.0	0.0	0.0	0.0	0.0	0.0	0.0	0.0	0.0	0.0	2.0	222.2222222222222	1.0	111.1111111111111	0.5000666666666668	0.4326	0.4248666666666666	0.3333333333333333	5	5	0.5555555555555556	anger	0.6666666666666666	wikivir.xml	1708	Vsak po svoje	Neža Maurer		pesmi							document	wikivir-001708	wikivir-001708.s000001|wikivir-001708.s000002|wikivir-001708.s000003|wikivir-001708.s000004	4	17	13	7	Kadar medved se uči, vedno godrnja. Kadar žaba se uči, kar naprej reglja.	wikivir.xml	1708	Vsak po svoje	Neža Maurer		pesmi							emotion_anger_per_1k
wikivir-015015::window::1	window	wikivir-015015	22	9	2.0	222.2222222222222	0.2	0.051125	0.0	0.0	0.0	0.0	2.0	222.2222222222222	0.2	0.09575	2.0	222.2222222222222	0.2	0.09525	0.0	0.0	0.0	0.064375	3.0	333.3333333333333	0.3	0.1952499999999999	0.0	0.0	0.0	0.0	1.0	111.1111111111111	0.1	0.082	1.0	111.1111111111111	4.0	444.4444444444444	0.518203125	0.4265208333333333	0.4330989583333333	-0.6	8	7	0.8888888888888888	sadness	0.3	wikivir.xml	15015	Utrinek (Lojze Grozde, 2)	Lojze Grozde	20	pesmi							window	wikivir-015015	wikivir-015015.s000001|wikivir-015015.s000002|wikivir-015015.s000003|wikivir-015015.s000004	4	22	22	9	Luči sem prosil prejšnje dnia zdaj Te je ne prosim večpreveč je jeGospodprevečin bolne so moje oči	wikivir.xml	15015	Utrinek (Lojze Grozde, 2)	Lojze Grozde	20	pesmi							emotion_anger_per_1k
wikivir-013253::window::25	window	wikivir-013253	69	42	9.0	214.28571428571428	0.2368421052631578	0.2539565217391304	2.0	47.61904761904761	0.0526315789473684	0.0336086956521739	6.0	142.85714285714286	0.1578947368421052	0.1749130434782609	6.0	142.85714285714286	0.1578947368421052	0.2098695652173913	0.0	0.0	0.0	0.0	8.0	190.47619047619045	0.2105263157894736	0.2184347826086956	6.0	142.85714285714286	0.1578947368421052	0.1626086956521739	1.0	23.809523809523807	0.0263157894736842	0.0173043478260869	3.0	71.42857142857143	6.0	142.85714285714286	0.3697463768115941	0.4923550724637682	0.4792971014492754	-0.3333333333333333	23	15	0.5476190476190477	anger	0.2368421052631578	wikivir.xml	13253	Apokalipsa	Stanko Majcen	20	drame							window	wikivir-013253	wikivir-013253.s000938|wikivir-013253.s000939|wikivir-013253.s000940|wikivir-013253.s000941|wikivir-013253.s000942|wikivir-013253.s000943|wikivir-013253.s000944|wikivir-013253.s000945|wikivir-013253.s000946|wikivir-013253.s000947|wikivir-013253.s000948|wikivir-013253.s000949|wikivir-013253.s000950|wikivir-013253.s000951	14	69	69	42	petnajst let Nasilni človekKdo govoriPetnajst letEno samo uro za tisoč smrtiPopIn otel te bom iz rok asirskega kraljatebe in tvoje mesto Nasilni človekIn bom zadavil to godbo in jo davil davil Se poloti popaga stisne k tlom in ga zadaviGlasoviVojakVojakNasilni človek se zavese otrese popovih rok in 	wikivir.xml	13253	Apokalipsa	Stanko Majcen	20	drame							emotion_anger_per_1k
wikivir-014822::window::17	window	wikivir-014822	300	172	36.0	209.30232558139537	0.2068965517241379	0.227159574468085	18.0	104.65116279069768	0.1034482758620689	0.0784042553191489	10.0	58.13953488372093	0.057471264367816	0.0669148936170212	40.0	232.5581395348837	0.2298850574712643	0.2042978723404255	19.0	110.46511627906978	0.1091954022988505	0.0974574468085106	25.0	145.34883720930233	0.1436781609195402	0.1049574468085106	1.0	5.813953488372093	0.0057471264367816	0.0068936170212765	25.0	145.34883720930233	0.1436781609195402	0.184595744680851	27.0	156.97674418604652	38.0	220.93023255813955	0.4769370567375887	0.5236547619047618	0.6148548632218845	-0.1692307692307692	94	49	0.5465116279069767	fear	0.2298850574712643	wikivir.xml	14822	Kaj mora vedeti vsak Slovenec o Osvobodilni fronti		20	propagandne brosure			1944.0				window	wikivir-014822	wikivir-014822.s000289|wikivir-014822.s000290|wikivir-014822.s000291|wikivir-014822.s000292|wikivir-014822.s000293|wikivir-014822.s000294|wikivir-014822.s000295|wikivir-014822.s000296|wikivir-014822.s000297|wikivir-014822.s000298|wikivir-014822.s000299|wikivir-014822.s000300|wikivir-014822.s000301|wikivir-014822.s000302|wikivir-014822.s000303|wikivir-014822.s000304|wikivir-014822.s000305|wikivir-014822.s000306|wikivir-014822.s000307|wikivir-014822.s000308	36	300	300	165	nikdar ni oblast105Kaj so partizaniPartizani so po določbah mednarodnegadražavnega in božjega prava samozvancinasilni uzurpatorji106Kaj pomenida so partizani nasilniki uzurpatorjiPomenida so oborožena roparska tolpaKar nam ne more nihče vzetiče sami nočemoje vera in ljubezen do domovineOdvrzimo zato	wikivir.xml	14822	Kaj mora vedeti vsak Slovenec o Osvobodilni fronti		20	propagandne brosure			1944.0				emotion_anger_per_1k
wikivir-010292::document::1	document	wikivir-010292	125	48	10.0	208.33333333333331	0.3333333333333333	0.3202380952380952	3.0	62.5	0.1	0.08	5.0	104.16666666666669	0.1666666666666666	0.1619047619047619	0.0	0.0	0.0	0.0	2.0	41.66666666666666	0.0666666666666666	0.1648095238095238	1.0	20.83333333333333	0.0333333333333333	0.0735714285714285	2.0	41.66666666666666	0.0666666666666666	0.0334761904761904	7.0	145.83333333333334	0.2333333333333333	0.1881904761904762	8.0	166.66666666666666	10.0	208.33333333333331	0.5040793650793651	0.5390396825396826	0.5240753968253968	-0.1111111111111111	21	11	0.4375	anger	0.3333333333333333	wikivir.xml	10292	Povračilo	Pavlina Pajk	19	pesmi							document	wikivir-010292	wikivir-010292.s000001|wikivir-010292.s000002|wikivir-010292.s000003|wikivir-010292.s000004|wikivir-010292.s000005|wikivir-010292.s000006|wikivir-010292.s000007|wikivir-010292.s000008|wikivir-010292.s000009|wikivir-010292.s000010|wikivir-010292.s000011|wikivir-010292.s000012|wikivir-010292.s000013|wikivir-010292.s000014|wikivir-010292.s000015|wikivir-010292.s000016|wikivir-010292.s000017|wikivir-010292.s000018|wikivir-010292.s000019|wikivir-010292.s000020	20	125	105	47	Za tožnost, ki prestajem je obilo Od dne usodnega, ko sem spoznala te, Jedino to mi daješ povračilo, Da sovražiš me! Da tebi je srce se posvetilo In vse je tvoje, v njem kar lilazega cvete, Jedino to mi daješ povračilo, Da sovražiš me! Da upanje v bodočnost ostrupilo Za večni čas je tvoje mi ponašan	wikivir.xml	10292	Povračilo	Pavlina Pajk	19	pesmi							emotion_anger_per_1k
wikivir-010292::window::1	window	wikivir-010292	105	48	10.0	208.33333333333331	0.3333333333333333	0.3202380952380952	3.0	62.5	0.1	0.08	5.0	104.16666666666669	0.1666666666666666	0.1619047619047619	0.0	0.0	0.0	0.0	2.0	41.66666666666666	0.0666666666666666	0.1648095238095238	1.0	20.83333333333333	0.0333333333333333	0.0735714285714285	2.0	41.66666666666666	0.0666666666666666	0.0334761904761904	7.0	145.83333333333334	0.2333333333333333	0.1881904761904762	8.0	166.66666666666666	10.0	208.33333333333331	0.5040793650793651	0.5390396825396826	0.5240753968253968	-0.1111111111111111	21	11	0.4375	anger	0.3333333333333333	wikivir.xml	10292	Povračilo	Pavlina Pajk	19	pesmi							window	wikivir-010292	wikivir-010292.s000001|wikivir-010292.s000002|wikivir-010292.s000003|wikivir-010292.s000004|wikivir-010292.s000005|wikivir-010292.s000006|wikivir-010292.s000007|wikivir-010292.s000008|wikivir-010292.s000009|wikivir-010292.s000010|wikivir-010292.s000011|wikivir-010292.s000012|wikivir-010292.s000013|wikivir-010292.s000014|wikivir-010292.s000015|wikivir-010292.s000016|wikivir-010292.s000017|wikivir-010292.s000018|wikivir-010292.s000019|wikivir-010292.s000020	20	105	105	47	Za tožnostki prestajem je obilo Od dne usodnegako sem spoznala teJedino to mi daješ povračiloDa sovražiš meDa tebi je srce se posvetilo In vse je tvojev njem kar lilazega cveteJedino to mi daješ povračiloDa sovražiš meDa upanje v bodočnost ostrupilo Za večni čas je tvoje mi ponašanjeJedino to mi daj	wikivir.xml	10292	Povračilo	Pavlina Pajk	19	pesmi							emotion_anger_per_1k
wikivir-010666::window::3	window	wikivir-010666	146	72	15.0	208.33333333333331	0.1530612244897959	0.0343555555555555	17.0	236.11111111111111	0.173469387755102	0.1506222222222222	8.0	111.1111111111111	0.0816326530612244	0.0069333333333333	4.0	55.55555555555555	0.0408163265306122	0.0524444444444444	15.0	208.33333333333331	0.1530612244897959	0.1334888888888888	2.0	27.77777777777777	0.0204081632653061	0.0256888888888888	15.0	208.33333333333331	0.1530612244897959	0.0753111111111111	22.0	305.5555555555556	0.2244897959183673	0.2155111111111111	18.0	250.0	4.0	55.55555555555555	0.5961666666666666	0.4291111111111111	0.5162888888888889	0.6363636363636364	45	25	0.625	trust	0.2244897959183673	wikivir.xml	10666	Pripovedka o treh bratih		19	ljudske pripovedke							window	wikivir-010666	wikivir-010666.s000021|wikivir-010666.s000022|wikivir-010666.s000023|wikivir-010666.s000024|wikivir-010666.s000025|wikivir-010666.s000026|wikivir-010666.s000027|wikivir-010666.s000028|wikivir-010666.s000029|wikivir-010666.s000030	10	146	146	71	vrata vzeli sebojPrišli so v gozdu do nekega drevesakjer so se skriliAli komaj so nekoliko časa sedeli na drevesiprišli so roparji pod drevopa so prinesli tri vreče denarja sebojKo so pa denar počeli štetije nekaj na drevesi zašumeloRoparji so se prestrašili ter so vsi zbežalisamo jeden je ostalkate	wikivir.xml	10666	Pripovedka o treh bratih		19	ljudske pripovedke							emotion_anger_per_1k
wikivir-002714::window::3	window	wikivir-002714	103	53	11.0	207.5471698113208	0.171875	0.151235294117647	3.0	56.60377358490566	0.046875	0.0471176470588235	5.0	94.33962264150944	0.078125	0.0636764705882353	12.0	226.41509433962264	0.1875	0.1833823529411764	5.0	94.33962264150944	0.078125	0.0824117647058823	9.0	169.81132075471697	0.140625	0.1602647058823529	5.0	94.33962264150944	0.078125	0.0686764705882353	14.0	264.1509433962264	0.21875	0.244	15.0	283.0188679245283	10.0	188.67924528301887	0.5165532212885154	0.5424404761904762	0.5520658263305322	0.2	34	31	0.6415094339622641	trust	0.21875	wikivir.xml	2714	Trije bratje			ljudske pripovedke							window	wikivir-002714	wikivir-002714.s000019|wikivir-002714.s000020|wikivir-002714.s000021|wikivir-002714.s000022|wikivir-002714.s000023|wikivir-002714.s000024	6	103	103	53	trije bratje svojega gospodahudega duhaTa jim rečeV hudo skušnjavo sem vas spravila ker ste bili možbeseda in ste mi pomagalida tega krčmarja ubijalca pred dobim v pekeldobote zdaj plačoDal je vsakemu veliko mošnjopolno rumenega zlataSodniku pa je naznanilkdo je in tudi povedal pravega morilca nesre	wikivir.xml	2714	Trije bratje			ljudske pripovedke							emotion_anger_per_1k
wikivir-001718::document::1	document	wikivir-001718	23	10	2.0	200.0	0.2857142857142857	0.0976666666666666	0.0	0.0	0.0	0.0	0.0	0.0	0.0	0.0	2.0	200.0	0.2857142857142857	0.1207777777777777	0.0	0.0	0.0	0.0034444444444444	1.0	100.0	0.1428571428571428	0.0761111111111111	1.0	100.0	0.1428571428571428	0.0928888888888888	1.0	100.0	0.1428571428571428	0.059	0.0	0.0	2.0	200.0	0.509537037037037	0.4704444444444444	0.4610185185185184	-1.0	9	9	0.9	anger	0.2857142857142857	wikivir.xml	1718	Razvajenec	Neža Maurer		pesmi							document	wikivir-001718	wikivir-001718.s000001|wikivir-001718.s000002|wikivir-001718.s000003|wikivir-001718.s000004	4	23	20	10	Svinčnik vsak dan v šolo gre. Za težave nič ne ve. Nosijo ga po rokah in pisanja ga ni strah.	wikivir.xml	1718	Razvajenec	Neža Maurer		pesmi							emotion_anger_per_1k
wikivir-019100::document::1	document	wikivir-019100	23	10	2.0	200.0	0.25	0.2122	0.0	0.0	0.0	0.0	1.0	100.0	0.125	0.1094	2.0	200.0	0.25	0.2799999999999999	0.0	0.0	0.0	0.125	1.0	100.0	0.125	0.0844	2.0	200.0	0.25	0.289	0.0	0.0	0.0	0.0	0.0	0.0	2.0	200.0	0.4586	0.6282666666666665	0.5112	-1.0	5	5	0.5	anger	0.25	wikivir.xml	19100	Strah	Urban Jarnik	19	pesmi							document	wikivir-019100	wikivir-019100.s000001|wikivir-019100.s000002|wikivir-019100.s000003|wikivir-019100.s000004	4	23	19	10	Mala se je bila bala, Sama se podati spat; Pa velika je spoznala, Da je strah le srca tat.	wikivir.xml	19100	Strah	Urban Jarnik	19	pesmi							emotion_anger_per_1k
wikivir-019100::window::1	window	wikivir-019100	19	10	2.0	200.0	0.25	0.2122	0.0	0.0	0.0	0.0	1.0	100.0	0.125	0.1094	2.0	200.0	0.25	0.2799999999999999	0.0	0.0	0.0	0.125	1.0	100.0	0.125	0.0844	2.0	200.0	0.25	0.289	0.0	0.0	0.0	0.0	0.0	0.0	2.0	200.0	0.4586	0.6282666666666665	0.5112	-1.0	5	5	0.5	anger	0.25	wikivir.xml	19100	Strah	Urban Jarnik	19	pesmi							window	wikivir-019100	wikivir-019100.s000001|wikivir-019100.s000002|wikivir-019100.s000003|wikivir-019100.s000004	4	19	19	10	Mala se je bila balaSama se podati spatPa velika je spoznalaDa je strah le srca tat	wikivir.xml	19100	Strah	Urban Jarnik	19	pesmi							emotion_anger_per_1k
wikivir-001721::document::1	document	wikivir-001721	39	20	4.0	200.0	0.16	0.0769230769230769	4.0	200.0	0.16	0.1304615384615384	2.0	100.0	0.08	0.006	3.0	150.0	0.12	0.1769230769230769	3.0	150.0	0.12	0.0658461538461538	1.0	50.0	0.04	0.0419230769230769	5.0	250.0	0.2	0.1646153846153845	3.0	150.0	0.12	0.1087692307692307	4.0	200.0	3.0	150.0	0.4936923076923077	0.4494358974358974	0.4125897435897436	0.1428571428571428	13	11	0.65	surprise	0.2	wikivir.xml	1721	Kje je strah?	Neža Maurer		pesmi							document	wikivir-001721	wikivir-001721.s000001|wikivir-001721.s000002|wikivir-001721.s000003|wikivir-001721.s000004|wikivir-001721.s000005|wikivir-001721.s000006|wikivir-001721.s000007|wikivir-001721.s000008|wikivir-001721.s000009	9	39	34	18	Drevesa so šla na sprehod po ulicah. Pa jih je na križišču srečal strah. Kaj bo pa zdaj? Drevesa so v gozd pobegnila, se z vejami tesno objela in strah v najtemnejšo senco zavila.	wikivir.xml	1721	Kje je strah?	Neža Maurer		pesmi							emotion_anger_per_1k
wikivir-001721::window::1	window	wikivir-001721	34	20	4.0	200.0	0.16	0.0769230769230769	4.0	200.0	0.16	0.1304615384615384	2.0	100.0	0.08	0.006	3.0	150.0	0.12	0.1769230769230769	3.0	150.0	0.12	0.0658461538461538	1.0	50.0	0.04	0.0419230769230769	5.0	250.0	0.2	0.1646153846153845	3.0	150.0	0.12	0.1087692307692307	4.0	200.0	3.0	150.0	0.4936923076923077	0.4494358974358974	0.4125897435897436	0.1428571428571428	13	11	0.65	surprise	0.2	wikivir.xml	1721	Kje je strah?	Neža Maurer		pesmi							window	wikivir-001721	wikivir-001721.s000001|wikivir-001721.s000002|wikivir-001721.s000003|wikivir-001721.s000004|wikivir-001721.s000005|wikivir-001721.s000006|wikivir-001721.s000007|wikivir-001721.s000008|wikivir-001721.s000009	9	34	34	18	Drevesa so šla na sprehod po ulicahPa jih je na križišču srečal strahKaj bo pa zdajDrevesa so v gozd pobegnilase z vejami tesno objela in strah v najtemnejšo senco zavila	wikivir.xml	1721	Kje je strah?	Neža Maurer		pesmi							emotion_anger_per_1k
wikivir-001718::window::1	window	wikivir-001718	20	10	2.0	200.0	0.2857142857142857	0.0976666666666666	0.0	0.0	0.0	0.0	0.0	0.0	0.0	0.0	2.0	200.0	0.2857142857142857	0.1207777777777777	0.0	0.0	0.0	0.0034444444444444	1.0	100.0	0.1428571428571428	0.0761111111111111	1.0	100.0	0.1428571428571428	0.0928888888888888	1.0	100.0	0.1428571428571428	0.059	0.0	0.0	2.0	200.0	0.509537037037037	0.4704444444444444	0.4610185185185184	-1.0	9	9	0.9	anger	0.2857142857142857	wikivir.xml	1718	Razvajenec	Neža Maurer		pesmi							window	wikivir-001718	wikivir-001718.s000001|wikivir-001718.s000002|wikivir-001718.s000003|wikivir-001718.s000004	4	20	20	10	Svinčnik vsak dan v šolo greZa težave nič ne veNosijo ga po rokah in pisanja ga ni strah	wikivir.xml	1718	Razvajenec	Neža Maurer		pesmi							emotion_anger_per_1k
wikivir-004344::window::1	window	wikivir-004344	71	46	9.0	195.6521739130435	0.2368421052631578	0.1663333333333333	2.0	43.47826086956522	0.0526315789473684	0.0539333333333333	0.0	0.0	0.0	0.0	9.0	195.6521739130435	0.2368421052631578	0.1703666666666667	1.0	21.73913043478261	0.0263157894736842	0.0166666666666666	9.0	195.6521739130435	0.2368421052631578	0.1963666666666666	2.0	43.47826086956522	0.0526315789473684	0.0377666666666666	6.0	130.43478260869566	0.1578947368421052	0.1086333333333333	5.0	108.69565217391305	14.0	304.34782608695656	0.389388888888889	0.4787777777777779	0.4666055555555556	-0.4736842105263157	30	18	0.6521739130434783	anger	0.2368421052631578	wikivir.xml	4344	MELANHOLIČNI SONG	Milan Dekleva	20	pesmi							window	wikivir-004344	wikivir-004344.s000001|wikivir-004344.s000002|wikivir-004344.s000003|wikivir-004344.s000004|wikivir-004344.s000005|wikivir-004344.s000006|wikivir-004344.s000007|wikivir-004344.s000008|wikivir-004344.s000009|wikivir-004344.s000010|wikivir-004344.s000011|wikivir-004344.s000012|wikivir-004344.s000013|wikivir-004344.s000014|wikivir-004344.s000015|wikivir-004344.s000016|wikivir-004344.s000017|wikivir-004344.s000018|wikivir-004344.s000019|wikivir-004344.s000020	23	71	71	46	MELANHOLIČNI SONG Če moški razmišlja o Roškiče noče ležati med joškiče rajekot gnetel bi bokepolitike vleče za roketakrat me zgrabi melanholijaše hujša kakor monogamijatakrat me zgrabi melanholijaše hujša kakor televizijaČe moški erotični manko zamenja za tolar in bankoče gleda pripravljeno žensko k	wikivir.xml	4344	MELANHOLIČNI SONG	Milan Dekleva	20	pesmi							emotion_anger_per_1k
wikivir-004344::document::1	document	wikivir-004344	86	46	9.0	195.6521739130435	0.2368421052631578	0.1663333333333333	2.0	43.47826086956522	0.0526315789473684	0.0539333333333333	0.0	0.0	0.0	0.0	9.0	195.6521739130435	0.2368421052631578	0.1703666666666667	1.0	21.73913043478261	0.0263157894736842	0.0166666666666666	9.0	195.6521739130435	0.2368421052631578	0.1963666666666666	2.0	43.47826086956522	0.0526315789473684	0.0377666666666666	6.0	130.43478260869566	0.1578947368421052	0.1086333333333333	5.0	108.69565217391305	14.0	304.34782608695656	0.389388888888889	0.4787777777777779	0.4666055555555556	-0.4736842105263157	30	18	0.6521739130434783	anger	0.2368421052631578	wikivir.xml	4344	MELANHOLIČNI SONG	Milan Dekleva	20	pesmi							document	wikivir-004344	wikivir-004344.s000001|wikivir-004344.s000002|wikivir-004344.s000003|wikivir-004344.s000004|wikivir-004344.s000005|wikivir-004344.s000006|wikivir-004344.s000007|wikivir-004344.s000008|wikivir-004344.s000009|wikivir-004344.s000010|wikivir-004344.s000011|wikivir-004344.s000012|wikivir-004344.s000013|wikivir-004344.s000014|wikivir-004344.s000015|wikivir-004344.s000016|wikivir-004344.s000017|wikivir-004344.s000018|wikivir-004344.s000019|wikivir-004344.s000020	23	86	71	46	MELANHOLIČNI SONG Če moški razmišlja o Roški, če noče ležati med joški, če raje, kot gnetel bi boke, politike vleče za roke: takrat me zgrabi melanholija, še hujša kakor monogamija, takrat me zgrabi melanholija, še hujša kakor televizija. Če moški erotični manko zamenja za tolar in banko, če gleda p	wikivir.xml	4344	MELANHOLIČNI SONG	Milan Dekleva	20	pesmi							emotion_anger_per_1k
wikivir-004958::document::1	document	wikivir-004958	89	41	8.0	195.1219512195122	0.1739130434782608	0.1775925925925925	6.0	146.34146341463415	0.1304347826086956	0.1054444444444444	3.0	73.17073170731707	0.0652173913043478	0.0616296296296296	10.0	243.90243902439025	0.217391304347826	0.2635555555555555	6.0	146.34146341463415	0.1304347826086956	0.1281111111111111	7.0	170.7317073170732	0.1521739130434782	0.1175185185185185	0.0	0.0	0.0	0.0	6.0	146.34146341463415	0.1304347826086956	0.1589259259259259	9.0	219.5121951219512	11.0	268.2926829268293	0.4990981481481481	0.5833777777777777	0.5572623456790124	-0.1	27	22	0.6585365853658537	fear	0.217391304347826	wikivir.xml	4958	Nesporazum	Vitomil Zupan	20	pesmi							document	wikivir-004958	wikivir-004958.s000001|wikivir-004958.s000002|wikivir-004958.s000003|wikivir-004958.s000004|wikivir-004958.s000005|wikivir-004958.s000006|wikivir-004958.s000007|wikivir-004958.s000008|wikivir-004958.s000009|wikivir-004958.s000010|wikivir-004958.s000011|wikivir-004958.s000012|wikivir-004958.s000013|wikivir-004958.s000014|wikivir-004958.s000015|wikivir-004958.s000016|wikivir-004958.s000017|wikivir-004958.s000018|wikivir-004958.s000019	19	89	82	41	Včasih smo govorili o spravi. Ko smo se vojne nažrli do grla ko smo se divjanja nasititi krvi nagledali svoje in tuje nam je zmanjkalo sovražnikov in sebe. Potem smo se spopadli s prijatelji naposled sami s seboj napovedali smo boj boju nebu in zemlji in lastnim ljubeznim. V vrtincu norosti smo prid	wikivir.xml	4958	Nesporazum	Vitomil Zupan	20	pesmi							emotion_anger_per_1k
wikivir-004958::window::1	window	wikivir-004958	82	41	8.0	195.1219512195122	0.1739130434782608	0.1775925925925925	6.0	146.34146341463415	0.1304347826086956	0.1054444444444444	3.0	73.17073170731707	0.0652173913043478	0.0616296296296296	10.0	243.90243902439025	0.217391304347826	0.2635555555555555	6.0	146.34146341463415	0.1304347826086956	0.1281111111111111	7.0	170.7317073170732	0.1521739130434782	0.1175185185185185	0.0	0.0	0.0	0.0	6.0	146.34146341463415	0.1304347826086956	0.1589259259259259	9.0	219.5121951219512	11.0	268.2926829268293	0.4990981481481481	0.5833777777777777	0.5572623456790124	-0.1	27	22	0.6585365853658537	fear	0.217391304347826	wikivir.xml	4958	Nesporazum	Vitomil Zupan	20	pesmi							window	wikivir-004958	wikivir-004958.s000001|wikivir-004958.s000002|wikivir-004958.s000003|wikivir-004958.s000004|wikivir-004958.s000005|wikivir-004958.s000006|wikivir-004958.s000007|wikivir-004958.s000008|wikivir-004958.s000009|wikivir-004958.s000010|wikivir-004958.s000011|wikivir-004958.s000012|wikivir-004958.s000013|wikivir-004958.s000014|wikivir-004958.s000015|wikivir-004958.s000016|wikivir-004958.s000017|wikivir-004958.s000018|wikivir-004958.s000019	19	82	82	41	Včasih smo govorili o spraviKo smo se vojne nažrli do grla ko smo se divjanja nasititi krvi nagledali svoje in tuje nam je zmanjkalo sovražnikov in sebePotem smo se spopadli s prijatelji naposled sami s seboj napovedali smo boj boju nebu in zemlji in lastnim ljubeznimV vrtincu norosti smo pridigali 	wikivir.xml	4958	Nesporazum	Vitomil Zupan	20	pesmi							emotion_anger_per_1k
wikivir-004560::window::56	window	wikivir-004560	63	36	7.0	194.44444444444449	0.2258064516129032	0.140375	2.0	55.55555555555555	0.064516129032258	0.0400416666666666	4.0	111.1111111111111	0.1290322580645161	0.0732916666666666	7.0	194.44444444444449	0.2258064516129032	0.157875	1.0	27.77777777777777	0.032258064516129	0.0195416666666666	2.0	55.55555555555555	0.064516129032258	0.0424166666666666	6.0	166.66666666666666	0.1935483870967742	0.122125	2.0	55.55555555555555	0.064516129032258	0.0459166666666666	3.0	83.33333333333333	9.0	250.0	0.4975347222222222	0.5067152777777778	0.487986111111111	-0.5	24	23	0.6666666666666666	anger	0.2258064516129032	wikivir.xml	4560	Med gorami	Milan Pugelj	20	proza							window	wikivir-004560	wikivir-004560.s000609|wikivir-004560.s000610|wikivir-004560.s000611	3	63	63	36	nad krajinoizgubi se nemudoma kakor miselUstrelil ga jehripavo kriči LukežPoznam pokostritenki pokz medeno pištolo ga jes tistoki jo je kupil za svatboKljukar gleda z debelimi očminič ne vekaj misliLukež sede na pragstisne se v kotzobje mu šklepečejotrese se po životumoli s hripavimnegotovim glasomO	wikivir.xml	4560	Med gorami	Milan Pugelj	20	proza							emotion_anger_per_1k
wikivir-015211::window::7	window	wikivir-015211	66	31	6.0	193.54838709677415	0.24	0.1707333333333333	2.0	64.51612903225806	0.08	0.0504666666666666	5.0	161.29032258064515	0.2	0.1573333333333333	3.0	96.77419354838707	0.12	0.0708666666666666	1.0	32.25806451612903	0.04	0.0571333333333333	3.0	96.77419354838707	0.12	0.0747999999999999	0.0	0.0	0.0	0.0	5.0	161.29032258064515	0.2	0.1922	7.0	225.80645161290323	5.0	161.29032258064515	0.4632194444444445	0.5697444444444444	0.6144861111111111	0.1666666666666666	15	13	0.4838709677419355	anger	0.24	wikivir.xml	15211	Zgodovinske povestice	Ivan Steklasa	19	kratka proza							window	wikivir-015211	wikivir-015211.s000051|wikivir-015211.s000052	2	66	66	31	vojakki je imel grdo navadoda je rad klelKo je začel tudi pri tej priliki svoj govor z besedamiHudič naj me vzamevstane Vinkoprime ga rahlo za roko in reče smejéNegospodtega jaz ne dovolimda bi vas ta vzelpredobri stejaz vas hočem obdržati za BogaTo je presunilo vojakaod tedaj so reklida ni več klel	wikivir.xml	15211	Zgodovinske povestice	Ivan Steklasa	19	kratka proza							emotion_anger_per_1k
wikivir-006827::document::1	document	wikivir-006827	23	13	4.0	307.69230769230774	0.25	0.2345	6.0	461.5384615384616	0.375	0.31025	0.0	0.0	0.0	0.0	0.0	0.0	0.0	0.0	2.0	153.84615384615387	0.125	0.0665	0.0	0.0	0.0	0.0	2.0	153.84615384615387	0.125	0.043	2.0	153.84615384615387	0.125	0.1095	2.0	153.84615384615387	0.0	0.0	0.572875	0.4155	0.4870625	1.0	8	4	0.6153846153846154	anticipation	0.375	wikivir.xml	6827	(Vek vre)	Tomaž Šalamun	21	pesmi	Opera buffa						document	wikivir-006827	wikivir-006827.s000001|wikivir-006827.s000002|wikivir-006827.s000003|wikivir-006827.s000004|wikivir-006827.s000005	5	23	18	13	Vek vre. Tudi drugi vek vre, pa ne zapuščajo sledov. Vek vre brez sonca. Vek vre s soncem.	wikivir.xml	6827	(Vek vre)	Tomaž Šalamun	21	pesmi	Opera buffa						emotion_anticipation_per_1k
wikivir-006827::window::1	window	wikivir-006827	18	13	4.0	307.69230769230774	0.25	0.2345	6.0	461.5384615384616	0.375	0.31025	0.0	0.0	0.0	0.0	0.0	0.0	0.0	0.0	2.0	153.84615384615387	0.125	0.0665	0.0	0.0	0.0	0.0	2.0	153.84615384615387	0.125	0.043	2.0	153.84615384615387	0.125	0.1095	2.0	153.84615384615387	0.0	0.0	0.572875	0.4155	0.4870625	1.0	8	4	0.6153846153846154	anticipation	0.375	wikivir.xml	6827	(Vek vre)	Tomaž Šalamun	21	pesmi	Opera buffa						window	wikivir-006827	wikivir-006827.s000001|wikivir-006827.s000002|wikivir-006827.s000003|wikivir-006827.s000004|wikivir-006827.s000005	5	18	18	13	Vek vreTudi drugi vek vrepa ne zapuščajo sledovVek vre brez soncaVek vre s soncem	wikivir.xml	6827	(Vek vre)	Tomaž Šalamun	21	pesmi	Opera buffa						emotion_anticipation_per_1k
wikivir-004762::window::1	window	wikivir-004762	11	7	0.0	0.0	0.0	0.0	3.0	428.57142857142856	0.2142857142857142	0.2473333333333333	1.0	142.85714285714286	0.0714285714285714	0.0976666666666666	2.0	285.7142857142857	0.1428571428571428	0.1093333333333333	4.0	571.4285714285714	0.2857142857142857	0.4575	0.0	0.0	0.0	0.0	1.0	142.85714285714286	0.0714285714285714	0.052	3.0	428.57142857142856	0.2142857142857142	0.4426666666666667	4.0	571.4285714285714	2.0	285.7142857142857	0.6733333333333333	0.5878333333333333	0.698	0.3333333333333333	6	6	0.8571428571428571	joy	0.2857142857142857	wikivir.xml	4762	Balada za Metko Krašovec	Tomaž Šalamun	20								window	wikivir-004762	wikivir-004762.s000001|wikivir-004762.s000002|wikivir-004762.s000003|wikivir-004762.s000004|wikivir-004762.s000005|wikivir-004762.s000006|wikivir-004762.s000007|wikivir-004762.s000008|wikivir-004762.s000009|wikivir-004762.s000010|wikivir-004762.s000011	11	11	11	7	Bog Jaz zahtevam brezpogojno ljubezen in popolno svobodoZato sem strašen	wikivir.xml	4762	Balada za Metko Krašovec	Tomaž Šalamun	20								emotion_anticipation_per_1k
wikivir-004762::document::1	document	wikivir-004762	13	7	0.0	0.0	0.0	0.0	3.0	428.57142857142856	0.2142857142857142	0.2473333333333333	1.0	142.85714285714286	0.0714285714285714	0.0976666666666666	2.0	285.7142857142857	0.1428571428571428	0.1093333333333333	4.0	571.4285714285714	0.2857142857142857	0.4575	0.0	0.0	0.0	0.0	1.0	142.85714285714286	0.0714285714285714	0.052	3.0	428.57142857142856	0.2142857142857142	0.4426666666666667	4.0	571.4285714285714	2.0	285.7142857142857	0.6733333333333333	0.5878333333333333	0.698	0.3333333333333333	6	6	0.8571428571428571	joy	0.2857142857142857	wikivir.xml	4762	Balada za Metko Krašovec	Tomaž Šalamun	20								document	wikivir-004762	wikivir-004762.s000001|wikivir-004762.s000002|wikivir-004762.s000003|wikivir-004762.s000004|wikivir-004762.s000005|wikivir-004762.s000006|wikivir-004762.s000007|wikivir-004762.s000008|wikivir-004762.s000009|wikivir-004762.s000010|wikivir-004762.s000011	11	13	11	7	Bog Jaz zahtevam brezpogojno ljubezen in popolno svobodo. Zato sem strašen.	wikivir.xml	4762	Balada za Metko Krašovec	Tomaž Šalamun	20								emotion_anticipation_per_1k
wikivir-004043::document::1	document	wikivir-004043	49	20	1.0	50.0	0.0434782608695652	0.0382666666666666	8.0	400.0	0.3478260869565217	0.2977999999999999	1.0	50.0	0.0434782608695652	0.0437333333333333	1.0	50.0	0.0434782608695652	0.0562	4.0	200.0	0.1739130434782608	0.1364666666666666	2.0	100.0	0.0869565217391304	0.1207333333333333	1.0	50.0	0.0434782608695652	0.0385333333333333	5.0	250.0	0.217391304347826	0.1792	6.0	300.0	2.0	100.0	0.6292111111111112	0.5180888888888888	0.6051777777777778	0.5	15	13	0.75	anticipation	0.3478260869565217	wikivir.xml	4043	Ljubiti tebe	Tanja Nežmah Dolinšek	21	pesmi	Angel brez kril						document	wikivir-004043	wikivir-004043.s000001|wikivir-004043.s000002|wikivir-004043.s000003|wikivir-004043.s000004|wikivir-004043.s000005|wikivir-004043.s000006|wikivir-004043.s000007|wikivir-004043.s000008|wikivir-004043.s000009|wikivir-004043.s000010	10	49	41	20	Ljubiti tebe je nekaj najlepšega, kar se mi je zgodilo. Zakopati obraz v tvoje dlani, v pričakovanju strastnega poljuba, v večnosti tega trenutka. Varna v tvojem objemu v pričakovanju večnosti in minljivosti. Ljubiti tebe je kot simfonija, ki do smrti zveni.	wikivir.xml	4043	Ljubiti tebe	Tanja Nežmah Dolinšek	21	pesmi	Angel brez kril						emotion_anticipation_per_1k
wikivir-004043::window::1	window	wikivir-004043	41	20	1.0	50.0	0.0434782608695652	0.0382666666666666	8.0	400.0	0.3478260869565217	0.2977999999999999	1.0	50.0	0.0434782608695652	0.0437333333333333	1.0	50.0	0.0434782608695652	0.0562	4.0	200.0	0.1739130434782608	0.1364666666666666	2.0	100.0	0.0869565217391304	0.1207333333333333	1.0	50.0	0.0434782608695652	0.0385333333333333	5.0	250.0	0.217391304347826	0.1792	6.0	300.0	2.0	100.0	0.6292111111111112	0.5180888888888888	0.6051777777777778	0.5	15	13	0.75	anticipation	0.3478260869565217	wikivir.xml	4043	Ljubiti tebe	Tanja Nežmah Dolinšek	21	pesmi	Angel brez kril						window	wikivir-004043	wikivir-004043.s000001|wikivir-004043.s000002|wikivir-004043.s000003|wikivir-004043.s000004|wikivir-004043.s000005|wikivir-004043.s000006|wikivir-004043.s000007|wikivir-004043.s000008|wikivir-004043.s000009|wikivir-004043.s000010	10	41	41	20	Ljubiti tebe je nekaj najlepšegakar se mi je zgodiloZakopati obraz v tvoje dlaniv pričakovanju strastnega poljubav večnosti tega trenutkaVarna v tvojem objemu v pričakovanju večnosti in minljivostiLjubiti tebe je kot simfonijaki do smrti zveni	wikivir.xml	4043	Ljubiti tebe	Tanja Nežmah Dolinšek	21	pesmi	Angel brez kril						emotion_anticipation_per_1k
wikivir-004967::window::1	window	wikivir-004967	91	52	0.0	0.0	0.0	0.0	20.0	384.61538461538464	0.2352941176470588	0.2163157894736841	1.0	19.230769230769237	0.0117647058823529	0.0082105263157894	0.0	0.0	0.0	0.0	20.0	384.61538461538464	0.2352941176470588	0.3836842105263157	20.0	384.61538461538464	0.2352941176470588	0.0175263157894736	1.0	19.230769230769237	0.0117647058823529	0.0217894736842105	23.0	442.30769230769226	0.2705882352941176	0.2597631578947369	23.0	442.30769230769226	1.0	19.230769230769237	0.7396052631578949	0.5149605263157896	0.4533552631578947	0.9166666666666666	38	13	0.7307692307692307	trust	0.2705882352941176	wikivir.xml	4967	Potem so peli	Vitomil Zupan	20	pesmi							window	wikivir-004967	wikivir-004967.s000001|wikivir-004967.s000002|wikivir-004967.s000003|wikivir-004967.s000004|wikivir-004967.s000005|wikivir-004967.s000006|wikivir-004967.s000007|wikivir-004967.s000008|wikivir-004967.s000009|wikivir-004967.s000010|wikivir-004967.s000011|wikivir-004967.s000012|wikivir-004967.s000013|wikivir-004967.s000014|wikivir-004967.s000015|wikivir-004967.s000016|wikivir-004967.s000017	17	91	91	51	Potem so peli in peli po notah zelo stare pesmi so peli in peli pesmi brez razumljivih besedŠli smo spat in dež je pel in pel po strehi montažne hišice pel in pel pesmi brez vsakih besedZadremali smo in se nenadoma prebuditi v dežju ki je pel in pel in pel žuborel in šumel pel in pel in zakaj nas je	wikivir.xml	4967	Potem so peli	Vitomil Zupan	20	pesmi							emotion_anticipation_per_1k
wikivir-004967::document::1	document	wikivir-004967	96	52	0.0	0.0	0.0	0.0	20.0	384.61538461538464	0.2352941176470588	0.2163157894736841	1.0	19.230769230769237	0.0117647058823529	0.0082105263157894	0.0	0.0	0.0	0.0	20.0	384.61538461538464	0.2352941176470588	0.3836842105263157	20.0	384.61538461538464	0.2352941176470588	0.0175263157894736	1.0	19.230769230769237	0.0117647058823529	0.0217894736842105	23.0	442.30769230769226	0.2705882352941176	0.2597631578947369	23.0	442.30769230769226	1.0	19.230769230769237	0.7396052631578949	0.5149605263157896	0.4533552631578947	0.9166666666666666	38	13	0.7307692307692307	trust	0.2705882352941176	wikivir.xml	4967	Potem so peli	Vitomil Zupan	20	pesmi							document	wikivir-004967	wikivir-004967.s000001|wikivir-004967.s000002|wikivir-004967.s000003|wikivir-004967.s000004|wikivir-004967.s000005|wikivir-004967.s000006|wikivir-004967.s000007|wikivir-004967.s000008|wikivir-004967.s000009|wikivir-004967.s000010|wikivir-004967.s000011|wikivir-004967.s000012|wikivir-004967.s000013|wikivir-004967.s000014|wikivir-004967.s000015|wikivir-004967.s000016|wikivir-004967.s000017	17	96	91	51	Potem so peli in peli po notah zelo stare pesmi so peli in peli pesmi brez razumljivih besed. Šli smo spat in dež je pel in pel po strehi montažne hišice pel in pel pesmi brez vsakih besed. Zadremali smo in se nenadoma prebuditi v dežju ki je pel in pel in pel žuborel in šumel pel in pel in zakaj na	wikivir.xml	4967	Potem so peli	Vitomil Zupan	20	pesmi							emotion_anticipation_per_1k
wikivir-007041::document::1	document	wikivir-007041	50	32	1.0	31.25	0.032258064516129	0.0115652173913043	12.0	375.0	0.3870967741935484	0.1232608695652174	2.0	62.5	0.064516129032258	0.0336521739130434	0.0	0.0	0.0	0.0	7.0	218.75	0.2258064516129032	0.0851304347826087	0.0	0.0	0.0	0.0	1.0	31.25	0.032258064516129	0.0067826086956521	8.0	250.0	0.2580645161290322	0.0686086956521739	9.0	281.25	1.0	31.25	0.5360507246376811	0.2484565217391304	0.368713768115942	0.8	23	14	0.71875	anticipation	0.3870967741935484	wikivir.xml	7041	Bele snežinke	Anica Černej	20	pesmi							document	wikivir-007041	wikivir-007041.s000001|wikivir-007041.s000002|wikivir-007041.s000003|wikivir-007041.s000004|wikivir-007041.s000005|wikivir-007041.s000006|wikivir-007041.s000007|wikivir-007041.s000008|wikivir-007041.s000009|wikivir-007041.s000010|wikivir-007041.s000011|wikivir-007041.s000012|wikivir-007041.s000013|wikivir-007041.s000014|wikivir-007041.s000015|wikivir-007041.s000016	16	50	38	32	Zvezdice bele, bele snežinke, padajo, padajo tiho z neba. Beli metuljčki, bele snežinke, iščejo, iščejo pot do sveta. Zvezdice bele čuvajo zemljo, čuvajo v zemlji skriti zaklad. Beli metuljčki ji nosijo sanje, sanje in misel na zlato pomlad.	wikivir.xml	7041	Bele snežinke	Anica Černej	20	pesmi							emotion_anticipation_per_1k
wikivir-007041::window::1	window	wikivir-007041	38	32	1.0	31.25	0.032258064516129	0.0115652173913043	12.0	375.0	0.3870967741935484	0.1232608695652174	2.0	62.5	0.064516129032258	0.0336521739130434	0.0	0.0	0.0	0.0	7.0	218.75	0.2258064516129032	0.0851304347826087	0.0	0.0	0.0	0.0	1.0	31.25	0.032258064516129	0.0067826086956521	8.0	250.0	0.2580645161290322	0.0686086956521739	9.0	281.25	1.0	31.25	0.5360507246376811	0.2484565217391304	0.368713768115942	0.8	23	14	0.71875	anticipation	0.3870967741935484	wikivir.xml	7041	Bele snežinke	Anica Černej	20	pesmi							window	wikivir-007041	wikivir-007041.s000001|wikivir-007041.s000002|wikivir-007041.s000003|wikivir-007041.s000004|wikivir-007041.s000005|wikivir-007041.s000006|wikivir-007041.s000007|wikivir-007041.s000008|wikivir-007041.s000009|wikivir-007041.s000010|wikivir-007041.s000011|wikivir-007041.s000012|wikivir-007041.s000013|wikivir-007041.s000014|wikivir-007041.s000015|wikivir-007041.s000016	16	38	38	32	Zvezdice belebele snežinkepadajopadajo tiho z nebaBeli metuljčkibele snežinkeiščejoiščejo pot do svetaZvezdice bele čuvajo zemljočuvajo v zemlji skriti zakladBeli metuljčki ji nosijo sanjesanje in misel na zlato pomlad	wikivir.xml	7041	Bele snežinke	Anica Černej	20	pesmi							emotion_anticipation_per_1k
wikivir-004926::window::1	window	wikivir-004926	44	24	0.0	0.0	0.0	0.0	9.0	375.0	0.4285714285714285	0.2203157894736842	0.0	0.0	0.0	0.0	2.0	83.33333333333333	0.0952380952380952	0.0098947368421052	4.0	166.66666666666666	0.1904761904761904	0.1824210526315789	1.0	41.66666666666666	0.0476190476190476	0.0488421052631578	1.0	41.66666666666666	0.0476190476190476	0.0123157894736842	4.0	166.66666666666666	0.1904761904761904	0.1501052631578947	6.0	250.0	1.0	41.66666666666666	0.6119736842105263	0.3995701754385965	0.5245877192982455	0.7142857142857143	19	14	0.7916666666666666	anticipation	0.4285714285714285	wikivir.xml	4926	Krog	Blaž Lukan	20	pesmi	V tihem teku						window	wikivir-004926	wikivir-004926.s000001|wikivir-004926.s000002|wikivir-004926.s000003|wikivir-004926.s000004|wikivir-004926.s000005|wikivir-004926.s000006|wikivir-004926.s000007|wikivir-004926.s000008|wikivir-004926.s000009|wikivir-004926.s000010|wikivir-004926.s000011|wikivir-004926.s000012	12	44	44	24	KROG Iz časa se odi teloiz telesa se rodi otrokiz otroka se rodi svetiz sveta se rodi bog in iz boga se znova rodi časnad vsem tem pa lebdi pesemki edina lahko zajame vse to v en sam zlog	wikivir.xml	4926	Krog	Blaž Lukan	20	pesmi	V tihem teku						emotion_anticipation_per_1k
wikivir-004926::document::1	document	wikivir-004926	50	24	0.0	0.0	0.0	0.0	9.0	375.0	0.4285714285714285	0.2203157894736842	0.0	0.0	0.0	0.0	2.0	83.33333333333333	0.0952380952380952	0.0098947368421052	4.0	166.66666666666666	0.1904761904761904	0.1824210526315789	1.0	41.66666666666666	0.0476190476190476	0.0488421052631578	1.0	41.66666666666666	0.0476190476190476	0.0123157894736842	4.0	166.66666666666666	0.1904761904761904	0.1501052631578947	6.0	250.0	1.0	41.66666666666666	0.6119736842105263	0.3995701754385965	0.5245877192982455	0.7142857142857143	19	14	0.7916666666666666	anticipation	0.4285714285714285	wikivir.xml	4926	Krog	Blaž Lukan	20	pesmi	V tihem teku						document	wikivir-004926	wikivir-004926.s000001|wikivir-004926.s000002|wikivir-004926.s000003|wikivir-004926.s000004|wikivir-004926.s000005|wikivir-004926.s000006|wikivir-004926.s000007|wikivir-004926.s000008|wikivir-004926.s000009|wikivir-004926.s000010|wikivir-004926.s000011|wikivir-004926.s000012	12	50	44	24	KROG Iz časa se odi telo, iz telesa se rodi otrok, iz otroka se rodi svet, iz sveta se rodi bog in iz boga se znova rodi čas. nad vsem tem pa lebdi pesem, ki edina lahko zajame vse to v en sam zlog.	wikivir.xml	4926	Krog	Blaž Lukan	20	pesmi	V tihem teku						emotion_anticipation_per_1k
wikivir-001816::document::1	document	wikivir-001816	34	20	0.0	0.0	0.0	0.0	7.0	350.0	0.5384615384615384	0.2412	0.0	0.0	0.0	0.0	0.0	0.0	0.0	0.0	1.0	50.0	0.0769230769230769	0.2089333333333333	0.0	0.0	0.0	0.0	0.0	0.0	0.0	0.0	5.0	250.0	0.3846153846153846	0.2244	7.0	350.0	0.0	0.0	0.6370333333333332	0.4266333333333333	0.5978666666666667	1.0	15	9	0.75	anticipation	0.5384615384615384	wikivir.xml	1816	Zaobljuba	Robert Simonič		pesmi	Zvezdenje						document	wikivir-001816	wikivir-001816.s000001|wikivir-001816.s000002|wikivir-001816.s000003|wikivir-001816.s000004|wikivir-001816.s000005|wikivir-001816.s000006|wikivir-001816.s000007|wikivir-001816.s000008	8	34	28	20	Sveže zaobljuba išče potrditev časa. Kronos potrditve v času. Iz časa v čas v obliko zajeti merilec gotovosti. Zaobljubljen zaodet stopaš. s teboj je gotovost. Stopinje so potrditev.	wikivir.xml	1816	Zaobljuba	Robert Simonič		pesmi	Zvezdenje						emotion_anticipation_per_1k
wikivir-020727::document::1	document	wikivir-020727	45	20	5.0	250.0	0.1219512195121951	0.1594444444444444	7.0	350.0	0.1707317073170731	0.1417777777777777	5.0	250.0	0.1219512195121951	0.1822222222222222	7.0	350.0	0.1707317073170731	0.2923333333333333	2.0	100.0	0.048780487804878	0.0804444444444444	5.0	250.0	0.1219512195121951	0.2541666666666666	5.0	250.0	0.1219512195121951	0.1605555555555555	5.0	250.0	0.1219512195121951	0.1310555555555555	6.0	300.0	5.0	250.0	0.4581111111111111	0.4547574074074074	0.4968018518518519	0.0909090909090909	18	12	0.9	anticipation	0.1707317073170731	wikivir.xml	20727	(Ženska in smrt sta sestri )	Tomaž Šalamun	20	pesmi							document	wikivir-020727	wikivir-020727.s000001|wikivir-020727.s000002|wikivir-020727.s000003|wikivir-020727.s000004|wikivir-020727.s000005|wikivir-020727.s000006|wikivir-020727.s000007|wikivir-020727.s000008|wikivir-020727.s000009|wikivir-020727.s000010	10	45	31	20	Ženska in smrt sta sestri. Mati in smrt — sestri. Moški in smrt — brata. Oče in smrt — brata. Človek in smrt, dva velikana, dve svetleči krogli, dva ljubimca. Jaz — beli drevored — oba.	wikivir.xml	20727	(Ženska in smrt sta sestri )	Tomaž Šalamun	20	pesmi							emotion_anticipation_per_1k
wikivir-001816::window::1	window	wikivir-001816	28	20	0.0	0.0	0.0	0.0	7.0	350.0	0.5384615384615384	0.2412	0.0	0.0	0.0	0.0	0.0	0.0	0.0	0.0	1.0	50.0	0.0769230769230769	0.2089333333333333	0.0	0.0	0.0	0.0	0.0	0.0	0.0	0.0	5.0	250.0	0.3846153846153846	0.2244	7.0	350.0	0.0	0.0	0.6370333333333332	0.4266333333333333	0.5978666666666667	1.0	15	9	0.75	anticipation	0.5384615384615384	wikivir.xml	1816	Zaobljuba	Robert Simonič		pesmi	Zvezdenje						window	wikivir-001816	wikivir-001816.s000001|wikivir-001816.s000002|wikivir-001816.s000003|wikivir-001816.s000004|wikivir-001816.s000005|wikivir-001816.s000006|wikivir-001816.s000007|wikivir-001816.s000008	8	28	28	20	Sveže zaobljuba išče potrditev časaKronos potrditve v časuIz časa v čas v obliko zajeti merilec gotovostiZaobljubljen zaodet stopašs teboj je gotovostStopinje so potrditev	wikivir.xml	1816	Zaobljuba	Robert Simonič		pesmi	Zvezdenje						emotion_anticipation_per_1k
wikivir-020727::window::1	window	wikivir-020727	31	20	5.0	250.0	0.1219512195121951	0.1594444444444444	7.0	350.0	0.1707317073170731	0.1417777777777777	5.0	250.0	0.1219512195121951	0.1822222222222222	7.0	350.0	0.1707317073170731	0.2923333333333333	2.0	100.0	0.048780487804878	0.0804444444444444	5.0	250.0	0.1219512195121951	0.2541666666666666	5.0	250.0	0.1219512195121951	0.1605555555555555	5.0	250.0	0.1219512195121951	0.1310555555555555	6.0	300.0	5.0	250.0	0.4581111111111111	0.4547574074074074	0.4968018518518519	0.0909090909090909	18	12	0.9	anticipation	0.1707317073170731	wikivir.xml	20727	(Ženska in smrt sta sestri )	Tomaž Šalamun	20	pesmi							window	wikivir-020727	wikivir-020727.s000001|wikivir-020727.s000002|wikivir-020727.s000003|wikivir-020727.s000004|wikivir-020727.s000005|wikivir-020727.s000006|wikivir-020727.s000007|wikivir-020727.s000008|wikivir-020727.s000009|wikivir-020727.s000010	10	31	31	20	Ženska in smrt sta sestriMati in smrt sestriMoški in smrt brataOče in smrt brataČlovek in smrtdva velikanadve svetleči kroglidva ljubimcaJaz beli drevored oba	wikivir.xml	20727	(Ženska in smrt sta sestri )	Tomaž Šalamun	20	pesmi							emotion_anticipation_per_1k
wikivir-006200::document::1	document	wikivir-006200	71	23	1.0	43.47826086956522	0.0357142857142857	0.039235294117647	8.0	347.8260869565217	0.2857142857142857	0.088235294117647	0.0	0.0	0.0	0.0	3.0	130.43478260869566	0.1071428571428571	0.0878235294117647	6.0	260.8695652173913	0.2142857142857142	0.075235294117647	1.0	43.47826086956522	0.0357142857142857	0.0222941176470588	7.0	304.34782608695656	0.25	0.0675882352941176	2.0	86.95652173913044	0.0714285714285714	0.0574705882352941	7.0	304.34782608695656	3.0	130.43478260869566	0.4341176470588235	0.3350686274509803	0.3840049019607843	0.4	17	10	0.7391304347826086	anticipation	0.2857142857142857	wikivir.xml	6200	Naša pesem	Karel Destovnik Kajuh	20	pesmi							document	wikivir-006200	wikivir-006200.s000001|wikivir-006200.s000002|wikivir-006200.s000003|wikivir-006200.s000004|wikivir-006200.s000005|wikivir-006200.s000006|wikivir-006200.s000007|wikivir-006200.s000008|wikivir-006200.s000009|wikivir-006200.s000010|wikivir-006200.s000011|wikivir-006200.s000012	12	71	58	23	Moja pesem ni le moja pesem, to je krik vseh nas! Moja pesem ni le moja pesem, to je boj vseh nas! Biti mlad v teh težkih časih, to se pravi brez mladosti biti mlad, zreti starega sveta propad, skrivati premnogo nad, to se pravi biti mlad ... Pa je vendar sreča biti mlad, biti mlad in poln nad!	wikivir.xml	6200	Naša pesem	Karel Destovnik Kajuh	20	pesmi							emotion_anticipation_per_1k
wikivir-006200::window::1	window	wikivir-006200	58	23	1.0	43.47826086956522	0.0357142857142857	0.039235294117647	8.0	347.8260869565217	0.2857142857142857	0.088235294117647	0.0	0.0	0.0	0.0	3.0	130.43478260869566	0.1071428571428571	0.0878235294117647	6.0	260.8695652173913	0.2142857142857142	0.075235294117647	1.0	43.47826086956522	0.0357142857142857	0.0222941176470588	7.0	304.34782608695656	0.25	0.0675882352941176	2.0	86.95652173913044	0.0714285714285714	0.0574705882352941	7.0	304.34782608695656	3.0	130.43478260869566	0.4341176470588235	0.3350686274509803	0.3840049019607843	0.4	17	10	0.7391304347826086	anticipation	0.2857142857142857	wikivir.xml	6200	Naša pesem	Karel Destovnik Kajuh	20	pesmi							window	wikivir-006200	wikivir-006200.s000001|wikivir-006200.s000002|wikivir-006200.s000003|wikivir-006200.s000004|wikivir-006200.s000005|wikivir-006200.s000006|wikivir-006200.s000007|wikivir-006200.s000008|wikivir-006200.s000009|wikivir-006200.s000010|wikivir-006200.s000011|wikivir-006200.s000012	12	58	58	23	Moja pesem ni le moja pesemto je krik vseh nasMoja pesem ni le moja pesemto je boj vseh nasBiti mlad v teh težkih časihto se pravi brez mladosti biti mladzreti starega sveta propadskrivati premnogo nadto se pravi biti mlad Pa je vendar sreča biti mladbiti mlad in poln nad	wikivir.xml	6200	Naša pesem	Karel Destovnik Kajuh	20	pesmi							emotion_anticipation_per_1k
wikivir-010488::window::1	window	wikivir-010488	19	12	0.0	0.0	0.0	0.0	4.0	333.3333333333333	0.2666666666666666	0.4134	0.0	0.0	0.0	0.0	0.0	0.0	0.0	0.0	4.0	333.3333333333333	0.2666666666666666	0.4786	1.0	83.33333333333333	0.0666666666666666	0.0034	2.0	166.66666666666666	0.1333333333333333	0.1876	4.0	333.3333333333333	0.2666666666666666	0.3624	4.0	333.3333333333333	0.0	0.0	0.7312	0.5079400000000001	0.5287599999999999	1.0	5	5	0.4166666666666667	anticipation	0.2666666666666666	wikivir.xml	10488	Krajnskazb1 2 3/55										window	wikivir-010488	wikivir-010488.s000001|wikivir-010488.s000002|wikivir-010488.s000003|wikivir-010488.s000004	4	19	19	12	Vender le voljnó terpivaDrugo bom ob létu pelSrezha nama she nalivaTi boſh polnin jes veſel	wikivir.xml	10488	Krajnskazb1 2 3/55										emotion_anticipation_per_1k
wikivir-011546::document::1	document	wikivir-011546	13	6	0.0	0.0	0.0	0.0	2.0	333.3333333333333	0.5	0.2836666666666667	0.0	0.0	0.0	0.0	0.0	0.0	0.0	0.0	1.0	166.66666666666666	0.25	0.1666666666666666	0.0	0.0	0.0	0.0	0.0	0.0	0.0	0.0	1.0	166.66666666666666	0.25	0.1979999999999999	2.0	333.3333333333333	0.0	0.0	0.6866666666666666	0.2853888888888889	0.4756944444444445	1.0	3	3	0.5	anticipation	0.5	wikivir.xml	11546	Metka	Tomaž Šalamun	20	pesmi							document	wikivir-011546	wikivir-011546.s000001|wikivir-011546.s000002|wikivir-011546.s000003|wikivir-011546.s000004|wikivir-011546.s000005|wikivir-011546.s000006|wikivir-011546.s000007|wikivir-011546.s000008|wikivir-011546.s000009|wikivir-011546.s000010|wikivir-011546.s000011	11	13	11	6	Metka Zaspan sem kot otrok. Ljubim tebe in ves svet enako.	wikivir.xml	11546	Metka	Tomaž Šalamun	20	pesmi							emotion_anticipation_per_1k
wikivir-011546::window::1	window	wikivir-011546	11	6	0.0	0.0	0.0	0.0	2.0	333.3333333333333	0.5	0.2836666666666667	0.0	0.0	0.0	0.0	0.0	0.0	0.0	0.0	1.0	166.66666666666666	0.25	0.1666666666666666	0.0	0.0	0.0	0.0	0.0	0.0	0.0	0.0	1.0	166.66666666666666	0.25	0.1979999999999999	2.0	333.3333333333333	0.0	0.0	0.6866666666666666	0.2853888888888889	0.4756944444444445	1.0	3	3	0.5	anticipation	0.5	wikivir.xml	11546	Metka	Tomaž Šalamun	20	pesmi							window	wikivir-011546	wikivir-011546.s000001|wikivir-011546.s000002|wikivir-011546.s000003|wikivir-011546.s000004|wikivir-011546.s000005|wikivir-011546.s000006|wikivir-011546.s000007|wikivir-011546.s000008|wikivir-011546.s000009|wikivir-011546.s000010|wikivir-011546.s000011	11	11	11	6	Metka Zaspan sem kot otrokLjubim tebe in ves svet enako	wikivir.xml	11546	Metka	Tomaž Šalamun	20	pesmi							emotion_anticipation_per_1k
wikivir-000409::window::1	window	wikivir-000409	23	18	1.0	55.55555555555555	0.0434782608695652	0.0052857142857142	6.0	333.3333333333333	0.2608695652173913	0.2042142857142857	0.0	0.0	0.0	0.0	2.0	111.1111111111111	0.0869565217391304	0.0134285714285714	5.0	277.77777777777777	0.217391304347826	0.2385	0.0	0.0	0.0	0.0428571428571428	2.0	111.1111111111111	0.0869565217391304	0.0396428571428571	7.0	388.8888888888889	0.3043478260869565	0.2962857142857142	7.0	388.8888888888889	2.0	111.1111111111111	0.6482738095238095	0.3642142857142857	0.5870178571428571	0.5555555555555556	14	12	0.7777777777777778	trust	0.3043478260869565	wikivir.xml	409	Pesmi in romance	Josip Murn Aleksandrov		pesmi							window	wikivir-000409	wikivir-000409.s000001|wikivir-000409.s000002|wikivir-000409.s000003|wikivir-000409.s000004|wikivir-000409.s000005|wikivir-000409.s000006	6	23	23	18	Stara verastar denarhočem ti biti gospodarbiti edini drugBog blagoslovi pardve skrinji rjuh Bog očesin in sveti duh	wikivir.xml	409	Pesmi in romance	Josip Murn Aleksandrov		pesmi							emotion_anticipation_per_1k
wikivir-010488::document::1	document	wikivir-010488	26	12	0.0	0.0	0.0	0.0	4.0	333.3333333333333	0.2666666666666666	0.4134	0.0	0.0	0.0	0.0	0.0	0.0	0.0	0.0	4.0	333.3333333333333	0.2666666666666666	0.4786	1.0	83.33333333333333	0.0666666666666666	0.0034	2.0	166.66666666666666	0.1333333333333333	0.1876	4.0	333.3333333333333	0.2666666666666666	0.3624	4.0	333.3333333333333	0.0	0.0	0.7312	0.5079400000000001	0.5287599999999999	1.0	5	5	0.4166666666666667	anticipation	0.2666666666666666	wikivir.xml	10488	Krajnskazb1 2 3/55										document	wikivir-010488	wikivir-010488.s000001|wikivir-010488.s000002|wikivir-010488.s000003|wikivir-010488.s000004|wikivir-010488.s000005	5	26	19	12	Vender le voljnó terpiva, Drugo bom ob létu pel; ˛Srezha nama she naliva, Ti boſh poln, in jes veſel. P.	wikivir.xml	10488	Krajnskazb1 2 3/55										emotion_anticipation_per_1k
wikivir-000409::document::1	document	wikivir-000409	35	18	1.0	55.55555555555555	0.0434782608695652	0.0052857142857142	6.0	333.3333333333333	0.2608695652173913	0.2042142857142857	0.0	0.0	0.0	0.0	2.0	111.1111111111111	0.0869565217391304	0.0134285714285714	5.0	277.77777777777777	0.217391304347826	0.2385	0.0	0.0	0.0	0.0428571428571428	2.0	111.1111111111111	0.0869565217391304	0.0396428571428571	7.0	388.8888888888889	0.3043478260869565	0.2962857142857142	7.0	388.8888888888889	2.0	111.1111111111111	0.6482738095238095	0.3642142857142857	0.5870178571428571	0.5555555555555556	14	12	0.7777777777777778	trust	0.3043478260869565	wikivir.xml	409	Pesmi in romance	Josip Murn Aleksandrov		pesmi							document	wikivir-000409	wikivir-000409.s000001|wikivir-000409.s000002|wikivir-000409.s000003|wikivir-000409.s000004|wikivir-000409.s000005|wikivir-000409.s000006	6	35	23	18	"Stara vera, star denar, hočem ti biti gospodar, biti edini drug... ""Bog blagoslovi par, dve skrinji rjuh - Bog oče, sin in sveti duh!"""	wikivir.xml	409	Pesmi in romance	Josip Murn Aleksandrov		pesmi							emotion_anticipation_per_1k
wikivir-020209::window::1	window	wikivir-020209	60	40	2.0	50.0	0.0465116279069767	0.0360645161290322	13.0	325.0	0.3023255813953488	0.1564516129032258	1.0	25.0	0.0232558139534883	0.0098387096774193	1.0	25.0	0.0232558139534883	0.0201612903225806	6.0	150.0	0.1395348837209302	0.1752258064516129	2.0	50.0	0.0465116279069767	0.006	4.0	100.0	0.0930232558139534	0.036	14.0	350.0	0.3255813953488372	0.3169032258064516	17.0	425.0	3.0	75.0	0.6850827956989246	0.408	0.5789951612903225	0.7	31	15	0.775	trust	0.3255813953488372	wikivir.xml	20209	Sveti večer (Radivoj Peterlin)	Radivoj Peterlin	20	pesmi			1923.0				window	wikivir-020209	wikivir-020209.s000001|wikivir-020209.s000002|wikivir-020209.s000003|wikivir-020209.s000004|wikivir-020209.s000005|wikivir-020209.s000006|wikivir-020209.s000007|wikivir-020209.s000008|wikivir-020209.s000009|wikivir-020209.s000010|wikivir-020209.s000011|wikivir-020209.s000012	12	60	60	40	Sveti večer in sveta noč s svojo pravljično milino objela sta gorodolinobogastvo gradov in bedo kočTa sveti večerto sveto noč Ljubezen vsakogar poseti vsaj za hip mu v dušo posveti in skriti zlobi odvzame močTa sveti večerto sveto nočse duša olajšana čutiVes svet bi objela v minutiljubezni to svetos	wikivir.xml	20209	Sveti večer (Radivoj Peterlin)	Radivoj Peterlin	20	pesmi			1923.0				emotion_anticipation_per_1k
wikivir-020209::document::1	document	wikivir-020209	73	40	2.0	50.0	0.0465116279069767	0.0360645161290322	13.0	325.0	0.3023255813953488	0.1564516129032258	1.0	25.0	0.0232558139534883	0.0098387096774193	1.0	25.0	0.0232558139534883	0.0201612903225806	6.0	150.0	0.1395348837209302	0.1752258064516129	2.0	50.0	0.0465116279069767	0.006	4.0	100.0	0.0930232558139534	0.036	14.0	350.0	0.3255813953488372	0.3169032258064516	17.0	425.0	3.0	75.0	0.6850827956989246	0.408	0.5789951612903225	0.7	31	15	0.775	trust	0.3255813953488372	wikivir.xml	20209	Sveti večer (Radivoj Peterlin)	Radivoj Peterlin	20	pesmi			1923.0				document	wikivir-020209	wikivir-020209.s000001|wikivir-020209.s000002|wikivir-020209.s000003|wikivir-020209.s000004|wikivir-020209.s000005|wikivir-020209.s000006|wikivir-020209.s000007|wikivir-020209.s000008|wikivir-020209.s000009|wikivir-020209.s000010|wikivir-020209.s000011|wikivir-020209.s000012	12	73	60	40	Sveti večer in sveta noč s svojo pravljično milino objela sta goro, dolino, bogastvo gradov in bedo koč. Ta sveti večer, to sveto noč Ljubezen vsakogar poseti vsaj za hip mu v dušo posveti in skriti zlobi odvzame moč. Ta sveti večer, to sveto noč, se duša olajšana čuti: Ves svet bi objela v minuti, 	wikivir.xml	20209	Sveti večer (Radivoj Peterlin)	Radivoj Peterlin	20	pesmi			1923.0				emotion_anticipation_per_1k
wikivir-009541::window::1	window	wikivir-009541	71	32	1.0	31.25	0.0344827586206896	0.0094583333333333	10.0	312.5	0.3448275862068966	0.18425	3.0	93.75	0.1034482758620689	0.107375	1.0	31.25	0.0344827586206896	0.0416666666666666	7.0	218.75	0.2413793103448276	0.19025	1.0	31.25	0.0344827586206896	0.0170416666666666	4.0	125.0	0.1379310344827586	0.0375	2.0	62.5	0.0689655172413793	0.0315833333333333	9.0	281.25	4.0	125.0	0.5897743055555557	0.4247222222222222	0.4490590277777778	0.3846153846153846	24	16	0.75	anticipation	0.3448275862068966	wikivir.xml	9541	Tebi	Anica Černej	20	pesmi							window	wikivir-009541	wikivir-009541.s000001|wikivir-009541.s000002|wikivir-009541.s000003|wikivir-009541.s000004|wikivir-009541.s000005|wikivir-009541.s000006|wikivir-009541.s000007|wikivir-009541.s000008|wikivir-009541.s000009|wikivir-009541.s000010|wikivir-009541.s000011|wikivir-009541.s000012	12	71	71	31	Ti nisi razumel v tistih dneh sončnega žarka v mojih očehki je bilkakor iz teme poslanda bi iskal tvoj beli danV življenje si mimo mene hitel in nisi moje ljubezni vzela vzel si mi žarek zlatki je hotel tebe iskatZdaj izzvenel je tvoj zadnji korak v ritmu življenjain spet je mraka v meni več žarka n	wikivir.xml	9541	Tebi	Anica Černej	20	pesmi							emotion_anticipation_per_1k
wikivir-009541::document::1	document	wikivir-009541	82	32	1.0	31.25	0.0344827586206896	0.0094583333333333	10.0	312.5	0.3448275862068966	0.18425	3.0	93.75	0.1034482758620689	0.107375	1.0	31.25	0.0344827586206896	0.0416666666666666	7.0	218.75	0.2413793103448276	0.19025	1.0	31.25	0.0344827586206896	0.0170416666666666	4.0	125.0	0.1379310344827586	0.0375	2.0	62.5	0.0689655172413793	0.0315833333333333	9.0	281.25	4.0	125.0	0.5897743055555557	0.4247222222222222	0.4490590277777778	0.3846153846153846	24	16	0.75	anticipation	0.3448275862068966	wikivir.xml	9541	Tebi	Anica Černej	20	pesmi							document	wikivir-009541	wikivir-009541.s000001|wikivir-009541.s000002|wikivir-009541.s000003|wikivir-009541.s000004|wikivir-009541.s000005|wikivir-009541.s000006|wikivir-009541.s000007|wikivir-009541.s000008|wikivir-009541.s000009|wikivir-009541.s000010|wikivir-009541.s000011|wikivir-009541.s000012	12	82	71	31	Ti nisi razumel v tistih dneh sončnega žarka v mojih očeh, ki je bil, kakor iz teme poslan, da bi iskal tvoj beli dan. V življenje si mimo mene hitel in nisi moje ljubezni vzel, a vzel si mi žarek zlat, ki je hotel tebe iskat. Zdaj izzvenel je tvoj zadnji korak v ritmu življenja, in spet je mrak, a 	wikivir.xml	9541	Tebi	Anica Černej	20	pesmi							emotion_anticipation_per_1k
wikivir-006245::document::1	document	wikivir-006245	479	94	0.0	0.0	0.0	0.0	29.0	308.51063829787233	0.3052631578947368	0.1861666666666666	0.0	0.0	0.0	0.0	0.0	0.0	0.0	0.0018939393939393	31.0	329.7872340425532	0.3263157894736842	0.2347878787878787	0.0	0.0	0.0	0.0049393939393939	6.0	63.82978723404255	0.0631578947368421	0.0324545454545454	29.0	308.51063829787233	0.3052631578947368	0.1812878787878787	34.0	361.7021276595745	1.0	10.638297872340424	0.7397651515151515	0.4426666666666667	0.5097285353535354	0.9428571428571428	66	43	0.7021276595744681	joy	0.3263157894736842	wikivir.xml	6245	Lep je	Mojiceja Podgoršek	21	pesmi							document	wikivir-006245	wikivir-006245.s000001|wikivir-006245.s000002|wikivir-006245.s000003|wikivir-006245.s000004|wikivir-006245.s000005|wikivir-006245.s000006|wikivir-006245.s000007|wikivir-006245.s000008|wikivir-006245.s000009|wikivir-006245.s000010|wikivir-006245.s000011|wikivir-006245.s000012|wikivir-006245.s000013|wikivir-006245.s000014|wikivir-006245.s000015|wikivir-006245.s000016|wikivir-006245.s000017|wikivir-006245.s000018|wikivir-006245.s000019|wikivir-006245.s000020	44	479	187	92	LEP JE OBLAK, ker nam podari dež. Beautiful is a cloud, it gives us rain. LEP JE DEŽ, ker napoji zemljo. Beautiful is the rain, it waters our soil. LEP JE MOJ DEŽNIK, ker poskrbi, da se ne zmočim. Beautiful is my umbrella, it keeps me dry. LEP JE MOST, ker mi pomaga prečkati reko. Beautiful is the b	wikivir.xml	6245	Lep je	Mojiceja Podgoršek	21	pesmi							emotion_anticipation_per_1k
wikivir-006245::window::1	window	wikivir-006245	187	94	0.0	0.0	0.0	0.0	29.0	308.51063829787233	0.3052631578947368	0.1861666666666666	0.0	0.0	0.0	0.0	0.0	0.0	0.0	0.0018939393939393	31.0	329.7872340425532	0.3263157894736842	0.2347878787878787	0.0	0.0	0.0	0.0049393939393939	6.0	63.82978723404255	0.0631578947368421	0.0324545454545454	29.0	308.51063829787233	0.3052631578947368	0.1812878787878787	34.0	361.7021276595745	1.0	10.638297872340424	0.7397651515151515	0.4426666666666667	0.5097285353535354	0.9428571428571428	66	43	0.7021276595744681	joy	0.3263157894736842	wikivir.xml	6245	Lep je	Mojiceja Podgoršek	21	pesmi							window	wikivir-006245	wikivir-006245.s000001|wikivir-006245.s000003|wikivir-006245.s000005|wikivir-006245.s000007|wikivir-006245.s000009|wikivir-006245.s000011|wikivir-006245.s000013|wikivir-006245.s000014|wikivir-006245.s000015|wikivir-006245.s000016|wikivir-006245.s000017|wikivir-006245.s000019|wikivir-006245.s000021|wikivir-006245.s000023|wikivir-006245.s000024|wikivir-006245.s000025|wikivir-006245.s000027|wikivir-006245.s000029|wikivir-006245.s000031|wikivir-006245.s000033	26	187	187	92	LEP JE OBLAKker nam podari dežLEP JE DEŽker napoji zemljoLEP JE MOJ DEŽNIKker poskrbida se ne zmočimLEP JE MOSTker mi pomaga prečkati rekoLEP JE DANker sije sonceLEP JE MESECker razsvetli nočLEP JE MOJ OČKAker me ima radmeLEP JE MOJ DEDEKker mi prebere pravljicohe to meLEP JE PISMONOŠAker mi prinese	wikivir.xml	6245	Lep je	Mojiceja Podgoršek	21	pesmi							emotion_anticipation_per_1k
wikivir-000889::document::1	document	wikivir-000889	44	26	2.0	76.92307692307693	0.0769230769230769	0.0546666666666666	8.0	307.69230769230774	0.3076923076923077	0.1845238095238095	2.0	76.92307692307693	0.0769230769230769	0.0624761904761904	2.0	76.92307692307693	0.0769230769230769	0.0802857142857142	2.0	76.92307692307693	0.0769230769230769	0.1395714285714285	3.0	115.3846153846154	0.1153846153846153	0.1282857142857142	4.0	153.84615384615387	0.1538461538461538	0.1034285714285714	3.0	115.3846153846154	0.1153846153846153	0.0677142857142857	4.0	153.84615384615387	4.0	153.84615384615387	0.574781179138322	0.4687902494331065	0.5030493197278911	0.0	21	18	0.8076923076923077	anticipation	0.3076923076923077	wikivir.xml	889	Ura žalosti	Srečko Kosovel	20	pesmi	Integrali 26						document	wikivir-000889	wikivir-000889.s000001|wikivir-000889.s000002|wikivir-000889.s000003|wikivir-000889.s000004|wikivir-000889.s000005|wikivir-000889.s000006|wikivir-000889.s000007|wikivir-000889.s000008|wikivir-000889.s000009|wikivir-000889.s000010	10	44	36	26	Stari svet umira v meni. Ura žalosti prihaja. V zlatem sijaju prihaja nova mistika. Mistika človeka. Magični ogenj mu sije iz srca. Njegove oči svetijo kakor radij v noč. Smrt je umikanje življenju. Smrt je veselje.	wikivir.xml	889	Ura žalosti	Srečko Kosovel	20	pesmi	Integrali 26						emotion_anticipation_per_1k
wikivir-000889::window::1	window	wikivir-000889	36	26	2.0	76.92307692307693	0.0769230769230769	0.0546666666666666	8.0	307.69230769230774	0.3076923076923077	0.1845238095238095	2.0	76.92307692307693	0.0769230769230769	0.0624761904761904	2.0	76.92307692307693	0.0769230769230769	0.0802857142857142	2.0	76.92307692307693	0.0769230769230769	0.1395714285714285	3.0	115.3846153846154	0.1153846153846153	0.1282857142857142	4.0	153.84615384615387	0.1538461538461538	0.1034285714285714	3.0	115.3846153846154	0.1153846153846153	0.0677142857142857	4.0	153.84615384615387	4.0	153.84615384615387	0.574781179138322	0.4687902494331065	0.5030493197278911	0.0	21	18	0.8076923076923077	anticipation	0.3076923076923077	wikivir.xml	889	Ura žalosti	Srečko Kosovel	20	pesmi	Integrali 26						window	wikivir-000889	wikivir-000889.s000001|wikivir-000889.s000002|wikivir-000889.s000003|wikivir-000889.s000004|wikivir-000889.s000005|wikivir-000889.s000006|wikivir-000889.s000007|wikivir-000889.s000008|wikivir-000889.s000009|wikivir-000889.s000010	10	36	36	26	Stari svet umira v meniUra žalosti prihajaV zlatem sijaju prihaja nova mistikaMistika človekaMagični ogenj mu sije iz srcaNjegove oči svetijo kakor radij v nočSmrt je umikanje življenjuSmrt je veselje	wikivir.xml	889	Ura žalosti	Srečko Kosovel	20	pesmi	Integrali 26						emotion_anticipation_per_1k
wikivir-020159::window::1	window	wikivir-020159	33	20	0.0	0.0	0.0	0.0	6.0	300.0	0.24	0.1388461538461538	0.0	0.0	0.0	0.0	1.0	50.0	0.04	0.030076923076923	7.0	350.0	0.28	0.2936153846153846	1.0	50.0	0.04	0.029	4.0	200.0	0.16	0.0906923076923077	6.0	300.0	0.24	0.2145384615384615	8.0	400.0	0.0	0.0	0.6306923076923077	0.3150897435897436	0.4826282051282051	1.0	13	11	0.65	joy	0.28	wikivir.xml	20159	Limerik Novi Gorici	Zoran Božič		pesmi							window	wikivir-020159	wikivir-020159.s000001|wikivir-020159.s000002|wikivir-020159.s000003|wikivir-020159.s000004|wikivir-020159.s000005	5	33	33	20	Kaj ob Kornu v soncu se bleščiBeli angel se z nebes spustiTo ni angelki obeta večni rajto je čapljaki prinaša v mesto mlajBela čapljaznak toplejših dni	wikivir.xml	20159	Limerik Novi Gorici	Zoran Božič		pesmi							emotion_anticipation_per_1k
wikivir-020159::document::1	document	wikivir-020159	40	20	0.0	0.0	0.0	0.0	6.0	300.0	0.24	0.1388461538461538	0.0	0.0	0.0	0.0	1.0	50.0	0.04	0.030076923076923	7.0	350.0	0.28	0.2936153846153846	1.0	50.0	0.04	0.029	4.0	200.0	0.16	0.0906923076923077	6.0	300.0	0.24	0.2145384615384615	8.0	400.0	0.0	0.0	0.6306923076923077	0.3150897435897436	0.4826282051282051	1.0	13	11	0.65	joy	0.28	wikivir.xml	20159	Limerik Novi Gorici	Zoran Božič		pesmi							document	wikivir-020159	wikivir-020159.s000001|wikivir-020159.s000002|wikivir-020159.s000003|wikivir-020159.s000004|wikivir-020159.s000005	5	40	33	20	Kaj ob Kornu v soncu se blešči? Beli angel se z nebes spusti? To ni angel, ki obeta večni raj, to je čaplja, ki prinaša v mesto mlaj. Bela čaplja, znak toplejših dni	wikivir.xml	20159	Limerik Novi Gorici	Zoran Božič		pesmi							emotion_anticipation_per_1k
wikivir-004047::document::1	document	wikivir-004047	47	28	1.0	35.714285714285715	0.0434782608695652	0.0374736842105263	8.0	285.7142857142857	0.3478260869565217	0.182578947368421	1.0	35.714285714285715	0.0434782608695652	0.0279473684210526	1.0	35.714285714285715	0.0434782608695652	0.0444210526315789	2.0	71.42857142857143	0.0869565217391304	0.0853684210526315	2.0	71.42857142857143	0.0869565217391304	0.0723684210526315	1.0	35.714285714285715	0.0434782608695652	0.0328947368421052	7.0	250.0	0.3043478260869565	0.1357894736842105	8.0	285.7142857142857	3.0	107.14285714285714	0.5383070175438597	0.3957280701754386	0.4346842105263157	0.4545454545454545	19	14	0.6785714285714286	anticipation	0.3478260869565217	wikivir.xml	4047	Izgubljeni čas	Tanja Nežmah Dolinšek	21	pesmi	Angel brez kril						document	wikivir-004047	wikivir-004047.s000001|wikivir-004047.s000002|wikivir-004047.s000003|wikivir-004047.s000004|wikivir-004047.s000005|wikivir-004047.s000006|wikivir-004047.s000007	7	47	36	25	Zliti v eno besedo ni mogoče, besed je nešteto, misli begajo, iščejo v ritmu časa. Na belem papirju boleča skrivnost, tišina moreča in zadušljiva. Prava beseda, lepa misel, besed je preveč, misli bežijo, izgubljene v spominih.	wikivir.xml	4047	Izgubljeni čas	Tanja Nežmah Dolinšek	21	pesmi	Angel brez kril						emotion_anticipation_per_1k
wikivir-007694::document::1	document	wikivir-007694	13	7	0.0	0.0	0.0	0.0	2.0	285.7142857142857	0.4	0.2265	1.0	142.85714285714286	0.2	0.11725	0.0	0.0	0.0	0.121	1.0	142.85714285714286	0.2	0.1875	0.0	0.0	0.0	0.0	1.0	142.85714285714286	0.2	0.0255	0.0	0.0	0.0	0.121	1.0	142.85714285714286	0.0	0.0	0.6047083333333333	0.400625	0.4724583333333333	1.0	4	4	0.5714285714285714	anticipation	0.4	wikivir.xml	7694	Dajte nam ptice	Anica Černej	20	pesmi							document	wikivir-007694	wikivir-007694.s000001|wikivir-007694.s000002|wikivir-007694.s000003|wikivir-007694.s000004	4	13	11	7	DAJTE NAM PTICE VSEM PERUTNICE, DOLGA JE POT DO SONČNE GORICE.	wikivir.xml	7694	Dajte nam ptice	Anica Černej	20	pesmi							emotion_anticipation_per_1k
wikivir-007488::window::1	window	wikivir-007488	15	7	0.0	0.0	0.0	0.0	2.0	285.7142857142857	0.3333333333333333	0.1594	0.0	0.0	0.0	0.0	0.0	0.0	0.0	0.0	1.0	142.85714285714286	0.1666666666666666	0.0812	0.0	0.0	0.0	0.0	0.0	0.0	0.0	0.0	3.0	428.57142857142856	0.5	0.283	3.0	428.57142857142856	0.0	0.0	0.7167999999999999	0.4298	0.62205	1.0	5	5	0.7142857142857143	trust	0.5	wikivir.xml	7488	Ena, dve	Anica Černej	20	pesmi							window	wikivir-007488	wikivir-007488.s000001|wikivir-007488.s000002|wikivir-007488.s000003|wikivir-007488.s000004|wikivir-007488.s000005|wikivir-007488.s000006|wikivir-007488.s000007	7	15	15	7	ENADVEŠTIRIPETNAŠA SAŠA HODI ŠTET ZLATE ZVEZDE V BOŽJI SVETOSEMSEDEM	wikivir.xml	7488	Ena, dve	Anica Černej	20	pesmi							emotion_anticipation_per_1k
wikivir-007473::window::1	window	wikivir-007473	11	7	0.0	0.0	0.0	0.0	2.0	285.7142857142857	0.4	0.2265	1.0	142.85714285714286	0.2	0.11725	0.0	0.0	0.0	0.121	1.0	142.85714285714286	0.2	0.1875	0.0	0.0	0.0	0.0	1.0	142.85714285714286	0.2	0.0255	0.0	0.0	0.0	0.121	1.0	142.85714285714286	0.0	0.0	0.6047083333333333	0.400625	0.4724583333333333	1.0	4	4	0.5714285714285714	anticipation	0.4	wikivir.xml	7473	DAJTE NA PTICE	Anica Černej	20	pesmi							window	wikivir-007473	wikivir-007473.s000001|wikivir-007473.s000002|wikivir-007473.s000003|wikivir-007473.s000004	4	11	11	7	DAJTE NAM PTICE VSEM PERUTNICEDOLGA JE POT DO SONČNE GORICE	wikivir.xml	7473	DAJTE NA PTICE	Anica Černej	20	pesmi							emotion_anticipation_per_1k
wikivir-007488::document::1	document	wikivir-007488	22	7	0.0	0.0	0.0	0.0	2.0	285.7142857142857	0.3333333333333333	0.1594	0.0	0.0	0.0	0.0	0.0	0.0	0.0	0.0	1.0	142.85714285714286	0.1666666666666666	0.0812	0.0	0.0	0.0	0.0	0.0	0.0	0.0	0.0	3.0	428.57142857142856	0.5	0.283	3.0	428.57142857142856	0.0	0.0	0.7167999999999999	0.4298	0.62205	1.0	5	5	0.7142857142857143	trust	0.5	wikivir.xml	7488	Ena, dve	Anica Černej	20	pesmi							document	wikivir-007488	wikivir-007488.s000001|wikivir-007488.s000002|wikivir-007488.s000003|wikivir-007488.s000004|wikivir-007488.s000005|wikivir-007488.s000006|wikivir-007488.s000007	7	22	15	7	ENA, DVE, ŠTIRI, PET. NAŠA SAŠA HODI ŠTET ZLATE ZVEZDE V BOŽJI SVET. OSEM, SEDEM.	wikivir.xml	7488	Ena, dve	Anica Černej	20	pesmi							emotion_anticipation_per_1k
wikivir-007473::document::1	document	wikivir-007473	13	7	0.0	0.0	0.0	0.0	2.0	285.7142857142857	0.4	0.2265	1.0	142.85714285714286	0.2	0.11725	0.0	0.0	0.0	0.121	1.0	142.85714285714286	0.2	0.1875	0.0	0.0	0.0	0.0	1.0	142.85714285714286	0.2	0.0255	0.0	0.0	0.0	0.121	1.0	142.85714285714286	0.0	0.0	0.6047083333333333	0.400625	0.4724583333333333	1.0	4	4	0.5714285714285714	anticipation	0.4	wikivir.xml	7473	DAJTE NA PTICE	Anica Černej	20	pesmi							document	wikivir-007473	wikivir-007473.s000001|wikivir-007473.s000002|wikivir-007473.s000003|wikivir-007473.s000004	4	13	11	7	DAJTE NAM PTICE VSEM PERUTNICE, DOLGA JE POT DO SONČNE GORICE.	wikivir.xml	7473	DAJTE NA PTICE	Anica Černej	20	pesmi							emotion_anticipation_per_1k
wikivir-016544::window::1	window	wikivir-016544	9	7	0.0	0.0	0.0	0.0	2.0	285.7142857142857	0.25	0.1369999999999999	0.0	0.0	0.0	0.0	0.0	0.0	0.0	0.0	2.0	285.7142857142857	0.25	0.2623333333333333	2.0	285.7142857142857	0.25	0.0056666666666666	0.0	0.0	0.0	0.0	2.0	285.7142857142857	0.25	0.1406666666666666	2.0	285.7142857142857	0.0	0.0	0.59925	0.4598333333333333	0.4649166666666667	1.0	6	4	0.8571428571428571	anticipation	0.25	wikivir.xml	16544	Catechismus	Primož Trubar	16								window	wikivir-016544	wikivir-016544.s000001	1	9	9	7	No pojtepojte vsi ljudje diplomatični prepiskritični prepis	wikivir.xml	16544	Catechismus	Primož Trubar	16								emotion_anticipation_per_1k
wikivir-016544::document::1	document	wikivir-016544	13	7	0.0	0.0	0.0	0.0	2.0	285.7142857142857	0.25	0.1369999999999999	0.0	0.0	0.0	0.0	0.0	0.0	0.0	0.0	2.0	285.7142857142857	0.25	0.2623333333333333	2.0	285.7142857142857	0.25	0.0056666666666666	0.0	0.0	0.0	0.0	2.0	285.7142857142857	0.25	0.1406666666666666	2.0	285.7142857142857	0.0	0.0	0.59925	0.4598333333333333	0.4649166666666667	1.0	6	4	0.8571428571428571	anticipation	0.25	wikivir.xml	16544	Catechismus	Primož Trubar	16								document	wikivir-016544	wikivir-016544.s000001	1	13	9	7	No pojte, pojte vsi ljudje (diplomatični prepis, kritični prepis)	wikivir.xml	16544	Catechismus	Primož Trubar	16								emotion_anticipation_per_1k
wikivir-004047::window::1	window	wikivir-004047	36	28	1.0	35.714285714285715	0.0434782608695652	0.0374736842105263	8.0	285.7142857142857	0.3478260869565217	0.182578947368421	1.0	35.714285714285715	0.0434782608695652	0.0279473684210526	1.0	35.714285714285715	0.0434782608695652	0.0444210526315789	2.0	71.42857142857143	0.0869565217391304	0.0853684210526315	2.0	71.42857142857143	0.0869565217391304	0.0723684210526315	1.0	35.714285714285715	0.0434782608695652	0.0328947368421052	7.0	250.0	0.3043478260869565	0.1357894736842105	8.0	285.7142857142857	3.0	107.14285714285714	0.5383070175438597	0.3957280701754386	0.4346842105263157	0.4545454545454545	19	14	0.6785714285714286	anticipation	0.3478260869565217	wikivir.xml	4047	Izgubljeni čas	Tanja Nežmah Dolinšek	21	pesmi	Angel brez kril						window	wikivir-004047	wikivir-004047.s000001|wikivir-004047.s000002|wikivir-004047.s000003|wikivir-004047.s000004|wikivir-004047.s000005|wikivir-004047.s000006|wikivir-004047.s000007	7	36	36	25	Zliti v eno besedo ni mogočebesed je neštetomisli begajoiščejo v ritmu časaNa belem papirju boleča skrivnosttišina moreča in zadušljivaPrava besedalepa miselbesed je prevečmisli bežijoizgubljene v spominih	wikivir.xml	4047	Izgubljeni čas	Tanja Nežmah Dolinšek	21	pesmi	Angel brez kril						emotion_anticipation_per_1k
wikivir-007694::window::1	window	wikivir-007694	11	7	0.0	0.0	0.0	0.0	2.0	285.7142857142857	0.4	0.2265	1.0	142.85714285714286	0.2	0.11725	0.0	0.0	0.0	0.121	1.0	142.85714285714286	0.2	0.1875	0.0	0.0	0.0	0.0	1.0	142.85714285714286	0.2	0.0255	0.0	0.0	0.0	0.121	1.0	142.85714285714286	0.0	0.0	0.6047083333333333	0.400625	0.4724583333333333	1.0	4	4	0.5714285714285714	anticipation	0.4	wikivir.xml	7694	Dajte nam ptice	Anica Černej	20	pesmi							window	wikivir-007694	wikivir-007694.s000001|wikivir-007694.s000002|wikivir-007694.s000003|wikivir-007694.s000004	4	11	11	7	DAJTE NAM PTICE VSEM PERUTNICEDOLGA JE POT DO SONČNE GORICE	wikivir.xml	7694	Dajte nam ptice	Anica Černej	20	pesmi							emotion_anticipation_per_1k
wikivir-011258::window::1	window	wikivir-011258	24	14	1.0	71.42857142857143	0.0769230769230769	0.0067142857142857	4.0	285.7142857142857	0.3076923076923077	0.1512857142857142	0.0	0.0	0.0	0.0	2.0	142.85714285714286	0.1538461538461538	0.0647142857142857	3.0	214.28571428571428	0.2307692307692307	0.1917142857142857	1.0	71.42857142857143	0.0769230769230769	0.0024285714285714	0.0	0.0	0.0	0.0	2.0	142.85714285714286	0.1538461538461538	0.0602857142857142	4.0	285.7142857142857	0.0	0.0	0.5887142857142857	0.3257142857142857	0.3883571428571429	1.0	7	7	0.5	anticipation	0.3076923076923077	wikivir.xml	11258	Umeti	Tomaž Šalamun	21	pesmi							window	wikivir-011258	wikivir-011258.s000001|wikivir-011258.s000002|wikivir-011258.s000003|wikivir-011258.s000004|wikivir-011258.s000005|wikivir-011258.s000006|wikivir-011258.s000007	7	24	24	14	Kdor klečeplazi dlakenaj poje tudi piščancaRottole s super dušoKi kazijo dvoriščenaj se dvignejoZ belimi traki naj se zabašejoUmemo	wikivir.xml	11258	Umeti	Tomaž Šalamun	21	pesmi							emotion_anticipation_per_1k
wikivir-011258::document::1	document	wikivir-011258	31	14	1.0	71.42857142857143	0.0769230769230769	0.0067142857142857	4.0	285.7142857142857	0.3076923076923077	0.1512857142857142	0.0	0.0	0.0	0.0	2.0	142.85714285714286	0.1538461538461538	0.0647142857142857	3.0	214.28571428571428	0.2307692307692307	0.1917142857142857	1.0	71.42857142857143	0.0769230769230769	0.0024285714285714	0.0	0.0	0.0	0.0	2.0	142.85714285714286	0.1538461538461538	0.0602857142857142	4.0	285.7142857142857	0.0	0.0	0.5887142857142857	0.3257142857142857	0.3883571428571429	1.0	7	7	0.5	anticipation	0.3076923076923077	wikivir.xml	11258	Umeti	Tomaž Šalamun	21	pesmi							document	wikivir-011258	wikivir-011258.s000001|wikivir-011258.s000002|wikivir-011258.s000003|wikivir-011258.s000004|wikivir-011258.s000005|wikivir-011258.s000006|wikivir-011258.s000007	7	31	24	14	Kdor klečeplazi dlake, naj poje tudi piščanca. Rottole s super dušo. Ki kazijo dvorišče, naj se dvignejo. Z belimi traki naj se zabašejo. Umemo.	wikivir.xml	11258	Umeti	Tomaž Šalamun	21	pesmi							emotion_anticipation_per_1k
wikivir-003580::window::1	window	wikivir-003580	54	35	4.0	114.28571428571428	0.1052631578947368	0.0	10.0	285.7142857142857	0.2631578947368421	0.1128888888888888	4.0	114.28571428571428	0.1052631578947368	0.0057777777777777	0.0	0.0	0.0	0.0	6.0	171.42857142857142	0.1578947368421052	0.048074074074074	0.0	0.0	0.0	0.0666666666666666	4.0	114.28571428571428	0.1052631578947368	0.0115555555555555	10.0	285.7142857142857	0.2631578947368421	0.1753333333333333	10.0	285.7142857142857	5.0	142.85714285714286	0.5766111111111111	0.2994444444444444	0.4089259259259258	0.3333333333333333	27	11	0.7714285714285715	anticipation	0.2631578947368421	wikivir.xml	3580	Veverica	Neža Maurer	20	pesmi							window	wikivir-003580	wikivir-003580.s000001|wikivir-003580.s000002|wikivir-003580.s000003|wikivir-003580.s000004|wikivir-003580.s000005|wikivir-003580.s000006|wikivir-003580.s000007|wikivir-003580.s000008|wikivir-003580.s000009|wikivir-003580.s000010|wikivir-003580.s000011|wikivir-003580.s000012	12	54	54	35	Ne enem od starih dreves sveta sedi veverica in gloda najslajši oreh sveta edini orehki ga imaNa enem od starih dreves sveta sedi veverica in se z najlepšim repom pahlja z edinim repomki ga imaNa enem od starih dreves sveta sedi vevericasamamajhnanajlepša edinakar staro drevo ima	wikivir.xml	3580	Veverica	Neža Maurer	20	pesmi							emotion_anticipation_per_1k
wikivir-003580::document::1	document	wikivir-003580	66	35	4.0	114.28571428571428	0.1052631578947368	0.0	10.0	285.7142857142857	0.2631578947368421	0.1128888888888888	4.0	114.28571428571428	0.1052631578947368	0.0057777777777777	0.0	0.0	0.0	0.0	6.0	171.42857142857142	0.1578947368421052	0.048074074074074	0.0	0.0	0.0	0.0666666666666666	4.0	114.28571428571428	0.1052631578947368	0.0115555555555555	10.0	285.7142857142857	0.2631578947368421	0.1753333333333333	10.0	285.7142857142857	5.0	142.85714285714286	0.5766111111111111	0.2994444444444444	0.4089259259259258	0.3333333333333333	27	11	0.7714285714285715	anticipation	0.2631578947368421	wikivir.xml	3580	Veverica	Neža Maurer	20	pesmi							document	wikivir-003580	wikivir-003580.s000001|wikivir-003580.s000002|wikivir-003580.s000003|wikivir-003580.s000004|wikivir-003580.s000005|wikivir-003580.s000006|wikivir-003580.s000007|wikivir-003580.s000008|wikivir-003580.s000009|wikivir-003580.s000010|wikivir-003580.s000011|wikivir-003580.s000012	12	66	54	35	Ne enem od starih dreves sveta sedi veverica in gloda najslajši oreh sveta – edini oreh, ki ga ima. Na enem od starih dreves sveta sedi veverica in se z najlepšim repom pahlja – z edinim repom, ki ga ima. Na enem od starih dreves sveta sedi veverica, sama, majhna, najlepša – edina, kar staro drevo i	wikivir.xml	3580	Veverica	Neža Maurer	20	pesmi							emotion_anticipation_per_1k
wikivir-006153::document::1	document	wikivir-006153	55	25	0.0	0.0	0.0	0.0	7.0	280.0	0.2692307692307692	0.1517058823529412	0.0	0.0	0.0	0.0	0.0	0.0	0.0	0.0	7.0	280.0	0.2692307692307692	0.1709411764705882	2.0	80.0	0.0769230769230769	0.002	3.0	120.0	0.1153846153846153	0.0698823529411764	7.0	280.0	0.2692307692307692	0.1204705882352941	8.0	320.0	0.0	0.0	0.6285588235294117	0.4517058823529411	0.4873529411764706	1.0	17	12	0.68	anticipation	0.2692307692307692	wikivir.xml	6153	V jutranji sreči	Anica Černej	20	pesmi							document	wikivir-006153	wikivir-006153.s000001|wikivir-006153.s000002|wikivir-006153.s000003|wikivir-006153.s000004|wikivir-006153.s000005|wikivir-006153.s000006|wikivir-006153.s000007|wikivir-006153.s000008|wikivir-006153.s000009|wikivir-006153.s000010|wikivir-006153.s000011|wikivir-006153.s000012|wikivir-006153.s000013	13	55	48	25	Šla sem v jutranji sreči po svetli rosi, v soncu drhteči, in si pela svojo pesem, ko so tvoje stopinje dohitele moje in belo pesem, ki jo poje v meni jutranja sreča, in se zlile s pesmijo v drago sozvočje, da sem premagana legla v naročje belih iskanj.	wikivir.xml	6153	V jutranji sreči	Anica Černej	20	pesmi							emotion_anticipation_per_1k
wikivir-006153::window::1	window	wikivir-006153	48	25	0.0	0.0	0.0	0.0	7.0	280.0	0.2692307692307692	0.1517058823529412	0.0	0.0	0.0	0.0	0.0	0.0	0.0	0.0	7.0	280.0	0.2692307692307692	0.1709411764705882	2.0	80.0	0.0769230769230769	0.002	3.0	120.0	0.1153846153846153	0.0698823529411764	7.0	280.0	0.2692307692307692	0.1204705882352941	8.0	320.0	0.0	0.0	0.6285588235294117	0.4517058823529411	0.4873529411764706	1.0	17	12	0.68	anticipation	0.2692307692307692	wikivir.xml	6153	V jutranji sreči	Anica Černej	20	pesmi							window	wikivir-006153	wikivir-006153.s000001|wikivir-006153.s000002|wikivir-006153.s000003|wikivir-006153.s000004|wikivir-006153.s000005|wikivir-006153.s000006|wikivir-006153.s000007|wikivir-006153.s000008|wikivir-006153.s000009|wikivir-006153.s000010|wikivir-006153.s000011|wikivir-006153.s000012|wikivir-006153.s000013	13	48	48	25	Šla sem v jutranji sreči po svetli rosiv soncu drhtečiin si pela svojo pesemko so tvoje stopinje dohitele moje in belo pesemki jo poje v meni jutranja srečain se zlile s pesmijo v drago sozvočjeda sem premagana legla v naročje belih iskanj	wikivir.xml	6153	V jutranji sreči	Anica Černej	20	pesmi							emotion_anticipation_per_1k
wikivir-007025::document::1	document	wikivir-007025	39	16	5.0	312.5	0.238095238095238	0.2622727272727272	0.0	0.0	0.0	0.0	6.0	375.0	0.2857142857142857	0.3606363636363636	5.0	312.5	0.238095238095238	0.3763636363636363	0.0	0.0	0.0	0.0	5.0	312.5	0.238095238095238	0.3977272727272727	0.0	0.0	0.0	0.0	0.0	0.0	0.0	0.0	0.0	0.0	6.0	375.0	0.3852272727272727	0.4593636363636363	0.4090454545454545	-1.0	11	5	0.6875	disgust	0.2857142857142857	wikivir.xml	7025	Rak	Anica Černej	20	pesmi							document	wikivir-007025	wikivir-007025.s000001|wikivir-007025.s000002|wikivir-007025.s000003|wikivir-007025.s000004|wikivir-007025.s000005|wikivir-007025.s000006|wikivir-007025.s000007|wikivir-007025.s000008|wikivir-007025.s000009|wikivir-007025.s000010|wikivir-007025.s000011|wikivir-007025.s000012|wikivir-007025.s000013	13	39	29	15	Rak Rak, rak, je krojač, urezal mi je dvoje hlač. Ker mi hlače niso prav, sem mu jih nazaj poslal. Rak, rak, je rdeč, ker mi hlače niso všeč.	wikivir.xml	7025	Rak	Anica Černej	20	pesmi							emotion_disgust_per_1k
wikivir-007025::window::1	window	wikivir-007025	29	16	5.0	312.5	0.238095238095238	0.2622727272727272	0.0	0.0	0.0	0.0	6.0	375.0	0.2857142857142857	0.3606363636363636	5.0	312.5	0.238095238095238	0.3763636363636363	0.0	0.0	0.0	0.0	5.0	312.5	0.238095238095238	0.3977272727272727	0.0	0.0	0.0	0.0	0.0	0.0	0.0	0.0	0.0	0.0	6.0	375.0	0.3852272727272727	0.4593636363636363	0.4090454545454545	-1.0	11	5	0.6875	disgust	0.2857142857142857	wikivir.xml	7025	Rak	Anica Černej	20	pesmi							window	wikivir-007025	wikivir-007025.s000001|wikivir-007025.s000002|wikivir-007025.s000003|wikivir-007025.s000004|wikivir-007025.s000005|wikivir-007025.s000006|wikivir-007025.s000007|wikivir-007025.s000008|wikivir-007025.s000009|wikivir-007025.s000010|wikivir-007025.s000011|wikivir-007025.s000012|wikivir-007025.s000013	13	29	29	15	Rak Rakrakje krojačurezal mi je dvoje hlačKer mi hlače niso pravsem mu jih nazaj poslalRakrakje rdečker mi hlače niso všeč	wikivir.xml	7025	Rak	Anica Černej	20	pesmi							emotion_disgust_per_1k
wikivir-007293::document::1	document	wikivir-007293	37	16	5.0	312.5	0.238095238095238	0.2622727272727272	0.0	0.0	0.0	0.0	6.0	375.0	0.2857142857142857	0.3606363636363636	5.0	312.5	0.238095238095238	0.3763636363636363	0.0	0.0	0.0	0.0	5.0	312.5	0.238095238095238	0.3977272727272727	0.0	0.0	0.0	0.0	0.0	0.0	0.0	0.0	0.0	0.0	6.0	375.0	0.3823333333333333	0.4756666666666666	0.4034242424242424	-1.0	11	6	0.6875	disgust	0.2857142857142857	wikivir.xml	7293	Rak	Anica Černej	20	pesmi							document	wikivir-007293	wikivir-007293.s000001|wikivir-007293.s000002|wikivir-007293.s000003|wikivir-007293.s000004|wikivir-007293.s000005|wikivir-007293.s000006|wikivir-007293.s000007|wikivir-007293.s000008|wikivir-007293.s000009|wikivir-007293.s000010|wikivir-007293.s000011|wikivir-007293.s000012|wikivir-007293.s000013	13	37	29	15	RAK RAK, RAK JE KROJAČ, VREZAL MI JE DVOJE HLAČ. KER MI HLAČE NISO PRAV, SEM MU JIH NAZAJ POSLAL. RAK, RAK JE RDEČ, KER MI HLAČKE NISO VŠEČ.	wikivir.xml	7293	Rak	Anica Černej	20	pesmi							emotion_disgust_per_1k
wikivir-017682::window::1	window	wikivir-017682	23	16	0.0	0.0	0.0	0.0	0.0	0.0	0.0	0.0	6.0	375.0	1.0	0.486	0.0	0.0	0.0	0.0	0.0	0.0	0.0	0.0	0.0	0.0	0.0	0.0	0.0	0.0	0.0	0.0	0.0	0.0	0.0	0.0	0.0	0.0	6.0	375.0	0.3789999999999999	0.366375	0.2935	-1.0	8	3	0.5	disgust	1.0	wikivir.xml	17682	Blato	Jožef Mihelič	20	pesmi							window	wikivir-017682	wikivir-017682.s000001|wikivir-017682.s000002|wikivir-017682.s000003|wikivir-017682.s000004|wikivir-017682.s000005	5	23	23	16	Kamo stopim stopim v blatokar potipam je spet blatospredaj blatozadaj blato vsepovsod je samo blatovse postalo zdaj je blato	wikivir.xml	17682	Blato	Jožef Mihelič	20	pesmi							emotion_disgust_per_1k
wikivir-017682::document::1	document	wikivir-017682	30	16	0.0	0.0	0.0	0.0	0.0	0.0	0.0	0.0	6.0	375.0	1.0	0.486	0.0	0.0	0.0	0.0	0.0	0.0	0.0	0.0	0.0	0.0	0.0	0.0	0.0	0.0	0.0	0.0	0.0	0.0	0.0	0.0	0.0	0.0	6.0	375.0	0.3789999999999999	0.366375	0.2935	-1.0	8	3	0.5	disgust	1.0	wikivir.xml	17682	Blato	Jožef Mihelič	20	pesmi							document	wikivir-017682	wikivir-017682.s000001|wikivir-017682.s000002|wikivir-017682.s000003|wikivir-017682.s000004|wikivir-017682.s000005	5	30	23	16	Kamo stopim – stopim v blato, kar potipam – je spet blato; spredaj blato, zadaj blato vsepovsod je samo blato, vse postalo zdaj je blato.	wikivir.xml	17682	Blato	Jožef Mihelič	20	pesmi							emotion_disgust_per_1k
wikivir-007293::window::1	window	wikivir-007293	29	16	5.0	312.5	0.238095238095238	0.2622727272727272	0.0	0.0	0.0	0.0	6.0	375.0	0.2857142857142857	0.3606363636363636	5.0	312.5	0.238095238095238	0.3763636363636363	0.0	0.0	0.0	0.0	5.0	312.5	0.238095238095238	0.3977272727272727	0.0	0.0	0.0	0.0	0.0	0.0	0.0	0.0	0.0	0.0	6.0	375.0	0.3823333333333333	0.4756666666666666	0.4034242424242424	-1.0	11	6	0.6875	disgust	0.2857142857142857	wikivir.xml	7293	Rak	Anica Černej	20	pesmi							window	wikivir-007293	wikivir-007293.s000001|wikivir-007293.s000002|wikivir-007293.s000003|wikivir-007293.s000004|wikivir-007293.s000005|wikivir-007293.s000006|wikivir-007293.s000007|wikivir-007293.s000008|wikivir-007293.s000009|wikivir-007293.s000010|wikivir-007293.s000011|wikivir-007293.s000012|wikivir-007293.s000013	13	29	29	15	RAK RAKRAK JE KROJAČVREZAL MI JE DVOJE HLAČKER MI HLAČE NISO PRAVSEM MU JIH NAZAJ POSLALRAKRAK JE RDEČKER MI HLAČKE NISO VŠEČ	wikivir.xml	7293	Rak	Anica Černej	20	pesmi							emotion_disgust_per_1k
wikivir-007484::window::1	window	wikivir-007484	28	15	4.0	266.6666666666667	0.2352941176470588	0.2307999999999999	0.0	0.0	0.0	0.0	5.0	333.3333333333333	0.2941176470588235	0.3233	4.0	266.6666666666667	0.2352941176470588	0.3312	0.0	0.0	0.0	0.0	4.0	266.6666666666667	0.2352941176470588	0.35	0.0	0.0	0.0	0.0	0.0	0.0	0.0	0.0	0.0	0.0	5.0	333.3333333333333	0.3969166666666667	0.4687333333333333	0.4008166666666667	-1.0	10	6	0.6666666666666666	disgust	0.2941176470588235	wikivir.xml	7484	Rak, rak	Anica Černej	20	pesmi							window	wikivir-007484	wikivir-007484.s000001|wikivir-007484.s000002|wikivir-007484.s000003|wikivir-007484.s000004|wikivir-007484.s000005|wikivir-007484.s000006|wikivir-007484.s000007|wikivir-007484.s000008|wikivir-007484.s000009|wikivir-007484.s000010|wikivir-007484.s000011|wikivir-007484.s000012	12	28	28	14	RAKRAK JE KROJAČVREZAL MI JE DVOJE HLAČKER MI HLAČE NISO PRAVSE MU JIH NAZAJ POSLALRAKRAK JE RDEČKER MI HLAČKE NISO VŠEČ	wikivir.xml	7484	Rak, rak	Anica Černej	20	pesmi							emotion_disgust_per_1k
wikivir-007484::document::1	document	wikivir-007484	36	15	4.0	266.6666666666667	0.2352941176470588	0.2307999999999999	0.0	0.0	0.0	0.0	5.0	333.3333333333333	0.2941176470588235	0.3233	4.0	266.6666666666667	0.2352941176470588	0.3312	0.0	0.0	0.0	0.0	4.0	266.6666666666667	0.2352941176470588	0.35	0.0	0.0	0.0	0.0	0.0	0.0	0.0	0.0	0.0	0.0	5.0	333.3333333333333	0.3969166666666667	0.4687333333333333	0.4008166666666667	-1.0	10	6	0.6666666666666666	disgust	0.2941176470588235	wikivir.xml	7484	Rak, rak	Anica Černej	20	pesmi							document	wikivir-007484	wikivir-007484.s000001|wikivir-007484.s000002|wikivir-007484.s000003|wikivir-007484.s000004|wikivir-007484.s000005|wikivir-007484.s000006|wikivir-007484.s000007|wikivir-007484.s000008|wikivir-007484.s000009|wikivir-007484.s000010|wikivir-007484.s000011|wikivir-007484.s000012	12	36	28	14	RAK, RAK JE KROJAČ, VREZAL MI JE DVOJE HLAČ. KER MI HLAČE NISO PRAV, SE MU JIH NAZAJ POSLAL. RAK, RAK JE RDEČ, KER MI HLAČKE NISO VŠEČ.	wikivir.xml	7484	Rak, rak	Anica Černej	20	pesmi							emotion_disgust_per_1k
wikivir-000991::document::1	document	wikivir-000991	35	13	0.0	0.0	0.0	0.0	0.0	0.0	0.0	0.0	4.0	307.69230769230774	0.4444444444444444	0.0591111111111111	0.0	0.0	0.0	0.0	0.0	0.0	0.0	0.0	4.0	307.69230769230774	0.4444444444444444	0.1248888888888889	0.0	0.0	0.0	0.0	1.0	76.92307692307693	0.1111111111111111	0.0937777777777777	1.0	76.92307692307693	0.0	0.0	0.4169444444444444	0.2432777777777777	0.3457777777777778	1.0	9	4	0.6923076923076923	disgust	0.4444444444444444	wikivir.xml	991	Človek pred zrcalom	Srečko Kosovel	20	pesmi	Integrali 26						document	wikivir-000991	wikivir-000991.s000001|wikivir-000991.s000002|wikivir-000991.s000003|wikivir-000991.s000004|wikivir-000991.s000005|wikivir-000991.s000006|wikivir-000991.s000007|wikivir-000991.s000008|wikivir-000991.s000009|wikivir-000991.s000010|wikivir-000991.s000011|wikivir-000991.s000012	12	35	24	12	Sivi človek strmi v zrcalo in se gleda. Sivo zrcalo, sivi človek, sivo je vse. Ti. Jaz. Jaz. Ti. Laži-jaz. A resnice ni.	wikivir.xml	991	Človek pred zrcalom	Srečko Kosovel	20	pesmi	Integrali 26						emotion_disgust_per_1k
wikivir-000991::window::1	window	wikivir-000991	24	13	0.0	0.0	0.0	0.0	0.0	0.0	0.0	0.0	4.0	307.69230769230774	0.4444444444444444	0.0591111111111111	0.0	0.0	0.0	0.0	0.0	0.0	0.0	0.0	4.0	307.69230769230774	0.4444444444444444	0.1248888888888889	0.0	0.0	0.0	0.0	1.0	76.92307692307693	0.1111111111111111	0.0937777777777777	1.0	76.92307692307693	0.0	0.0	0.4169444444444444	0.2432777777777777	0.3457777777777778	1.0	9	4	0.6923076923076923	disgust	0.4444444444444444	wikivir.xml	991	Človek pred zrcalom	Srečko Kosovel	20	pesmi	Integrali 26						window	wikivir-000991	wikivir-000991.s000001|wikivir-000991.s000002|wikivir-000991.s000003|wikivir-000991.s000004|wikivir-000991.s000005|wikivir-000991.s000006|wikivir-000991.s000007|wikivir-000991.s000008|wikivir-000991.s000009|wikivir-000991.s000010|wikivir-000991.s000011|wikivir-000991.s000012	12	24	24	12	Sivi človek strmi v zrcalo in se gledaSivo zrcalosivi človeksivo je vseTiJazJazTiLažijazA resnice ni	wikivir.xml	991	Človek pred zrcalom	Srečko Kosovel	20	pesmi	Integrali 26						emotion_disgust_per_1k
wikivir-000859::window::1	window	wikivir-000859	24	13	0.0	0.0	0.0	0.0	0.0	0.0	0.0	0.0	4.0	307.69230769230774	0.4444444444444444	0.0591111111111111	0.0	0.0	0.0	0.0	0.0	0.0	0.0	0.0	4.0	307.69230769230774	0.4444444444444444	0.1248888888888889	0.0	0.0	0.0	0.0	1.0	76.92307692307693	0.1111111111111111	0.0937777777777777	1.0	76.92307692307693	0.0	0.0	0.4169444444444444	0.2432777777777777	0.3457777777777778	1.0	9	4	0.6923076923076923	disgust	0.4444444444444444	wikivir.xml	859	Človek pred zrcalom	Srečko Kosovel	20	pesmi	Integrali 26						window	wikivir-000859	wikivir-000859.s000001|wikivir-000859.s000002|wikivir-000859.s000003|wikivir-000859.s000004|wikivir-000859.s000005|wikivir-000859.s000006|wikivir-000859.s000007|wikivir-000859.s000008|wikivir-000859.s000009|wikivir-000859.s000010|wikivir-000859.s000011	11	24	24	12	Sivi človek strmi v zrcalo in se gledaSivo zrcalosivi človeksivo je vseTiJazJazTiLaži jazA resnice ni	wikivir.xml	859	Človek pred zrcalom	Srečko Kosovel	20	pesmi	Integrali 26						emotion_disgust_per_1k
wikivir-000859::document::1	document	wikivir-000859	35	13	0.0	0.0	0.0	0.0	0.0	0.0	0.0	0.0	4.0	307.69230769230774	0.4444444444444444	0.0591111111111111	0.0	0.0	0.0	0.0	0.0	0.0	0.0	0.0	4.0	307.69230769230774	0.4444444444444444	0.1248888888888889	0.0	0.0	0.0	0.0	1.0	76.92307692307693	0.1111111111111111	0.0937777777777777	1.0	76.92307692307693	0.0	0.0	0.4169444444444444	0.2432777777777777	0.3457777777777778	1.0	9	4	0.6923076923076923	disgust	0.4444444444444444	wikivir.xml	859	Človek pred zrcalom	Srečko Kosovel	20	pesmi	Integrali 26						document	wikivir-000859	wikivir-000859.s000001|wikivir-000859.s000002|wikivir-000859.s000003|wikivir-000859.s000004|wikivir-000859.s000005|wikivir-000859.s000006|wikivir-000859.s000007|wikivir-000859.s000008|wikivir-000859.s000009|wikivir-000859.s000010|wikivir-000859.s000011	11	35	24	12	Sivi človek strmi v zrcalo in se gleda. Sivo zrcalo, sivi človek, sivo je vse. Ti. Jaz. Jaz, Ti. Laži - jaz. A resnice ni.	wikivir.xml	859	Človek pred zrcalom	Srečko Kosovel	20	pesmi	Integrali 26						emotion_disgust_per_1k
wikivir-019777::window::1	window	wikivir-019777	88	47	1.0	21.27659574468085	0.0416666666666666	0.0157647058823529	0.0	0.0	0.0	0.0	14.0	297.8723404255319	0.5833333333333334	0.2185882352941176	5.0	106.38297872340424	0.2083333333333333	0.1696176470588235	0.0	0.0	0.0	0.1357647058823529	4.0	85.1063829787234	0.1666666666666666	0.0992941176470588	0.0	0.0	0.0	0.0	0.0	0.0	0.0	0.1281176470588235	2.0	42.5531914893617	5.0	106.38297872340424	0.5260588235294118	0.5167867647058824	0.5113382352941176	-0.4285714285714285	34	13	0.723404255319149	disgust	0.5833333333333334	wikivir.xml	19777	Na pot	Karel Destovnik Kajuh	20	pesmi							window	wikivir-019777	wikivir-019777.s000001|wikivir-019777.s000002|wikivir-019777.s000003|wikivir-019777.s000004|wikivir-019777.s000005|wikivir-019777.s000006|wikivir-019777.s000007|wikivir-019777.s000008|wikivir-019777.s000009|wikivir-019777.s000010|wikivir-019777.s000011|wikivir-019777.s000012|wikivir-019777.s000013|wikivir-019777.s000014|wikivir-019777.s000015|wikivir-019777.s000016|wikivir-019777.s000017|wikivir-019777.s000018	18	88	88	47	Krenibratecna pot odrešenjaKreni po poti življenjaVaruj se poti trpljenjaVsegávsegá imašo bratecluči imaš za na potz njo osvetlil si pota boš svojaIn tème imaš za na potz njo skrival boš svoje slabostiNe straši se potio bratecvsakdoki je hodil po poti življenjaje našel življenjea srečal je mnogo trp	wikivir.xml	19777	Na pot	Karel Destovnik Kajuh	20	pesmi							emotion_disgust_per_1k
wikivir-019777::document::1	document	wikivir-019777	115	47	1.0	21.27659574468085	0.0416666666666666	0.0157647058823529	0.0	0.0	0.0	0.0	14.0	297.8723404255319	0.5833333333333334	0.2185882352941176	5.0	106.38297872340424	0.2083333333333333	0.1696176470588235	0.0	0.0	0.0	0.1357647058823529	4.0	85.1063829787234	0.1666666666666666	0.0992941176470588	0.0	0.0	0.0	0.0	0.0	0.0	0.0	0.1281176470588235	2.0	42.5531914893617	5.0	106.38297872340424	0.5260588235294118	0.5167867647058824	0.5113382352941176	-0.4285714285714285	34	13	0.723404255319149	disgust	0.5833333333333334	wikivir.xml	19777	Na pot	Karel Destovnik Kajuh	20	pesmi							document	wikivir-019777	wikivir-019777.s000001|wikivir-019777.s000002|wikivir-019777.s000003|wikivir-019777.s000004|wikivir-019777.s000005|wikivir-019777.s000006|wikivir-019777.s000007|wikivir-019777.s000008|wikivir-019777.s000009|wikivir-019777.s000010|wikivir-019777.s000011|wikivir-019777.s000012|wikivir-019777.s000013|wikivir-019777.s000014|wikivir-019777.s000015|wikivir-019777.s000016|wikivir-019777.s000017|wikivir-019777.s000018	18	115	88	47	Kreni, bratec, na pot odrešenja! Kreni po poti življenja! Varuj se poti trpljenja! Vsegá, vsegá imaš, o bratec, luči imaš za na pot, z njo osvetlil si pota boš svoja. In tème imaš za na pot, z njo skrival boš svoje slabosti. Ne straši se poti, o bratec, vsakdo, ki je hodil po poti življenja, je naše	wikivir.xml	19777	Na pot	Karel Destovnik Kajuh	20	pesmi							emotion_disgust_per_1k
wikivir-003368::window::1	window	wikivir-003368	34	22	2.0	90.9090909090909	0.1176470588235294	0.0	3.0	136.36363636363637	0.1764705882352941	0.0905833333333333	6.0	272.7272727272727	0.3529411764705882	0.0951666666666666	0.0	0.0	0.0	0.0	2.0	90.9090909090909	0.1176470588235294	0.0719166666666666	0.0	0.0	0.0	0.0	2.0	90.9090909090909	0.1176470588235294	0.013	2.0	90.9090909090909	0.1176470588235294	0.0676666666666666	2.0	90.9090909090909	4.0	181.8181818181818	0.5895	0.4136666666666667	0.4285	-0.3333333333333333	12	8	0.5454545454545454	disgust	0.3529411764705882	wikivir.xml	3368	Čudna so drevesa	Neža Maurer	20	pesmi							window	wikivir-003368	wikivir-003368.s000001|wikivir-003368.s000002|wikivir-003368.s000003|wikivir-003368.s000004|wikivir-003368.s000005|wikivir-003368.s000006|wikivir-003368.s000007|wikivir-003368.s000008	8	34	34	20	Čudnačudna so drevesavse nas zebe na jesenona slečejo kožuheko prihaja mraz ledenČudnačudna so drevesavsak na toplem zdaj je radona pa kar tam na bregu čakajo pomlad	wikivir.xml	3368	Čudna so drevesa	Neža Maurer	20	pesmi							emotion_disgust_per_1k
wikivir-003368::document::1	document	wikivir-003368	43	22	2.0	90.9090909090909	0.1176470588235294	0.0	3.0	136.36363636363637	0.1764705882352941	0.0905833333333333	6.0	272.7272727272727	0.3529411764705882	0.0951666666666666	0.0	0.0	0.0	0.0	2.0	90.9090909090909	0.1176470588235294	0.0719166666666666	0.0	0.0	0.0	0.0	2.0	90.9090909090909	0.1176470588235294	0.013	2.0	90.9090909090909	0.1176470588235294	0.0676666666666666	2.0	90.9090909090909	4.0	181.8181818181818	0.5895	0.4136666666666667	0.4285	-0.3333333333333333	12	8	0.5454545454545454	disgust	0.3529411764705882	wikivir.xml	3368	Čudna so drevesa	Neža Maurer	20	pesmi							document	wikivir-003368	wikivir-003368.s000001|wikivir-003368.s000002|wikivir-003368.s000003|wikivir-003368.s000004|wikivir-003368.s000005|wikivir-003368.s000006|wikivir-003368.s000007|wikivir-003368.s000008	8	43	34	20	Čudna, čudna so drevesa: vse nas zebe na jesen, ona slečejo kožuhe, ko prihaja mraz leden. Čudna, čudna so drevesa: vsak na toplem zdaj je rad, ona pa kar tam na bregu čakajo pomlad.	wikivir.xml	3368	Čudna so drevesa	Neža Maurer	20	pesmi							emotion_disgust_per_1k
wikivir-004045::window::1	window	wikivir-004045	79	26	0.0	0.0	0.0	0.0	1.0	38.46153846153847	0.0555555555555555	0.0348461538461538	7.0	269.2307692307692	0.3888888888888889	0.3679230769230769	0.0	0.0	0.0	0.0	1.0	38.46153846153847	0.0555555555555555	0.1202307692307692	6.0	230.7692307692308	0.3333333333333333	0.1284615384615384	1.0	38.46153846153847	0.0555555555555555	0.0234615384615384	2.0	76.92307692307693	0.1111111111111111	0.1616923076923077	3.0	115.3846153846154	6.0	230.7692307692308	0.4652435897435897	0.4850256410256411	0.4128974358974359	-0.3333333333333333	13	8	0.5	disgust	0.3888888888888889	wikivir.xml	4045	Bodi moj	Tanja Nežmah Dolinšek	21	pesmi	Angel brez kril						window	wikivir-004045	wikivir-004045.s000001|wikivir-004045.s000002|wikivir-004045.s000003|wikivir-004045.s000004|wikivir-004045.s000005|wikivir-004045.s000006|wikivir-004045.s000007|wikivir-004045.s000008|wikivir-004045.s000009|wikivir-004045.s000010|wikivir-004045.s000011|wikivir-004045.s000012|wikivir-004045.s000013	13	79	79	26	Ko bi smelaa ne smemle besedo ali dve izrečirekla bi tiljubim teKaj vse bi dala za en tvoj poljubdotikki bi me grelrazveselil srceKo bi smelaa ne smemsaj nisem tvojati ne mojbi ti reklaželim si teKaj vse bi dala za večnost tvojega pogleda čeprav vemda tvoja pot ni mojaKo bi smelaa ne smembi se odrek	wikivir.xml	4045	Bodi moj	Tanja Nežmah Dolinšek	21	pesmi	Angel brez kril						emotion_disgust_per_1k
wikivir-004045::document::1	document	wikivir-004045	100	26	0.0	0.0	0.0	0.0	1.0	38.46153846153847	0.0555555555555555	0.0348461538461538	7.0	269.2307692307692	0.3888888888888889	0.3679230769230769	0.0	0.0	0.0	0.0	1.0	38.46153846153847	0.0555555555555555	0.1202307692307692	6.0	230.7692307692308	0.3333333333333333	0.1284615384615384	1.0	38.46153846153847	0.0555555555555555	0.0234615384615384	2.0	76.92307692307693	0.1111111111111111	0.1616923076923077	3.0	115.3846153846154	6.0	230.7692307692308	0.4652435897435897	0.4850256410256411	0.4128974358974359	-0.3333333333333333	13	8	0.5	disgust	0.3888888888888889	wikivir.xml	4045	Bodi moj	Tanja Nežmah Dolinšek	21	pesmi	Angel brez kril						document	wikivir-004045	wikivir-004045.s000001|wikivir-004045.s000002|wikivir-004045.s000003|wikivir-004045.s000004|wikivir-004045.s000005|wikivir-004045.s000006|wikivir-004045.s000007|wikivir-004045.s000008|wikivir-004045.s000009|wikivir-004045.s000010|wikivir-004045.s000011|wikivir-004045.s000012|wikivir-004045.s000013	13	100	79	26	Ko bi smela, a ne smem, le besedo ali dve izreči, rekla bi ti: ljubim te. Kaj vse bi dala za en tvoj poljub, dotik, ki bi me grel, razveselil srce. Ko bi smela, a ne smem, saj nisem tvoja, ti ne moj, bi ti rekla: želim si te. Kaj vse bi dala za večnost tvojega pogleda čeprav vem, da tvoja pot ni moj	wikivir.xml	4045	Bodi moj	Tanja Nežmah Dolinšek	21	pesmi	Angel brez kril						emotion_disgust_per_1k
wikivir-001817::window::1	window	wikivir-001817	40	19	2.0	105.26315789473684	0.1	0.09375	1.0	52.63157894736842	0.05	0.0403333333333333	5.0	263.1578947368421	0.25	0.2826666666666667	2.0	105.26315789473684	0.1	0.0789166666666666	1.0	52.63157894736842	0.05	0.0454166666666666	5.0	263.1578947368421	0.25	0.1275	2.0	105.26315789473684	0.1	0.1198333333333333	2.0	105.26315789473684	0.1	0.11325	3.0	157.89473684210526	6.0	315.7894736842105	0.4319652777777777	0.5034375	0.4545416666666666	-0.3333333333333333	12	9	0.631578947368421	disgust	0.25	wikivir.xml	1817	Ti	Blaž Lukan		pesmi							window	wikivir-001817	wikivir-001817.s000001|wikivir-001817.s000002|wikivir-001817.s000003|wikivir-001817.s000004|wikivir-001817.s000005|wikivir-001817.s000006|wikivir-001817.s000007|wikivir-001817.s000008|wikivir-001817.s000009|wikivir-001817.s000010|wikivir-001817.s000011|wikivir-001817.s000012	12	40	40	19	TI Razumem teti si domovinaki je ne smem izdatiimeki ga ne smem zakričatispomino katerih moram molčatibogki ga ne smem objokovatistrahki se ga ne smem batimejaki jo morem spoštovati	wikivir.xml	1817	Ti	Blaž Lukan		pesmi							emotion_disgust_per_1k
wikivir-001817::document::1	document	wikivir-001817	53	19	2.0	105.26315789473684	0.1	0.09375	1.0	52.63157894736842	0.05	0.0403333333333333	5.0	263.1578947368421	0.25	0.2826666666666667	2.0	105.26315789473684	0.1	0.0789166666666666	1.0	52.63157894736842	0.05	0.0454166666666666	5.0	263.1578947368421	0.25	0.1275	2.0	105.26315789473684	0.1	0.1198333333333333	2.0	105.26315789473684	0.1	0.11325	3.0	157.89473684210526	6.0	315.7894736842105	0.4319652777777777	0.5034375	0.4545416666666666	-0.3333333333333333	12	9	0.631578947368421	disgust	0.25	wikivir.xml	1817	Ti	Blaž Lukan		pesmi							document	wikivir-001817	wikivir-001817.s000001|wikivir-001817.s000002|wikivir-001817.s000003|wikivir-001817.s000004|wikivir-001817.s000005|wikivir-001817.s000006|wikivir-001817.s000007|wikivir-001817.s000008|wikivir-001817.s000009|wikivir-001817.s000010|wikivir-001817.s000011|wikivir-001817.s000012	12	53	40	19	TI Razumem te: ti si domovina, ki je ne smem izdati, ime, ki ga ne smem zakričati, spomin, o katerih moram molčati, bog, ki ga ne smem objokovati, strah, ki se ga ne smem bati, meja, ki jo morem spoštovati.	wikivir.xml	1817	Ti	Blaž Lukan		pesmi							emotion_disgust_per_1k
wikivir-020727::document::1	document	wikivir-020727	45	20	5.0	250.0	0.1219512195121951	0.1594444444444444	7.0	350.0	0.1707317073170731	0.1417777777777777	5.0	250.0	0.1219512195121951	0.1822222222222222	7.0	350.0	0.1707317073170731	0.2923333333333333	2.0	100.0	0.048780487804878	0.0804444444444444	5.0	250.0	0.1219512195121951	0.2541666666666666	5.0	250.0	0.1219512195121951	0.1605555555555555	5.0	250.0	0.1219512195121951	0.1310555555555555	6.0	300.0	5.0	250.0	0.4581111111111111	0.4547574074074074	0.4968018518518519	0.0909090909090909	18	12	0.9	anticipation	0.1707317073170731	wikivir.xml	20727	(Ženska in smrt sta sestri )	Tomaž Šalamun	20	pesmi							document	wikivir-020727	wikivir-020727.s000001|wikivir-020727.s000002|wikivir-020727.s000003|wikivir-020727.s000004|wikivir-020727.s000005|wikivir-020727.s000006|wikivir-020727.s000007|wikivir-020727.s000008|wikivir-020727.s000009|wikivir-020727.s000010	10	45	31	20	Ženska in smrt sta sestri. Mati in smrt — sestri. Moški in smrt — brata. Oče in smrt — brata. Človek in smrt, dva velikana, dve svetleči krogli, dva ljubimca. Jaz — beli drevored — oba.	wikivir.xml	20727	(Ženska in smrt sta sestri )	Tomaž Šalamun	20	pesmi							emotion_disgust_per_1k
wikivir-014441::window::1	window	wikivir-014441	19	8	1.0	125.0	0.2	0.1363333333333333	0.0	0.0	0.0	0.0	2.0	250.0	0.4	0.1875	1.0	125.0	0.2	0.1353333333333333	0.0	0.0	0.0	0.0313333333333333	1.0	125.0	0.2	0.1068333333333333	0.0	0.0	0.0	0.0	0.0	0.0	0.0	0.0806666666666666	0.0	0.0	1.0	125.0	0.4504444444444445	0.5323333333333333	0.4597777777777778	-1.0	6	6	0.75	disgust	0.4	wikivir.xml	14441	Scherzo	Ljudmila Prunk	20	pesmi			1923.0				window	wikivir-014441	wikivir-014441.s000001|wikivir-014441.s000002|wikivir-014441.s000003|wikivir-014441.s000004|wikivir-014441.s000005|wikivir-014441.s000006|wikivir-014441.s000007	7	19	19	8	Njegove oči dva čmrljako vanjo sta se ozrlaA njenaStrupena sršenaŠel Amor je s poti obema	wikivir.xml	14441	Scherzo	Ljudmila Prunk	20	pesmi			1923.0				emotion_disgust_per_1k
wikivir-014441::document::1	document	wikivir-014441	25	8	1.0	125.0	0.2	0.1363333333333333	0.0	0.0	0.0	0.0	2.0	250.0	0.4	0.1875	1.0	125.0	0.2	0.1353333333333333	0.0	0.0	0.0	0.0313333333333333	1.0	125.0	0.2	0.1068333333333333	0.0	0.0	0.0	0.0	0.0	0.0	0.0	0.0806666666666666	0.0	0.0	1.0	125.0	0.4504444444444445	0.5323333333333333	0.4597777777777778	-1.0	6	6	0.75	disgust	0.4	wikivir.xml	14441	Scherzo	Ljudmila Prunk	20	pesmi			1923.0				document	wikivir-014441	wikivir-014441.s000001|wikivir-014441.s000002|wikivir-014441.s000003|wikivir-014441.s000004|wikivir-014441.s000005|wikivir-014441.s000006|wikivir-014441.s000007	7	25	19	8	Njegove oči — dva čmrlja, ko vanjo sta se ozrla. A njena? Strupena sršena. Šel Amor je s poti obema.	wikivir.xml	14441	Scherzo	Ljudmila Prunk	20	pesmi			1923.0				emotion_disgust_per_1k
wikivir-020727::window::1	window	wikivir-020727	31	20	5.0	250.0	0.1219512195121951	0.1594444444444444	7.0	350.0	0.1707317073170731	0.1417777777777777	5.0	250.0	0.1219512195121951	0.1822222222222222	7.0	350.0	0.1707317073170731	0.2923333333333333	2.0	100.0	0.048780487804878	0.0804444444444444	5.0	250.0	0.1219512195121951	0.2541666666666666	5.0	250.0	0.1219512195121951	0.1605555555555555	5.0	250.0	0.1219512195121951	0.1310555555555555	6.0	300.0	5.0	250.0	0.4581111111111111	0.4547574074074074	0.4968018518518519	0.0909090909090909	18	12	0.9	anticipation	0.1707317073170731	wikivir.xml	20727	(Ženska in smrt sta sestri )	Tomaž Šalamun	20	pesmi							window	wikivir-020727	wikivir-020727.s000001|wikivir-020727.s000002|wikivir-020727.s000003|wikivir-020727.s000004|wikivir-020727.s000005|wikivir-020727.s000006|wikivir-020727.s000007|wikivir-020727.s000008|wikivir-020727.s000009|wikivir-020727.s000010	10	31	31	20	Ženska in smrt sta sestriMati in smrt sestriMoški in smrt brataOče in smrt brataČlovek in smrtdva velikanadve svetleči kroglidva ljubimcaJaz beli drevored oba	wikivir.xml	20727	(Ženska in smrt sta sestri )	Tomaž Šalamun	20	pesmi							emotion_disgust_per_1k
wikivir-001716::document::1	document	wikivir-001716	27	8	0.0	0.0	0.0	0.0	0.0	0.0	0.0	0.0	2.0	250.0	0.4	0.1248	1.0	125.0	0.2	0.1656	0.0	0.0	0.0	0.0	0.0	0.0	0.0	0.0	0.0	0.0	0.0	0.0	2.0	250.0	0.4	0.172	2.0	250.0	3.0	375.0	0.3226	0.4032	0.415	-0.2	5	3	0.625	disgust	0.4	wikivir.xml	1716	Štejem	Neža Maurer		pesmi							document	wikivir-001716	wikivir-001716.s000001|wikivir-001716.s000002|wikivir-001716.s000003|wikivir-001716.s000004|wikivir-001716.s000005|wikivir-001716.s000006	6	27	19	8	Prste štejem: dva, šest, tri. Ne preštejem. Niso vsi. Saj kdor hoče prste šteti, mora pet in pet zadeti.	wikivir.xml	1716	Štejem	Neža Maurer		pesmi							emotion_disgust_per_1k
wikivir-000875::document::1	document	wikivir-000875	74	24	2.0	83.33333333333333	0.1538461538461538	0.1107272727272727	1.0	41.66666666666666	0.0769230769230769	0.0426363636363636	6.0	250.0	0.4615384615384615	0.2330909090909091	0.0	0.0	0.0	0.0	1.0	41.66666666666666	0.0769230769230769	0.0710909090909091	2.0	83.33333333333333	0.1538461538461538	0.1136363636363636	0.0	0.0	0.0	0.0	1.0	41.66666666666666	0.0769230769230769	0.1235454545454545	1.0	41.66666666666666	4.0	166.66666666666666	0.534060606060606	0.485060606060606	0.4802727272727273	-0.6	11	8	0.4583333333333333	disgust	0.4615384615384615	wikivir.xml	875	Velika je pot	Srečko Kosovel	20	pesmi	Integrali 26						document	wikivir-000875	wikivir-000875.s000001|wikivir-000875.s000002|wikivir-000875.s000003|wikivir-000875.s000004|wikivir-000875.s000005|wikivir-000875.s000006|wikivir-000875.s000007|wikivir-000875.s000008|wikivir-000875.s000009|wikivir-000875.s000010|wikivir-000875.s000011|wikivir-000875.s000012|wikivir-000875.s000013|wikivir-000875.s000014	14	74	59	22	Velika je pot med tem, kar Sem in kar sem, kar Je in kar je. — O, čudne so moje poti. — Jaz sem legitimacija za trikratno jed na dan; njen prepis je ves pretkan z rdečimi črkami, črtami, ko da so zvezde obžgale jo. In vendar je svetal moj Smeh. In je grenak, grenak moj smeh. Čudna je ta konstelacija	wikivir.xml	875	Velika je pot	Srečko Kosovel	20	pesmi	Integrali 26						emotion_disgust_per_1k
wikivir-000875::window::1	window	wikivir-000875	59	24	2.0	83.33333333333333	0.1538461538461538	0.1107272727272727	1.0	41.66666666666666	0.0769230769230769	0.0426363636363636	6.0	250.0	0.4615384615384615	0.2330909090909091	0.0	0.0	0.0	0.0	1.0	41.66666666666666	0.0769230769230769	0.0710909090909091	2.0	83.33333333333333	0.1538461538461538	0.1136363636363636	0.0	0.0	0.0	0.0	1.0	41.66666666666666	0.0769230769230769	0.1235454545454545	1.0	41.66666666666666	4.0	166.66666666666666	0.534060606060606	0.485060606060606	0.4802727272727273	-0.6	11	8	0.4583333333333333	disgust	0.4615384615384615	wikivir.xml	875	Velika je pot	Srečko Kosovel	20	pesmi	Integrali 26						window	wikivir-000875	wikivir-000875.s000001|wikivir-000875.s000002|wikivir-000875.s000003|wikivir-000875.s000005|wikivir-000875.s000007|wikivir-000875.s000008|wikivir-000875.s000009|wikivir-000875.s000010|wikivir-000875.s000011|wikivir-000875.s000012|wikivir-000875.s000013|wikivir-000875.s000014	12	59	59	22	Velika je pot med temkar Sem in kar semkar Je in kar jeOčudne so moje potiJaz sem legitimacija za trikratno jed na dannjen prepis je ves pretkan z rdečimi črkamičrtamiko da so zvezde obžgale joIn vendar je svetal moj SmehIn je grenakgrenak moj smehČudna je ta konstelacija	wikivir.xml	875	Velika je pot	Srečko Kosovel	20	pesmi	Integrali 26						emotion_disgust_per_1k
wikivir-001716::window::1	window	wikivir-001716	19	8	0.0	0.0	0.0	0.0	0.0	0.0	0.0	0.0	2.0	250.0	0.4	0.1248	1.0	125.0	0.2	0.1656	0.0	0.0	0.0	0.0	0.0	0.0	0.0	0.0	0.0	0.0	0.0	0.0	2.0	250.0	0.4	0.172	2.0	250.0	3.0	375.0	0.3226	0.4032	0.415	-0.2	5	3	0.625	disgust	0.4	wikivir.xml	1716	Štejem	Neža Maurer		pesmi							window	wikivir-001716	wikivir-001716.s000001|wikivir-001716.s000002|wikivir-001716.s000003|wikivir-001716.s000004|wikivir-001716.s000005|wikivir-001716.s000006	6	19	19	8	Prste štejemdvašesttriNe preštejemNiso vsiSaj kdor hoče prste štetimora pet in pet zadeti	wikivir.xml	1716	Štejem	Neža Maurer		pesmi							emotion_disgust_per_1k
wikivir-004905::document::1	document	wikivir-004905	54	21	1.0	47.61904761904761	0.0769230769230769	0.0446363636363636	1.0	47.61904761904761	0.0769230769230769	0.0454545454545454	5.0	238.09523809523807	0.3846153846153846	0.206	1.0	47.61904761904761	0.0769230769230769	0.1053636363636363	2.0	95.23809523809524	0.1538461538461538	0.185	1.0	47.61904761904761	0.0769230769230769	0.0625454545454545	2.0	95.23809523809524	0.1538461538461538	0.0582727272727272	0.0	0.0	0.0	0.132	2.0	95.23809523809524	2.0	95.23809523809524	0.5288939393939395	0.4689545454545454	0.4721969696969697	0.0	11	8	0.5238095238095238	disgust	0.3846153846153846	wikivir.xml	4905	Poti	Blaž Lukan	20	pesmi	V tihem teku						document	wikivir-004905	wikivir-004905.s000001|wikivir-004905.s000002|wikivir-004905.s000003|wikivir-004905.s000004|wikivir-004905.s000005|wikivir-004905.s000006|wikivir-004905.s000007|wikivir-004905.s000008|wikivir-004905.s000009|wikivir-004905.s000010|wikivir-004905.s000011|wikivir-004905.s000012	12	54	46	21	POTI Nekdo hodi nazaj, nekdo se je nad nas vzpel kot sončni zahod, nekdo se je odprl na sever, nekoga ima v na rokah norost, nekdo ima v rokah svojo mladost. Nekoga neso na zadnjo pot, nekdo odhaja na srečno pot, nekomu smo le še napoti.	wikivir.xml	4905	Poti	Blaž Lukan	20	pesmi	V tihem teku						emotion_disgust_per_1k
wikivir-004905::window::1	window	wikivir-004905	46	21	1.0	47.61904761904761	0.0769230769230769	0.0446363636363636	1.0	47.61904761904761	0.0769230769230769	0.0454545454545454	5.0	238.09523809523807	0.3846153846153846	0.206	1.0	47.61904761904761	0.0769230769230769	0.1053636363636363	2.0	95.23809523809524	0.1538461538461538	0.185	1.0	47.61904761904761	0.0769230769230769	0.0625454545454545	2.0	95.23809523809524	0.1538461538461538	0.0582727272727272	0.0	0.0	0.0	0.132	2.0	95.23809523809524	2.0	95.23809523809524	0.5288939393939395	0.4689545454545454	0.4721969696969697	0.0	11	8	0.5238095238095238	disgust	0.3846153846153846	wikivir.xml	4905	Poti	Blaž Lukan	20	pesmi	V tihem teku						window	wikivir-004905	wikivir-004905.s000001|wikivir-004905.s000002|wikivir-004905.s000003|wikivir-004905.s000004|wikivir-004905.s000005|wikivir-004905.s000006|wikivir-004905.s000007|wikivir-004905.s000008|wikivir-004905.s000009|wikivir-004905.s000010|wikivir-004905.s000011|wikivir-004905.s000012	12	46	46	21	POTI Nekdo hodi nazajnekdo se je nad nas vzpel kot sončni zahodnekdo se je odprl na severnekoga ima v na rokah norostnekdo ima v rokah svojo mladostNekoga neso na zadnjo potnekdo odhaja na srečno potnekomu smo le še napoti	wikivir.xml	4905	Poti	Blaž Lukan	20	pesmi	V tihem teku						emotion_disgust_per_1k
wikivir-021147::document::1	document	wikivir-021147	40	17	0.0	0.0	0.0	0.0	0.0	0.0	0.0	0.0	4.0	235.2941176470588	0.8	0.1704	0.0	0.0	0.0	0.0	0.0	0.0	0.0	0.0564	1.0	58.8235294117647	0.2	0.0273	0.0	0.0	0.0	0.0	0.0	0.0	0.0	0.1452	0.0	0.0	2.0	117.6470588235294	0.4798	0.44505	0.4955	-1.0	10	8	0.5882352941176471	disgust	0.8	wikivir.xml	21147	Matevžu za 4 leta	Miran Hladnik		pesmi							document	wikivir-021147	wikivir-021147.s000001|wikivir-021147.s000002|wikivir-021147.s000003|wikivir-021147.s000004|wikivir-021147.s000005|wikivir-021147.s000006|wikivir-021147.s000007	7	40	33	17	Pri štirih je, Matevž, prerano odločati se o svoji poti, neštetokrat se človek zmoti, dokler ne vdane pot dognano. Prav nič nikogar ne skrbi, da pravo pot izbereš si. Nazaj na Hladnikove grafomanije	wikivir.xml	21147	Matevžu za 4 leta	Miran Hladnik		pesmi							emotion_disgust_per_1k
wikivir-021147::window::1	window	wikivir-021147	33	17	0.0	0.0	0.0	0.0	0.0	0.0	0.0	0.0	4.0	235.2941176470588	0.8	0.1704	0.0	0.0	0.0	0.0	0.0	0.0	0.0	0.0564	1.0	58.8235294117647	0.2	0.0273	0.0	0.0	0.0	0.0	0.0	0.0	0.0	0.1452	0.0	0.0	2.0	117.6470588235294	0.4798	0.44505	0.4955	-1.0	10	8	0.5882352941176471	disgust	0.8	wikivir.xml	21147	Matevžu za 4 leta	Miran Hladnik		pesmi							window	wikivir-021147	wikivir-021147.s000001|wikivir-021147.s000002|wikivir-021147.s000003|wikivir-021147.s000004|wikivir-021147.s000005|wikivir-021147.s000006|wikivir-021147.s000007	7	33	33	17	Pri štirih jeMatevžprerano odločati se o svoji potineštetokrat se človek zmotidokler ne vdane pot dognanoPrav nič nikogar ne skrbida pravo pot izbereš siNazaj na Hladnikove grafomanije	wikivir.xml	21147	Matevžu za 4 leta	Miran Hladnik		pesmi							emotion_disgust_per_1k
wikivir-003656::document::1	document	wikivir-003656	79	30	0.0	0.0	0.0	0.0	0.0	0.0	0.0	0.0	7.0	233.33333333333331	0.7	0.1912	0.0	0.0	0.0	0.0	0.0	0.0	0.0	0.0	2.0	66.66666666666667	0.2	0.0312	1.0	33.333333333333336	0.1	0.0114666666666666	0.0	0.0	0.0	0.0	0.0	0.0	6.0	200.0	0.5095	0.3830555555555556	0.3505	-1.0	15	11	0.5	disgust	0.7	wikivir.xml	3656	Sesalec nima nosu	Neža Maurer	20	pesmi							document	wikivir-003656	wikivir-003656.s000001|wikivir-003656.s000002|wikivir-003656.s000003|wikivir-003656.s000004|wikivir-003656.s000005|wikivir-003656.s000006|wikivir-003656.s000007|wikivir-003656.s000008|wikivir-003656.s000009|wikivir-003656.s000010|wikivir-003656.s000011|wikivir-003656.s000012|wikivir-003656.s000013|wikivir-003656.s000014|wikivir-003656.s000015|wikivir-003656.s000016|wikivir-003656.s000017|wikivir-003656.s000018|wikivir-003656.s000019	19	79	61	30	Sesalec ni moj palec, ni moja roka – vendar vse najde, pobere, še prah spravi vase. Mogoče ima 20 rok, 100 prstov in čudna usta, ki požirajo smeti, pa nič ne kašljajo. Že vem! Sesalec nima nosu. Ničesar ne zavoha. Dobesedno – poriniti ga moraš v vsak kot, med smeti. Dobro je, da nima nosu, vsaj ne k	wikivir.xml	3656	Sesalec nima nosu	Neža Maurer	20	pesmi							emotion_disgust_per_1k
wikivir-003656::window::1	window	wikivir-003656	61	30	0.0	0.0	0.0	0.0	0.0	0.0	0.0	0.0	7.0	233.33333333333331	0.7	0.1912	0.0	0.0	0.0	0.0	0.0	0.0	0.0	0.0	2.0	66.66666666666667	0.2	0.0312	1.0	33.333333333333336	0.1	0.0114666666666666	0.0	0.0	0.0	0.0	0.0	0.0	6.0	200.0	0.5095	0.3830555555555556	0.3505	-1.0	15	11	0.5	disgust	0.7	wikivir.xml	3656	Sesalec nima nosu	Neža Maurer	20	pesmi							window	wikivir-003656	wikivir-003656.s000001|wikivir-003656.s000002|wikivir-003656.s000003|wikivir-003656.s000004|wikivir-003656.s000005|wikivir-003656.s000006|wikivir-003656.s000007|wikivir-003656.s000008|wikivir-003656.s000009|wikivir-003656.s000010|wikivir-003656.s000011|wikivir-003656.s000012|wikivir-003656.s000013|wikivir-003656.s000014|wikivir-003656.s000015|wikivir-003656.s000016|wikivir-003656.s000017|wikivir-003656.s000018|wikivir-003656.s000019	19	61	61	30	Sesalec ni moj palecni moja roka vendar vse najdepobereše prah spravi vaseMogoče ima 20 rok100 prstov in čudna ustaki požirajo smetipa nič ne kašljajoŽe vemSesalec nima nosuNičesar ne zavohaDobesedno poriniti ga moraš v vsak kotmed smetiDobro jeda nima nosuvsaj ne kiha in nič mu ne smrdi	wikivir.xml	3656	Sesalec nima nosu	Neža Maurer	20	pesmi							emotion_disgust_per_1k
wikivir-015015::document::1	document	wikivir-015015	28	9	2.0	222.2222222222222	0.2	0.051125	0.0	0.0	0.0	0.0	2.0	222.2222222222222	0.2	0.09575	2.0	222.2222222222222	0.2	0.09525	0.0	0.0	0.0	0.064375	3.0	333.3333333333333	0.3	0.1952499999999999	0.0	0.0	0.0	0.0	1.0	111.1111111111111	0.1	0.082	1.0	111.1111111111111	4.0	444.4444444444444	0.518203125	0.4265208333333333	0.4330989583333333	-0.6	8	7	0.8888888888888888	sadness	0.3	wikivir.xml	15015	Utrinek (Lojze Grozde, 2)	Lojze Grozde	20	pesmi							document	wikivir-015015	wikivir-015015.s000001|wikivir-015015.s000002|wikivir-015015.s000003|wikivir-015015.s000004	4	28	22	9	Luči sem prosil prejšnje dni, a zdaj Te je ne prosim več, preveč je je, Gospod, preveč, in bolne so moje oči.	wikivir.xml	15015	Utrinek (Lojze Grozde, 2)	Lojze Grozde	20	pesmi							emotion_disgust_per_1k
wikivir-015015::window::1	window	wikivir-015015	22	9	2.0	222.2222222222222	0.2	0.051125	0.0	0.0	0.0	0.0	2.0	222.2222222222222	0.2	0.09575	2.0	222.2222222222222	0.2	0.09525	0.0	0.0	0.0	0.064375	3.0	333.3333333333333	0.3	0.1952499999999999	0.0	0.0	0.0	0.0	1.0	111.1111111111111	0.1	0.082	1.0	111.1111111111111	4.0	444.4444444444444	0.518203125	0.4265208333333333	0.4330989583333333	-0.6	8	7	0.8888888888888888	sadness	0.3	wikivir.xml	15015	Utrinek (Lojze Grozde, 2)	Lojze Grozde	20	pesmi							window	wikivir-015015	wikivir-015015.s000001|wikivir-015015.s000002|wikivir-015015.s000003|wikivir-015015.s000004	4	22	22	9	Luči sem prosil prejšnje dnia zdaj Te je ne prosim večpreveč je jeGospodprevečin bolne so moje oči	wikivir.xml	15015	Utrinek (Lojze Grozde, 2)	Lojze Grozde	20	pesmi							emotion_disgust_per_1k
wikivir-004373::document::1	document	wikivir-004373	241	98	2.0	20.40816326530612	0.05	0.0159999999999999	3.0	30.612244897959183	0.075	0.0073928571428571	21.0	214.28571428571428	0.525	0.2016607142857142	1.0	10.20408163265306	0.025	0.0136785714285714	4.0	40.81632653061224	0.1	0.0262678571428571	5.0	51.02040816326531	0.125	0.0375	1.0	10.20408163265306	0.025	0.009625	3.0	30.612244897959183	0.075	0.0065535714285714	4.0	40.81632653061224	21.0	214.28571428571428	0.4817261904761905	0.2887910714285714	0.3418321428571428	-0.68	56	34	0.5714285714285714	disgust	0.525	wikivir.xml	4373	Sosed gora/Plesen	Svetlana Makarovič	20	pesmi	Sosed gora						document	wikivir-004373	wikivir-004373.s000001|wikivir-004373.s000002|wikivir-004373.s000003|wikivir-004373.s000004|wikivir-004373.s000005|wikivir-004373.s000006|wikivir-004373.s000007|wikivir-004373.s000008|wikivir-004373.s000009|wikivir-004373.s000010|wikivir-004373.s000011|wikivir-004373.s000012|wikivir-004373.s000013|wikivir-004373.s000014|wikivir-004373.s000015|wikivir-004373.s000016|wikivir-004373.s000017|wikivir-004373.s000018|wikivir-004373.s000019|wikivir-004373.s000020	50	241	190	94	Plesen Hlebec kruha belega je predolgo čakal nate. Kaj se v mraku lesketa s sijem motnega srebra – je to plesen? To je plesen. Tisto v kotu, tisto belo – to ni ona. Nje več ni. Ona je takrat umrla, ko je vzela kruh iz peči – je to plesen? To je plesen. Hiša se je okrasila s kapo sivega snega, sive v	wikivir.xml	4373	Sosed gora/Plesen	Svetlana Makarovič	20	pesmi	Sosed gora						emotion_disgust_per_1k
wikivir-000066::document::1	document	wikivir-000066	45	14	0.0	0.0	0.0	0.0	0.0	0.0	0.0	0.0	3.0	214.28571428571428	1.0	0.3075	0.0	0.0	0.0	0.0	0.0	0.0	0.0	0.10025	0.0	0.0	0.0	0.0	0.0	0.0	0.0	0.0	0.0	0.0	0.0	0.0	0.0	0.0	3.0	214.28571428571428	0.5654375	0.40825	0.4434375	-1.0	8	3	0.5714285714285714	disgust	1.0	wikivir.xml	66	Kons. 5	Srečko Kosovel		pesmi	Integrali 26						document	wikivir-000066	wikivir-000066.s000001|wikivir-000066.s000002|wikivir-000066.s000003|wikivir-000066.s000004|wikivir-000066.s000005|wikivir-000066.s000006|wikivir-000066.s000007|wikivir-000066.s000008|wikivir-000066.s000009|wikivir-000066.s000010|wikivir-000066.s000011|wikivir-000066.s000012	12	45	29	12	Gnoj je zlato in zlato je gnoj. Oboje = 0 0 = ∞ ∞ = 0 A B < 1, 2, 3. Kdor nima duše, ne potrebuje zlata, kdor ima dušo, ne potrebuje gnoja. I, A.	wikivir.xml	66	Kons. 5	Srečko Kosovel		pesmi	Integrali 26						emotion_disgust_per_1k
wikivir-004373::window::1	window	wikivir-004373	190	98	2.0	20.40816326530612	0.05	0.0159999999999999	3.0	30.612244897959183	0.075	0.0073928571428571	21.0	214.28571428571428	0.525	0.2016607142857142	1.0	10.20408163265306	0.025	0.0136785714285714	4.0	40.81632653061224	0.1	0.0262678571428571	5.0	51.02040816326531	0.125	0.0375	1.0	10.20408163265306	0.025	0.009625	3.0	30.612244897959183	0.075	0.0065535714285714	4.0	40.81632653061224	21.0	214.28571428571428	0.4817261904761905	0.2887910714285714	0.3418321428571428	-0.68	56	34	0.5714285714285714	disgust	0.525	wikivir.xml	4373	Sosed gora/Plesen	Svetlana Makarovič	20	pesmi	Sosed gora						window	wikivir-004373	wikivir-004373.s000001|wikivir-004373.s000002|wikivir-004373.s000003|wikivir-004373.s000004|wikivir-004373.s000005|wikivir-004373.s000006|wikivir-004373.s000007|wikivir-004373.s000008|wikivir-004373.s000009|wikivir-004373.s000010|wikivir-004373.s000011|wikivir-004373.s000012|wikivir-004373.s000013|wikivir-004373.s000014|wikivir-004373.s000015|wikivir-004373.s000016|wikivir-004373.s000017|wikivir-004373.s000018|wikivir-004373.s000019|wikivir-004373.s000020	50	190	190	94	Plesen Hlebec kruha belega je predolgo čakal nateKaj se v mraku lesketa s sijem motnega srebra je to plesenTo je plesenTisto v kotutisto belo to ni onaNje več niOna je takrat umrlako je vzela kruh iz peči je to plesenTo je plesenHiša se je okrasila s kapo sivega snegasive vejice brstijo iz žleboviz 	wikivir.xml	4373	Sosed gora/Plesen	Svetlana Makarovič	20	pesmi	Sosed gora						emotion_disgust_per_1k
wikivir-000066::window::1	window	wikivir-000066	29	14	0.0	0.0	0.0	0.0	0.0	0.0	0.0	0.0	3.0	214.28571428571428	1.0	0.3075	0.0	0.0	0.0	0.0	0.0	0.0	0.0	0.10025	0.0	0.0	0.0	0.0	0.0	0.0	0.0	0.0	0.0	0.0	0.0	0.0	0.0	0.0	3.0	214.28571428571428	0.5654375	0.40825	0.4434375	-1.0	8	3	0.5714285714285714	disgust	1.0	wikivir.xml	66	Kons. 5	Srečko Kosovel		pesmi	Integrali 26						window	wikivir-000066	wikivir-000066.s000001|wikivir-000066.s000002|wikivir-000066.s000003|wikivir-000066.s000004|wikivir-000066.s000005|wikivir-000066.s000006|wikivir-000066.s000007|wikivir-000066.s000008|wikivir-000066.s000009|wikivir-000066.s000010|wikivir-000066.s000011|wikivir-000066.s000012	12	29	29	12	Gnoj je zlato in zlato je gnojOboje 0 0 0 A B 123Kdor nima dušene potrebuje zlatakdor ima dušone potrebuje gnojaI	wikivir.xml	66	Kons. 5	Srečko Kosovel		pesmi	Integrali 26						emotion_disgust_per_1k
wikivir-001712::window::1	window	wikivir-001712	25	19	0.0	0.0	0.0	0.0	3.0	157.89473684210526	0.1578947368421052	0.0761666666666666	4.0	210.52631578947367	0.2105263157894736	0.0443333333333333	0.0	0.0	0.0	0.0221666666666666	3.0	157.89473684210526	0.1578947368421052	0.0499166666666666	4.0	210.52631578947367	0.2105263157894736	0.0936666666666666	2.0	105.26315789473684	0.1052631578947368	0.0319166666666666	3.0	157.89473684210526	0.1578947368421052	0.07425	4.0	210.52631578947367	0.0	0.0	0.5139166666666666	0.2496666666666667	0.3719791666666667	1.0	12	9	0.631578947368421	disgust	0.2105263157894736	wikivir.xml	1712	Siva zora	Neža Maurer		pesmi							window	wikivir-001712	wikivir-001712.s000001|wikivir-001712.s000002|wikivir-001712.s000003|wikivir-001712.s000004|wikivir-001712.s000005|wikivir-001712.s000006|wikivir-001712.s000007|wikivir-001712.s000008|wikivir-001712.s000009|wikivir-001712.s000010|wikivir-001712.s000011	11	25	25	19	V sivi zori čisto sivi vstajamoSive plaščesive kape si oblačimoKo pa pride zlato soncese zasmejemo rdeča krilcabele srajčke se zasvetijo	wikivir.xml	1712	Siva zora	Neža Maurer		pesmi							emotion_disgust_per_1k
wikivir-001712::document::1	document	wikivir-001712	32	19	0.0	0.0	0.0	0.0	3.0	157.89473684210526	0.1578947368421052	0.0761666666666666	4.0	210.52631578947367	0.2105263157894736	0.0443333333333333	0.0	0.0	0.0	0.0221666666666666	3.0	157.89473684210526	0.1578947368421052	0.0499166666666666	4.0	210.52631578947367	0.2105263157894736	0.0936666666666666	2.0	105.26315789473684	0.1052631578947368	0.0319166666666666	3.0	157.89473684210526	0.1578947368421052	0.07425	4.0	210.52631578947367	0.0	0.0	0.5139166666666666	0.2496666666666667	0.3719791666666667	1.0	12	9	0.631578947368421	disgust	0.2105263157894736	wikivir.xml	1712	Siva zora	Neža Maurer		pesmi							document	wikivir-001712	wikivir-001712.s000001|wikivir-001712.s000002|wikivir-001712.s000003|wikivir-001712.s000004|wikivir-001712.s000005|wikivir-001712.s000006|wikivir-001712.s000007|wikivir-001712.s000008|wikivir-001712.s000009|wikivir-001712.s000010|wikivir-001712.s000011	11	32	25	19	V sivi zori čisto sivi vstajamo. Sive plašče, sive kape si oblačimo. Ko pa pride zlato sonce, se zasmejemo - rdeča krilca, bele srajčke se zasvetijo.	wikivir.xml	1712	Siva zora	Neža Maurer		pesmi							emotion_disgust_per_1k
wikivir-004161::document::1	document	wikivir-004161	43	25	0.0	0.0	0.0	0.0	5.0	200.0	0.3333333333333333	0.1103125	5.0	200.0	0.3333333333333333	0.0835625	0.0	0.0	0.0	0.0	1.0	40.0	0.0666666666666666	0.1035625	3.0	120.0	0.2	0.062875	0.0	0.0	0.0	0.0	1.0	40.0	0.0666666666666666	0.0605	1.0	40.0	0.0	0.0	0.4937395833333333	0.32646875	0.3806145833333333	1.0	16	10	0.64	anticipation	0.3333333333333333	wikivir.xml	4161	Jesen (Srečko Kosovel, 1)	Srečko Kosovel	20	pesmi							document	wikivir-004161	wikivir-004161.s000001|wikivir-004161.s000002|wikivir-004161.s000003|wikivir-004161.s000004|wikivir-004161.s000005|wikivir-004161.s000006|wikivir-004161.s000007|wikivir-004161.s000008|wikivir-004161.s000009	9	43	32	25	Droben dež rosi, bele so kraške poti, sivo je zgodnje jutro. Bor, bor ne šumi. Kam ta pot hiti? Sivo je zgodnje jutro. Brinjevka se prebudi, vztrepeta, vzleti. Sivo je zgodnje jutro.	wikivir.xml	4161	Jesen (Srečko Kosovel, 1)	Srečko Kosovel	20	pesmi							emotion_disgust_per_1k
wikivir-004161::window::1	window	wikivir-004161	32	25	0.0	0.0	0.0	0.0	5.0	200.0	0.3333333333333333	0.1103125	5.0	200.0	0.3333333333333333	0.0835625	0.0	0.0	0.0	0.0	1.0	40.0	0.0666666666666666	0.1035625	3.0	120.0	0.2	0.062875	0.0	0.0	0.0	0.0	1.0	40.0	0.0666666666666666	0.0605	1.0	40.0	0.0	0.0	0.4937395833333333	0.32646875	0.3806145833333333	1.0	16	10	0.64	anticipation	0.3333333333333333	wikivir.xml	4161	Jesen (Srečko Kosovel, 1)	Srečko Kosovel	20	pesmi							window	wikivir-004161	wikivir-004161.s000001|wikivir-004161.s000002|wikivir-004161.s000003|wikivir-004161.s000004|wikivir-004161.s000005|wikivir-004161.s000006|wikivir-004161.s000007|wikivir-004161.s000008|wikivir-004161.s000009	9	32	32	25	Droben dež rosibele so kraške potisivo je zgodnje jutroBorbor ne šumiKam ta pot hitiSivo je zgodnje jutroBrinjevka se prebudivztrepetavzletiSivo je zgodnje jutro	wikivir.xml	4161	Jesen (Srečko Kosovel, 1)	Srečko Kosovel	20	pesmi							emotion_disgust_per_1k
wikivir-011140::document::1	document	wikivir-011140	24	15	2.0	133.33333333333334	0.2	0.0706666666666666	0.0	0.0	0.0	0.0	3.0	200.0	0.3	0.2226666666666666	3.0	200.0	0.3	0.3533333333333333	0.0	0.0	0.0	0.0	2.0	133.33333333333334	0.2	0.1203333333333333	0.0	0.0	0.0	0.0	0.0	0.0	0.0	0.0	0.0	0.0	3.0	200.0	0.4410833333333333	0.5708333333333334	0.6266666666666666	-1.0	6	5	0.4	disgust	0.3	wikivir.xml	11140	Kača rotena, gad prost		19	pesmi							document	wikivir-011140	wikivir-011140.s000001|wikivir-011140.s000002|wikivir-011140.s000003|wikivir-011140.s000004|wikivir-011140.s000005|wikivir-011140.s000006	6	24	17	15	4. KAZHA ROTENA, GAD PRO˛ST. Bìt kashejo kazhi, Rotíjo povſod, Gad v’ shameti pazhi Proſt ſlabeji rod.	wikivir.xml	11140	Kača rotena, gad prost		19	pesmi							emotion_disgust_per_1k
wikivir-011140::window::1	window	wikivir-011140	17	15	2.0	133.33333333333334	0.2	0.0706666666666666	0.0	0.0	0.0	0.0	3.0	200.0	0.3	0.2226666666666666	3.0	200.0	0.3	0.3533333333333333	0.0	0.0	0.0	0.0	2.0	133.33333333333334	0.2	0.1203333333333333	0.0	0.0	0.0	0.0	0.0	0.0	0.0	0.0	0.0	0.0	3.0	200.0	0.4410833333333333	0.5708333333333334	0.6266666666666666	-1.0	6	5	0.4	disgust	0.3	wikivir.xml	11140	Kača rotena, gad prost		19	pesmi							window	wikivir-011140	wikivir-011140.s000001|wikivir-011140.s000002|wikivir-011140.s000003|wikivir-011140.s000004|wikivir-011140.s000005|wikivir-011140.s000006	6	17	17	15	4. KAZHA ROTENAGAD PROBìt kashejo kazhiRotíjo povſodGad vshameti pazhi Proſt ſlabeji rod	wikivir.xml	11140	Kača rotena, gad prost		19	pesmi							emotion_disgust_per_1k
wikivir-002053::document::1	document	wikivir-002053	165	71	3.0	42.25352112676056	0.073170731707317	0.0337380952380952	3.0	42.25352112676056	0.073170731707317	0.0213809523809523	14.0	197.18309859154928	0.3414634146341463	0.1134285714285714	9.0	126.76056338028168	0.2195121951219512	0.1544047619047618	2.0	28.169014084507044	0.048780487804878	0.0335238095238095	3.0	42.25352112676056	0.073170731707317	0.0561428571428571	2.0	28.169014084507044	0.048780487804878	0.0055714285714285	5.0	70.42253521126761	0.1219512195121951	0.0528333333333333	3.0	42.25352112676056	16.0	225.35211267605635	0.4445654761904761	0.4901210317460317	0.4629980158730159	-0.6842105263157895	42	28	0.5915492957746479	disgust	0.3414634146341463	wikivir.xml	2053	Kačja jama	Ivan Tušek	19	pripovedke							document	wikivir-002053	wikivir-002053.s000001|wikivir-002053.s000002|wikivir-002053.s000003|wikivir-002053.s000004|wikivir-002053.s000005|wikivir-002053.s000006|wikivir-002053.s000007|wikivir-002053.s000008|wikivir-002053.s000009	9	165	149	71	In tedaj se privali kača in ga požre. Nekoč je šel neki fant od doma. Spotoma ja padel v kačjo jamo in je tam s kačami vred demant lizal, da ni umrl od lakote. Potlej se ga je usmilila kačja kraljica in ga je trikrat z repom ven vrgla. Šele tretjič ga je do vrha jame, da je lahko vstal in bežal. Dru	wikivir.xml	2053	Kačja jama	Ivan Tušek	19	pripovedke							emotion_disgust_per_1k
wikivir-002053::window::1	window	wikivir-002053	149	71	3.0	42.25352112676056	0.073170731707317	0.0337380952380952	3.0	42.25352112676056	0.073170731707317	0.0213809523809523	14.0	197.18309859154928	0.3414634146341463	0.1134285714285714	9.0	126.76056338028168	0.2195121951219512	0.1544047619047618	2.0	28.169014084507044	0.048780487804878	0.0335238095238095	3.0	42.25352112676056	0.073170731707317	0.0561428571428571	2.0	28.169014084507044	0.048780487804878	0.0055714285714285	5.0	70.42253521126761	0.1219512195121951	0.0528333333333333	3.0	42.25352112676056	16.0	225.35211267605635	0.4445654761904761	0.4901210317460317	0.4629980158730159	-0.6842105263157895	42	28	0.5915492957746479	disgust	0.3414634146341463	wikivir.xml	2053	Kačja jama	Ivan Tušek	19	pripovedke							window	wikivir-002053	wikivir-002053.s000001|wikivir-002053.s000002|wikivir-002053.s000003|wikivir-002053.s000004|wikivir-002053.s000005|wikivir-002053.s000006|wikivir-002053.s000007|wikivir-002053.s000008|wikivir-002053.s000009	9	149	149	71	In tedaj se privali kača in ga požreNekoč je šel neki fant od domaSpotoma ja padel v kačjo jamo in je tam s kačami vred demant lizalda ni umrl od lakotePotlej se ga je usmilila kačja kraljica in ga je trikrat z repom ven vrglaŠele tretjič ga je do vrha jameda je lahko vstal in bežalDruge kače so bil	wikivir.xml	2053	Kačja jama	Ivan Tušek	19	pripovedke							emotion_disgust_per_1k
wikivir-000842::document::1	document	wikivir-000842	70	31	4.0	129.03225806451613	0.1290322580645161	0.0916521739130434	5.0	161.29032258064515	0.1612903225806451	0.1005652173913043	6.0	193.54838709677415	0.1935483870967742	0.088695652173913	2.0	64.51612903225806	0.064516129032258	0.0618260869565217	2.0	64.51612903225806	0.064516129032258	0.0890434782608695	9.0	290.32258064516134	0.2903225806451613	0.1308260869565217	1.0	32.25806451612903	0.032258064516129	0.0074782608695652	2.0	64.51612903225806	0.064516129032258	0.0360434782608695	5.0	161.29032258064515	8.0	258.06451612903226	0.4788913043478262	0.3881630434782609	0.4063913043478261	-0.2307692307692307	23	17	0.7419354838709677	sadness	0.2903225806451613	wikivir.xml	842	O grenka trudnost	Srečko Kosovel	20	pesmi	Integrali 26						document	wikivir-000842	wikivir-000842.s000001|wikivir-000842.s000002|wikivir-000842.s000003|wikivir-000842.s000004|wikivir-000842.s000005|wikivir-000842.s000006|wikivir-000842.s000007|wikivir-000842.s000008|wikivir-000842.s000009|wikivir-000842.s000010|wikivir-000842.s000011|wikivir-000842.s000012|wikivir-000842.s000013|wikivir-000842.s000014|wikivir-000842.s000015|wikivir-000842.s000016|wikivir-000842.s000017|wikivir-000842.s000018|wikivir-000842.s000019	19	70	54	31	O grenka trudnost, siva, grenka trudnost! Nad mano tisoči, milijoni kakor sivi plašč megle. O črna zvezda nad bleščečim nebom! Nad okni črnimi in nad kletmi, nad ječami. O siva, grenka trudnost! Pa pride čas, ko sonce bo sijalo in v zlatem siju vse bo trepetalo, pa pride čas VSTAJENJA, a ne za nas .	wikivir.xml	842	O grenka trudnost	Srečko Kosovel	20	pesmi	Integrali 26						emotion_disgust_per_1k
wikivir-000842::window::1	window	wikivir-000842	54	31	4.0	129.03225806451613	0.1290322580645161	0.0916521739130434	5.0	161.29032258064515	0.1612903225806451	0.1005652173913043	6.0	193.54838709677415	0.1935483870967742	0.088695652173913	2.0	64.51612903225806	0.064516129032258	0.0618260869565217	2.0	64.51612903225806	0.064516129032258	0.0890434782608695	9.0	290.32258064516134	0.2903225806451613	0.1308260869565217	1.0	32.25806451612903	0.032258064516129	0.0074782608695652	2.0	64.51612903225806	0.064516129032258	0.0360434782608695	5.0	161.29032258064515	8.0	258.06451612903226	0.4788913043478262	0.3881630434782609	0.4063913043478261	-0.2307692307692307	23	17	0.7419354838709677	sadness	0.2903225806451613	wikivir.xml	842	O grenka trudnost	Srečko Kosovel	20	pesmi	Integrali 26						window	wikivir-000842	wikivir-000842.s000001|wikivir-000842.s000002|wikivir-000842.s000003|wikivir-000842.s000004|wikivir-000842.s000005|wikivir-000842.s000006|wikivir-000842.s000007|wikivir-000842.s000008|wikivir-000842.s000009|wikivir-000842.s000010|wikivir-000842.s000011|wikivir-000842.s000012|wikivir-000842.s000013|wikivir-000842.s000014|wikivir-000842.s000015|wikivir-000842.s000016|wikivir-000842.s000017|wikivir-000842.s000018|wikivir-000842.s000019	19	54	54	31	O grenka trudnostsivagrenka trudnostNad mano tisočimilijoni kakor sivi plašč megleO črna zvezda nad bleščečim nebomNad okni črnimi in nad kletminad ječamiO sivagrenka trudnostPa pride časko sonce bo sijalo in v zlatem siju vse bo trepetalopa pride čas VSTAJENJAa ne za nas	wikivir.xml	842	O grenka trudnost	Srečko Kosovel	20	pesmi	Integrali 26						emotion_disgust_per_1k
wikivir-000535::document::1	document	wikivir-000535	31	19	6.0	315.7894736842105	0.3157894736842105	0.5588571428571429	0.0	0.0	0.0	0.0	0.0	0.0	0.0	0.0	7.0	368.4210526315789	0.3684210526315789	0.531	0.0	0.0	0.0	0.0	6.0	315.7894736842105	0.3157894736842105	0.6831428571428572	0.0	0.0	0.0	0.0	0.0	0.0	0.0	0.0	0.0	0.0	7.0	368.4210526315789	0.1945714285714286	0.7307857142857144	0.1612142857142857	-1.0	7	2	0.3684210526315789	fear	0.3684210526315789	wikivir.xml	535	Rodovnik	Srečko Kosovel		pesmi	Integrali 26						document	wikivir-000535	wikivir-000535.s000001|wikivir-000535.s000002|wikivir-000535.s000003|wikivir-000535.s000004|wikivir-000535.s000005|wikivir-000535.s000006|wikivir-000535.s000007|wikivir-000535.s000008	8	31	21	19	Suženj. Suženj Hlapec. Suženj Hlapčevič Hlapec. Suženj Sužnjevič Hlapčevič Ponižni. Suženj II. Suženj Ponižnjevič III. Hlapčevič IV. Janez Ponižni, Strahopetni, Velepotezni.	wikivir.xml	535	Rodovnik	Srečko Kosovel		pesmi	Integrali 26						emotion_fear_per_1k
wikivir-000535::window::1	window	wikivir-000535	21	19	6.0	315.7894736842105	0.3157894736842105	0.5588571428571429	0.0	0.0	0.0	0.0	0.0	0.0	0.0	0.0	7.0	368.4210526315789	0.3684210526315789	0.531	0.0	0.0	0.0	0.0	6.0	315.7894736842105	0.3157894736842105	0.6831428571428572	0.0	0.0	0.0	0.0	0.0	0.0	0.0	0.0	0.0	0.0	7.0	368.4210526315789	0.1945714285714286	0.7307857142857144	0.1612142857142857	-1.0	7	2	0.3684210526315789	fear	0.3684210526315789	wikivir.xml	535	Rodovnik	Srečko Kosovel		pesmi	Integrali 26						window	wikivir-000535	wikivir-000535.s000001|wikivir-000535.s000002|wikivir-000535.s000003|wikivir-000535.s000004|wikivir-000535.s000005|wikivir-000535.s000006|wikivir-000535.s000007|wikivir-000535.s000008	8	21	21	19	SuženjSuženj HlapecSuženj Hlapčevič HlapecSuženj Sužnjevič Hlapčevič PonižniSuženj IISuženj Ponižnjevič IIIHlapčevič IVJanez PonižniStrahopetniVelepotezni	wikivir.xml	535	Rodovnik	Srečko Kosovel		pesmi	Integrali 26						emotion_fear_per_1k
wikivir-020727::window::1	window	wikivir-020727	31	20	5.0	250.0	0.1219512195121951	0.1594444444444444	7.0	350.0	0.1707317073170731	0.1417777777777777	5.0	250.0	0.1219512195121951	0.1822222222222222	7.0	350.0	0.1707317073170731	0.2923333333333333	2.0	100.0	0.048780487804878	0.0804444444444444	5.0	250.0	0.1219512195121951	0.2541666666666666	5.0	250.0	0.1219512195121951	0.1605555555555555	5.0	250.0	0.1219512195121951	0.1310555555555555	6.0	300.0	5.0	250.0	0.4581111111111111	0.4547574074074074	0.4968018518518519	0.0909090909090909	18	12	0.9	anticipation	0.1707317073170731	wikivir.xml	20727	(Ženska in smrt sta sestri )	Tomaž Šalamun	20	pesmi							window	wikivir-020727	wikivir-020727.s000001|wikivir-020727.s000002|wikivir-020727.s000003|wikivir-020727.s000004|wikivir-020727.s000005|wikivir-020727.s000006|wikivir-020727.s000007|wikivir-020727.s000008|wikivir-020727.s000009|wikivir-020727.s000010	10	31	31	20	Ženska in smrt sta sestriMati in smrt sestriMoški in smrt brataOče in smrt brataČlovek in smrtdva velikanadve svetleči kroglidva ljubimcaJaz beli drevored oba	wikivir.xml	20727	(Ženska in smrt sta sestri )	Tomaž Šalamun	20	pesmi							emotion_fear_per_1k
wikivir-020727::document::1	document	wikivir-020727	45	20	5.0	250.0	0.1219512195121951	0.1594444444444444	7.0	350.0	0.1707317073170731	0.1417777777777777	5.0	250.0	0.1219512195121951	0.1822222222222222	7.0	350.0	0.1707317073170731	0.2923333333333333	2.0	100.0	0.048780487804878	0.0804444444444444	5.0	250.0	0.1219512195121951	0.2541666666666666	5.0	250.0	0.1219512195121951	0.1605555555555555	5.0	250.0	0.1219512195121951	0.1310555555555555	6.0	300.0	5.0	250.0	0.4581111111111111	0.4547574074074074	0.4968018518518519	0.0909090909090909	18	12	0.9	anticipation	0.1707317073170731	wikivir.xml	20727	(Ženska in smrt sta sestri )	Tomaž Šalamun	20	pesmi							document	wikivir-020727	wikivir-020727.s000001|wikivir-020727.s000002|wikivir-020727.s000003|wikivir-020727.s000004|wikivir-020727.s000005|wikivir-020727.s000006|wikivir-020727.s000007|wikivir-020727.s000008|wikivir-020727.s000009|wikivir-020727.s000010	10	45	31	20	Ženska in smrt sta sestri. Mati in smrt — sestri. Moški in smrt — brata. Oče in smrt — brata. Človek in smrt, dva velikana, dve svetleči krogli, dva ljubimca. Jaz — beli drevored — oba.	wikivir.xml	20727	(Ženska in smrt sta sestri )	Tomaž Šalamun	20	pesmi							emotion_fear_per_1k
wikivir-015502::window::1	window	wikivir-015502	21	12	4.0	333.3333333333333	0.25	0.3911666666666666	1.0	83.33333333333333	0.0625	0.073	2.0	166.66666666666666	0.125	0.2201666666666666	4.0	333.3333333333333	0.25	0.4204999999999999	1.0	83.33333333333333	0.0625	0.0989999999999999	2.0	166.66666666666666	0.125	0.1646666666666666	1.0	83.33333333333333	0.0625	0.0533333333333333	1.0	83.33333333333333	0.0625	0.1041666666666666	1.0	83.33333333333333	4.0	333.3333333333333	0.4403333333333334	0.6420833333333333	0.5729166666666666	-0.6	6	6	0.5	anger	0.25	wikivir.xml	15502	Pekel	Joka Žigon	20	pesmi			1973.0				window	wikivir-015502	wikivir-015502.s000001|wikivir-015502.s000002|wikivir-015502.s000003|wikivir-015502.s000004	4	21	21	10	Pekèl sem resal se ne bojkorajšno vstopigrešnik mojTu ni hudičevne požarovtu je le Angel Molinarov	wikivir.xml	15502	Pekel	Joka Žigon	20	pesmi			1973.0				emotion_fear_per_1k
wikivir-015502::document::1	document	wikivir-015502	28	12	4.0	333.3333333333333	0.25	0.3911666666666666	1.0	83.33333333333333	0.0625	0.073	2.0	166.66666666666666	0.125	0.2201666666666666	4.0	333.3333333333333	0.25	0.4204999999999999	1.0	83.33333333333333	0.0625	0.0989999999999999	2.0	166.66666666666666	0.125	0.1646666666666666	1.0	83.33333333333333	0.0625	0.0533333333333333	1.0	83.33333333333333	0.0625	0.1041666666666666	1.0	83.33333333333333	4.0	333.3333333333333	0.4403333333333334	0.6420833333333333	0.5729166666666666	-0.6	6	6	0.5	anger	0.25	wikivir.xml	15502	Pekel	Joka Žigon	20	pesmi			1973.0				document	wikivir-015502	wikivir-015502.s000001|wikivir-015502.s000002|wikivir-015502.s000003|wikivir-015502.s000004	4	28	21	10	Pekèl sem res, al se ne boj, korajšno vstopi, grešnik moj! Tu ni hudičev, ne požarov, tu je le Angel Molinarov.	wikivir.xml	15502	Pekel	Joka Žigon	20	pesmi			1973.0				emotion_fear_per_1k
wikivir-007293::document::1	document	wikivir-007293	37	16	5.0	312.5	0.238095238095238	0.2622727272727272	0.0	0.0	0.0	0.0	6.0	375.0	0.2857142857142857	0.3606363636363636	5.0	312.5	0.238095238095238	0.3763636363636363	0.0	0.0	0.0	0.0	5.0	312.5	0.238095238095238	0.3977272727272727	0.0	0.0	0.0	0.0	0.0	0.0	0.0	0.0	0.0	0.0	6.0	375.0	0.3823333333333333	0.4756666666666666	0.4034242424242424	-1.0	11	6	0.6875	disgust	0.2857142857142857	wikivir.xml	7293	Rak	Anica Černej	20	pesmi							document	wikivir-007293	wikivir-007293.s000001|wikivir-007293.s000002|wikivir-007293.s000003|wikivir-007293.s000004|wikivir-007293.s000005|wikivir-007293.s000006|wikivir-007293.s000007|wikivir-007293.s000008|wikivir-007293.s000009|wikivir-007293.s000010|wikivir-007293.s000011|wikivir-007293.s000012|wikivir-007293.s000013	13	37	29	15	RAK RAK, RAK JE KROJAČ, VREZAL MI JE DVOJE HLAČ. KER MI HLAČE NISO PRAV, SEM MU JIH NAZAJ POSLAL. RAK, RAK JE RDEČ, KER MI HLAČKE NISO VŠEČ.	wikivir.xml	7293	Rak	Anica Černej	20	pesmi							emotion_fear_per_1k
wikivir-007293::window::1	window	wikivir-007293	29	16	5.0	312.5	0.238095238095238	0.2622727272727272	0.0	0.0	0.0	0.0	6.0	375.0	0.2857142857142857	0.3606363636363636	5.0	312.5	0.238095238095238	0.3763636363636363	0.0	0.0	0.0	0.0	5.0	312.5	0.238095238095238	0.3977272727272727	0.0	0.0	0.0	0.0	0.0	0.0	0.0	0.0	0.0	0.0	6.0	375.0	0.3823333333333333	0.4756666666666666	0.4034242424242424	-1.0	11	6	0.6875	disgust	0.2857142857142857	wikivir.xml	7293	Rak	Anica Černej	20	pesmi							window	wikivir-007293	wikivir-007293.s000001|wikivir-007293.s000002|wikivir-007293.s000003|wikivir-007293.s000004|wikivir-007293.s000005|wikivir-007293.s000006|wikivir-007293.s000007|wikivir-007293.s000008|wikivir-007293.s000009|wikivir-007293.s000010|wikivir-007293.s000011|wikivir-007293.s000012|wikivir-007293.s000013	13	29	29	15	RAK RAKRAK JE KROJAČVREZAL MI JE DVOJE HLAČKER MI HLAČE NISO PRAVSEM MU JIH NAZAJ POSLALRAKRAK JE RDEČKER MI HLAČKE NISO VŠEČ	wikivir.xml	7293	Rak	Anica Černej	20	pesmi							emotion_fear_per_1k
wikivir-007025::window::1	window	wikivir-007025	29	16	5.0	312.5	0.238095238095238	0.2622727272727272	0.0	0.0	0.0	0.0	6.0	375.0	0.2857142857142857	0.3606363636363636	5.0	312.5	0.238095238095238	0.3763636363636363	0.0	0.0	0.0	0.0	5.0	312.5	0.238095238095238	0.3977272727272727	0.0	0.0	0.0	0.0	0.0	0.0	0.0	0.0	0.0	0.0	6.0	375.0	0.3852272727272727	0.4593636363636363	0.4090454545454545	-1.0	11	5	0.6875	disgust	0.2857142857142857	wikivir.xml	7025	Rak	Anica Černej	20	pesmi							window	wikivir-007025	wikivir-007025.s000001|wikivir-007025.s000002|wikivir-007025.s000003|wikivir-007025.s000004|wikivir-007025.s000005|wikivir-007025.s000006|wikivir-007025.s000007|wikivir-007025.s000008|wikivir-007025.s000009|wikivir-007025.s000010|wikivir-007025.s000011|wikivir-007025.s000012|wikivir-007025.s000013	13	29	29	15	Rak Rakrakje krojačurezal mi je dvoje hlačKer mi hlače niso pravsem mu jih nazaj poslalRakrakje rdečker mi hlače niso všeč	wikivir.xml	7025	Rak	Anica Černej	20	pesmi							emotion_fear_per_1k
wikivir-007025::document::1	document	wikivir-007025	39	16	5.0	312.5	0.238095238095238	0.2622727272727272	0.0	0.0	0.0	0.0	6.0	375.0	0.2857142857142857	0.3606363636363636	5.0	312.5	0.238095238095238	0.3763636363636363	0.0	0.0	0.0	0.0	5.0	312.5	0.238095238095238	0.3977272727272727	0.0	0.0	0.0	0.0	0.0	0.0	0.0	0.0	0.0	0.0	6.0	375.0	0.3852272727272727	0.4593636363636363	0.4090454545454545	-1.0	11	5	0.6875	disgust	0.2857142857142857	wikivir.xml	7025	Rak	Anica Černej	20	pesmi							document	wikivir-007025	wikivir-007025.s000001|wikivir-007025.s000002|wikivir-007025.s000003|wikivir-007025.s000004|wikivir-007025.s000005|wikivir-007025.s000006|wikivir-007025.s000007|wikivir-007025.s000008|wikivir-007025.s000009|wikivir-007025.s000010|wikivir-007025.s000011|wikivir-007025.s000012|wikivir-007025.s000013	13	39	29	15	Rak Rak, rak, je krojač, urezal mi je dvoje hlač. Ker mi hlače niso prav, sem mu jih nazaj poslal. Rak, rak, je rdeč, ker mi hlače niso všeč.	wikivir.xml	7025	Rak	Anica Černej	20	pesmi							emotion_fear_per_1k
wikivir-003385::window::1	window	wikivir-003385	15	13	4.0	307.69230769230774	0.3333333333333333	0.232125	0.0	0.0	0.0	0.0	0.0	0.0	0.0	0.0	4.0	307.69230769230774	0.3333333333333333	0.2955	1.0	76.92307692307693	0.0833333333333333	0.022	2.0	153.84615384615387	0.1666666666666666	0.1543749999999999	1.0	76.92307692307693	0.0833333333333333	0.107375	0.0	0.0	0.0	0.0	2.0	153.84615384615387	4.0	307.69230769230774	0.3698749999999999	0.5315208333333333	0.4838958333333334	-0.3333333333333333	8	7	0.6153846153846154	anger	0.3333333333333333	wikivir.xml	3385	Lava	Peter Svetina	21	pesmi							window	wikivir-003385	wikivir-003385.s000001|wikivir-003385.s000002|wikivir-003385.s000003|wikivir-003385.s000004|wikivir-003385.s000005|wikivir-003385.s000006|wikivir-003385.s000007	7	15	15	13	Lava Zemlja kuha razbeljeno juhoTo je lavaVčasih izbruhaTakrat nastane huda žareča poplava	wikivir.xml	3385	Lava	Peter Svetina	21	pesmi							emotion_fear_per_1k
wikivir-003385::document::1	document	wikivir-003385	19	13	4.0	307.69230769230774	0.3333333333333333	0.232125	0.0	0.0	0.0	0.0	0.0	0.0	0.0	0.0	4.0	307.69230769230774	0.3333333333333333	0.2955	1.0	76.92307692307693	0.0833333333333333	0.022	2.0	153.84615384615387	0.1666666666666666	0.1543749999999999	1.0	76.92307692307693	0.0833333333333333	0.107375	0.0	0.0	0.0	0.0	2.0	153.84615384615387	4.0	307.69230769230774	0.3698749999999999	0.5315208333333333	0.4838958333333334	-0.3333333333333333	8	7	0.6153846153846154	anger	0.3333333333333333	wikivir.xml	3385	Lava	Peter Svetina	21	pesmi							document	wikivir-003385	wikivir-003385.s000001|wikivir-003385.s000002|wikivir-003385.s000003|wikivir-003385.s000004|wikivir-003385.s000005|wikivir-003385.s000006|wikivir-003385.s000007	7	19	15	13	Lava Zemlja kuha razbeljeno juho. To je lava. Včasih izbruha. Takrat nastane huda žareča poplava.	wikivir.xml	3385	Lava	Peter Svetina	21	pesmi							emotion_fear_per_1k
wikivir-011686::window::36	window	wikivir-011686	93	49	12.0	244.89795918367344	0.1904761904761904	0.1904166666666666	5.0	102.04081632653062	0.0793650793650793	0.0668611111111111	5.0	102.04081632653062	0.0793650793650793	0.0868055555555555	15.0	306.12244897959187	0.238095238095238	0.2555	3.0	61.224489795918366	0.0476190476190476	0.0467777777777777	13.0	265.30612244897964	0.2063492063492063	0.2746944444444444	5.0	102.04081632653062	0.0793650793650793	0.0481666666666666	5.0	102.04081632653062	0.0793650793650793	0.0904722222222222	5.0	102.04081632653062	17.0	346.9387755102041	0.4673819444444444	0.4923912037037036	0.4895486111111111	-0.5454545454545454	36	24	0.7346938775510204	fear	0.238095238095238	wikivir.xml	11686	Na mrtvi straži	Vitomir Feodor Jelenc	20	kratka proza			1921.0				window	wikivir-011686	wikivir-011686.s000187|wikivir-011686.s000188|wikivir-011686.s000189|wikivir-011686.s000190	4	93	93	49	mesto Komaj smo spoznali svojega druga odvojili smo njegovo truplo od drugihizkopali mu grob ni bilo suhega očesako smo izvršili žalosten obredko smo nad njegovim truplom nagomilili gomilo prsti Nad Kosovim poljem je grob našega komitepreko njegovega groba je divjala vojnapreko njegovega groba smo š	wikivir.xml	11686	Na mrtvi straži	Vitomir Feodor Jelenc	20	kratka proza			1921.0				emotion_fear_per_1k
wikivir-000843::window::1	window	wikivir-000843	51	27	5.0	185.1851851851852	0.1666666666666666	0.1323125	3.0	111.1111111111111	0.1	0.0780625	2.0	74.07407407407408	0.0666666666666666	0.082	8.0	296.2962962962963	0.2666666666666666	0.2354375	0.0	0.0	0.0	0.0743124999999999	9.0	333.3333333333333	0.3	0.2709375	2.0	74.07407407407408	0.0666666666666666	0.07225	1.0	37.03703703703704	0.0333333333333333	0.03225	4.0	148.14814814814815	8.0	296.2962962962963	0.4742291666666667	0.4727604166666667	0.532375	-0.3333333333333333	16	12	0.5925925925925926	sadness	0.3	wikivir.xml	843	Odprto	Srečko Kosovel	20	pesmi	Integrali 26						window	wikivir-000843	wikivir-000843.s000001|wikivir-000843.s000002|wikivir-000843.s000003|wikivir-000843.s000004|wikivir-000843.s000005|wikivir-000843.s000006|wikivir-000843.s000007|wikivir-000843.s000009|wikivir-000843.s000010|wikivir-000843.s000011|wikivir-000843.s000012|wikivir-000843.s000013|wikivir-000843.s000014|wikivir-000843.s000016	14	51	51	27	V večnost je moje srce odprtoiz Kaosa v KozmosZa temnim mestom se plamen svetlikamnožica v tiho temo se premikaV tiho temoO zdaj gremòO zdaj gremò iz borbe v Smrt iz borbe v Smrtda se razrase tihi srd in da ugasnemoJazti in vsi	wikivir.xml	843	Odprto	Srečko Kosovel	20	pesmi	Integrali 26						emotion_fear_per_1k
wikivir-000843::document::1	document	wikivir-000843	63	27	5.0	185.1851851851852	0.1666666666666666	0.1323125	3.0	111.1111111111111	0.1	0.0780625	2.0	74.07407407407408	0.0666666666666666	0.082	8.0	296.2962962962963	0.2666666666666666	0.2354375	0.0	0.0	0.0	0.0743124999999999	9.0	333.3333333333333	0.3	0.2709375	2.0	74.07407407407408	0.0666666666666666	0.07225	1.0	37.03703703703704	0.0333333333333333	0.03225	4.0	148.14814814814815	8.0	296.2962962962963	0.4742291666666667	0.4727604166666667	0.532375	-0.3333333333333333	16	12	0.5925925925925926	sadness	0.3	wikivir.xml	843	Odprto	Srečko Kosovel	20	pesmi	Integrali 26						document	wikivir-000843	wikivir-000843.s000001|wikivir-000843.s000002|wikivir-000843.s000003|wikivir-000843.s000004|wikivir-000843.s000005|wikivir-000843.s000006|wikivir-000843.s000007|wikivir-000843.s000008|wikivir-000843.s000009|wikivir-000843.s000010|wikivir-000843.s000011|wikivir-000843.s000012|wikivir-000843.s000013|wikivir-000843.s000014|wikivir-000843.s000015|wikivir-000843.s000016	16	63	51	27	V večnost je moje srce odprto: iz Kaosa v Kozmos. Za temnim mestom se plamen svetlika, množica v tiho temo se premika. V tiho temo. - O zdaj gremò! O zdaj gremò iz borbe v Smrt iz borbe v Smrt, da se razrase tihi srd in da ugasnemo. - Jaz, ti in vsi.	wikivir.xml	843	Odprto	Srečko Kosovel	20	pesmi	Integrali 26						emotion_fear_per_1k
wikivir-004762::document::1	document	wikivir-004762	13	7	0.0	0.0	0.0	0.0	3.0	428.57142857142856	0.2142857142857142	0.2473333333333333	1.0	142.85714285714286	0.0714285714285714	0.0976666666666666	2.0	285.7142857142857	0.1428571428571428	0.1093333333333333	4.0	571.4285714285714	0.2857142857142857	0.4575	0.0	0.0	0.0	0.0	1.0	142.85714285714286	0.0714285714285714	0.052	3.0	428.57142857142856	0.2142857142857142	0.4426666666666667	4.0	571.4285714285714	2.0	285.7142857142857	0.6733333333333333	0.5878333333333333	0.698	0.3333333333333333	6	6	0.8571428571428571	joy	0.2857142857142857	wikivir.xml	4762	Balada za Metko Krašovec	Tomaž Šalamun	20								document	wikivir-004762	wikivir-004762.s000001|wikivir-004762.s000002|wikivir-004762.s000003|wikivir-004762.s000004|wikivir-004762.s000005|wikivir-004762.s000006|wikivir-004762.s000007|wikivir-004762.s000008|wikivir-004762.s000009|wikivir-004762.s000010|wikivir-004762.s000011	11	13	11	7	Bog Jaz zahtevam brezpogojno ljubezen in popolno svobodo. Zato sem strašen.	wikivir.xml	4762	Balada za Metko Krašovec	Tomaž Šalamun	20								emotion_fear_per_1k
wikivir-000985::window::1	window	wikivir-000985	76	42	11.0	261.9047619047619	0.2444444444444444	0.2528095238095237	4.0	95.23809523809524	0.0888888888888888	0.0881904761904761	7.0	166.66666666666666	0.1555555555555555	0.1224761904761904	12.0	285.7142857142857	0.2666666666666666	0.3176190476190476	1.0	23.809523809523807	0.0222222222222222	0.0861904761904762	4.0	95.23809523809524	0.0888888888888888	0.1358571428571428	2.0	47.61904761904761	0.0444444444444444	0.0323809523809523	4.0	95.23809523809524	0.0888888888888888	0.1249523809523809	6.0	142.85714285714286	13.0	309.5238095238095	0.4170833333333333	0.5447539682539683	0.5758174603174604	-0.3684210526315789	21	15	0.5	fear	0.2666666666666666	wikivir.xml	985	Gospod	Srečko Kosovel	20	pesmi	Integrali 26						window	wikivir-000985	wikivir-000985.s000001|wikivir-000985.s000002|wikivir-000985.s000003|wikivir-000985.s000004|wikivir-000985.s000005|wikivir-000985.s000006|wikivir-000985.s000007|wikivir-000985.s000008|wikivir-000985.s000009|wikivir-000985.s000010|wikivir-000985.s000011|wikivir-000985.s000012|wikivir-000985.s000013|wikivir-000985.s000014|wikivir-000985.s000015|wikivir-000985.s000016|wikivir-000985.s000017|wikivir-000985.s000018|wikivir-000985.s000019|wikivir-000985.s000020	20	76	76	41	Gospod me zasleduje z drobnimihudobnimi očmiKaj me zasledujetegospodbi radi hrabrostno svetinjoker ste me ujeli NevarnegaČlovek je vedno jezenče ima tako malenkostne skrbiin če je plašanse vsega boji in mu je vse nevarnoKaj bi imeli viče bi ne imeli orožjaPlašljivci nosijo orožjeMi pa imamo državlja	wikivir.xml	985	Gospod	Srečko Kosovel	20	pesmi	Integrali 26						emotion_fear_per_1k
wikivir-000985::document::1	document	wikivir-000985	95	42	11.0	261.9047619047619	0.2444444444444444	0.2528095238095237	4.0	95.23809523809524	0.0888888888888888	0.0881904761904761	7.0	166.66666666666666	0.1555555555555555	0.1224761904761904	12.0	285.7142857142857	0.2666666666666666	0.3176190476190476	1.0	23.809523809523807	0.0222222222222222	0.0861904761904762	4.0	95.23809523809524	0.0888888888888888	0.1358571428571428	2.0	47.61904761904761	0.0444444444444444	0.0323809523809523	4.0	95.23809523809524	0.0888888888888888	0.1249523809523809	6.0	142.85714285714286	13.0	309.5238095238095	0.4170833333333333	0.5447539682539683	0.5758174603174604	-0.3684210526315789	21	15	0.5	fear	0.2666666666666666	wikivir.xml	985	Gospod	Srečko Kosovel	20	pesmi	Integrali 26						document	wikivir-000985	wikivir-000985.s000001|wikivir-000985.s000002|wikivir-000985.s000003|wikivir-000985.s000004|wikivir-000985.s000005|wikivir-000985.s000006|wikivir-000985.s000007|wikivir-000985.s000008|wikivir-000985.s000009|wikivir-000985.s000010|wikivir-000985.s000011|wikivir-000985.s000012|wikivir-000985.s000013|wikivir-000985.s000014|wikivir-000985.s000015|wikivir-000985.s000016|wikivir-000985.s000017|wikivir-000985.s000018|wikivir-000985.s000019|wikivir-000985.s000020	20	95	76	41	"Gospod me zasleduje z drobnimi, hudobnimi očmi. Kaj me zasledujete, gospod, bi radi hrabrostno svetinjo, ker ste me ujeli ""Nevarnega?"" Človek je vedno jezen, če ima tako malenkostne skrbi, in če je plašan, se vsega boji in mu je vse nevarno. Kaj bi imeli vi, če bi ne imeli orožja? Plašljivci nosijo "	wikivir.xml	985	Gospod	Srečko Kosovel	20	pesmi	Integrali 26						emotion_fear_per_1k
wikivir-004762::window::1	window	wikivir-004762	11	7	0.0	0.0	0.0	0.0	3.0	428.57142857142856	0.2142857142857142	0.2473333333333333	1.0	142.85714285714286	0.0714285714285714	0.0976666666666666	2.0	285.7142857142857	0.1428571428571428	0.1093333333333333	4.0	571.4285714285714	0.2857142857142857	0.4575	0.0	0.0	0.0	0.0	1.0	142.85714285714286	0.0714285714285714	0.052	3.0	428.57142857142856	0.2142857142857142	0.4426666666666667	4.0	571.4285714285714	2.0	285.7142857142857	0.6733333333333333	0.5878333333333333	0.698	0.3333333333333333	6	6	0.8571428571428571	joy	0.2857142857142857	wikivir.xml	4762	Balada za Metko Krašovec	Tomaž Šalamun	20								window	wikivir-004762	wikivir-004762.s000001|wikivir-004762.s000002|wikivir-004762.s000003|wikivir-004762.s000004|wikivir-004762.s000005|wikivir-004762.s000006|wikivir-004762.s000007|wikivir-004762.s000008|wikivir-004762.s000009|wikivir-004762.s000010|wikivir-004762.s000011	11	11	11	7	Bog Jaz zahtevam brezpogojno ljubezen in popolno svobodoZato sem strašen	wikivir.xml	4762	Balada za Metko Krašovec	Tomaž Šalamun	20								emotion_fear_per_1k
wikivir-020420::window::1	window	wikivir-020420	89	47	8.0	170.2127659574468	0.1568627450980392	0.1904230769230769	5.0	106.38297872340424	0.0980392156862745	0.0838076923076923	3.0	63.82978723404255	0.0588235294117647	0.073	13.0	276.59574468085106	0.2549019607843137	0.3533461538461538	3.0	63.82978723404255	0.0588235294117647	0.1090384615384615	10.0	212.7659574468085	0.196078431372549	0.2777692307692307	5.0	106.38297872340424	0.0980392156862745	0.1601538461538461	4.0	85.1063829787234	0.0784313725490196	0.1039615384615384	4.0	85.1063829787234	12.0	255.3191489361702	0.4478173076923076	0.5322403846153846	0.5300320512820513	-0.5	26	23	0.5531914893617021	fear	0.2549019607843137	wikivir.xml	20420	Grob (pesem NOB)		20	pesmi							window	wikivir-020420	wikivir-020420.s000001|wikivir-020420.s000002|wikivir-020420.s000003|wikivir-020420.s000004|wikivir-020420.s000005|wikivir-020420.s000006|wikivir-020420.s000007|wikivir-020420.s000008|wikivir-020420.s000009|wikivir-020420.s000010|wikivir-020420.s000011|wikivir-020420.s000012|wikivir-020420.s000013|wikivir-020420.s000014|wikivir-020420.s000015|wikivir-020420.s000016|wikivir-020420.s000017|wikivir-020420.s000018|wikivir-020420.s000019|wikivir-020420.s000020	23	89	89	47	StrelStrelZategel jekobnemel v vroči krvi TovarišTrpinBežine ječi spominsaj ni zadnji ne prviIn potem strašen molkneskončno dolg iz njegovih oči In še iz groba njih smrt je zvestobaklicTudi titudi tiNe tine jazSmrt in življenje sta časki ni mrtevkot mrtev ni tvoj pokojSaj večno živa bova zvesta si b	wikivir.xml	20420	Grob (pesem NOB)		20	pesmi							emotion_fear_per_1k
wikivir-020420::document::1	document	wikivir-020420	133	47	8.0	170.2127659574468	0.1568627450980392	0.1904230769230769	5.0	106.38297872340424	0.0980392156862745	0.0838076923076923	3.0	63.82978723404255	0.0588235294117647	0.073	13.0	276.59574468085106	0.2549019607843137	0.3533461538461538	3.0	63.82978723404255	0.0588235294117647	0.1090384615384615	10.0	212.7659574468085	0.196078431372549	0.2777692307692307	5.0	106.38297872340424	0.0980392156862745	0.1601538461538461	4.0	85.1063829787234	0.0784313725490196	0.1039615384615384	4.0	85.1063829787234	12.0	255.3191489361702	0.4478173076923076	0.5322403846153846	0.5300320512820513	-0.5	26	23	0.5531914893617021	fear	0.2549019607843137	wikivir.xml	20420	Grob (pesem NOB)		20	pesmi							document	wikivir-020420	wikivir-020420.s000001|wikivir-020420.s000002|wikivir-020420.s000003|wikivir-020420.s000004|wikivir-020420.s000005|wikivir-020420.s000006|wikivir-020420.s000007|wikivir-020420.s000008|wikivir-020420.s000009|wikivir-020420.s000010|wikivir-020420.s000011|wikivir-020420.s000012|wikivir-020420.s000013|wikivir-020420.s000014|wikivir-020420.s000015|wikivir-020420.s000016|wikivir-020420.s000017|wikivir-020420.s000018|wikivir-020420.s000019|wikivir-020420.s000020	23	133	89	47	Strel? ... Strel! ... Zategel jek, obnemel v vroči krvi ... Tovariš! Trpin! Beži, ne ječi spomin, saj ni zadnji ne prvi! In potem strašen molk, neskončno dolg iz njegovih oči ... In še iz groba njih smrt je zvestoba, klic:»Tudi ti, tudi ti!« Ne ti, ne jaz! Smrt in življenje sta čas, ki ni mrtev, kot	wikivir.xml	20420	Grob (pesem NOB)		20	pesmi							emotion_fear_per_1k
wikivir-015785::document::1	document	wikivir-015785	22	11	3.0	272.7272727272727	0.2727272727272727	0.177875	1.0	90.9090909090909	0.0909090909090909	0.055625	1.0	90.9090909090909	0.0909090909090909	0.048875	3.0	272.7272727272727	0.2727272727272727	0.183625	1.0	90.9090909090909	0.0909090909090909	0.08525	1.0	90.9090909090909	0.0909090909090909	0.05275	0.0	0.0	0.0	0.0	1.0	90.9090909090909	0.0909090909090909	0.04975	2.0	181.8181818181818	3.0	272.7272727272727	0.4365	0.5649166666666667	0.5601666666666667	-0.2	8	6	0.7272727272727273	anger	0.2727272727272727	wikivir.xml	15785	Krempeljnu	France Prešeren	19	pesmi							document	wikivir-015785	wikivir-015785.s000001|wikivir-015785.s000002	2	22	18	10	Nisi je v glavo dobil, si dobil le slovenščino v kremplje. Duh preonemčeni slab, voljni so kremplji bilí.	wikivir.xml	15785	Krempeljnu	France Prešeren	19	pesmi							emotion_fear_per_1k
wikivir-019772::document::1	document	wikivir-019772	23	11	3.0	272.7272727272727	0.2727272727272727	0.171125	0.0	0.0	0.0	0.0	2.0	181.8181818181818	0.1818181818181818	0.142375	3.0	272.7272727272727	0.2727272727272727	0.207	0.0	0.0	0.0	0.0235	3.0	272.7272727272727	0.2727272727272727	0.214	0.0	0.0	0.0	0.0	0.0	0.0	0.0	0.0605	0.0	0.0	4.0	363.6363636363636	0.4405104166666667	0.4661666666666667	0.4520208333333333	-1.0	8	8	0.7272727272727273	anger	0.2727272727272727	wikivir.xml	19772	V današnjih časih	Karel Destovnik Kajuh	20	pesmi							document	wikivir-019772	wikivir-019772.s000001|wikivir-019772.s000002|wikivir-019772.s000003|wikivir-019772.s000004	4	23	18	11	Povsod tema na potih lega, a človek se skoznjo rine, tava, hodi, dokler v nesreče brezno ne zablodi.	wikivir.xml	19772	V današnjih časih	Karel Destovnik Kajuh	20	pesmi							emotion_fear_per_1k
wikivir-019772::window::1	window	wikivir-019772	18	11	3.0	272.7272727272727	0.2727272727272727	0.171125	0.0	0.0	0.0	0.0	2.0	181.8181818181818	0.1818181818181818	0.142375	3.0	272.7272727272727	0.2727272727272727	0.207	0.0	0.0	0.0	0.0235	3.0	272.7272727272727	0.2727272727272727	0.214	0.0	0.0	0.0	0.0	0.0	0.0	0.0	0.0605	0.0	0.0	4.0	363.6363636363636	0.4405104166666667	0.4661666666666667	0.4520208333333333	-1.0	8	8	0.7272727272727273	anger	0.2727272727272727	wikivir.xml	19772	V današnjih časih	Karel Destovnik Kajuh	20	pesmi							window	wikivir-019772	wikivir-019772.s000001|wikivir-019772.s000002|wikivir-019772.s000003|wikivir-019772.s000004	4	18	18	11	Povsod tema na potih legaa človek se skoznjo rinetavahodidokler v nesreče brezno ne zablodi	wikivir.xml	19772	V današnjih časih	Karel Destovnik Kajuh	20	pesmi							emotion_fear_per_1k
wikivir-015785::window::1	window	wikivir-015785	18	11	3.0	272.7272727272727	0.2727272727272727	0.177875	1.0	90.9090909090909	0.0909090909090909	0.055625	1.0	90.9090909090909	0.0909090909090909	0.048875	3.0	272.7272727272727	0.2727272727272727	0.183625	1.0	90.9090909090909	0.0909090909090909	0.08525	1.0	90.9090909090909	0.0909090909090909	0.05275	0.0	0.0	0.0	0.0	1.0	90.9090909090909	0.0909090909090909	0.04975	2.0	181.8181818181818	3.0	272.7272727272727	0.4365	0.5649166666666667	0.5601666666666667	-0.2	8	6	0.7272727272727273	anger	0.2727272727272727	wikivir.xml	15785	Krempeljnu	France Prešeren	19	pesmi							window	wikivir-015785	wikivir-015785.s000001|wikivir-015785.s000002	2	18	18	10	Nisi je v glavo dobilsi dobil le slovenščino v krempljeDuh preonemčeni slabvoljni so kremplji bilí	wikivir.xml	15785	Krempeljnu	France Prešeren	19	pesmi							emotion_fear_per_1k
wikivir-007484::window::1	window	wikivir-007484	28	15	4.0	266.6666666666667	0.2352941176470588	0.2307999999999999	0.0	0.0	0.0	0.0	5.0	333.3333333333333	0.2941176470588235	0.3233	4.0	266.6666666666667	0.2352941176470588	0.3312	0.0	0.0	0.0	0.0	4.0	266.6666666666667	0.2352941176470588	0.35	0.0	0.0	0.0	0.0	0.0	0.0	0.0	0.0	0.0	0.0	5.0	333.3333333333333	0.3969166666666667	0.4687333333333333	0.4008166666666667	-1.0	10	6	0.6666666666666666	disgust	0.2941176470588235	wikivir.xml	7484	Rak, rak	Anica Černej	20	pesmi							window	wikivir-007484	wikivir-007484.s000001|wikivir-007484.s000002|wikivir-007484.s000003|wikivir-007484.s000004|wikivir-007484.s000005|wikivir-007484.s000006|wikivir-007484.s000007|wikivir-007484.s000008|wikivir-007484.s000009|wikivir-007484.s000010|wikivir-007484.s000011|wikivir-007484.s000012	12	28	28	14	RAKRAK JE KROJAČVREZAL MI JE DVOJE HLAČKER MI HLAČE NISO PRAVSE MU JIH NAZAJ POSLALRAKRAK JE RDEČKER MI HLAČKE NISO VŠEČ	wikivir.xml	7484	Rak, rak	Anica Černej	20	pesmi							emotion_fear_per_1k
wikivir-007484::document::1	document	wikivir-007484	36	15	4.0	266.6666666666667	0.2352941176470588	0.2307999999999999	0.0	0.0	0.0	0.0	5.0	333.3333333333333	0.2941176470588235	0.3233	4.0	266.6666666666667	0.2352941176470588	0.3312	0.0	0.0	0.0	0.0	4.0	266.6666666666667	0.2352941176470588	0.35	0.0	0.0	0.0	0.0	0.0	0.0	0.0	0.0	0.0	0.0	5.0	333.3333333333333	0.3969166666666667	0.4687333333333333	0.4008166666666667	-1.0	10	6	0.6666666666666666	disgust	0.2941176470588235	wikivir.xml	7484	Rak, rak	Anica Černej	20	pesmi							document	wikivir-007484	wikivir-007484.s000001|wikivir-007484.s000002|wikivir-007484.s000003|wikivir-007484.s000004|wikivir-007484.s000005|wikivir-007484.s000006|wikivir-007484.s000007|wikivir-007484.s000008|wikivir-007484.s000009|wikivir-007484.s000010|wikivir-007484.s000011|wikivir-007484.s000012	12	36	28	14	RAK, RAK JE KROJAČ, VREZAL MI JE DVOJE HLAČ. KER MI HLAČE NISO PRAV, SE MU JIH NAZAJ POSLAL. RAK, RAK JE RDEČ, KER MI HLAČKE NISO VŠEČ.	wikivir.xml	7484	Rak, rak	Anica Černej	20	pesmi							emotion_fear_per_1k
wikivir-000879::window::18	window	wikivir-000879	300	160	26.0	162.5	0.1954887218045112	0.2128717948717949	8.0	50.0	0.0601503759398496	0.0478717948717948	15.0	93.75	0.112781954887218	0.1095	40.0	250.0	0.3007518796992481	0.294076923076923	7.0	43.75	0.0526315789473684	0.059525641025641	20.0	125.0	0.150375939849624	0.1795897435897435	7.0	43.75	0.0526315789473684	0.0489743589743589	10.0	62.5	0.075187969924812	0.0978589743589743	15.0	93.75	39.0	243.75	0.4074882478632479	0.5576705128205128	0.5011412393162394	-0.4444444444444444	78	52	0.4875	fear	0.3007518796992481	wikivir.xml	879	Malikovanje zločina	Narte Velikonja	20	proza							window	wikivir-000879	wikivir-000879.s000287|wikivir-000879.s000288|wikivir-000879.s000289|wikivir-000879.s000290|wikivir-000879.s000291|wikivir-000879.s000292|wikivir-000879.s000293|wikivir-000879.s000294|wikivir-000879.s000295|wikivir-000879.s000296|wikivir-000879.s000297|wikivir-000879.s000298|wikivir-000879.s000299|wikivir-000879.s000300|wikivir-000879.s000301|wikivir-000879.s000302|wikivir-000879.s000303|wikivir-000879.s000304|wikivir-000879.s000305	19	300	300	159	nad domovinozakaj so morale pogoreti hiše v moji rojstni vasizakaj je pogorela moja rojstna hišaZa žrtve mordaza žrtve malikuza žrtve maliku zločinuZakaj so morali umreti moji zapeljani znancis katerimi sem pasel in ptičja gnezda iskal in polhe podkajalZakaj sta žrtvi dva moja lastna brataZato mi mo	wikivir.xml	879	Malikovanje zločina	Narte Velikonja	20	proza							emotion_fear_per_1k
wikivir-015772::window::1	window	wikivir-015772	10	4	0.0	0.0	0.0	0.0	0.0	0.0	0.0	0.0	0.0	0.0	0.0	0.0	1.0	250.0	1.0	0.08975	0.0	0.0	0.0	0.0	0.0	0.0	0.0	0.0	0.0	0.0	0.0	0.0	0.0	0.0	0.0	0.0	0.0	0.0	0.0	0.0	0.4659999999999999	0.4964999999999999	0.50575		4	4	1.0	fear	1.0	wikivir.xml	15772	Čebelice puščičarjem	France Prešeren	19	pesmi							window	wikivir-015772	wikivir-015772.s000001|wikivir-015772.s000002	2	10	10	4	Kot vsaka ni žival lisicatak vsaki ni napis puščica	wikivir.xml	15772	Čebelice puščičarjem	France Prešeren	19	pesmi							emotion_fear_per_1k
wikivir-015772::document::1	document	wikivir-015772	12	4	0.0	0.0	0.0	0.0	0.0	0.0	0.0	0.0	0.0	0.0	0.0	0.0	1.0	250.0	1.0	0.08975	0.0	0.0	0.0	0.0	0.0	0.0	0.0	0.0	0.0	0.0	0.0	0.0	0.0	0.0	0.0	0.0	0.0	0.0	0.0	0.0	0.4659999999999999	0.4964999999999999	0.50575		4	4	1.0	fear	1.0	wikivir.xml	15772	Čebelice puščičarjem	France Prešeren	19	pesmi							document	wikivir-015772	wikivir-015772.s000001|wikivir-015772.s000002	2	12	10	4	Kot vsaka ni žival lisica, tak vsaki ni napis puščica.	wikivir.xml	15772	Čebelice puščičarjem	France Prešeren	19	pesmi							emotion_fear_per_1k
wikivir-004958::document::1	document	wikivir-004958	89	41	8.0	195.1219512195122	0.1739130434782608	0.1775925925925925	6.0	146.34146341463415	0.1304347826086956	0.1054444444444444	3.0	73.17073170731707	0.0652173913043478	0.0616296296296296	10.0	243.90243902439025	0.217391304347826	0.2635555555555555	6.0	146.34146341463415	0.1304347826086956	0.1281111111111111	7.0	170.7317073170732	0.1521739130434782	0.1175185185185185	0.0	0.0	0.0	0.0	6.0	146.34146341463415	0.1304347826086956	0.1589259259259259	9.0	219.5121951219512	11.0	268.2926829268293	0.4990981481481481	0.5833777777777777	0.5572623456790124	-0.1	27	22	0.6585365853658537	fear	0.217391304347826	wikivir.xml	4958	Nesporazum	Vitomil Zupan	20	pesmi							document	wikivir-004958	wikivir-004958.s000001|wikivir-004958.s000002|wikivir-004958.s000003|wikivir-004958.s000004|wikivir-004958.s000005|wikivir-004958.s000006|wikivir-004958.s000007|wikivir-004958.s000008|wikivir-004958.s000009|wikivir-004958.s000010|wikivir-004958.s000011|wikivir-004958.s000012|wikivir-004958.s000013|wikivir-004958.s000014|wikivir-004958.s000015|wikivir-004958.s000016|wikivir-004958.s000017|wikivir-004958.s000018|wikivir-004958.s000019	19	89	82	41	Včasih smo govorili o spravi. Ko smo se vojne nažrli do grla ko smo se divjanja nasititi krvi nagledali svoje in tuje nam je zmanjkalo sovražnikov in sebe. Potem smo se spopadli s prijatelji naposled sami s seboj napovedali smo boj boju nebu in zemlji in lastnim ljubeznim. V vrtincu norosti smo prid	wikivir.xml	4958	Nesporazum	Vitomil Zupan	20	pesmi							emotion_fear_per_1k
wikivir-004958::window::1	window	wikivir-004958	82	41	8.0	195.1219512195122	0.1739130434782608	0.1775925925925925	6.0	146.34146341463415	0.1304347826086956	0.1054444444444444	3.0	73.17073170731707	0.0652173913043478	0.0616296296296296	10.0	243.90243902439025	0.217391304347826	0.2635555555555555	6.0	146.34146341463415	0.1304347826086956	0.1281111111111111	7.0	170.7317073170732	0.1521739130434782	0.1175185185185185	0.0	0.0	0.0	0.0	6.0	146.34146341463415	0.1304347826086956	0.1589259259259259	9.0	219.5121951219512	11.0	268.2926829268293	0.4990981481481481	0.5833777777777777	0.5572623456790124	-0.1	27	22	0.6585365853658537	fear	0.217391304347826	wikivir.xml	4958	Nesporazum	Vitomil Zupan	20	pesmi							window	wikivir-004958	wikivir-004958.s000001|wikivir-004958.s000002|wikivir-004958.s000003|wikivir-004958.s000004|wikivir-004958.s000005|wikivir-004958.s000006|wikivir-004958.s000007|wikivir-004958.s000008|wikivir-004958.s000009|wikivir-004958.s000010|wikivir-004958.s000011|wikivir-004958.s000012|wikivir-004958.s000013|wikivir-004958.s000014|wikivir-004958.s000015|wikivir-004958.s000016|wikivir-004958.s000017|wikivir-004958.s000018|wikivir-004958.s000019	19	82	82	41	Včasih smo govorili o spraviKo smo se vojne nažrli do grla ko smo se divjanja nasititi krvi nagledali svoje in tuje nam je zmanjkalo sovražnikov in sebePotem smo se spopadli s prijatelji naposled sami s seboj napovedali smo boj boju nebu in zemlji in lastnim ljubeznimV vrtincu norosti smo pridigali 	wikivir.xml	4958	Nesporazum	Vitomil Zupan	20	pesmi							emotion_fear_per_1k
wikivir-004074::document::1	document	wikivir-004074	89	33	3.0	90.9090909090909	0.1363636363636363	0.055625	4.0	121.21212121212122	0.1818181818181818	0.1293125	2.0	60.60606060606061	0.0909090909090909	0.025375	8.0	242.42424242424244	0.3636363636363636	0.251875	0.0	0.0	0.0	0.0	4.0	121.21212121212122	0.1818181818181818	0.1122499999999999	1.0	30.303030303030305	0.0454545454545454	0.05175	0.0	0.0	0.0	0.0	0.0	0.0	8.0	242.42424242424244	0.4382916666666667	0.58309375	0.5420520833333333	-1.0	16	13	0.4848484848484848	fear	0.3636363636363636	wikivir.xml	4074	Škrat čuva divjad	Monika Kropej	21	pripovedke	V somraku kraljestva palčkov in škratov						document	wikivir-004074	wikivir-004074.s000001|wikivir-004074.s000002|wikivir-004074.s000003|wikivir-004074.s000004|wikivir-004074.s000005	5	89	69	31	"ŠKRAT JE EN MAJHEN MOŽIC, KI DIVJAČINO ČUVA, PA ZAŽVIŽGA, ČE NEVARNOST VIDI. EN LOVEC SE JE PRIPLAZIL H GAMSOM, PA NENADOMA ZASLIŠI, KO EN ŠKRAT DRUGEGA VPRAŠA: ""ALI NAJ ZAŽVIŽGAM?"" TA JE PA ODGOVORIL: ""KAJ BO EN TAK LOVEC, KO SE ŠE UMIL NI! "" LOVEC JE PA TO SLIŠAL, JE PA HITRO ROSE NABRAL V ROKE, P"	wikivir.xml	4074	Škrat čuva divjad	Monika Kropej	21	pripovedke	V somraku kraljestva palčkov in škratov						emotion_fear_per_1k
wikivir-004074::window::1	window	wikivir-004074	69	33	3.0	90.9090909090909	0.1363636363636363	0.055625	4.0	121.21212121212122	0.1818181818181818	0.1293125	2.0	60.60606060606061	0.0909090909090909	0.025375	8.0	242.42424242424244	0.3636363636363636	0.251875	0.0	0.0	0.0	0.0	4.0	121.21212121212122	0.1818181818181818	0.1122499999999999	1.0	30.303030303030305	0.0454545454545454	0.05175	0.0	0.0	0.0	0.0	0.0	0.0	8.0	242.42424242424244	0.4382916666666667	0.58309375	0.5420520833333333	-1.0	16	13	0.4848484848484848	fear	0.3636363636363636	wikivir.xml	4074	Škrat čuva divjad	Monika Kropej	21	pripovedke	V somraku kraljestva palčkov in škratov						window	wikivir-004074	wikivir-004074.s000001|wikivir-004074.s000002|wikivir-004074.s000003|wikivir-004074.s000004|wikivir-004074.s000005	5	69	69	31	ŠKRAT JE EN MAJHEN MOŽICKI DIVJAČINO ČUVAPA ZAŽVIŽGAČE NEVARNOST VIDIEN LOVEC SE JE PRIPLAZIL H GAMSOMPA NENADOMA ZASLIŠIKO EN ŠKRAT DRUGEGA VPRAŠAALI NAJ ZAŽVIŽGAMTA JE PA ODGOVORILKAJ BO EN TAK LOVECKO SE ŠE UMIL NILOVEC JE PA TO SLIŠALJE PA HITRO ROSE NABRAL V ROKEPA SE JE UMILNATO PA JE GAMSA US	wikivir.xml	4074	Škrat čuva divjad	Monika Kropej	21	pripovedke	V somraku kraljestva palčkov in škratov						emotion_fear_per_1k
wikivir-002440::document::1	document	wikivir-002440	85	33	6.0	181.8181818181818	0.2727272727272727	0.2508125	1.0	30.303030303030305	0.0454545454545454	0.0170625	4.0	121.21212121212122	0.1818181818181818	0.1778124999999999	8.0	242.42424242424244	0.3636363636363636	0.3154375	1.0	30.303030303030305	0.0454545454545454	0.0635	2.0	60.60606060606061	0.0909090909090909	0.0691875	0.0	0.0	0.0	0.0	0.0	0.0	0.0	0.0	1.0	30.303030303030305	5.0	151.51515151515153	0.42040625	0.5880416666666667	0.5145729166666666	-0.6666666666666666	16	11	0.4848484848484848	fear	0.3636363636363636	wikivir.xml	2440	Grad Turnska peč	Janko Orožen	20	proza	Gradovi in graščine v narodnem izročilu I						document	wikivir-002440	wikivir-002440.s000001|wikivir-002440.s000002|wikivir-002440.s000003|wikivir-002440.s000004|wikivir-002440.s000005|wikivir-002440.s000006|wikivir-002440.s000007	7	85	65	32	1. Grad nad »Hudičevim grabnom« Pod Tovstom je slikovita in ozka soteska, ki se imenuje »Hudičev graben«. Nad sotesko je velika skala »Turnska peč«, na kateri so nekake razvaline. Nekdaj, pravijo, je bil tu grad, v katerem je prebival graščak, ki je bil kakor razbojnik. S svojimi podložniki je ravna	wikivir.xml	2440	Grad Turnska peč	Janko Orožen	20	proza	Gradovi in graščine v narodnem izročilu I						emotion_fear_per_1k
wikivir-002440::window::1	window	wikivir-002440	65	33	6.0	181.8181818181818	0.2727272727272727	0.2508125	1.0	30.303030303030305	0.0454545454545454	0.0170625	4.0	121.21212121212122	0.1818181818181818	0.1778124999999999	8.0	242.42424242424244	0.3636363636363636	0.3154375	1.0	30.303030303030305	0.0454545454545454	0.0635	2.0	60.60606060606061	0.0909090909090909	0.0691875	0.0	0.0	0.0	0.0	0.0	0.0	0.0	0.0	1.0	30.303030303030305	5.0	151.51515151515153	0.42040625	0.5880416666666667	0.5145729166666666	-0.6666666666666666	16	11	0.4848484848484848	fear	0.3636363636363636	wikivir.xml	2440	Grad Turnska peč	Janko Orožen	20	proza	Gradovi in graščine v narodnem izročilu I						window	wikivir-002440	wikivir-002440.s000001|wikivir-002440.s000002|wikivir-002440.s000003|wikivir-002440.s000004|wikivir-002440.s000005|wikivir-002440.s000006|wikivir-002440.s000007	7	65	65	32	1. Grad nad Hudičevim grabnomPod Tovstom je slikovita in ozka soteskaki se imenuje Hudičev grabenNad sotesko je velika skala Turnska pečna kateri so nekake razvalineNekdajpravijoje bil tu gradv katerem je prebival graščakki je bil kakor razbojnikS svojimi podložniki je ravnal tako krutoda so ga imen	wikivir.xml	2440	Grad Turnska peč	Janko Orožen	20	proza	Gradovi in graščine v narodnem izročilu I						emotion_fear_per_1k
wikivir-000336::document::1	document	wikivir-000336	60	29	5.0	172.41379310344828	0.1428571428571428	0.1884999999999999	5.0	172.41379310344828	0.1428571428571428	0.1405	4.0	137.9310344827586	0.1142857142857142	0.1874285714285714	7.0	241.3793103448276	0.2	0.3005714285714286	2.0	68.9655172413793	0.0571428571428571	0.0539285714285714	6.0	206.89655172413796	0.1714285714285714	0.2915714285714286	4.0	137.9310344827586	0.1142857142857142	0.1651428571428571	2.0	68.9655172413793	0.0571428571428571	0.0502142857142857	4.0	137.9310344827586	6.0	206.89655172413796	0.3737404761904762	0.4462023809523808	0.4190238095238096	-0.2	14	10	0.4827586206896552	fear	0.2	wikivir.xml	336	O, saj ni smrti	Srečko Kosovel		pesmi							document	wikivir-000336	wikivir-000336.s000001|wikivir-000336.s000002|wikivir-000336.s000003|wikivir-000336.s000004|wikivir-000336.s000005|wikivir-000336.s000006|wikivir-000336.s000007|wikivir-000336.s000008|wikivir-000336.s000009|wikivir-000336.s000010|wikivir-000336.s000011|wikivir-000336.s000012	12	60	43	23	O, saj ni smrti, ni smrti! samo tišina je pregloboka. Kakor v zelenem, prostranem gozdu. Samo odmikaš se, samo tih postajaš, samo sam postajaš, sam in neviden. O, saj ni smrti, ni smrti! Samo padaš, samo padaš, padaš, padaš v prepad neskončne modrine.	wikivir.xml	336	O, saj ni smrti	Srečko Kosovel		pesmi							emotion_fear_per_1k
wikivir-000336::window::1	window	wikivir-000336	43	29	5.0	172.41379310344828	0.1428571428571428	0.1884999999999999	5.0	172.41379310344828	0.1428571428571428	0.1405	4.0	137.9310344827586	0.1142857142857142	0.1874285714285714	7.0	241.3793103448276	0.2	0.3005714285714286	2.0	68.9655172413793	0.0571428571428571	0.0539285714285714	6.0	206.89655172413796	0.1714285714285714	0.2915714285714286	4.0	137.9310344827586	0.1142857142857142	0.1651428571428571	2.0	68.9655172413793	0.0571428571428571	0.0502142857142857	4.0	137.9310344827586	6.0	206.89655172413796	0.3737404761904762	0.4462023809523808	0.4190238095238096	-0.2	14	10	0.4827586206896552	fear	0.2	wikivir.xml	336	O, saj ni smrti	Srečko Kosovel		pesmi							window	wikivir-000336	wikivir-000336.s000001|wikivir-000336.s000002|wikivir-000336.s000003|wikivir-000336.s000004|wikivir-000336.s000005|wikivir-000336.s000006|wikivir-000336.s000007|wikivir-000336.s000008|wikivir-000336.s000009|wikivir-000336.s000010|wikivir-000336.s000011|wikivir-000336.s000012	12	43	43	23	Osaj ni smrtini smrtisamo tišina je preglobokaKakor v zelenemprostranem gozduSamo odmikaš sesamo tih postajašsamo sam postajašsam in nevidenOsaj ni smrtini smrtiSamo padašsamo padašpadašpadaš v prepad neskončne modrine	wikivir.xml	336	O, saj ni smrti	Srečko Kosovel		pesmi							emotion_fear_per_1k
wikivir-000833::window::1	window	wikivir-000833	82	54	10.0	185.1851851851852	0.238095238095238	0.1882571428571428	3.0	55.55555555555555	0.0714285714285714	0.0446571428571428	3.0	55.55555555555555	0.0714285714285714	0.0475428571428571	13.0	240.74074074074076	0.3095238095238095	0.2512	1.0	18.51851851851852	0.0238095238095238	0.0664	11.0	203.7037037037037	0.2619047619047619	0.2277142857142857	0.0	0.0	0.0	0.0	1.0	18.51851851851852	0.0238095238095238	0.0185142857142857	3.0	55.55555555555555	19.0	351.85185185185185	0.4019646258503401	0.5644673469387755	0.5223088435374148	-0.7272727272727273	35	29	0.6481481481481481	fear	0.3095238095238095	wikivir.xml	833	Kons 4	Srečko Kosovel	20	pesmi							window	wikivir-000833	wikivir-000833.s000001|wikivir-000833.s000002|wikivir-000833.s000003|wikivir-000833.s000004|wikivir-000833.s000005|wikivir-000833.s000006|wikivir-000833.s000007|wikivir-000833.s000008|wikivir-000833.s000009|wikivir-000833.s000010|wikivir-000833.s000011|wikivir-000833.s000012|wikivir-000833.s000013|wikivir-000833.s000014|wikivir-000833.s000015|wikivir-000833.s000016|wikivir-000833.s000017|wikivir-000833.s000018|wikivir-000833.s000019|wikivir-000833.s000020	26	82	82	51	Boston obsoja EinsteinaEinstein je prepovedanRelativiteta nevarnaV Berlinu zapirajo kitajske študenteKitajski študenti nevarniSHS menja vladoDosti vlad je že menjalaFrancijaŠpanijaMarokoFrajtar teroriziraŽandar teroriziraVeliki ljudje živijo po svoje duše zakonihMajhni po paragrafihX14 dni v zaporYn	wikivir.xml	833	Kons 4	Srečko Kosovel	20	pesmi							emotion_fear_per_1k
wikivir-000833::document::1	document	wikivir-000833	112	54	10.0	185.1851851851852	0.238095238095238	0.1882571428571428	3.0	55.55555555555555	0.0714285714285714	0.0446571428571428	3.0	55.55555555555555	0.0714285714285714	0.0475428571428571	13.0	240.74074074074076	0.3095238095238095	0.2512	1.0	18.51851851851852	0.0238095238095238	0.0664	11.0	203.7037037037037	0.2619047619047619	0.2277142857142857	0.0	0.0	0.0	0.0	1.0	18.51851851851852	0.0238095238095238	0.0185142857142857	3.0	55.55555555555555	19.0	351.85185185185185	0.4019646258503401	0.5644673469387755	0.5223088435374148	-0.7272727272727273	35	29	0.6481481481481481	fear	0.3095238095238095	wikivir.xml	833	Kons 4	Srečko Kosovel	20	pesmi							document	wikivir-000833	wikivir-000833.s000001|wikivir-000833.s000002|wikivir-000833.s000003|wikivir-000833.s000004|wikivir-000833.s000005|wikivir-000833.s000006|wikivir-000833.s000007|wikivir-000833.s000008|wikivir-000833.s000009|wikivir-000833.s000010|wikivir-000833.s000011|wikivir-000833.s000012|wikivir-000833.s000013|wikivir-000833.s000014|wikivir-000833.s000015|wikivir-000833.s000016|wikivir-000833.s000017|wikivir-000833.s000018|wikivir-000833.s000019|wikivir-000833.s000020	26	112	82	51	Boston obsoja Einsteina. Einstein je prepovedan. Relativiteta nevarna? V Berlinu zapirajo kitajske študente. Kitajski študenti nevarni? SHS menja vlado. Dosti vlad je že menjala. Francija. Španija. Maroko. Frajtar terorizira. Žandar terorizira. Veliki ljudje živijo po svoje duše zakonih. Majhni po p	wikivir.xml	833	Kons 4	Srečko Kosovel	20	pesmi							emotion_fear_per_1k
wikivir-000201::document::1	document	wikivir-000201	113	54	10.0	185.1851851851852	0.238095238095238	0.1882571428571428	3.0	55.55555555555555	0.0714285714285714	0.0446571428571428	3.0	55.55555555555555	0.0714285714285714	0.0475428571428571	13.0	240.74074074074076	0.3095238095238095	0.2512	1.0	18.51851851851852	0.0238095238095238	0.0664	11.0	203.7037037037037	0.2619047619047619	0.2277142857142857	0.0	0.0	0.0	0.0	1.0	18.51851851851852	0.0238095238095238	0.0185142857142857	3.0	55.55555555555555	19.0	351.85185185185185	0.4019646258503401	0.5644673469387755	0.5223088435374148	-0.7272727272727273	35	29	0.6481481481481481	fear	0.3095238095238095	wikivir.xml	201	Kons: 4	Srečko Kosovel		pesmi	Integrali 26						document	wikivir-000201	wikivir-000201.s000001|wikivir-000201.s000002|wikivir-000201.s000003|wikivir-000201.s000004|wikivir-000201.s000005|wikivir-000201.s000006|wikivir-000201.s000007|wikivir-000201.s000008|wikivir-000201.s000009|wikivir-000201.s000010|wikivir-000201.s000011|wikivir-000201.s000012|wikivir-000201.s000013|wikivir-000201.s000014|wikivir-000201.s000015|wikivir-000201.s000016|wikivir-000201.s000017|wikivir-000201.s000018|wikivir-000201.s000019|wikivir-000201.s000020	26	113	82	51	Boston obsoja Einsteina. Einstein je prepovedan. Relativiteta nevarna? V Berlinu zapirajo kitajske študente. Kitajski študentje nevarni? SHS menja vlado. Dosti vlad je že menjala. Francija. Španija. Maroko. Frajtar terorizira. Žandar terorizira. Veliki ljudje živijo po svoje duše zakonih. Majhni po 	wikivir.xml	201	Kons: 4	Srečko Kosovel		pesmi	Integrali 26						emotion_fear_per_1k
wikivir-000201::window::1	window	wikivir-000201	82	54	10.0	185.1851851851852	0.238095238095238	0.1882571428571428	3.0	55.55555555555555	0.0714285714285714	0.0446571428571428	3.0	55.55555555555555	0.0714285714285714	0.0475428571428571	13.0	240.74074074074076	0.3095238095238095	0.2512	1.0	18.51851851851852	0.0238095238095238	0.0664	11.0	203.7037037037037	0.2619047619047619	0.2277142857142857	0.0	0.0	0.0	0.0	1.0	18.51851851851852	0.0238095238095238	0.0185142857142857	3.0	55.55555555555555	19.0	351.85185185185185	0.4019646258503401	0.5644673469387755	0.5223088435374148	-0.7272727272727273	35	29	0.6481481481481481	fear	0.3095238095238095	wikivir.xml	201	Kons: 4	Srečko Kosovel		pesmi	Integrali 26						window	wikivir-000201	wikivir-000201.s000001|wikivir-000201.s000002|wikivir-000201.s000003|wikivir-000201.s000004|wikivir-000201.s000005|wikivir-000201.s000006|wikivir-000201.s000007|wikivir-000201.s000008|wikivir-000201.s000009|wikivir-000201.s000010|wikivir-000201.s000011|wikivir-000201.s000012|wikivir-000201.s000013|wikivir-000201.s000014|wikivir-000201.s000015|wikivir-000201.s000016|wikivir-000201.s000017|wikivir-000201.s000018|wikivir-000201.s000019|wikivir-000201.s000020	26	82	82	51	Boston obsoja EinsteinaEinstein je prepovedanRelativiteta nevarnaV Berlinu zapirajo kitajske študenteKitajski študentje nevarniSHS menja vladoDosti vlad je že menjalaFrancijaŠpanijaMarokoFrajtar teroriziraŽandar teroriziraVeliki ljudje živijo po svoje duše zakonihMajhni po paragrafihX14 dni v zaporY	wikivir.xml	201	Kons: 4	Srečko Kosovel		pesmi	Integrali 26						emotion_fear_per_1k
wikivir-002807::window::30	window	wikivir-002807	300	197	8.0	40.60913705583756	0.0555555555555555	0.0443009708737864	23.0	116.751269035533	0.1597222222222222	0.1099708737864077	7.0	35.53299492385787	0.0486111111111111	0.0398932038834951	47.0	238.57868020304568	0.3263888888888889	0.1563689320388349	16.0	81.21827411167511	0.1111111111111111	0.1119417475728155	23.0	116.751269035533	0.1597222222222222	0.1104077669902912	9.0	45.68527918781726	0.0625	0.0714563106796116	11.0	55.83756345177665	0.0763888888888889	0.057631067961165	34.0	172.58883248730965	36.0	182.74111675126903	0.5208139274156263	0.4576712898751733	0.4850902565880721	-0.0285714285714285	103	67	0.5228426395939086	fear	0.3263888888888889	wikivir.xml	2807	Smrt	Anton Funtek	19	pesmi			1986.0				window	wikivir-002807	wikivir-002807.s001009|wikivir-002807.s001010|wikivir-002807.s001011|wikivir-002807.s001012|wikivir-002807.s001013|wikivir-002807.s001014|wikivir-002807.s001015|wikivir-002807.s001016|wikivir-002807.s001017|wikivir-002807.s001018|wikivir-002807.s001019|wikivir-002807.s001020|wikivir-002807.s001021|wikivir-002807.s001022|wikivir-002807.s001023|wikivir-002807.s001024|wikivir-002807.s001025|wikivir-002807.s001026|wikivir-002807.s001027|wikivir-002807.s001028	70	300	300	195	skalinešibi Zidovje ponosnih se domovNad krajino plava Noč tihasenjavaPoguba se vsiplje na nasGorje mukdor v hiši ostaneOsvete nebeške je časBog kliče na sodbo zemljaneNad krajino plava Noč tihasenjavaZatisnil oči je trpinUpehan od dnevnega trudaGrmenje iz daljnih globin PobegniSmrt čaka te hudaNad 	wikivir.xml	2807	Smrt	Anton Funtek	19	pesmi			1986.0				emotion_fear_per_1k
wikivir-017548::window::1	window	wikivir-017548	51	42	1.0	23.809523809523807	0.0222222222222222	0.0191333333333333	9.0	214.28571428571428	0.2	0.1423333333333333	1.0	23.809523809523807	0.0222222222222222	0.0218666666666666	10.0	238.09523809523807	0.2222222222222222	0.0563	9.0	214.28571428571428	0.2	0.2447	1.0	23.809523809523807	0.0222222222222222	0.0305	2.0	47.61904761904761	0.0444444444444444	0.0242	12.0	285.7142857142857	0.2666666666666666	0.2361333333333333	14.0	333.3333333333333	1.0	23.809523809523807	0.7136805555555554	0.5593666666666667	0.7484194444444444	0.8666666666666667	30	12	0.7142857142857143	trust	0.2666666666666666	wikivir.xml	17548	Bog živi!	Ivan Molek	20	pesmi			1908.0				window	wikivir-017548	wikivir-017548.s000001|wikivir-017548.s000002|wikivir-017548.s000004|wikivir-017548.s000005|wikivir-017548.s000006|wikivir-017548.s000007|wikivir-017548.s000008|wikivir-017548.s000009|wikivir-017548.s000010|wikivir-017548.s000011|wikivir-017548.s000012|wikivir-017548.s000013|wikivir-017548.s000014	13	51	51	41	Bog živi kralja in njegovega sinabog živi kraljicoIn ko te pobere smrt bog živi novo kraljevo dvojicoBog živiBog živiOh ta narod zvestiCrkni narod odzove se kralj če nimaš kaj jestiAloskupajslepciBog živi kralja i kraljicoBog živi tiranstvoropBog živi krivico	wikivir.xml	17548	Bog živi!	Ivan Molek	20	pesmi			1908.0				emotion_fear_per_1k
wikivir-017548::document::1	document	wikivir-017548	71	42	1.0	23.809523809523807	0.0222222222222222	0.0191333333333333	9.0	214.28571428571428	0.2	0.1423333333333333	1.0	23.809523809523807	0.0222222222222222	0.0218666666666666	10.0	238.09523809523807	0.2222222222222222	0.0563	9.0	214.28571428571428	0.2	0.2447	1.0	23.809523809523807	0.0222222222222222	0.0305	2.0	47.61904761904761	0.0444444444444444	0.0242	12.0	285.7142857142857	0.2666666666666666	0.2361333333333333	14.0	333.3333333333333	1.0	23.809523809523807	0.7136805555555554	0.5593666666666667	0.7484194444444444	0.8666666666666667	30	12	0.7142857142857143	trust	0.2666666666666666	wikivir.xml	17548	Bog živi!	Ivan Molek	20	pesmi			1908.0				document	wikivir-017548	wikivir-017548.s000001|wikivir-017548.s000002|wikivir-017548.s000003|wikivir-017548.s000004|wikivir-017548.s000005|wikivir-017548.s000006|wikivir-017548.s000007|wikivir-017548.s000008|wikivir-017548.s000009|wikivir-017548.s000010|wikivir-017548.s000011|wikivir-017548.s000012|wikivir-017548.s000013|wikivir-017548.s000014	14	71	51	41	Bog živi kralja in njegovega sina, bog živi kraljico! – In ko te pobere smrt – bog živi novo kraljevo dvojico! Bog živi! Bog živi! – Oh ta narod zvesti! Crkni narod – odzove se kralj – če nimaš kaj jesti! ! Alo, skupaj, slepci: Bog živi kralja i kraljico! Bog živi tiranstvo, rop! Bog živi krivico!	wikivir.xml	17548	Bog živi!	Ivan Molek	20	pesmi			1908.0				emotion_fear_per_1k
wikivir-013118::window::14	window	wikivir-013118	154	81	6.0	74.07407407407408	0.09375	0.0885111111111111	9.0	111.1111111111111	0.140625	0.0864222222222222	6.0	74.07407407407408	0.09375	0.0875777777777777	19.0	234.5679012345679	0.296875	0.2496	2.0	24.69135802469136	0.03125	0.0140666666666666	11.0	135.80246913580245	0.171875	0.1624888888888889	3.0	37.03703703703704	0.046875	0.0373333333333333	8.0	98.76543209876544	0.125	0.0994666666666666	9.0	111.1111111111111	21.0	259.25925925925924	0.4072681481481481	0.5909100000000002	0.5671985185185185	-0.4	45	38	0.5555555555555556	fear	0.296875	wikivir.xml	13118	Drama v gorah		20	kratka proza							window	wikivir-013118	wikivir-013118.s000306|wikivir-013118.s000307|wikivir-013118.s000308|wikivir-013118.s000309|wikivir-013118.s000310|wikivir-013118.s000311|wikivir-013118.s000312|wikivir-013118.s000313|wikivir-013118.s000314|wikivir-013118.s000315|wikivir-013118.s000316|wikivir-013118.s000317	12	154	154	80	vaške cerkve so oznanjali veselo Gloria in excelsisko sta spremljala dva orožnika vklenjenega lovca Jožeta v mestoKo so ga prijelije priznalda je ustrelil Slemenškaizgovarjal pa se je s silobranomNoo tem naj bi razsodili sodniki in porotnikiMoje delo je bilo končanoSlemenškovega trupla niso mogli do	wikivir.xml	13118	Drama v gorah		20	kratka proza							emotion_fear_per_1k
wikivir-005014::window::1	window	wikivir-005014	104	64	7.0	109.375	0.106060606060606	0.0967916666666666	13.0	203.125	0.1969696969696969	0.26875	0.0	0.0	0.0	0.0	15.0	234.375	0.2272727272727272	0.1635416666666666	11.0	171.875	0.1666666666666666	0.270375	0.0	0.0	0.0	0.0	6.0	93.75	0.0909090909090909	0.114875	14.0	218.75	0.2121212121212121	0.342125	15.0	234.375	3.0	46.875	0.6202986111111111	0.5393055555555555	0.6764548611111113	0.6666666666666666	24	15	0.375	fear	0.2272727272727272	wikivir.xml	5014	Molitva brambovska	Valentin Vodnik	19	pesmi							window	wikivir-005014	wikivir-005014.s000001|wikivir-005014.s000002|wikivir-005014.s000003|wikivir-005014.s000004|wikivir-005014.s000005|wikivir-005014.s000006|wikivir-005014.s000007|wikivir-005014.s000008|wikivir-005014.s000009|wikivir-005014.s000010|wikivir-005014.s000011|wikivir-005014.s000012|wikivir-005014.s000013|wikivir-005014.s000014|wikivir-005014.s000015|wikivir-005014.s000016|wikivir-005014.s000017|wikivir-005014.s000018|wikivir-005014.s000019|wikivir-005014.s000020	23	104	104	63	Mogočni BogTvoj dih je stvaril sonca nove Tvoj dih je vstran podret svetove Mi molimo pohlevno te Obrambo našonu na nas Pred sodbo kličsovražnike Vališ nas BogMogočni BogSovražnik nas če pód se spravit Posilitropat in podavit Ak ti nam češ na strani stat Odbilga bomo ročno proč Iz tebe zvira naša mo	wikivir.xml	5014	Molitva brambovska	Valentin Vodnik	19	pesmi							emotion_fear_per_1k
wikivir-005014::document::1	document	wikivir-005014	118	64	7.0	109.375	0.106060606060606	0.0967916666666666	13.0	203.125	0.1969696969696969	0.26875	0.0	0.0	0.0	0.0	15.0	234.375	0.2272727272727272	0.1635416666666666	11.0	171.875	0.1666666666666666	0.270375	0.0	0.0	0.0	0.0	6.0	93.75	0.0909090909090909	0.114875	14.0	218.75	0.2121212121212121	0.342125	15.0	234.375	3.0	46.875	0.6202986111111111	0.5393055555555555	0.6764548611111113	0.6666666666666666	24	15	0.375	fear	0.2272727272727272	wikivir.xml	5014	Molitva brambovska	Valentin Vodnik	19	pesmi							document	wikivir-005014	wikivir-005014.s000001|wikivir-005014.s000002|wikivir-005014.s000003|wikivir-005014.s000004|wikivir-005014.s000005|wikivir-005014.s000006|wikivir-005014.s000007|wikivir-005014.s000008|wikivir-005014.s000009|wikivir-005014.s000010|wikivir-005014.s000011|wikivir-005014.s000012|wikivir-005014.s000013|wikivir-005014.s000014|wikivir-005014.s000015|wikivir-005014.s000016|wikivir-005014.s000017|wikivir-005014.s000018|wikivir-005014.s000019|wikivir-005014.s000020	23	118	104	63	Mogočni Bog! Tvoj dih je stvaril sonca nove Tvoj dih je v` stran podret svetove Mi molimo pohlevno te Obrambo našo, nu na nas Pred sodbo klič´sovražnike Vališ nas Bog! Mogočni Bog! Sovražnik nas če pód se spravit Posilit, ropat in podavit Ak ti nam češ na strani stat Odbil` ga bomo ročno proč Iz teb	wikivir.xml	5014	Molitva brambovska	Valentin Vodnik	19	pesmi							emotion_fear_per_1k
wikivir-014822::window::17	window	wikivir-014822	300	172	36.0	209.30232558139537	0.2068965517241379	0.227159574468085	18.0	104.65116279069768	0.1034482758620689	0.0784042553191489	10.0	58.13953488372093	0.057471264367816	0.0669148936170212	40.0	232.5581395348837	0.2298850574712643	0.2042978723404255	19.0	110.46511627906978	0.1091954022988505	0.0974574468085106	25.0	145.34883720930233	0.1436781609195402	0.1049574468085106	1.0	5.813953488372093	0.0057471264367816	0.0068936170212765	25.0	145.34883720930233	0.1436781609195402	0.184595744680851	27.0	156.97674418604652	38.0	220.93023255813955	0.4769370567375887	0.5236547619047618	0.6148548632218845	-0.1692307692307692	94	49	0.5465116279069767	fear	0.2298850574712643	wikivir.xml	14822	Kaj mora vedeti vsak Slovenec o Osvobodilni fronti		20	propagandne brosure			1944.0				window	wikivir-014822	wikivir-014822.s000289|wikivir-014822.s000290|wikivir-014822.s000291|wikivir-014822.s000292|wikivir-014822.s000293|wikivir-014822.s000294|wikivir-014822.s000295|wikivir-014822.s000296|wikivir-014822.s000297|wikivir-014822.s000298|wikivir-014822.s000299|wikivir-014822.s000300|wikivir-014822.s000301|wikivir-014822.s000302|wikivir-014822.s000303|wikivir-014822.s000304|wikivir-014822.s000305|wikivir-014822.s000306|wikivir-014822.s000307|wikivir-014822.s000308	36	300	300	165	nikdar ni oblast105Kaj so partizaniPartizani so po določbah mednarodnegadražavnega in božjega prava samozvancinasilni uzurpatorji106Kaj pomenida so partizani nasilniki uzurpatorjiPomenida so oborožena roparska tolpaKar nam ne more nihče vzetiče sami nočemoje vera in ljubezen do domovineOdvrzimo zato	wikivir.xml	14822	Kaj mora vedeti vsak Slovenec o Osvobodilni fronti		20	propagandne brosure			1944.0				emotion_fear_per_1k
wikivir-013387::window::1	window	wikivir-013387	49	26	5.0	192.30769230769232	0.217391304347826	0.164	2.0	76.92307692307693	0.0869565217391304	0.051	2.0	76.92307692307693	0.0869565217391304	0.0795294117647058	6.0	230.7692307692308	0.2608695652173913	0.2205294117647059	1.0	38.46153846153847	0.0434782608695652	0.0698235294117647	4.0	153.84615384615387	0.1739130434782608	0.1962941176470588	1.0	38.46153846153847	0.0434782608695652	0.020235294117647	2.0	76.92307692307693	0.0869565217391304	0.105235294117647	2.0	76.92307692307693	6.0	230.7692307692308	0.476264705882353	0.5735784313725489	0.4671176470588234	-0.5	17	16	0.6538461538461539	fear	0.2608695652173913	wikivir.xml	13387	Vojna (Ilustrirani glasnik oktober)		20	pesmi							window	wikivir-013387	wikivir-013387.s000001|wikivir-013387.s000002|wikivir-013387.s000003|wikivir-013387.s000004|wikivir-013387.s000005|wikivir-013387.s000006|wikivir-013387.s000007|wikivir-013387.s000008	8	49	49	26	Zažarel je požar do neba Ni mu bilo dosti gorja na ognjenem konju drvel je v daljda nove birdeče plamene vžgalZahteval je žrtevžrtev jezdec tastrašan in krut moril je brez srcaJunak pred njegovim pogledom ni trepetalboril se jedokler ni truden pal	wikivir.xml	13387	Vojna (Ilustrirani glasnik oktober)		20	pesmi							emotion_fear_per_1k
wikivir-004762::document::1	document	wikivir-004762	13	7	0.0	0.0	0.0	0.0	3.0	428.57142857142856	0.2142857142857142	0.2473333333333333	1.0	142.85714285714286	0.0714285714285714	0.0976666666666666	2.0	285.7142857142857	0.1428571428571428	0.1093333333333333	4.0	571.4285714285714	0.2857142857142857	0.4575	0.0	0.0	0.0	0.0	1.0	142.85714285714286	0.0714285714285714	0.052	3.0	428.57142857142856	0.2142857142857142	0.4426666666666667	4.0	571.4285714285714	2.0	285.7142857142857	0.6733333333333333	0.5878333333333333	0.698	0.3333333333333333	6	6	0.8571428571428571	joy	0.2857142857142857	wikivir.xml	4762	Balada za Metko Krašovec	Tomaž Šalamun	20								document	wikivir-004762	wikivir-004762.s000001|wikivir-004762.s000002|wikivir-004762.s000003|wikivir-004762.s000004|wikivir-004762.s000005|wikivir-004762.s000006|wikivir-004762.s000007|wikivir-004762.s000008|wikivir-004762.s000009|wikivir-004762.s000010|wikivir-004762.s000011	11	13	11	7	Bog Jaz zahtevam brezpogojno ljubezen in popolno svobodo. Zato sem strašen.	wikivir.xml	4762	Balada za Metko Krašovec	Tomaž Šalamun	20								emotion_joy_per_1k
wikivir-004762::window::1	window	wikivir-004762	11	7	0.0	0.0	0.0	0.0	3.0	428.57142857142856	0.2142857142857142	0.2473333333333333	1.0	142.85714285714286	0.0714285714285714	0.0976666666666666	2.0	285.7142857142857	0.1428571428571428	0.1093333333333333	4.0	571.4285714285714	0.2857142857142857	0.4575	0.0	0.0	0.0	0.0	1.0	142.85714285714286	0.0714285714285714	0.052	3.0	428.57142857142856	0.2142857142857142	0.4426666666666667	4.0	571.4285714285714	2.0	285.7142857142857	0.6733333333333333	0.5878333333333333	0.698	0.3333333333333333	6	6	0.8571428571428571	joy	0.2857142857142857	wikivir.xml	4762	Balada za Metko Krašovec	Tomaž Šalamun	20								window	wikivir-004762	wikivir-004762.s000001|wikivir-004762.s000002|wikivir-004762.s000003|wikivir-004762.s000004|wikivir-004762.s000005|wikivir-004762.s000006|wikivir-004762.s000007|wikivir-004762.s000008|wikivir-004762.s000009|wikivir-004762.s000010|wikivir-004762.s000011	11	11	11	7	Bog Jaz zahtevam brezpogojno ljubezen in popolno svobodoZato sem strašen	wikivir.xml	4762	Balada za Metko Krašovec	Tomaž Šalamun	20								emotion_joy_per_1k
wikivir-004967::window::1	window	wikivir-004967	91	52	0.0	0.0	0.0	0.0	20.0	384.61538461538464	0.2352941176470588	0.2163157894736841	1.0	19.230769230769237	0.0117647058823529	0.0082105263157894	0.0	0.0	0.0	0.0	20.0	384.61538461538464	0.2352941176470588	0.3836842105263157	20.0	384.61538461538464	0.2352941176470588	0.0175263157894736	1.0	19.230769230769237	0.0117647058823529	0.0217894736842105	23.0	442.30769230769226	0.2705882352941176	0.2597631578947369	23.0	442.30769230769226	1.0	19.230769230769237	0.7396052631578949	0.5149605263157896	0.4533552631578947	0.9166666666666666	38	13	0.7307692307692307	trust	0.2705882352941176	wikivir.xml	4967	Potem so peli	Vitomil Zupan	20	pesmi							window	wikivir-004967	wikivir-004967.s000001|wikivir-004967.s000002|wikivir-004967.s000003|wikivir-004967.s000004|wikivir-004967.s000005|wikivir-004967.s000006|wikivir-004967.s000007|wikivir-004967.s000008|wikivir-004967.s000009|wikivir-004967.s000010|wikivir-004967.s000011|wikivir-004967.s000012|wikivir-004967.s000013|wikivir-004967.s000014|wikivir-004967.s000015|wikivir-004967.s000016|wikivir-004967.s000017	17	91	91	51	Potem so peli in peli po notah zelo stare pesmi so peli in peli pesmi brez razumljivih besedŠli smo spat in dež je pel in pel po strehi montažne hišice pel in pel pesmi brez vsakih besedZadremali smo in se nenadoma prebuditi v dežju ki je pel in pel in pel žuborel in šumel pel in pel in zakaj nas je	wikivir.xml	4967	Potem so peli	Vitomil Zupan	20	pesmi							emotion_joy_per_1k
wikivir-003833::window::48	window	wikivir-003833	104	52	0.0	0.0	0.0	0.0	7.0	134.6153846153846	0.1372549019607843	0.0734285714285714	1.0	19.230769230769237	0.0196078431372549	0.0133999999999999	0.0	0.0	0.0	0.0	20.0	384.61538461538464	0.392156862745098	0.3711142857142857	1.0	19.230769230769237	0.0196078431372549	0.0078	17.0	326.9230769230769	0.3333333333333333	0.2301142857142857	5.0	96.15384615384616	0.0980392156862745	0.0888285714285714	20.0	384.61538461538464	0.0	0.0	0.7476857142857143	0.4767666666666666	0.612152380952381	1.0	35	21	0.6730769230769231	joy	0.392156862745098	wikivir.xml	3833	Navdih srca	Ana Nuška Pišek	21	pesmi							window	wikivir-003833	wikivir-003833.s001443|wikivir-003833.s001444|wikivir-003833.s001445|wikivir-003833.s001446|wikivir-003833.s001447|wikivir-003833.s001448|wikivir-003833.s001449|wikivir-003833.s001450|wikivir-003833.s001451|wikivir-003833.s001452|wikivir-003833.s001453|wikivir-003833.s001454|wikivir-003833.s001455|wikivir-003833.s001456|wikivir-003833.s001457	15	104	104	52	v spokojnosti večera in nočiSrečna sem ob možuki me ljubisrečna sem ob hčerkini mladi družinisrečna sem ob sinuki je našel pravo deklesrečna sem ob najmlajši hčerkiki razumno stopa po poti dozorevanjaSrečna sem v razdajanju za drugesrečna sem ob čutenjuda so tudi drugi srečni z menojsrečna semko nap	wikivir.xml	3833	Navdih srca	Ana Nuška Pišek	21	pesmi							emotion_joy_per_1k
wikivir-004967::document::1	document	wikivir-004967	96	52	0.0	0.0	0.0	0.0	20.0	384.61538461538464	0.2352941176470588	0.2163157894736841	1.0	19.230769230769237	0.0117647058823529	0.0082105263157894	0.0	0.0	0.0	0.0	20.0	384.61538461538464	0.2352941176470588	0.3836842105263157	20.0	384.61538461538464	0.2352941176470588	0.0175263157894736	1.0	19.230769230769237	0.0117647058823529	0.0217894736842105	23.0	442.30769230769226	0.2705882352941176	0.2597631578947369	23.0	442.30769230769226	1.0	19.230769230769237	0.7396052631578949	0.5149605263157896	0.4533552631578947	0.9166666666666666	38	13	0.7307692307692307	trust	0.2705882352941176	wikivir.xml	4967	Potem so peli	Vitomil Zupan	20	pesmi							document	wikivir-004967	wikivir-004967.s000001|wikivir-004967.s000002|wikivir-004967.s000003|wikivir-004967.s000004|wikivir-004967.s000005|wikivir-004967.s000006|wikivir-004967.s000007|wikivir-004967.s000008|wikivir-004967.s000009|wikivir-004967.s000010|wikivir-004967.s000011|wikivir-004967.s000012|wikivir-004967.s000013|wikivir-004967.s000014|wikivir-004967.s000015|wikivir-004967.s000016|wikivir-004967.s000017	17	96	91	51	Potem so peli in peli po notah zelo stare pesmi so peli in peli pesmi brez razumljivih besed. Šli smo spat in dež je pel in pel po strehi montažne hišice pel in pel pesmi brez vsakih besed. Zadremali smo in se nenadoma prebuditi v dežju ki je pel in pel in pel žuborel in šumel pel in pel in zakaj na	wikivir.xml	4967	Potem so peli	Vitomil Zupan	20	pesmi							emotion_joy_per_1k
wikivir-015618::window::1	window	wikivir-015618	188	93	2.0	21.505376344086024	0.0175438596491228	0.01372	22.0	236.55913978494624	0.1929824561403508	0.20632	0.0	0.0	0.0	0.0	17.0	182.7956989247312	0.1491228070175438	0.04038	34.0	365.5913978494624	0.2982456140350877	0.4174	3.0	32.25806451612903	0.0263157894736842	0.02112	9.0	96.77419354838707	0.0789473684210526	0.08516	27.0	290.32258064516134	0.2368421052631578	0.38358	41.0	440.86021505376345	4.0	43.01075268817205	0.7635579999999998	0.4999433333333333	0.7490516666666668	0.8222222222222222	50	27	0.5376344086021505	joy	0.2982456140350877	wikivir.xml	15618	O Bog, o Bog, kak' srečen sem!	Jožef Muršec	19	pesmi							window	wikivir-015618	wikivir-015618.s000001|wikivir-015618.s000002|wikivir-015618.s000003|wikivir-015618.s000004|wikivir-015618.s000005|wikivir-015618.s000006|wikivir-015618.s000007|wikivir-015618.s000008|wikivir-015618.s000009|wikivir-015618.s000010|wikivir-015618.s000011|wikivir-015618.s000012|wikivir-015618.s000013|wikivir-015618.s000014|wikivir-015618.s000015|wikivir-015618.s000016|wikivir-015618.s000017|wikivir-015618.s000018|wikivir-015618.s000019|wikivir-015618.s000020	44	188	188	93	1. O Bogo Bogkaksrečen semKer v Te verujem ino vemDa vse z ničesar si ustvarilObilno širni svet obdarilVsezmožen ga držišmladišOčetovsko za vse skrbiš2. O Bogo Bogkaksrečen semKer v Te verujemza Te vemObjemam Te kot stvarnikaOčeta milostljivegaNeskončnega dobrotnikaVladarja najmodrejšega3. O Bogo Bo	wikivir.xml	15618	O Bog, o Bog, kak' srečen sem!	Jožef Muršec	19	pesmi							emotion_joy_per_1k
wikivir-015618::document::1	document	wikivir-015618	253	93	2.0	21.505376344086024	0.0175438596491228	0.01372	22.0	236.55913978494624	0.1929824561403508	0.20632	0.0	0.0	0.0	0.0	17.0	182.7956989247312	0.1491228070175438	0.04038	34.0	365.5913978494624	0.2982456140350877	0.4174	3.0	32.25806451612903	0.0263157894736842	0.02112	9.0	96.77419354838707	0.0789473684210526	0.08516	27.0	290.32258064516134	0.2368421052631578	0.38358	41.0	440.86021505376345	4.0	43.01075268817205	0.7635579999999998	0.4999433333333333	0.7490516666666668	0.8222222222222222	50	27	0.5376344086021505	joy	0.2982456140350877	wikivir.xml	15618	O Bog, o Bog, kak' srečen sem!	Jožef Muršec	19	pesmi							document	wikivir-015618	wikivir-015618.s000001|wikivir-015618.s000002|wikivir-015618.s000003|wikivir-015618.s000004|wikivir-015618.s000005|wikivir-015618.s000006|wikivir-015618.s000007|wikivir-015618.s000008|wikivir-015618.s000009|wikivir-015618.s000010|wikivir-015618.s000011|wikivir-015618.s000012|wikivir-015618.s000013|wikivir-015618.s000014|wikivir-015618.s000015|wikivir-015618.s000016|wikivir-015618.s000017|wikivir-015618.s000018|wikivir-015618.s000019|wikivir-015618.s000020	44	253	188	93	1. O Bog, o Bog, kak’ srečen sem, Ker v Te verujem ino vem, Da vse ’z ničesar si ustvaril, Obilno širni svet obdaril; Vsezmožen ga držiš, mladiš, Očetovsko za vse skrbiš. 2. O Bog, o Bog, kak’ srečen sem, Ker v Te verujem, za Te vem, Objemam Te kot stvarnika, Očeta milostljivega, Neskončnega dobrotn	wikivir.xml	15618	O Bog, o Bog, kak' srečen sem!	Jožef Muršec	19	pesmi							emotion_joy_per_1k
wikivir-020159::window::1	window	wikivir-020159	33	20	0.0	0.0	0.0	0.0	6.0	300.0	0.24	0.1388461538461538	0.0	0.0	0.0	0.0	1.0	50.0	0.04	0.030076923076923	7.0	350.0	0.28	0.2936153846153846	1.0	50.0	0.04	0.029	4.0	200.0	0.16	0.0906923076923077	6.0	300.0	0.24	0.2145384615384615	8.0	400.0	0.0	0.0	0.6306923076923077	0.3150897435897436	0.4826282051282051	1.0	13	11	0.65	joy	0.28	wikivir.xml	20159	Limerik Novi Gorici	Zoran Božič		pesmi							window	wikivir-020159	wikivir-020159.s000001|wikivir-020159.s000002|wikivir-020159.s000003|wikivir-020159.s000004|wikivir-020159.s000005	5	33	33	20	Kaj ob Kornu v soncu se bleščiBeli angel se z nebes spustiTo ni angelki obeta večni rajto je čapljaki prinaša v mesto mlajBela čapljaznak toplejših dni	wikivir.xml	20159	Limerik Novi Gorici	Zoran Božič		pesmi							emotion_joy_per_1k
wikivir-020159::document::1	document	wikivir-020159	40	20	0.0	0.0	0.0	0.0	6.0	300.0	0.24	0.1388461538461538	0.0	0.0	0.0	0.0	1.0	50.0	0.04	0.030076923076923	7.0	350.0	0.28	0.2936153846153846	1.0	50.0	0.04	0.029	4.0	200.0	0.16	0.0906923076923077	6.0	300.0	0.24	0.2145384615384615	8.0	400.0	0.0	0.0	0.6306923076923077	0.3150897435897436	0.4826282051282051	1.0	13	11	0.65	joy	0.28	wikivir.xml	20159	Limerik Novi Gorici	Zoran Božič		pesmi							document	wikivir-020159	wikivir-020159.s000001|wikivir-020159.s000002|wikivir-020159.s000003|wikivir-020159.s000004|wikivir-020159.s000005	5	40	33	20	Kaj ob Kornu v soncu se blešči? Beli angel se z nebes spusti? To ni angel, ki obeta večni raj, to je čaplja, ki prinaša v mesto mlaj. Bela čaplja, znak toplejših dni	wikivir.xml	20159	Limerik Novi Gorici	Zoran Božič		pesmi							emotion_joy_per_1k
wikivir-010488::document::1	document	wikivir-010488	26	12	0.0	0.0	0.0	0.0	4.0	333.3333333333333	0.2666666666666666	0.4134	0.0	0.0	0.0	0.0	0.0	0.0	0.0	0.0	4.0	333.3333333333333	0.2666666666666666	0.4786	1.0	83.33333333333333	0.0666666666666666	0.0034	2.0	166.66666666666666	0.1333333333333333	0.1876	4.0	333.3333333333333	0.2666666666666666	0.3624	4.0	333.3333333333333	0.0	0.0	0.7312	0.5079400000000001	0.5287599999999999	1.0	5	5	0.4166666666666667	anticipation	0.2666666666666666	wikivir.xml	10488	Krajnskazb1 2 3/55										document	wikivir-010488	wikivir-010488.s000001|wikivir-010488.s000002|wikivir-010488.s000003|wikivir-010488.s000004|wikivir-010488.s000005	5	26	19	12	Vender le voljnó terpiva, Drugo bom ob létu pel; ˛Srezha nama she naliva, Ti boſh poln, in jes veſel. P.	wikivir.xml	10488	Krajnskazb1 2 3/55										emotion_joy_per_1k
wikivir-010488::window::1	window	wikivir-010488	19	12	0.0	0.0	0.0	0.0	4.0	333.3333333333333	0.2666666666666666	0.4134	0.0	0.0	0.0	0.0	0.0	0.0	0.0	0.0	4.0	333.3333333333333	0.2666666666666666	0.4786	1.0	83.33333333333333	0.0666666666666666	0.0034	2.0	166.66666666666666	0.1333333333333333	0.1876	4.0	333.3333333333333	0.2666666666666666	0.3624	4.0	333.3333333333333	0.0	0.0	0.7312	0.5079400000000001	0.5287599999999999	1.0	5	5	0.4166666666666667	anticipation	0.2666666666666666	wikivir.xml	10488	Krajnskazb1 2 3/55										window	wikivir-010488	wikivir-010488.s000001|wikivir-010488.s000002|wikivir-010488.s000003|wikivir-010488.s000004	4	19	19	12	Vender le voljnó terpivaDrugo bom ob létu pelSrezha nama she nalivaTi boſh polnin jes veſel	wikivir.xml	10488	Krajnskazb1 2 3/55										emotion_joy_per_1k
wikivir-006245::document::1	document	wikivir-006245	479	94	0.0	0.0	0.0	0.0	29.0	308.51063829787233	0.3052631578947368	0.1861666666666666	0.0	0.0	0.0	0.0	0.0	0.0	0.0	0.0018939393939393	31.0	329.7872340425532	0.3263157894736842	0.2347878787878787	0.0	0.0	0.0	0.0049393939393939	6.0	63.82978723404255	0.0631578947368421	0.0324545454545454	29.0	308.51063829787233	0.3052631578947368	0.1812878787878787	34.0	361.7021276595745	1.0	10.638297872340424	0.7397651515151515	0.4426666666666667	0.5097285353535354	0.9428571428571428	66	43	0.7021276595744681	joy	0.3263157894736842	wikivir.xml	6245	Lep je	Mojiceja Podgoršek	21	pesmi							document	wikivir-006245	wikivir-006245.s000001|wikivir-006245.s000002|wikivir-006245.s000003|wikivir-006245.s000004|wikivir-006245.s000005|wikivir-006245.s000006|wikivir-006245.s000007|wikivir-006245.s000008|wikivir-006245.s000009|wikivir-006245.s000010|wikivir-006245.s000011|wikivir-006245.s000012|wikivir-006245.s000013|wikivir-006245.s000014|wikivir-006245.s000015|wikivir-006245.s000016|wikivir-006245.s000017|wikivir-006245.s000018|wikivir-006245.s000019|wikivir-006245.s000020	44	479	187	92	LEP JE OBLAK, ker nam podari dež. Beautiful is a cloud, it gives us rain. LEP JE DEŽ, ker napoji zemljo. Beautiful is the rain, it waters our soil. LEP JE MOJ DEŽNIK, ker poskrbi, da se ne zmočim. Beautiful is my umbrella, it keeps me dry. LEP JE MOST, ker mi pomaga prečkati reko. Beautiful is the b	wikivir.xml	6245	Lep je	Mojiceja Podgoršek	21	pesmi							emotion_joy_per_1k
wikivir-006245::window::1	window	wikivir-006245	187	94	0.0	0.0	0.0	0.0	29.0	308.51063829787233	0.3052631578947368	0.1861666666666666	0.0	0.0	0.0	0.0	0.0	0.0	0.0	0.0018939393939393	31.0	329.7872340425532	0.3263157894736842	0.2347878787878787	0.0	0.0	0.0	0.0049393939393939	6.0	63.82978723404255	0.0631578947368421	0.0324545454545454	29.0	308.51063829787233	0.3052631578947368	0.1812878787878787	34.0	361.7021276595745	1.0	10.638297872340424	0.7397651515151515	0.4426666666666667	0.5097285353535354	0.9428571428571428	66	43	0.7021276595744681	joy	0.3263157894736842	wikivir.xml	6245	Lep je	Mojiceja Podgoršek	21	pesmi							window	wikivir-006245	wikivir-006245.s000001|wikivir-006245.s000003|wikivir-006245.s000005|wikivir-006245.s000007|wikivir-006245.s000009|wikivir-006245.s000011|wikivir-006245.s000013|wikivir-006245.s000014|wikivir-006245.s000015|wikivir-006245.s000016|wikivir-006245.s000017|wikivir-006245.s000019|wikivir-006245.s000021|wikivir-006245.s000023|wikivir-006245.s000024|wikivir-006245.s000025|wikivir-006245.s000027|wikivir-006245.s000029|wikivir-006245.s000031|wikivir-006245.s000033	26	187	187	92	LEP JE OBLAKker nam podari dežLEP JE DEŽker napoji zemljoLEP JE MOJ DEŽNIKker poskrbida se ne zmočimLEP JE MOSTker mi pomaga prečkati rekoLEP JE DANker sije sonceLEP JE MESECker razsvetli nočLEP JE MOJ OČKAker me ima radmeLEP JE MOJ DEDEKker mi prebere pravljicohe to meLEP JE PISMONOŠAker mi prinese	wikivir.xml	6245	Lep je	Mojiceja Podgoršek	21	pesmi							emotion_joy_per_1k
wikivir-003973::document::1	document	wikivir-003973	62	28	0.0	0.0	0.0	0.0	5.0	178.57142857142858	0.25	0.1405882352941176	0.0	0.0	0.0	0.0	1.0	35.714285714285715	0.05	0.0119411764705882	9.0	321.42857142857144	0.45	0.4539411764705883	0.0	0.0	0.0	0.0	0.0	0.0	0.0	0.0	5.0	178.57142857142858	0.25	0.3451764705882353	11.0	392.8571428571428	0.0	0.0	0.8024901960784314	0.4736862745098039	0.5453333333333333	1.0	17	11	0.6071428571428571	joy	0.45	wikivir.xml	3973	Ljubezen je naše življenje	Tanja Nežmah Dolinšek	21	pesmi	Angel brez kril						document	wikivir-003973	wikivir-003973.s000001|wikivir-003973.s000002|wikivir-003973.s000003|wikivir-003973.s000004|wikivir-003973.s000005|wikivir-003973.s000006|wikivir-003973.s000007|wikivir-003973.s000008|wikivir-003973.s000009|wikivir-003973.s000010|wikivir-003973.s000011|wikivir-003973.s000012|wikivir-003973.s000013	13	62	52	28	Ljubezen je lepa kakor rojstvo jutra, mehka kot perje, topla kot žamet. Ljubezen je vsak naš korak, ljubezen je naše življenje in vse to tako hitro mine, da se sploh ne zavemo minljivosti. Ljubezen je kot lepa roža, ovene roža, ovene ljubezen, če je dovolj ne zalivamo in zasipamo z lepimi besedami.	wikivir.xml	3973	Ljubezen je naše življenje	Tanja Nežmah Dolinšek	21	pesmi	Angel brez kril						emotion_joy_per_1k
wikivir-003973::window::1	window	wikivir-003973	52	28	0.0	0.0	0.0	0.0	5.0	178.57142857142858	0.25	0.1405882352941176	0.0	0.0	0.0	0.0	1.0	35.714285714285715	0.05	0.0119411764705882	9.0	321.42857142857144	0.45	0.4539411764705883	0.0	0.0	0.0	0.0	0.0	0.0	0.0	0.0	5.0	178.57142857142858	0.25	0.3451764705882353	11.0	392.8571428571428	0.0	0.0	0.8024901960784314	0.4736862745098039	0.5453333333333333	1.0	17	11	0.6071428571428571	joy	0.45	wikivir.xml	3973	Ljubezen je naše življenje	Tanja Nežmah Dolinšek	21	pesmi	Angel brez kril						window	wikivir-003973	wikivir-003973.s000001|wikivir-003973.s000002|wikivir-003973.s000003|wikivir-003973.s000004|wikivir-003973.s000005|wikivir-003973.s000006|wikivir-003973.s000007|wikivir-003973.s000008|wikivir-003973.s000009|wikivir-003973.s000010|wikivir-003973.s000011|wikivir-003973.s000012|wikivir-003973.s000013	13	52	52	28	Ljubezen je lepa kakor rojstvo jutramehka kot perjetopla kot žametLjubezen je vsak naš korakljubezen je naše življenje in vse to tako hitro mineda se sploh ne zavemo minljivostiLjubezen je kot lepa rožaovene rožaovene ljubezenče je dovolj ne zalivamo in zasipamo z lepimi besedami	wikivir.xml	3973	Ljubezen je naše življenje	Tanja Nežmah Dolinšek	21	pesmi	Angel brez kril						emotion_joy_per_1k
wikivir-011166::document::1	document	wikivir-011166	28	13	0.0	0.0	0.0	0.0	2.0	153.84615384615387	0.25	0.120125	0.0	0.0	0.0	0.0	0.0	0.0	0.0	0.0	4.0	307.69230769230774	0.5	0.213625	0.0	0.0	0.0	0.0	1.0	76.92307692307693	0.125	0.039	1.0	76.92307692307693	0.125	0.1639999999999999	5.0	384.61538461538464	0.0	0.0	0.641125	0.4285	0.56825	1.0	8	7	0.6153846153846154	joy	0.5	wikivir.xml	11166	Glasi domorodni/115	Lovro Toman	19	pesmi							document	wikivir-011166	wikivir-011166.s000001|wikivir-011166.s000002|wikivir-011166.s000003|wikivir-011166.s000004|wikivir-011166.s000005|wikivir-011166.s000006|wikivir-011166.s000007	7	28	23	13	Večni serce mi je podaril, V njem je pesmice ustvaril In naročil on je sam Mojim serčnim pesmicam, De svobodo preslavitno Naj vzigujejo očitno. —	wikivir.xml	11166	Glasi domorodni/115	Lovro Toman	19	pesmi							emotion_joy_per_1k
wikivir-011166::window::1	window	wikivir-011166	23	13	0.0	0.0	0.0	0.0	2.0	153.84615384615387	0.25	0.120125	0.0	0.0	0.0	0.0	0.0	0.0	0.0	0.0	4.0	307.69230769230774	0.5	0.213625	0.0	0.0	0.0	0.0	1.0	76.92307692307693	0.125	0.039	1.0	76.92307692307693	0.125	0.1639999999999999	5.0	384.61538461538464	0.0	0.0	0.641125	0.4285	0.56825	1.0	8	7	0.6153846153846154	joy	0.5	wikivir.xml	11166	Glasi domorodni/115	Lovro Toman	19	pesmi							window	wikivir-011166	wikivir-011166.s000001|wikivir-011166.s000002|wikivir-011166.s000003|wikivir-011166.s000004|wikivir-011166.s000005|wikivir-011166.s000006	6	23	23	13	Večni serce mi je podarilV njem je pesmice ustvaril In naročil on je sam Mojim serčnim pesmicamsvobodo preslavitno Naj vzigujejo očitno	wikivir.xml	11166	Glasi domorodni/115	Lovro Toman	19	pesmi							emotion_joy_per_1k
wikivir-006333::document::1	document	wikivir-006333	42	20	2.0	100.0	0.1	0.0	2.0	100.0	0.1	0.0302666666666666	2.0	100.0	0.1	0.0052	0.0	0.0	0.0	0.0	6.0	300.0	0.3	0.2037333333333333	0.0	0.0	0.0	0.0	2.0	100.0	0.1	0.0104	6.0	300.0	0.3	0.2032	8.0	400.0	0.0	0.0	0.7095888888888889	0.3371333333333333	0.5990555555555556	1.0	15	10	0.75	joy	0.3	wikivir.xml	6333	Drobna pesem	Karel Destovnik Kajuh	20	pesmi							document	wikivir-006333	wikivir-006333.s000001|wikivir-006333.s000002|wikivir-006333.s000003|wikivir-006333.s000004|wikivir-006333.s000005|wikivir-006333.s000006|wikivir-006333.s000007|wikivir-006333.s000008|wikivir-006333.s000009|wikivir-006333.s000010|wikivir-006333.s000011|wikivir-006333.s000012|wikivir-006333.s000013|wikivir-006333.s000014	14	42	33	20	Jaz sem droben, droben list, ki drevo mu daje hrano. To drevo iz zemlje rase, zemlja pa je vir življenja, in življenje vir človeštva, in človeštvo, to je hrast, ki človeku daje rast.	wikivir.xml	6333	Drobna pesem	Karel Destovnik Kajuh	20	pesmi							emotion_joy_per_1k
wikivir-006333::window::1	window	wikivir-006333	33	20	2.0	100.0	0.1	0.0	2.0	100.0	0.1	0.0302666666666666	2.0	100.0	0.1	0.0052	0.0	0.0	0.0	0.0	6.0	300.0	0.3	0.2037333333333333	0.0	0.0	0.0	0.0	2.0	100.0	0.1	0.0104	6.0	300.0	0.3	0.2032	8.0	400.0	0.0	0.0	0.7095888888888889	0.3371333333333333	0.5990555555555556	1.0	15	10	0.75	joy	0.3	wikivir.xml	6333	Drobna pesem	Karel Destovnik Kajuh	20	pesmi							window	wikivir-006333	wikivir-006333.s000001|wikivir-006333.s000002|wikivir-006333.s000003|wikivir-006333.s000004|wikivir-006333.s000005|wikivir-006333.s000006|wikivir-006333.s000007|wikivir-006333.s000008|wikivir-006333.s000009|wikivir-006333.s000010|wikivir-006333.s000011|wikivir-006333.s000012|wikivir-006333.s000013|wikivir-006333.s000014	14	33	33	20	Jaz sem drobendroben listki drevo mu daje hranoTo drevo iz zemlje rasezemlja pa je vir življenjain življenje vir človeštvain človeštvoto je hrastki človeku daje rast	wikivir.xml	6333	Drobna pesem	Karel Destovnik Kajuh	20	pesmi							emotion_joy_per_1k
wikivir-016544::document::1	document	wikivir-016544	13	7	0.0	0.0	0.0	0.0	2.0	285.7142857142857	0.25	0.1369999999999999	0.0	0.0	0.0	0.0	0.0	0.0	0.0	0.0	2.0	285.7142857142857	0.25	0.2623333333333333	2.0	285.7142857142857	0.25	0.0056666666666666	0.0	0.0	0.0	0.0	2.0	285.7142857142857	0.25	0.1406666666666666	2.0	285.7142857142857	0.0	0.0	0.59925	0.4598333333333333	0.4649166666666667	1.0	6	4	0.8571428571428571	anticipation	0.25	wikivir.xml	16544	Catechismus	Primož Trubar	16								document	wikivir-016544	wikivir-016544.s000001	1	13	9	7	No pojte, pojte vsi ljudje (diplomatični prepis, kritični prepis)	wikivir.xml	16544	Catechismus	Primož Trubar	16								emotion_joy_per_1k
wikivir-016544::window::1	window	wikivir-016544	9	7	0.0	0.0	0.0	0.0	2.0	285.7142857142857	0.25	0.1369999999999999	0.0	0.0	0.0	0.0	0.0	0.0	0.0	0.0	2.0	285.7142857142857	0.25	0.2623333333333333	2.0	285.7142857142857	0.25	0.0056666666666666	0.0	0.0	0.0	0.0	2.0	285.7142857142857	0.25	0.1406666666666666	2.0	285.7142857142857	0.0	0.0	0.59925	0.4598333333333333	0.4649166666666667	1.0	6	4	0.8571428571428571	anticipation	0.25	wikivir.xml	16544	Catechismus	Primož Trubar	16								window	wikivir-016544	wikivir-016544.s000001	1	9	9	7	No pojtepojte vsi ljudje diplomatični prepiskritični prepis	wikivir.xml	16544	Catechismus	Primož Trubar	16								emotion_joy_per_1k
wikivir-006153::window::1	window	wikivir-006153	48	25	0.0	0.0	0.0	0.0	7.0	280.0	0.2692307692307692	0.1517058823529412	0.0	0.0	0.0	0.0	0.0	0.0	0.0	0.0	7.0	280.0	0.2692307692307692	0.1709411764705882	2.0	80.0	0.0769230769230769	0.002	3.0	120.0	0.1153846153846153	0.0698823529411764	7.0	280.0	0.2692307692307692	0.1204705882352941	8.0	320.0	0.0	0.0	0.6285588235294117	0.4517058823529411	0.4873529411764706	1.0	17	12	0.68	anticipation	0.2692307692307692	wikivir.xml	6153	V jutranji sreči	Anica Černej	20	pesmi							window	wikivir-006153	wikivir-006153.s000001|wikivir-006153.s000002|wikivir-006153.s000003|wikivir-006153.s000004|wikivir-006153.s000005|wikivir-006153.s000006|wikivir-006153.s000007|wikivir-006153.s000008|wikivir-006153.s000009|wikivir-006153.s000010|wikivir-006153.s000011|wikivir-006153.s000012|wikivir-006153.s000013	13	48	48	25	Šla sem v jutranji sreči po svetli rosiv soncu drhtečiin si pela svojo pesemko so tvoje stopinje dohitele moje in belo pesemki jo poje v meni jutranja srečain se zlile s pesmijo v drago sozvočjeda sem premagana legla v naročje belih iskanj	wikivir.xml	6153	V jutranji sreči	Anica Černej	20	pesmi							emotion_joy_per_1k
wikivir-006153::document::1	document	wikivir-006153	55	25	0.0	0.0	0.0	0.0	7.0	280.0	0.2692307692307692	0.1517058823529412	0.0	0.0	0.0	0.0	0.0	0.0	0.0	0.0	7.0	280.0	0.2692307692307692	0.1709411764705882	2.0	80.0	0.0769230769230769	0.002	3.0	120.0	0.1153846153846153	0.0698823529411764	7.0	280.0	0.2692307692307692	0.1204705882352941	8.0	320.0	0.0	0.0	0.6285588235294117	0.4517058823529411	0.4873529411764706	1.0	17	12	0.68	anticipation	0.2692307692307692	wikivir.xml	6153	V jutranji sreči	Anica Černej	20	pesmi							document	wikivir-006153	wikivir-006153.s000001|wikivir-006153.s000002|wikivir-006153.s000003|wikivir-006153.s000004|wikivir-006153.s000005|wikivir-006153.s000006|wikivir-006153.s000007|wikivir-006153.s000008|wikivir-006153.s000009|wikivir-006153.s000010|wikivir-006153.s000011|wikivir-006153.s000012|wikivir-006153.s000013	13	55	48	25	Šla sem v jutranji sreči po svetli rosi, v soncu drhteči, in si pela svojo pesem, ko so tvoje stopinje dohitele moje in belo pesem, ki jo poje v meni jutranja sreča, in se zlile s pesmijo v drago sozvočje, da sem premagana legla v naročje belih iskanj.	wikivir.xml	6153	V jutranji sreči	Anica Černej	20	pesmi							emotion_joy_per_1k
wikivir-000409::window::1	window	wikivir-000409	23	18	1.0	55.55555555555555	0.0434782608695652	0.0052857142857142	6.0	333.3333333333333	0.2608695652173913	0.2042142857142857	0.0	0.0	0.0	0.0	2.0	111.1111111111111	0.0869565217391304	0.0134285714285714	5.0	277.77777777777777	0.217391304347826	0.2385	0.0	0.0	0.0	0.0428571428571428	2.0	111.1111111111111	0.0869565217391304	0.0396428571428571	7.0	388.8888888888889	0.3043478260869565	0.2962857142857142	7.0	388.8888888888889	2.0	111.1111111111111	0.6482738095238095	0.3642142857142857	0.5870178571428571	0.5555555555555556	14	12	0.7777777777777778	trust	0.3043478260869565	wikivir.xml	409	Pesmi in romance	Josip Murn Aleksandrov		pesmi							window	wikivir-000409	wikivir-000409.s000001|wikivir-000409.s000002|wikivir-000409.s000003|wikivir-000409.s000004|wikivir-000409.s000005|wikivir-000409.s000006	6	23	23	18	Stara verastar denarhočem ti biti gospodarbiti edini drugBog blagoslovi pardve skrinji rjuh Bog očesin in sveti duh	wikivir.xml	409	Pesmi in romance	Josip Murn Aleksandrov		pesmi							emotion_joy_per_1k
wikivir-000409::document::1	document	wikivir-000409	35	18	1.0	55.55555555555555	0.0434782608695652	0.0052857142857142	6.0	333.3333333333333	0.2608695652173913	0.2042142857142857	0.0	0.0	0.0	0.0	2.0	111.1111111111111	0.0869565217391304	0.0134285714285714	5.0	277.77777777777777	0.217391304347826	0.2385	0.0	0.0	0.0	0.0428571428571428	2.0	111.1111111111111	0.0869565217391304	0.0396428571428571	7.0	388.8888888888889	0.3043478260869565	0.2962857142857142	7.0	388.8888888888889	2.0	111.1111111111111	0.6482738095238095	0.3642142857142857	0.5870178571428571	0.5555555555555556	14	12	0.7777777777777778	trust	0.3043478260869565	wikivir.xml	409	Pesmi in romance	Josip Murn Aleksandrov		pesmi							document	wikivir-000409	wikivir-000409.s000001|wikivir-000409.s000002|wikivir-000409.s000003|wikivir-000409.s000004|wikivir-000409.s000005|wikivir-000409.s000006	6	35	23	18	"Stara vera, star denar, hočem ti biti gospodar, biti edini drug... ""Bog blagoslovi par, dve skrinji rjuh - Bog oče, sin in sveti duh!"""	wikivir.xml	409	Pesmi in romance	Josip Murn Aleksandrov		pesmi							emotion_joy_per_1k
wikivir-002819::window::14	window	wikivir-002819	300	189	1.0	5.291005291005291	0.0060975609756097	0.0042692307692307	51.0	269.8412698412698	0.3109756097560975	0.2747051282051282	1.0	5.291005291005291	0.0060975609756097	0.0074102564102564	3.0	15.873015873015872	0.0182926829268292	0.0223846153846153	52.0	275.13227513227514	0.3170731707317073	0.321576923076923	1.0	5.291005291005291	0.0060975609756097	0.0076153846153846	2.0	10.582010582010582	0.0121951219512195	0.011025641025641	53.0	280.4232804232804	0.3231707317073171	0.2595897435897435	53.0	280.4232804232804	3.0	15.873015873015872	0.7389861111111111	0.4764805555555556	0.5228260683760684	0.8928571428571429	78	21	0.4126984126984127	trust	0.3231707317073171	wikivir.xml	2819	Krajnska pismenost	Valentin Vodnik	19	neleposlovje							window	wikivir-002819	wikivir-002819.s000279|wikivir-002819.s000280|wikivir-002819.s000282|wikivir-002819.s000283|wikivir-002819.s000284|wikivir-002819.s000285|wikivir-002819.s000286|wikivir-002819.s000287|wikivir-002819.s000288|wikivir-002819.s000289|wikivir-002819.s000290|wikivir-002819.s000291|wikivir-002819.s000292|wikivir-002819.s000293|wikivir-002819.s000294|wikivir-002819.s000295|wikivir-002819.s000296|wikivir-002819.s000297|wikivir-002819.s000298|wikivir-002819.s000299	44	300	300	184	tepka je sladkatele je kislo tako tudi ljubi očehuba matiljubo detePerlog se spoznače se mu lahko perstavi ime človek ali rečpostavimvesel je perlogker se lahko rečevesel človek17Vsi perlogi imajo troji spoltroje številošest padežev in troje sklanjanjeto jeza vsaki spol enigaSe pa takole pregibajoEd	wikivir.xml	2819	Krajnska pismenost	Valentin Vodnik	19	neleposlovje							emotion_joy_per_1k
wikivir-000410::window::1	window	wikivir-000410	67	44	1.0	22.727272727272727	0.0256410256410256	0.00188	12.0	272.7272727272727	0.3076923076923077	0.21244	0.0	0.0	0.0	0.0	0.0	0.0	0.0	0.0	12.0	272.7272727272727	0.3076923076923077	0.1989199999999999	0.0	0.0	0.0	0.0	4.0	90.9090909090909	0.1025641025641025	0.0472	10.0	227.27272727272725	0.2564102564102564	0.17032	13.0	295.4545454545455	3.0	68.18181818181817	0.7244426666666668	0.4391213333333333	0.4692946666666667	0.625	25	17	0.5681818181818182	anticipation	0.3076923076923077	wikivir.xml	410	Pesmi in romance	Josip Murn Aleksandrov		pesmi							window	wikivir-000410	wikivir-000410.s000001|wikivir-000410.s000002|wikivir-000410.s000003|wikivir-000410.s000004|wikivir-000410.s000005|wikivir-000410.s000006|wikivir-000410.s000007|wikivir-000410.s000008|wikivir-000410.s000009|wikivir-000410.s000010|wikivir-000410.s000011|wikivir-000410.s000012|wikivir-000410.s000013|wikivir-000410.s000014|wikivir-000410.s000015|wikivir-000410.s000016	16	67	67	42	Jate splašenih golobov čez ravno polje letijohitri svatovski vozovi mimo polja pa drčijoV soncu bliskajo peruti mi golobovgolobic seojkako blešči s komatov svetlimedeni nakit seV soncu bliskajo peruti mi golobovgolobic seojkako blešče tam v grivi traki mi izpod cvetlic seLepilepi so drugovilepše mi 	wikivir.xml	410	Pesmi in romance	Josip Murn Aleksandrov		pesmi							emotion_joy_per_1k
wikivir-020326::window::1	window	wikivir-020326	90	55	0.0	0.0	0.0	0.0	11.0	200.0	0.2340425531914893	0.1831481481481481	0.0	0.0	0.0	0.0	1.0	18.18181818181818	0.0212765957446808	0.0034814814814814	15.0	272.7272727272727	0.3191489361702128	0.4409629629629629	3.0	54.54545454545454	0.0638297872340425	0.0018888888888888	7.0	127.27272727272728	0.1489361702127659	0.1015555555555555	10.0	181.8181818181818	0.2127659574468085	0.1808148148148148	18.0	327.27272727272725	0.0	0.0	0.7789779541446208	0.4919183421516755	0.559336507936508	1.0	27	23	0.4909090909090909	joy	0.3191489361702128	wikivir.xml	20326	Njemu sem na veke zvesta	Anica Žemlja		pesmi							window	wikivir-020326	wikivir-020326.s000001|wikivir-020326.s000002|wikivir-020326.s000003|wikivir-020326.s000004|wikivir-020326.s000005|wikivir-020326.s000006|wikivir-020326.s000007|wikivir-020326.s000008|wikivir-020326.s000009|wikivir-020326.s000010|wikivir-020326.s000011|wikivir-020326.s000012|wikivir-020326.s000013|wikivir-020326.s000014|wikivir-020326.s000015|wikivir-020326.s000016|wikivir-020326.s000017|wikivir-020326.s000018|wikivir-020326.s000019|wikivir-020326.s000020	20	90	90	54	Rožice so nežno cvelez grmov pa so ptičke pele o veselja lepej dobio pomlajenej svetlobiSrečna sem med njimi stalasrečna petje sem slušalaglasno tudi jaz sem pelanežno tudi jaz cvetelaOjveseledrobne pticelepe vemlade cveticetudi zdaj še pojem glasnotudi zdaj še cvetem krasnoPa le jedno srce moje v s	wikivir.xml	20326	Njemu sem na veke zvesta	Anica Žemlja		pesmi							emotion_joy_per_1k
wikivir-000410::document::1	document	wikivir-000410	82	44	1.0	22.727272727272727	0.0256410256410256	0.00188	12.0	272.7272727272727	0.3076923076923077	0.21244	0.0	0.0	0.0	0.0	0.0	0.0	0.0	0.0	12.0	272.7272727272727	0.3076923076923077	0.1989199999999999	0.0	0.0	0.0	0.0	4.0	90.9090909090909	0.1025641025641025	0.0472	10.0	227.27272727272725	0.2564102564102564	0.17032	13.0	295.4545454545455	3.0	68.18181818181817	0.7244426666666668	0.4391213333333333	0.4692946666666667	0.625	25	17	0.5681818181818182	anticipation	0.3076923076923077	wikivir.xml	410	Pesmi in romance	Josip Murn Aleksandrov		pesmi							document	wikivir-000410	wikivir-000410.s000001|wikivir-000410.s000002|wikivir-000410.s000003|wikivir-000410.s000004|wikivir-000410.s000005|wikivir-000410.s000006|wikivir-000410.s000007|wikivir-000410.s000008|wikivir-000410.s000009|wikivir-000410.s000010|wikivir-000410.s000011|wikivir-000410.s000012|wikivir-000410.s000013|wikivir-000410.s000014|wikivir-000410.s000015|wikivir-000410.s000016	16	82	67	42	Jate splašenih golobov čez ravno polje letijo, hitri svatovski vozovi mimo polja pa drčijo. V soncu bliskajo peruti mi golobov, golobic se, oj, kako blešči s komatov svetli, medeni nakit se! V soncu bliskajo peruti mi golobov, golobic se, oj, kako blešče tam v grivi traki mi izpod cvetlic se! Lepi, 	wikivir.xml	410	Pesmi in romance	Josip Murn Aleksandrov		pesmi							emotion_joy_per_1k
wikivir-020326::document::1	document	wikivir-020326	112	55	0.0	0.0	0.0	0.0	11.0	200.0	0.2340425531914893	0.1831481481481481	0.0	0.0	0.0	0.0	1.0	18.18181818181818	0.0212765957446808	0.0034814814814814	15.0	272.7272727272727	0.3191489361702128	0.4409629629629629	3.0	54.54545454545454	0.0638297872340425	0.0018888888888888	7.0	127.27272727272728	0.1489361702127659	0.1015555555555555	10.0	181.8181818181818	0.2127659574468085	0.1808148148148148	18.0	327.27272727272725	0.0	0.0	0.7789779541446208	0.4919183421516755	0.559336507936508	1.0	27	23	0.4909090909090909	joy	0.3191489361702128	wikivir.xml	20326	Njemu sem na veke zvesta	Anica Žemlja		pesmi							document	wikivir-020326	wikivir-020326.s000001|wikivir-020326.s000002|wikivir-020326.s000003|wikivir-020326.s000004|wikivir-020326.s000005|wikivir-020326.s000006|wikivir-020326.s000007|wikivir-020326.s000008|wikivir-020326.s000009|wikivir-020326.s000010|wikivir-020326.s000011|wikivir-020326.s000012|wikivir-020326.s000013|wikivir-020326.s000014|wikivir-020326.s000015|wikivir-020326.s000016|wikivir-020326.s000017|wikivir-020326.s000018|wikivir-020326.s000019|wikivir-020326.s000020	20	112	90	54	Rožice so nežno cvele, z grmov pa so ptičke pele o veselja lepej dobi, o pomlajenej svetlobi. Srečna sem med njimi stala, srečna petje sem slušala, glasno tudi jaz sem pela, nežno tudi jaz cvetela. Oj, vesele, drobne ptice, lepe ve, mlade cvetice, tudi zdaj še pojem glasno, tudi zdaj še cvetem krasn	wikivir.xml	20326	Njemu sem na veke zvesta	Anica Žemlja		pesmi							emotion_joy_per_1k
wikivir-003388::window::53	window	wikivir-003388	75	48	0.0	0.0	0.0	0.0	6.0	125.0	0.2222222222222222	0.0927941176470588	0.0	0.0	0.0	0.0	0.0	0.0	0.0	0.0	13.0	270.8333333333333	0.4814814814814814	0.1711470588235294	0.0	0.0	0.0	0.0	3.0	62.5	0.1111111111111111	0.0250588235294117	5.0	104.16666666666669	0.1851851851851851	0.0751764705882352	12.0	250.0	0.0	0.0	0.6908235294117647	0.4127696078431372	0.5685343137254901	1.0	34	20	0.7083333333333334	joy	0.4814814814814814	wikivir.xml	3388	Veliki turnir	Matej Krajnc	21	romani							window	wikivir-003388	wikivir-003388.s000950|wikivir-003388.s000951|wikivir-003388.s000952|wikivir-003388.s000953|wikivir-003388.s000954|wikivir-003388.s000955|wikivir-003388.s000956|wikivir-003388.s000957|wikivir-003388.s000958|wikivir-003388.s000959|wikivir-003388.s000960|wikivir-003388.s000961|wikivir-003388.s000962|wikivir-003388.s000963|wikivir-003388.s000964|wikivir-003388.s000965|wikivir-003388.s000966|wikivir-003388.s000967|wikivir-003388.s000968|wikivir-003388.s000969	23	75	75	47	sreča in mirIn seveda nam že dobro znana pesemNa Planetu lutk je sonce iz blagaluna iz papirjagozd pa iz zlataNa Planetu lutk živijo lutke v slogivsi se imajo radibogati in ubogiTam so vedno krasne lutkaste porokevsi imajo krasne lutkaste otrokeNa Planetu lutk gostov ne podijoglasno jih pozdravijovl	wikivir.xml	3388	Veliki turnir	Matej Krajnc	21	romani							emotion_joy_per_1k
wikivir-003978::document::1	document	wikivir-003978	62	26	0.0	0.0	0.0	0.0	7.0	269.2307692307692	0.2692307692307692	0.17695	1.0	38.46153846153847	0.0384615384615384	0.04295	0.0	0.0	0.0	0.0242	7.0	269.2307692307692	0.2692307692307692	0.2266	2.0	76.92307692307693	0.0769230769230769	0.07655	4.0	153.84615384615387	0.1538461538461538	0.05355	5.0	192.30769230769232	0.1923076923076923	0.14105	10.0	384.61538461538464	3.0	115.3846153846154	0.6878625	0.4213166666666666	0.5277708333333333	0.5384615384615384	20	18	0.7692307692307693	anticipation	0.2692307692307692	wikivir.xml	3978	Moj najdražji	Tanja Nežmah Dolinšek	21	pesmi	Angel brez kril						document	wikivir-003978	wikivir-003978.s000001|wikivir-003978.s000002|wikivir-003978.s000003|wikivir-003978.s000004|wikivir-003978.s000005|wikivir-003978.s000006|wikivir-003978.s000007|wikivir-003978.s000008|wikivir-003978.s000009|wikivir-003978.s000010|wikivir-003978.s000011|wikivir-003978.s000012	12	62	51	26	Tvoje oči so tako modre kakor sinje nebo, tvoji lasje so kakor žito, ki v vetru valovi. Tvoj nasmeh je tako lep kakor svetleča zvezda, tvoj pogled je sončni žarek. Da, to si ti, moja največja bolečina, moja največja muka. Ti si moje edino upanje, ti si moj poslednji lepi sen.	wikivir.xml	3978	Moj najdražji	Tanja Nežmah Dolinšek	21	pesmi	Angel brez kril						emotion_joy_per_1k
wikivir-003978::window::1	window	wikivir-003978	51	26	0.0	0.0	0.0	0.0	7.0	269.2307692307692	0.2692307692307692	0.17695	1.0	38.46153846153847	0.0384615384615384	0.04295	0.0	0.0	0.0	0.0242	7.0	269.2307692307692	0.2692307692307692	0.2266	2.0	76.92307692307693	0.0769230769230769	0.07655	4.0	153.84615384615387	0.1538461538461538	0.05355	5.0	192.30769230769232	0.1923076923076923	0.14105	10.0	384.61538461538464	3.0	115.3846153846154	0.6878625	0.4213166666666666	0.5277708333333333	0.5384615384615384	20	18	0.7692307692307693	anticipation	0.2692307692307692	wikivir.xml	3978	Moj najdražji	Tanja Nežmah Dolinšek	21	pesmi	Angel brez kril						window	wikivir-003978	wikivir-003978.s000001|wikivir-003978.s000002|wikivir-003978.s000003|wikivir-003978.s000004|wikivir-003978.s000005|wikivir-003978.s000006|wikivir-003978.s000007|wikivir-003978.s000008|wikivir-003978.s000009|wikivir-003978.s000010|wikivir-003978.s000011|wikivir-003978.s000012	12	51	51	26	Tvoje oči so tako modre kakor sinje nebotvoji lasje so kakor žitoki v vetru valoviTvoj nasmeh je tako lep kakor svetleča zvezdatvoj pogled je sončni žarekDato si timoja največja bolečinamoja največja mukaTi si moje edino upanjeti si moj poslednji lepi sen	wikivir.xml	3978	Moj najdražji	Tanja Nežmah Dolinšek	21	pesmi	Angel brez kril						emotion_joy_per_1k
wikivir-015719::document::1	document	wikivir-015719	73	34	0.0	0.0	0.0	0.0	2.0	58.8235294117647	0.1428571428571428	0.0756874999999999	0.0	0.0	0.0	0.0	0.0	0.0	0.0	0.0	9.0	264.7058823529412	0.6428571428571429	0.39475	0.0	0.0	0.0	0.0	1.0	29.41176470588235	0.0714285714285714	0.119125	2.0	58.8235294117647	0.1428571428571428	0.1264375	10.0	294.11764705882354	0.0	0.0	0.8238489583333333	0.489046875	0.595359375	1.0	16	13	0.4705882352941176	joy	0.6428571428571429	wikivir.xml	15719	Lepota	Niko Grafenauer		pesmi							document	wikivir-015719	wikivir-015719.s000001|wikivir-015719.s000002|wikivir-015719.s000003|wikivir-015719.s000004|wikivir-015719.s000005|wikivir-015719.s000006|wikivir-015719.s000007|wikivir-015719.s000008|wikivir-015719.s000009|wikivir-015719.s000010|wikivir-015719.s000011|wikivir-015719.s000012|wikivir-015719.s000013|wikivir-015719.s000014|wikivir-015719.s000015|wikivir-015719.s000016|wikivir-015719.s000017	17	73	63	34	Niko Grafenauer : Lepota Lepota se s čuti odstira in boža. Ob njej se v začudenju duša razpira kot roža. Lepota je dosegljiva samo za dotike občudovanja. Takrat so njene oči velike od smehljanja. V njih se uročenost svetlika, ki se nikoli ne strezni. Saj je lepota najvišja oblika ljubezni. Zato je k	wikivir.xml	15719	Lepota	Niko Grafenauer		pesmi							emotion_joy_per_1k
wikivir-015719::window::1	window	wikivir-015719	63	34	0.0	0.0	0.0	0.0	2.0	58.8235294117647	0.1428571428571428	0.0756874999999999	0.0	0.0	0.0	0.0	0.0	0.0	0.0	0.0	9.0	264.7058823529412	0.6428571428571429	0.39475	0.0	0.0	0.0	0.0	1.0	29.41176470588235	0.0714285714285714	0.119125	2.0	58.8235294117647	0.1428571428571428	0.1264375	10.0	294.11764705882354	0.0	0.0	0.8238489583333333	0.489046875	0.595359375	1.0	16	13	0.4705882352941176	joy	0.6428571428571429	wikivir.xml	15719	Lepota	Niko Grafenauer		pesmi							window	wikivir-015719	wikivir-015719.s000001|wikivir-015719.s000002|wikivir-015719.s000003|wikivir-015719.s000004|wikivir-015719.s000005|wikivir-015719.s000006|wikivir-015719.s000007|wikivir-015719.s000008|wikivir-015719.s000009|wikivir-015719.s000010|wikivir-015719.s000011|wikivir-015719.s000012|wikivir-015719.s000013|wikivir-015719.s000014|wikivir-015719.s000015|wikivir-015719.s000016|wikivir-015719.s000017	17	63	63	34	Niko Grafenauer Lepota Lepota se s čuti odstira in božaOb njej se v začudenju duša razpira kot rožaLepota je dosegljiva samo za dotike občudovanjaTakrat so njene oči velike od smehljanjaV njih se uročenost svetlikaki se nikoli ne strezniSaj je lepota najvišja oblika ljubezniZato je kot čudež do nepr	wikivir.xml	15719	Lepota	Niko Grafenauer		pesmi							emotion_joy_per_1k
wikivir-019178::window::2	window	wikivir-019178	300	212	1.0	4.716981132075471	0.0051020408163265	0.0006608695652173	46.0	216.9811320754717	0.2346938775510204	0.2026521739130435	2.0	9.433962264150942	0.010204081632653	0.0057130434782608	21.0	99.05660377358492	0.1071428571428571	0.0194695652173913	56.0	264.1509433962264	0.2857142857142857	0.3091565217391304	2.0	9.433962264150942	0.010204081632653	0.006191304347826	13.0	61.320754716981135	0.0663265306122449	0.0531478260869565	55.0	259.4339622641509	0.2806122448979591	0.2692173913043478	64.0	301.8867924528301	6.0	28.30188679245283	0.7206010869565219	0.4440057971014494	0.6067235507246379	0.8285714285714286	115	57	0.5424528301886793	joy	0.2857142857142857	wikivir.xml	19178	Teharski plemiči	Anton Funtek	19	igra s petjem			1890.0				window	wikivir-019178	wikivir-019178.s000041|wikivir-019178.s000042|wikivir-019178.s000043|wikivir-019178.s000044|wikivir-019178.s000045|wikivir-019178.s000046|wikivir-019178.s000047|wikivir-019178.s000048|wikivir-019178.s000049|wikivir-019178.s000050|wikivir-019178.s000051|wikivir-019178.s000052|wikivir-019178.s000053|wikivir-019178.s000054|wikivir-019178.s000055|wikivir-019178.s000056|wikivir-019178.s000057|wikivir-019178.s000058|wikivir-019178.s000059|wikivir-019178.s000060	74	300	300	210	Najlepšega dekletaBog živi tezaročni parBog čuvaj ti ljubezni žarDa srečna stata sreča I nam blaginjo večaRazvrsté se v polukroguIvan z Marjetico poklekne pred Pengarjada ju blagosloviIz dalje se čuje večerni zvonPengarK tebiBogv višine svetePlôve prošnje moje glasZa jedino svoje dete Oče móli sivol	wikivir.xml	19178	Teharski plemiči	Anton Funtek	19	igra s petjem			1890.0				emotion_joy_per_1k
wikivir-016167::window::1	window	wikivir-016167	76	42	0.0	0.0	0.0	0.0	8.0	190.47619047619045	0.25	0.19175	0.0	0.0	0.0	0.0	0.0	0.0	0.0	0.0	11.0	261.9047619047619	0.34375	0.2953	0.0	0.0	0.0	0.0	6.0	142.85714285714286	0.1875	0.09455	7.0	166.66666666666666	0.21875	0.2337	13.0	309.5238095238095	0.0	0.0	0.7040916666666667	0.4003916666666667	0.5365416666666666	1.0	20	13	0.4761904761904761	joy	0.34375	wikivir.xml	16167	Dekliška pesem	Joža Lovrenčič	20	pesmi							window	wikivir-016167	wikivir-016167.s000001|wikivir-016167.s000002|wikivir-016167.s000003|wikivir-016167.s000004|wikivir-016167.s000005|wikivir-016167.s000006|wikivir-016167.s000007|wikivir-016167.s000008|wikivir-016167.s000009|wikivir-016167.s000010|wikivir-016167.s000011|wikivir-016167.s000012|wikivir-016167.s000013|wikivir-016167.s000014|wikivir-016167.s000015|wikivir-016167.s000016|wikivir-016167.s000017|wikivir-016167.s000018|wikivir-016167.s000019|wikivir-016167.s000020	20	76	76	41	V oknu mojem nagelji cvetejorudijosolnce jih pozdravljazvezde ž njimi govorijoLe cvetitele cvetitenagelji rudečivi ste neme priče moji mladi srečiV srcu mojem je ljubezen bolj kot vi gorečada je sama ne razumemko od dne do dne se večaZdi se mida mi brez ljubezni upanje ne bi zorelo in cvetoči sreči 	wikivir.xml	16167	Dekliška pesem	Joža Lovrenčič	20	pesmi							emotion_joy_per_1k
wikivir-016167::document::1	document	wikivir-016167	95	42	0.0	0.0	0.0	0.0	8.0	190.47619047619045	0.25	0.19175	0.0	0.0	0.0	0.0	0.0	0.0	0.0	0.0	11.0	261.9047619047619	0.34375	0.2953	0.0	0.0	0.0	0.0	6.0	142.85714285714286	0.1875	0.09455	7.0	166.66666666666666	0.21875	0.2337	13.0	309.5238095238095	0.0	0.0	0.7040916666666667	0.4003916666666667	0.5365416666666666	1.0	20	13	0.4761904761904761	joy	0.34375	wikivir.xml	16167	Dekliška pesem	Joža Lovrenčič	20	pesmi							document	wikivir-016167	wikivir-016167.s000001|wikivir-016167.s000002|wikivir-016167.s000003|wikivir-016167.s000004|wikivir-016167.s000005|wikivir-016167.s000006|wikivir-016167.s000007|wikivir-016167.s000008|wikivir-016167.s000009|wikivir-016167.s000010|wikivir-016167.s000011|wikivir-016167.s000012|wikivir-016167.s000013|wikivir-016167.s000014|wikivir-016167.s000015|wikivir-016167.s000016|wikivir-016167.s000017|wikivir-016167.s000018|wikivir-016167.s000019|wikivir-016167.s000020	20	95	76	41	V oknu mojem nagelji cvetejo, rudijo, solnce jih pozdravlja, zvezde ž njimi govorijo. Le cvetite, le cvetite, nagelji rudeči, vi ste neme priče moji mladi sreči! V srcu mojem je ljubezen bolj kot vi goreča, da je sama ne razumem, ko od dne do dne se veča. Zdi se mi, da mi brez ljubezni upanje ne bi 	wikivir.xml	16167	Dekliška pesem	Joža Lovrenčič	20	pesmi							emotion_joy_per_1k
wikivir-006200::document::1	document	wikivir-006200	71	23	1.0	43.47826086956522	0.0357142857142857	0.039235294117647	8.0	347.8260869565217	0.2857142857142857	0.088235294117647	0.0	0.0	0.0	0.0	3.0	130.43478260869566	0.1071428571428571	0.0878235294117647	6.0	260.8695652173913	0.2142857142857142	0.075235294117647	1.0	43.47826086956522	0.0357142857142857	0.0222941176470588	7.0	304.34782608695656	0.25	0.0675882352941176	2.0	86.95652173913044	0.0714285714285714	0.0574705882352941	7.0	304.34782608695656	3.0	130.43478260869566	0.4341176470588235	0.3350686274509803	0.3840049019607843	0.4	17	10	0.7391304347826086	anticipation	0.2857142857142857	wikivir.xml	6200	Naša pesem	Karel Destovnik Kajuh	20	pesmi							document	wikivir-006200	wikivir-006200.s000001|wikivir-006200.s000002|wikivir-006200.s000003|wikivir-006200.s000004|wikivir-006200.s000005|wikivir-006200.s000006|wikivir-006200.s000007|wikivir-006200.s000008|wikivir-006200.s000009|wikivir-006200.s000010|wikivir-006200.s000011|wikivir-006200.s000012	12	71	58	23	Moja pesem ni le moja pesem, to je krik vseh nas! Moja pesem ni le moja pesem, to je boj vseh nas! Biti mlad v teh težkih časih, to se pravi brez mladosti biti mlad, zreti starega sveta propad, skrivati premnogo nad, to se pravi biti mlad ... Pa je vendar sreča biti mlad, biti mlad in poln nad!	wikivir.xml	6200	Naša pesem	Karel Destovnik Kajuh	20	pesmi							emotion_joy_per_1k
wikivir-006200::window::1	window	wikivir-006200	58	23	1.0	43.47826086956522	0.0357142857142857	0.039235294117647	8.0	347.8260869565217	0.2857142857142857	0.088235294117647	0.0	0.0	0.0	0.0	3.0	130.43478260869566	0.1071428571428571	0.0878235294117647	6.0	260.8695652173913	0.2142857142857142	0.075235294117647	1.0	43.47826086956522	0.0357142857142857	0.0222941176470588	7.0	304.34782608695656	0.25	0.0675882352941176	2.0	86.95652173913044	0.0714285714285714	0.0574705882352941	7.0	304.34782608695656	3.0	130.43478260869566	0.4341176470588235	0.3350686274509803	0.3840049019607843	0.4	17	10	0.7391304347826086	anticipation	0.2857142857142857	wikivir.xml	6200	Naša pesem	Karel Destovnik Kajuh	20	pesmi							window	wikivir-006200	wikivir-006200.s000001|wikivir-006200.s000002|wikivir-006200.s000003|wikivir-006200.s000004|wikivir-006200.s000005|wikivir-006200.s000006|wikivir-006200.s000007|wikivir-006200.s000008|wikivir-006200.s000009|wikivir-006200.s000010|wikivir-006200.s000011|wikivir-006200.s000012	12	58	58	23	Moja pesem ni le moja pesemto je krik vseh nasMoja pesem ni le moja pesemto je boj vseh nasBiti mlad v teh težkih časihto se pravi brez mladosti biti mladzreti starega sveta propadskrivati premnogo nadto se pravi biti mlad Pa je vendar sreča biti mladbiti mlad in poln nad	wikivir.xml	6200	Naša pesem	Karel Destovnik Kajuh	20	pesmi							emotion_joy_per_1k
wikivir-000140::window::1	window	wikivir-000140	12	8	0.0	0.0	0.0	0.0	2.0	250.0	0.25	0.2739999999999999	0.0	0.0	0.0	0.0	0.0	0.0	0.0	0.0	2.0	250.0	0.25	0.486	2.0	250.0	0.25	0.0113333333333333	0.0	0.0	0.0	0.0	2.0	250.0	0.25	0.2813333333333333	2.0	250.0	0.0	0.0	0.8603333333333333	0.5736666666666667	0.4236666666666666	1.0	3	2	0.375	anticipation	0.25	wikivir.xml	140	Poezije	Jernej Levicnik		pesmi							window	wikivir-000140	wikivir-000140.s000001|wikivir-000140.s000002	2	12	12	6	Kako bi neki sladke pel LesničnjekKako bi neki prave pel Levičnjek	wikivir.xml	140	Poezije	Jernej Levicnik		pesmi							emotion_joy_per_1k
wikivir-000140::document::1	document	wikivir-000140	14	8	0.0	0.0	0.0	0.0	2.0	250.0	0.25	0.2739999999999999	0.0	0.0	0.0	0.0	0.0	0.0	0.0	0.0	2.0	250.0	0.25	0.486	2.0	250.0	0.25	0.0113333333333333	0.0	0.0	0.0	0.0	2.0	250.0	0.25	0.2813333333333333	2.0	250.0	0.0	0.0	0.8603333333333333	0.5736666666666667	0.4236666666666666	1.0	3	2	0.375	anticipation	0.25	wikivir.xml	140	Poezije	Jernej Levicnik		pesmi							document	wikivir-000140	wikivir-000140.s000001|wikivir-000140.s000002	2	14	12	6	Kako bi neki sladke pel Lesničnjek! Kako bi neki prave pel Levičnjek!	wikivir.xml	140	Poezije	Jernej Levicnik		pesmi							emotion_joy_per_1k
wikivir-017503::window::1	window	wikivir-017503	38	20	0.0	0.0	0.0	0.0	1.0	50.0	0.0769230769230769	0.0	0.0	0.0	0.0	0.0	0.0	0.0	0.0	0.0	5.0	250.0	0.3846153846153846	0.3052499999999999	0.0	0.0	0.0	0.0	1.0	50.0	0.0769230769230769	0.0449166666666666	6.0	300.0	0.4615384615384615	0.18425	6.0	300.0	0.0	0.0	0.701375	0.4662916666666667	0.5915416666666666	1.0	12	10	0.6	trust	0.4615384615384615	wikivir.xml	17503	Mladini v spominsko knjigo	Jožef Mihelič	20	pesmi			1940.0				window	wikivir-017503	wikivir-017503.s000001|wikivir-017503.s000002|wikivir-017503.s000003|wikivir-017503.s000004|wikivir-017503.s000005|wikivir-017503.s000006|wikivir-017503.s000007|wikivir-017503.s000008	8	38	38	19	Šopek spominčic poklanjam ti v darz njimi pa to naročilokakor te rožice bele tvoje srce naj bi bíloPomninajvečje bogastvo je to srečenkdor z njim se ponašasrce nedolžnokristalno čisto vsako bogastvo prekaša	wikivir.xml	17503	Mladini v spominsko knjigo	Jožef Mihelič	20	pesmi			1940.0				emotion_joy_per_1k
wikivir-001715::document::1	document	wikivir-001715	36	12	0.0	0.0	0.0	0.0	3.0	250.0	0.375	0.2081428571428571	0.0	0.0	0.0	0.0	0.0	0.0	0.0	0.0	3.0	250.0	0.375	0.247	1.0	83.33333333333333	0.125	0.0024285714285714	0.0	0.0	0.0	0.0	1.0	83.33333333333333	0.125	0.0602857142857142	3.0	250.0	1.0	83.33333333333333	0.6837142857142856	0.4143333333333333	0.4146666666666666	0.5	7	6	0.5833333333333334	anticipation	0.375	wikivir.xml	1715	Televizijski otroci (pesem)	Neža Maurer		pesmi							document	wikivir-001715	wikivir-001715.s000001|wikivir-001715.s000002|wikivir-001715.s000003|wikivir-001715.s000004|wikivir-001715.s000005|wikivir-001715.s000006|wikivir-001715.s000007|wikivir-001715.s000008	8	36	28	12	V televizorju so majhni otroci doma: igrajo se, pojejo, plešejo - le če jih pokličeš, nihče nič ne sliši. Kaj se hoče! Takšni otroci so tudi v naši hiši.	wikivir.xml	1715	Televizijski otroci (pesem)	Neža Maurer		pesmi							emotion_joy_per_1k
wikivir-010470::window::1	window	wikivir-010470	36	24	0.0	0.0	0.0	0.0	6.0	250.0	0.3	0.1829411764705882	0.0	0.0	0.0	0.0	0.0	0.0	0.0	0.0	6.0	250.0	0.3	0.2902352941176471	0.0	0.0	0.0	0.0	6.0	250.0	0.3	0.1232941176470588	2.0	83.33333333333333	0.1	0.0515294117647058	6.0	250.0	0.0	0.0	0.6900980392156862	0.4637254901960784	0.5496274509803922	1.0	17	6	0.7083333333333334	anticipation	0.3	wikivir.xml	10470	Otroci kličejo pomlad	Emil Adamič	20. stoletje	ljudsko besedilo							window	wikivir-010470	wikivir-010470.s000001|wikivir-010470.s000002|wikivir-010470.s000003|wikivir-010470.s000004|wikivir-010470.s000005|wikivir-010470.s000006|wikivir-010470.s000007|wikivir-010470.s000008	8	36	36	24	Sijajsijaj soncezlato moje srcedam ti rdečedam ti rdečerdeče jajčeceTebi polmeni polnaši mamici pa polSijajsijaj soncezlato moje srcedam ti rdečedam ti rdečerdeče jajčece	wikivir.xml	10470	Otroci kličejo pomlad	Emil Adamič	20. stoletje	ljudsko besedilo							emotion_joy_per_1k
wikivir-015777::document::1	document	wikivir-015777	14	8	0.0	0.0	0.0	0.0	2.0	250.0	0.25	0.2739999999999999	0.0	0.0	0.0	0.0	0.0	0.0	0.0	0.0	2.0	250.0	0.25	0.486	2.0	250.0	0.25	0.0113333333333333	0.0	0.0	0.0	0.0	2.0	250.0	0.25	0.2813333333333333	2.0	250.0	0.0	0.0	0.8603333333333333	0.5736666666666667	0.4236666666666666	1.0	3	2	0.375	anticipation	0.25	wikivir.xml	15777	Lesničniku in Levičniku	France Prešeren	19	pesmi							document	wikivir-015777	wikivir-015777.s000001|wikivir-015777.s000002	2	14	12	6	Kako bi neki sladke pel Lesničnik! Kako bi neki prave pel Levičnik!	wikivir.xml	15777	Lesničniku in Levičniku	France Prešeren	19	pesmi							emotion_joy_per_1k
wikivir-000488::document::1	document	wikivir-000488	51	20	0.0	0.0	0.0	0.0	5.0	250.0	0.2941176470588235	0.1875	0.0	0.0	0.0	0.0	0.0	0.0	0.0	0.0	5.0	250.0	0.2941176470588235	0.3292857142857142	1.0	50.0	0.0588235294117647	0.0389285714285714	3.0	150.0	0.1764705882352941	0.0831428571428571	3.0	150.0	0.1764705882352941	0.1389999999999999	6.0	300.0	0.0	0.0	0.7026785714285714	0.5058238095238096	0.5404738095238095	1.0	14	13	0.7	anticipation	0.2941176470588235	wikivir.xml	488	Pesmi in romance	Josip Murn Aleksandrov		pesmi							document	wikivir-000488	wikivir-000488.s000001|wikivir-000488.s000002|wikivir-000488.s000003|wikivir-000488.s000004|wikivir-000488.s000005|wikivir-000488.s000006|wikivir-000488.s000007|wikivir-000488.s000008|wikivir-000488.s000009|wikivir-000488.s000010|wikivir-000488.s000011|wikivir-000488.s000012	12	51	45	20	Koder hodiš ti, kjer bi koli bila - ves moj duh ti sledi in vsa duša moja. Brez vse strasti gorko že bi k tebi srce oči nad tabo veselejše vzgore! Tak do temnih daljav ogenj daljni blešči - tak brez glasu z višav zvezda žarna blešči -	wikivir.xml	488	Pesmi in romance	Josip Murn Aleksandrov		pesmi							emotion_joy_per_1k
wikivir-000488::window::1	window	wikivir-000488	45	20	0.0	0.0	0.0	0.0	5.0	250.0	0.2941176470588235	0.1875	0.0	0.0	0.0	0.0	0.0	0.0	0.0	0.0	5.0	250.0	0.2941176470588235	0.3292857142857142	1.0	50.0	0.0588235294117647	0.0389285714285714	3.0	150.0	0.1764705882352941	0.0831428571428571	3.0	150.0	0.1764705882352941	0.1389999999999999	6.0	300.0	0.0	0.0	0.7026785714285714	0.5058238095238096	0.5404738095238095	1.0	14	13	0.7	anticipation	0.2941176470588235	wikivir.xml	488	Pesmi in romance	Josip Murn Aleksandrov		pesmi							window	wikivir-000488	wikivir-000488.s000001|wikivir-000488.s000002|wikivir-000488.s000003|wikivir-000488.s000004|wikivir-000488.s000005|wikivir-000488.s000006|wikivir-000488.s000007|wikivir-000488.s000008|wikivir-000488.s000009|wikivir-000488.s000010|wikivir-000488.s000011|wikivir-000488.s000012	12	45	45	20	Koder hodiš tikjer bi koli bila ves moj duh ti sledi in vsa duša mojaBrez vse strasti gorko že bi k tebi srce oči nad tabo veselejše vzgoreTak do temnih daljav ogenj daljni blešči tak brez glasu z višav zvezda žarna blešči	wikivir.xml	488	Pesmi in romance	Josip Murn Aleksandrov		pesmi							emotion_joy_per_1k
wikivir-001715::window::1	window	wikivir-001715	28	12	0.0	0.0	0.0	0.0	3.0	250.0	0.375	0.2081428571428571	0.0	0.0	0.0	0.0	0.0	0.0	0.0	0.0	3.0	250.0	0.375	0.247	1.0	83.33333333333333	0.125	0.0024285714285714	0.0	0.0	0.0	0.0	1.0	83.33333333333333	0.125	0.0602857142857142	3.0	250.0	1.0	83.33333333333333	0.6837142857142856	0.4143333333333333	0.4146666666666666	0.5	7	6	0.5833333333333334	anticipation	0.375	wikivir.xml	1715	Televizijski otroci (pesem)	Neža Maurer		pesmi							window	wikivir-001715	wikivir-001715.s000001|wikivir-001715.s000002|wikivir-001715.s000003|wikivir-001715.s000004|wikivir-001715.s000005|wikivir-001715.s000006|wikivir-001715.s000007|wikivir-001715.s000008	8	28	28	12	V televizorju so majhni otroci domaigrajo sepojejoplešejo le če jih pokličešnihče nič ne slišiKaj se hočeTakšni otroci so tudi v naši hiši	wikivir.xml	1715	Televizijski otroci (pesem)	Neža Maurer		pesmi							emotion_joy_per_1k
wikivir-015777::window::1	window	wikivir-015777	12	8	0.0	0.0	0.0	0.0	2.0	250.0	0.25	0.2739999999999999	0.0	0.0	0.0	0.0	0.0	0.0	0.0	0.0	2.0	250.0	0.25	0.486	2.0	250.0	0.25	0.0113333333333333	0.0	0.0	0.0	0.0	2.0	250.0	0.25	0.2813333333333333	2.0	250.0	0.0	0.0	0.8603333333333333	0.5736666666666667	0.4236666666666666	1.0	3	2	0.375	anticipation	0.25	wikivir.xml	15777	Lesničniku in Levičniku	France Prešeren	19	pesmi							window	wikivir-015777	wikivir-015777.s000001|wikivir-015777.s000002	2	12	12	6	Kako bi neki sladke pel LesničnikKako bi neki prave pel Levičnik	wikivir.xml	15777	Lesničniku in Levičniku	France Prešeren	19	pesmi							emotion_joy_per_1k
wikivir-004967::document::1	document	wikivir-004967	96	52	0.0	0.0	0.0	0.0	20.0	384.61538461538464	0.2352941176470588	0.2163157894736841	1.0	19.230769230769237	0.0117647058823529	0.0082105263157894	0.0	0.0	0.0	0.0	20.0	384.61538461538464	0.2352941176470588	0.3836842105263157	20.0	384.61538461538464	0.2352941176470588	0.0175263157894736	1.0	19.230769230769237	0.0117647058823529	0.0217894736842105	23.0	442.30769230769226	0.2705882352941176	0.2597631578947369	23.0	442.30769230769226	1.0	19.230769230769237	0.7396052631578949	0.5149605263157896	0.4533552631578947	0.9166666666666666	38	13	0.7307692307692307	trust	0.2705882352941176	wikivir.xml	4967	Potem so peli	Vitomil Zupan	20	pesmi							document	wikivir-004967	wikivir-004967.s000001|wikivir-004967.s000002|wikivir-004967.s000003|wikivir-004967.s000004|wikivir-004967.s000005|wikivir-004967.s000006|wikivir-004967.s000007|wikivir-004967.s000008|wikivir-004967.s000009|wikivir-004967.s000010|wikivir-004967.s000011|wikivir-004967.s000012|wikivir-004967.s000013|wikivir-004967.s000014|wikivir-004967.s000015|wikivir-004967.s000016|wikivir-004967.s000017	17	96	91	51	Potem so peli in peli po notah zelo stare pesmi so peli in peli pesmi brez razumljivih besed. Šli smo spat in dež je pel in pel po strehi montažne hišice pel in pel pesmi brez vsakih besed. Zadremali smo in se nenadoma prebuditi v dežju ki je pel in pel in pel žuborel in šumel pel in pel in zakaj na	wikivir.xml	4967	Potem so peli	Vitomil Zupan	20	pesmi							emotion_sadness_per_1k
wikivir-004967::window::1	window	wikivir-004967	91	52	0.0	0.0	0.0	0.0	20.0	384.61538461538464	0.2352941176470588	0.2163157894736841	1.0	19.230769230769237	0.0117647058823529	0.0082105263157894	0.0	0.0	0.0	0.0	20.0	384.61538461538464	0.2352941176470588	0.3836842105263157	20.0	384.61538461538464	0.2352941176470588	0.0175263157894736	1.0	19.230769230769237	0.0117647058823529	0.0217894736842105	23.0	442.30769230769226	0.2705882352941176	0.2597631578947369	23.0	442.30769230769226	1.0	19.230769230769237	0.7396052631578949	0.5149605263157896	0.4533552631578947	0.9166666666666666	38	13	0.7307692307692307	trust	0.2705882352941176	wikivir.xml	4967	Potem so peli	Vitomil Zupan	20	pesmi							window	wikivir-004967	wikivir-004967.s000001|wikivir-004967.s000002|wikivir-004967.s000003|wikivir-004967.s000004|wikivir-004967.s000005|wikivir-004967.s000006|wikivir-004967.s000007|wikivir-004967.s000008|wikivir-004967.s000009|wikivir-004967.s000010|wikivir-004967.s000011|wikivir-004967.s000012|wikivir-004967.s000013|wikivir-004967.s000014|wikivir-004967.s000015|wikivir-004967.s000016|wikivir-004967.s000017	17	91	91	51	Potem so peli in peli po notah zelo stare pesmi so peli in peli pesmi brez razumljivih besedŠli smo spat in dež je pel in pel po strehi montažne hišice pel in pel pesmi brez vsakih besedZadremali smo in se nenadoma prebuditi v dežju ki je pel in pel in pel žuborel in šumel pel in pel in zakaj nas je	wikivir.xml	4967	Potem so peli	Vitomil Zupan	20	pesmi							emotion_sadness_per_1k
wikivir-000843::window::1	window	wikivir-000843	51	27	5.0	185.1851851851852	0.1666666666666666	0.1323125	3.0	111.1111111111111	0.1	0.0780625	2.0	74.07407407407408	0.0666666666666666	0.082	8.0	296.2962962962963	0.2666666666666666	0.2354375	0.0	0.0	0.0	0.0743124999999999	9.0	333.3333333333333	0.3	0.2709375	2.0	74.07407407407408	0.0666666666666666	0.07225	1.0	37.03703703703704	0.0333333333333333	0.03225	4.0	148.14814814814815	8.0	296.2962962962963	0.4742291666666667	0.4727604166666667	0.532375	-0.3333333333333333	16	12	0.5925925925925926	sadness	0.3	wikivir.xml	843	Odprto	Srečko Kosovel	20	pesmi	Integrali 26						window	wikivir-000843	wikivir-000843.s000001|wikivir-000843.s000002|wikivir-000843.s000003|wikivir-000843.s000004|wikivir-000843.s000005|wikivir-000843.s000006|wikivir-000843.s000007|wikivir-000843.s000009|wikivir-000843.s000010|wikivir-000843.s000011|wikivir-000843.s000012|wikivir-000843.s000013|wikivir-000843.s000014|wikivir-000843.s000016	14	51	51	27	V večnost je moje srce odprtoiz Kaosa v KozmosZa temnim mestom se plamen svetlikamnožica v tiho temo se premikaV tiho temoO zdaj gremòO zdaj gremò iz borbe v Smrt iz borbe v Smrtda se razrase tihi srd in da ugasnemoJazti in vsi	wikivir.xml	843	Odprto	Srečko Kosovel	20	pesmi	Integrali 26						emotion_sadness_per_1k
wikivir-000843::document::1	document	wikivir-000843	63	27	5.0	185.1851851851852	0.1666666666666666	0.1323125	3.0	111.1111111111111	0.1	0.0780625	2.0	74.07407407407408	0.0666666666666666	0.082	8.0	296.2962962962963	0.2666666666666666	0.2354375	0.0	0.0	0.0	0.0743124999999999	9.0	333.3333333333333	0.3	0.2709375	2.0	74.07407407407408	0.0666666666666666	0.07225	1.0	37.03703703703704	0.0333333333333333	0.03225	4.0	148.14814814814815	8.0	296.2962962962963	0.4742291666666667	0.4727604166666667	0.532375	-0.3333333333333333	16	12	0.5925925925925926	sadness	0.3	wikivir.xml	843	Odprto	Srečko Kosovel	20	pesmi	Integrali 26						document	wikivir-000843	wikivir-000843.s000001|wikivir-000843.s000002|wikivir-000843.s000003|wikivir-000843.s000004|wikivir-000843.s000005|wikivir-000843.s000006|wikivir-000843.s000007|wikivir-000843.s000008|wikivir-000843.s000009|wikivir-000843.s000010|wikivir-000843.s000011|wikivir-000843.s000012|wikivir-000843.s000013|wikivir-000843.s000014|wikivir-000843.s000015|wikivir-000843.s000016	16	63	51	27	V večnost je moje srce odprto: iz Kaosa v Kozmos. Za temnim mestom se plamen svetlika, množica v tiho temo se premika. V tiho temo. - O zdaj gremò! O zdaj gremò iz borbe v Smrt iz borbe v Smrt, da se razrase tihi srd in da ugasnemo. - Jaz, ti in vsi.	wikivir.xml	843	Odprto	Srečko Kosovel	20	pesmi	Integrali 26						emotion_sadness_per_1k
wikivir-015015::window::1	window	wikivir-015015	22	9	2.0	222.2222222222222	0.2	0.051125	0.0	0.0	0.0	0.0	2.0	222.2222222222222	0.2	0.09575	2.0	222.2222222222222	0.2	0.09525	0.0	0.0	0.0	0.064375	3.0	333.3333333333333	0.3	0.1952499999999999	0.0	0.0	0.0	0.0	1.0	111.1111111111111	0.1	0.082	1.0	111.1111111111111	4.0	444.4444444444444	0.518203125	0.4265208333333333	0.4330989583333333	-0.6	8	7	0.8888888888888888	sadness	0.3	wikivir.xml	15015	Utrinek (Lojze Grozde, 2)	Lojze Grozde	20	pesmi							window	wikivir-015015	wikivir-015015.s000001|wikivir-015015.s000002|wikivir-015015.s000003|wikivir-015015.s000004	4	22	22	9	Luči sem prosil prejšnje dnia zdaj Te je ne prosim večpreveč je jeGospodprevečin bolne so moje oči	wikivir.xml	15015	Utrinek (Lojze Grozde, 2)	Lojze Grozde	20	pesmi							emotion_sadness_per_1k
wikivir-015015::document::1	document	wikivir-015015	28	9	2.0	222.2222222222222	0.2	0.051125	0.0	0.0	0.0	0.0	2.0	222.2222222222222	0.2	0.09575	2.0	222.2222222222222	0.2	0.09525	0.0	0.0	0.0	0.064375	3.0	333.3333333333333	0.3	0.1952499999999999	0.0	0.0	0.0	0.0	1.0	111.1111111111111	0.1	0.082	1.0	111.1111111111111	4.0	444.4444444444444	0.518203125	0.4265208333333333	0.4330989583333333	-0.6	8	7	0.8888888888888888	sadness	0.3	wikivir.xml	15015	Utrinek (Lojze Grozde, 2)	Lojze Grozde	20	pesmi							document	wikivir-015015	wikivir-015015.s000001|wikivir-015015.s000002|wikivir-015015.s000003|wikivir-015015.s000004	4	28	22	9	Luči sem prosil prejšnje dni, a zdaj Te je ne prosim več, preveč je je, Gospod, preveč, in bolne so moje oči.	wikivir.xml	15015	Utrinek (Lojze Grozde, 2)	Lojze Grozde	20	pesmi							emotion_sadness_per_1k
wikivir-000535::window::1	window	wikivir-000535	21	19	6.0	315.7894736842105	0.3157894736842105	0.5588571428571429	0.0	0.0	0.0	0.0	0.0	0.0	0.0	0.0	7.0	368.4210526315789	0.3684210526315789	0.531	0.0	0.0	0.0	0.0	6.0	315.7894736842105	0.3157894736842105	0.6831428571428572	0.0	0.0	0.0	0.0	0.0	0.0	0.0	0.0	0.0	0.0	7.0	368.4210526315789	0.1945714285714286	0.7307857142857144	0.1612142857142857	-1.0	7	2	0.3684210526315789	fear	0.3684210526315789	wikivir.xml	535	Rodovnik	Srečko Kosovel		pesmi	Integrali 26						window	wikivir-000535	wikivir-000535.s000001|wikivir-000535.s000002|wikivir-000535.s000003|wikivir-000535.s000004|wikivir-000535.s000005|wikivir-000535.s000006|wikivir-000535.s000007|wikivir-000535.s000008	8	21	21	19	SuženjSuženj HlapecSuženj Hlapčevič HlapecSuženj Sužnjevič Hlapčevič PonižniSuženj IISuženj Ponižnjevič IIIHlapčevič IVJanez PonižniStrahopetniVelepotezni	wikivir.xml	535	Rodovnik	Srečko Kosovel		pesmi	Integrali 26						emotion_sadness_per_1k
wikivir-000535::document::1	document	wikivir-000535	31	19	6.0	315.7894736842105	0.3157894736842105	0.5588571428571429	0.0	0.0	0.0	0.0	0.0	0.0	0.0	0.0	7.0	368.4210526315789	0.3684210526315789	0.531	0.0	0.0	0.0	0.0	6.0	315.7894736842105	0.3157894736842105	0.6831428571428572	0.0	0.0	0.0	0.0	0.0	0.0	0.0	0.0	0.0	0.0	7.0	368.4210526315789	0.1945714285714286	0.7307857142857144	0.1612142857142857	-1.0	7	2	0.3684210526315789	fear	0.3684210526315789	wikivir.xml	535	Rodovnik	Srečko Kosovel		pesmi	Integrali 26						document	wikivir-000535	wikivir-000535.s000001|wikivir-000535.s000002|wikivir-000535.s000003|wikivir-000535.s000004|wikivir-000535.s000005|wikivir-000535.s000006|wikivir-000535.s000007|wikivir-000535.s000008	8	31	21	19	Suženj. Suženj Hlapec. Suženj Hlapčevič Hlapec. Suženj Sužnjevič Hlapčevič Ponižni. Suženj II. Suženj Ponižnjevič III. Hlapčevič IV. Janez Ponižni, Strahopetni, Velepotezni.	wikivir.xml	535	Rodovnik	Srečko Kosovel		pesmi	Integrali 26						emotion_sadness_per_1k
wikivir-007025::window::1	window	wikivir-007025	29	16	5.0	312.5	0.238095238095238	0.2622727272727272	0.0	0.0	0.0	0.0	6.0	375.0	0.2857142857142857	0.3606363636363636	5.0	312.5	0.238095238095238	0.3763636363636363	0.0	0.0	0.0	0.0	5.0	312.5	0.238095238095238	0.3977272727272727	0.0	0.0	0.0	0.0	0.0	0.0	0.0	0.0	0.0	0.0	6.0	375.0	0.3852272727272727	0.4593636363636363	0.4090454545454545	-1.0	11	5	0.6875	disgust	0.2857142857142857	wikivir.xml	7025	Rak	Anica Černej	20	pesmi							window	wikivir-007025	wikivir-007025.s000001|wikivir-007025.s000002|wikivir-007025.s000003|wikivir-007025.s000004|wikivir-007025.s000005|wikivir-007025.s000006|wikivir-007025.s000007|wikivir-007025.s000008|wikivir-007025.s000009|wikivir-007025.s000010|wikivir-007025.s000011|wikivir-007025.s000012|wikivir-007025.s000013	13	29	29	15	Rak Rakrakje krojačurezal mi je dvoje hlačKer mi hlače niso pravsem mu jih nazaj poslalRakrakje rdečker mi hlače niso všeč	wikivir.xml	7025	Rak	Anica Černej	20	pesmi							emotion_sadness_per_1k
wikivir-007293::window::1	window	wikivir-007293	29	16	5.0	312.5	0.238095238095238	0.2622727272727272	0.0	0.0	0.0	0.0	6.0	375.0	0.2857142857142857	0.3606363636363636	5.0	312.5	0.238095238095238	0.3763636363636363	0.0	0.0	0.0	0.0	5.0	312.5	0.238095238095238	0.3977272727272727	0.0	0.0	0.0	0.0	0.0	0.0	0.0	0.0	0.0	0.0	6.0	375.0	0.3823333333333333	0.4756666666666666	0.4034242424242424	-1.0	11	6	0.6875	disgust	0.2857142857142857	wikivir.xml	7293	Rak	Anica Černej	20	pesmi							window	wikivir-007293	wikivir-007293.s000001|wikivir-007293.s000002|wikivir-007293.s000003|wikivir-007293.s000004|wikivir-007293.s000005|wikivir-007293.s000006|wikivir-007293.s000007|wikivir-007293.s000008|wikivir-007293.s000009|wikivir-007293.s000010|wikivir-007293.s000011|wikivir-007293.s000012|wikivir-007293.s000013	13	29	29	15	RAK RAKRAK JE KROJAČVREZAL MI JE DVOJE HLAČKER MI HLAČE NISO PRAVSEM MU JIH NAZAJ POSLALRAKRAK JE RDEČKER MI HLAČKE NISO VŠEČ	wikivir.xml	7293	Rak	Anica Černej	20	pesmi							emotion_sadness_per_1k
wikivir-007025::document::1	document	wikivir-007025	39	16	5.0	312.5	0.238095238095238	0.2622727272727272	0.0	0.0	0.0	0.0	6.0	375.0	0.2857142857142857	0.3606363636363636	5.0	312.5	0.238095238095238	0.3763636363636363	0.0	0.0	0.0	0.0	5.0	312.5	0.238095238095238	0.3977272727272727	0.0	0.0	0.0	0.0	0.0	0.0	0.0	0.0	0.0	0.0	6.0	375.0	0.3852272727272727	0.4593636363636363	0.4090454545454545	-1.0	11	5	0.6875	disgust	0.2857142857142857	wikivir.xml	7025	Rak	Anica Černej	20	pesmi							document	wikivir-007025	wikivir-007025.s000001|wikivir-007025.s000002|wikivir-007025.s000003|wikivir-007025.s000004|wikivir-007025.s000005|wikivir-007025.s000006|wikivir-007025.s000007|wikivir-007025.s000008|wikivir-007025.s000009|wikivir-007025.s000010|wikivir-007025.s000011|wikivir-007025.s000012|wikivir-007025.s000013	13	39	29	15	Rak Rak, rak, je krojač, urezal mi je dvoje hlač. Ker mi hlače niso prav, sem mu jih nazaj poslal. Rak, rak, je rdeč, ker mi hlače niso všeč.	wikivir.xml	7025	Rak	Anica Černej	20	pesmi							emotion_sadness_per_1k
wikivir-007293::document::1	document	wikivir-007293	37	16	5.0	312.5	0.238095238095238	0.2622727272727272	0.0	0.0	0.0	0.0	6.0	375.0	0.2857142857142857	0.3606363636363636	5.0	312.5	0.238095238095238	0.3763636363636363	0.0	0.0	0.0	0.0	5.0	312.5	0.238095238095238	0.3977272727272727	0.0	0.0	0.0	0.0	0.0	0.0	0.0	0.0	0.0	0.0	6.0	375.0	0.3823333333333333	0.4756666666666666	0.4034242424242424	-1.0	11	6	0.6875	disgust	0.2857142857142857	wikivir.xml	7293	Rak	Anica Černej	20	pesmi							document	wikivir-007293	wikivir-007293.s000001|wikivir-007293.s000002|wikivir-007293.s000003|wikivir-007293.s000004|wikivir-007293.s000005|wikivir-007293.s000006|wikivir-007293.s000007|wikivir-007293.s000008|wikivir-007293.s000009|wikivir-007293.s000010|wikivir-007293.s000011|wikivir-007293.s000012|wikivir-007293.s000013	13	37	29	15	RAK RAK, RAK JE KROJAČ, VREZAL MI JE DVOJE HLAČ. KER MI HLAČE NISO PRAV, SEM MU JIH NAZAJ POSLAL. RAK, RAK JE RDEČ, KER MI HLAČKE NISO VŠEČ.	wikivir.xml	7293	Rak	Anica Černej	20	pesmi							emotion_sadness_per_1k
wikivir-000859::document::1	document	wikivir-000859	35	13	0.0	0.0	0.0	0.0	0.0	0.0	0.0	0.0	4.0	307.69230769230774	0.4444444444444444	0.0591111111111111	0.0	0.0	0.0	0.0	0.0	0.0	0.0	0.0	4.0	307.69230769230774	0.4444444444444444	0.1248888888888889	0.0	0.0	0.0	0.0	1.0	76.92307692307693	0.1111111111111111	0.0937777777777777	1.0	76.92307692307693	0.0	0.0	0.4169444444444444	0.2432777777777777	0.3457777777777778	1.0	9	4	0.6923076923076923	disgust	0.4444444444444444	wikivir.xml	859	Človek pred zrcalom	Srečko Kosovel	20	pesmi	Integrali 26						document	wikivir-000859	wikivir-000859.s000001|wikivir-000859.s000002|wikivir-000859.s000003|wikivir-000859.s000004|wikivir-000859.s000005|wikivir-000859.s000006|wikivir-000859.s000007|wikivir-000859.s000008|wikivir-000859.s000009|wikivir-000859.s000010|wikivir-000859.s000011	11	35	24	12	Sivi človek strmi v zrcalo in se gleda. Sivo zrcalo, sivi človek, sivo je vse. Ti. Jaz. Jaz, Ti. Laži - jaz. A resnice ni.	wikivir.xml	859	Človek pred zrcalom	Srečko Kosovel	20	pesmi	Integrali 26						emotion_sadness_per_1k
wikivir-000991::document::1	document	wikivir-000991	35	13	0.0	0.0	0.0	0.0	0.0	0.0	0.0	0.0	4.0	307.69230769230774	0.4444444444444444	0.0591111111111111	0.0	0.0	0.0	0.0	0.0	0.0	0.0	0.0	4.0	307.69230769230774	0.4444444444444444	0.1248888888888889	0.0	0.0	0.0	0.0	1.0	76.92307692307693	0.1111111111111111	0.0937777777777777	1.0	76.92307692307693	0.0	0.0	0.4169444444444444	0.2432777777777777	0.3457777777777778	1.0	9	4	0.6923076923076923	disgust	0.4444444444444444	wikivir.xml	991	Človek pred zrcalom	Srečko Kosovel	20	pesmi	Integrali 26						document	wikivir-000991	wikivir-000991.s000001|wikivir-000991.s000002|wikivir-000991.s000003|wikivir-000991.s000004|wikivir-000991.s000005|wikivir-000991.s000006|wikivir-000991.s000007|wikivir-000991.s000008|wikivir-000991.s000009|wikivir-000991.s000010|wikivir-000991.s000011|wikivir-000991.s000012	12	35	24	12	Sivi človek strmi v zrcalo in se gleda. Sivo zrcalo, sivi človek, sivo je vse. Ti. Jaz. Jaz. Ti. Laži-jaz. A resnice ni.	wikivir.xml	991	Človek pred zrcalom	Srečko Kosovel	20	pesmi	Integrali 26						emotion_sadness_per_1k
wikivir-000859::window::1	window	wikivir-000859	24	13	0.0	0.0	0.0	0.0	0.0	0.0	0.0	0.0	4.0	307.69230769230774	0.4444444444444444	0.0591111111111111	0.0	0.0	0.0	0.0	0.0	0.0	0.0	0.0	4.0	307.69230769230774	0.4444444444444444	0.1248888888888889	0.0	0.0	0.0	0.0	1.0	76.92307692307693	0.1111111111111111	0.0937777777777777	1.0	76.92307692307693	0.0	0.0	0.4169444444444444	0.2432777777777777	0.3457777777777778	1.0	9	4	0.6923076923076923	disgust	0.4444444444444444	wikivir.xml	859	Človek pred zrcalom	Srečko Kosovel	20	pesmi	Integrali 26						window	wikivir-000859	wikivir-000859.s000001|wikivir-000859.s000002|wikivir-000859.s000003|wikivir-000859.s000004|wikivir-000859.s000005|wikivir-000859.s000006|wikivir-000859.s000007|wikivir-000859.s000008|wikivir-000859.s000009|wikivir-000859.s000010|wikivir-000859.s000011	11	24	24	12	Sivi človek strmi v zrcalo in se gledaSivo zrcalosivi človeksivo je vseTiJazJazTiLaži jazA resnice ni	wikivir.xml	859	Človek pred zrcalom	Srečko Kosovel	20	pesmi	Integrali 26						emotion_sadness_per_1k
wikivir-000991::window::1	window	wikivir-000991	24	13	0.0	0.0	0.0	0.0	0.0	0.0	0.0	0.0	4.0	307.69230769230774	0.4444444444444444	0.0591111111111111	0.0	0.0	0.0	0.0	0.0	0.0	0.0	0.0	4.0	307.69230769230774	0.4444444444444444	0.1248888888888889	0.0	0.0	0.0	0.0	1.0	76.92307692307693	0.1111111111111111	0.0937777777777777	1.0	76.92307692307693	0.0	0.0	0.4169444444444444	0.2432777777777777	0.3457777777777778	1.0	9	4	0.6923076923076923	disgust	0.4444444444444444	wikivir.xml	991	Človek pred zrcalom	Srečko Kosovel	20	pesmi	Integrali 26						window	wikivir-000991	wikivir-000991.s000001|wikivir-000991.s000002|wikivir-000991.s000003|wikivir-000991.s000004|wikivir-000991.s000005|wikivir-000991.s000006|wikivir-000991.s000007|wikivir-000991.s000008|wikivir-000991.s000009|wikivir-000991.s000010|wikivir-000991.s000011|wikivir-000991.s000012	12	24	24	12	Sivi človek strmi v zrcalo in se gledaSivo zrcalosivi človeksivo je vseTiJazJazTiLažijazA resnice ni	wikivir.xml	991	Človek pred zrcalom	Srečko Kosovel	20	pesmi	Integrali 26						emotion_sadness_per_1k
wikivir-000842::document::1	document	wikivir-000842	70	31	4.0	129.03225806451613	0.1290322580645161	0.0916521739130434	5.0	161.29032258064515	0.1612903225806451	0.1005652173913043	6.0	193.54838709677415	0.1935483870967742	0.088695652173913	2.0	64.51612903225806	0.064516129032258	0.0618260869565217	2.0	64.51612903225806	0.064516129032258	0.0890434782608695	9.0	290.32258064516134	0.2903225806451613	0.1308260869565217	1.0	32.25806451612903	0.032258064516129	0.0074782608695652	2.0	64.51612903225806	0.064516129032258	0.0360434782608695	5.0	161.29032258064515	8.0	258.06451612903226	0.4788913043478262	0.3881630434782609	0.4063913043478261	-0.2307692307692307	23	17	0.7419354838709677	sadness	0.2903225806451613	wikivir.xml	842	O grenka trudnost	Srečko Kosovel	20	pesmi	Integrali 26						document	wikivir-000842	wikivir-000842.s000001|wikivir-000842.s000002|wikivir-000842.s000003|wikivir-000842.s000004|wikivir-000842.s000005|wikivir-000842.s000006|wikivir-000842.s000007|wikivir-000842.s000008|wikivir-000842.s000009|wikivir-000842.s000010|wikivir-000842.s000011|wikivir-000842.s000012|wikivir-000842.s000013|wikivir-000842.s000014|wikivir-000842.s000015|wikivir-000842.s000016|wikivir-000842.s000017|wikivir-000842.s000018|wikivir-000842.s000019	19	70	54	31	O grenka trudnost, siva, grenka trudnost! Nad mano tisoči, milijoni kakor sivi plašč megle. O črna zvezda nad bleščečim nebom! Nad okni črnimi in nad kletmi, nad ječami. O siva, grenka trudnost! Pa pride čas, ko sonce bo sijalo in v zlatem siju vse bo trepetalo, pa pride čas VSTAJENJA, a ne za nas .	wikivir.xml	842	O grenka trudnost	Srečko Kosovel	20	pesmi	Integrali 26						emotion_sadness_per_1k
wikivir-000842::window::1	window	wikivir-000842	54	31	4.0	129.03225806451613	0.1290322580645161	0.0916521739130434	5.0	161.29032258064515	0.1612903225806451	0.1005652173913043	6.0	193.54838709677415	0.1935483870967742	0.088695652173913	2.0	64.51612903225806	0.064516129032258	0.0618260869565217	2.0	64.51612903225806	0.064516129032258	0.0890434782608695	9.0	290.32258064516134	0.2903225806451613	0.1308260869565217	1.0	32.25806451612903	0.032258064516129	0.0074782608695652	2.0	64.51612903225806	0.064516129032258	0.0360434782608695	5.0	161.29032258064515	8.0	258.06451612903226	0.4788913043478262	0.3881630434782609	0.4063913043478261	-0.2307692307692307	23	17	0.7419354838709677	sadness	0.2903225806451613	wikivir.xml	842	O grenka trudnost	Srečko Kosovel	20	pesmi	Integrali 26						window	wikivir-000842	wikivir-000842.s000001|wikivir-000842.s000002|wikivir-000842.s000003|wikivir-000842.s000004|wikivir-000842.s000005|wikivir-000842.s000006|wikivir-000842.s000007|wikivir-000842.s000008|wikivir-000842.s000009|wikivir-000842.s000010|wikivir-000842.s000011|wikivir-000842.s000012|wikivir-000842.s000013|wikivir-000842.s000014|wikivir-000842.s000015|wikivir-000842.s000016|wikivir-000842.s000017|wikivir-000842.s000018|wikivir-000842.s000019	19	54	54	31	O grenka trudnostsivagrenka trudnostNad mano tisočimilijoni kakor sivi plašč megleO črna zvezda nad bleščečim nebomNad okni črnimi in nad kletminad ječamiO sivagrenka trudnostPa pride časko sonce bo sijalo in v zlatem siju vse bo trepetalopa pride čas VSTAJENJAa ne za nas	wikivir.xml	842	O grenka trudnost	Srečko Kosovel	20	pesmi	Integrali 26						emotion_sadness_per_1k
wikivir-016544::window::1	window	wikivir-016544	9	7	0.0	0.0	0.0	0.0	2.0	285.7142857142857	0.25	0.1369999999999999	0.0	0.0	0.0	0.0	0.0	0.0	0.0	0.0	2.0	285.7142857142857	0.25	0.2623333333333333	2.0	285.7142857142857	0.25	0.0056666666666666	0.0	0.0	0.0	0.0	2.0	285.7142857142857	0.25	0.1406666666666666	2.0	285.7142857142857	0.0	0.0	0.59925	0.4598333333333333	0.4649166666666667	1.0	6	4	0.8571428571428571	anticipation	0.25	wikivir.xml	16544	Catechismus	Primož Trubar	16								window	wikivir-016544	wikivir-016544.s000001	1	9	9	7	No pojtepojte vsi ljudje diplomatični prepiskritični prepis	wikivir.xml	16544	Catechismus	Primož Trubar	16								emotion_sadness_per_1k
wikivir-016544::document::1	document	wikivir-016544	13	7	0.0	0.0	0.0	0.0	2.0	285.7142857142857	0.25	0.1369999999999999	0.0	0.0	0.0	0.0	0.0	0.0	0.0	0.0	2.0	285.7142857142857	0.25	0.2623333333333333	2.0	285.7142857142857	0.25	0.0056666666666666	0.0	0.0	0.0	0.0	2.0	285.7142857142857	0.25	0.1406666666666666	2.0	285.7142857142857	0.0	0.0	0.59925	0.4598333333333333	0.4649166666666667	1.0	6	4	0.8571428571428571	anticipation	0.25	wikivir.xml	16544	Catechismus	Primož Trubar	16								document	wikivir-016544	wikivir-016544.s000001	1	13	9	7	No pojte, pojte vsi ljudje (diplomatični prepis, kritični prepis)	wikivir.xml	16544	Catechismus	Primož Trubar	16								emotion_sadness_per_1k
wikivir-000445::window::1	window	wikivir-000445	35	22	1.0	45.45454545454545	0.0555555555555555	0.0629230769230769	2.0	90.9090909090909	0.1111111111111111	0.0658461538461538	2.0	90.9090909090909	0.1111111111111111	0.1057692307692307	2.0	90.9090909090909	0.1111111111111111	0.0973076923076923	2.0	90.9090909090909	0.1111111111111111	0.0957692307692307	6.0	272.7272727272727	0.3333333333333333	0.2669230769230769	1.0	45.45454545454545	0.0555555555555555	0.0132307692307692	2.0	90.9090909090909	0.1111111111111111	0.0661538461538461	2.0	90.9090909090909	6.0	272.7272727272727	0.467153846153846	0.5145512820512821	0.384576923076923	-0.5	13	12	0.5909090909090909	sadness	0.3333333333333333	wikivir.xml	445	Pesmi in romance	Josip Murn Aleksandrov		pesmi							window	wikivir-000445	wikivir-000445.s000001|wikivir-000445.s000002|wikivir-000445.s000003|wikivir-000445.s000004|wikivir-000445.s000005|wikivir-000445.s000006|wikivir-000445.s000007|wikivir-000445.s000008	8	35	35	21	Kdo sokdo soki pojo tam zunaj zvečerko več sonca niRevne so sirotetlačene od gospodarjev zmrzujoč nete si ogenjsolze jočejo strupeneškripljejo v kruh oškropljenikruh iz lubja in smeti	wikivir.xml	445	Pesmi in romance	Josip Murn Aleksandrov		pesmi							emotion_sadness_per_1k
wikivir-019772::document::1	document	wikivir-019772	23	11	3.0	272.7272727272727	0.2727272727272727	0.171125	0.0	0.0	0.0	0.0	2.0	181.8181818181818	0.1818181818181818	0.142375	3.0	272.7272727272727	0.2727272727272727	0.207	0.0	0.0	0.0	0.0235	3.0	272.7272727272727	0.2727272727272727	0.214	0.0	0.0	0.0	0.0	0.0	0.0	0.0	0.0605	0.0	0.0	4.0	363.6363636363636	0.4405104166666667	0.4661666666666667	0.4520208333333333	-1.0	8	8	0.7272727272727273	anger	0.2727272727272727	wikivir.xml	19772	V današnjih časih	Karel Destovnik Kajuh	20	pesmi							document	wikivir-019772	wikivir-019772.s000001|wikivir-019772.s000002|wikivir-019772.s000003|wikivir-019772.s000004	4	23	18	11	Povsod tema na potih lega, a človek se skoznjo rine, tava, hodi, dokler v nesreče brezno ne zablodi.	wikivir.xml	19772	V današnjih časih	Karel Destovnik Kajuh	20	pesmi							emotion_sadness_per_1k
wikivir-000445::document::1	document	wikivir-000445	46	22	1.0	45.45454545454545	0.0555555555555555	0.0629230769230769	2.0	90.9090909090909	0.1111111111111111	0.0658461538461538	2.0	90.9090909090909	0.1111111111111111	0.1057692307692307	2.0	90.9090909090909	0.1111111111111111	0.0973076923076923	2.0	90.9090909090909	0.1111111111111111	0.0957692307692307	6.0	272.7272727272727	0.3333333333333333	0.2669230769230769	1.0	45.45454545454545	0.0555555555555555	0.0132307692307692	2.0	90.9090909090909	0.1111111111111111	0.0661538461538461	2.0	90.9090909090909	6.0	272.7272727272727	0.467153846153846	0.5145512820512821	0.384576923076923	-0.5	13	12	0.5909090909090909	sadness	0.3333333333333333	wikivir.xml	445	Pesmi in romance	Josip Murn Aleksandrov		pesmi							document	wikivir-000445	wikivir-000445.s000001|wikivir-000445.s000002|wikivir-000445.s000003|wikivir-000445.s000004|wikivir-000445.s000005|wikivir-000445.s000006|wikivir-000445.s000007|wikivir-000445.s000008	8	46	35	21	Kdo so, kdo so, ki pojo tam zunaj zvečer, ko več sonca ni? Revne so sirote, tlačene od gospodarjev -; zmrzujoč nete si ogenj, solze jočejo strupene, škripljejo v kruh oškropljeni, kruh iz lubja in smeti.	wikivir.xml	445	Pesmi in romance	Josip Murn Aleksandrov		pesmi							emotion_sadness_per_1k
wikivir-019772::window::1	window	wikivir-019772	18	11	3.0	272.7272727272727	0.2727272727272727	0.171125	0.0	0.0	0.0	0.0	2.0	181.8181818181818	0.1818181818181818	0.142375	3.0	272.7272727272727	0.2727272727272727	0.207	0.0	0.0	0.0	0.0235	3.0	272.7272727272727	0.2727272727272727	0.214	0.0	0.0	0.0	0.0	0.0	0.0	0.0	0.0605	0.0	0.0	4.0	363.6363636363636	0.4405104166666667	0.4661666666666667	0.4520208333333333	-1.0	8	8	0.7272727272727273	anger	0.2727272727272727	wikivir.xml	19772	V današnjih časih	Karel Destovnik Kajuh	20	pesmi							window	wikivir-019772	wikivir-019772.s000001|wikivir-019772.s000002|wikivir-019772.s000003|wikivir-019772.s000004	4	18	18	11	Povsod tema na potih legaa človek se skoznjo rinetavahodidokler v nesreče brezno ne zablodi	wikivir.xml	19772	V današnjih časih	Karel Destovnik Kajuh	20	pesmi							emotion_sadness_per_1k
wikivir-007484::window::1	window	wikivir-007484	28	15	4.0	266.6666666666667	0.2352941176470588	0.2307999999999999	0.0	0.0	0.0	0.0	5.0	333.3333333333333	0.2941176470588235	0.3233	4.0	266.6666666666667	0.2352941176470588	0.3312	0.0	0.0	0.0	0.0	4.0	266.6666666666667	0.2352941176470588	0.35	0.0	0.0	0.0	0.0	0.0	0.0	0.0	0.0	0.0	0.0	5.0	333.3333333333333	0.3969166666666667	0.4687333333333333	0.4008166666666667	-1.0	10	6	0.6666666666666666	disgust	0.2941176470588235	wikivir.xml	7484	Rak, rak	Anica Černej	20	pesmi							window	wikivir-007484	wikivir-007484.s000001|wikivir-007484.s000002|wikivir-007484.s000003|wikivir-007484.s000004|wikivir-007484.s000005|wikivir-007484.s000006|wikivir-007484.s000007|wikivir-007484.s000008|wikivir-007484.s000009|wikivir-007484.s000010|wikivir-007484.s000011|wikivir-007484.s000012	12	28	28	14	RAKRAK JE KROJAČVREZAL MI JE DVOJE HLAČKER MI HLAČE NISO PRAVSE MU JIH NAZAJ POSLALRAKRAK JE RDEČKER MI HLAČKE NISO VŠEČ	wikivir.xml	7484	Rak, rak	Anica Černej	20	pesmi							emotion_sadness_per_1k
wikivir-000304::window::1	window	wikivir-000304	52	30	2.0	66.66666666666667	0.1052631578947368	0.0615294117647058	2.0	66.66666666666667	0.1052631578947368	0.0762941176470588	2.0	66.66666666666667	0.1052631578947368	0.0395294117647058	5.0	166.66666666666666	0.2631578947368421	0.0931176470588235	0.0	0.0	0.0	0.0616470588235294	8.0	266.6666666666667	0.4210526315789473	0.1398823529411764	0.0	0.0	0.0	0.0	0.0	0.0	0.0	0.0257647058823529	4.0	133.33333333333334	8.0	266.6666666666667	0.4994264705882352	0.33275	0.4255490196078431	-0.3333333333333333	17	14	0.5666666666666667	sadness	0.4210526315789473	wikivir.xml	304	Jesensko premišljevanje	Srečko Kosovel		pesmi							window	wikivir-000304	wikivir-000304.s000001|wikivir-000304.s000002|wikivir-000304.s000003|wikivir-000304.s000004|wikivir-000304.s000005|wikivir-000304.s000006|wikivir-000304.s000007|wikivir-000304.s000008|wikivir-000304.s000009|wikivir-000304.s000010|wikivir-000304.s000011|wikivir-000304.s000012	12	52	52	29	Ti si zaprt sam vase in o svoji bolesti molčiš in v sivem mraku premišljaškako zaman hrepenišPoglej to tiho prirodoko pade jesenski mraktiha je s svojo usodopostani njej enakPostani kakor gozdoviki črni v zimi molčein ko se odprejo grobovibodi tih ko modre goré	wikivir.xml	304	Jesensko premišljevanje	Srečko Kosovel		pesmi							emotion_sadness_per_1k
wikivir-000304::document::1	document	wikivir-000304	62	30	2.0	66.66666666666667	0.1052631578947368	0.0615294117647058	2.0	66.66666666666667	0.1052631578947368	0.0762941176470588	2.0	66.66666666666667	0.1052631578947368	0.0395294117647058	5.0	166.66666666666666	0.2631578947368421	0.0931176470588235	0.0	0.0	0.0	0.0616470588235294	8.0	266.6666666666667	0.4210526315789473	0.1398823529411764	0.0	0.0	0.0	0.0	0.0	0.0	0.0	0.0257647058823529	4.0	133.33333333333334	8.0	266.6666666666667	0.4994264705882352	0.33275	0.4255490196078431	-0.3333333333333333	17	14	0.5666666666666667	sadness	0.4210526315789473	wikivir.xml	304	Jesensko premišljevanje	Srečko Kosovel		pesmi							document	wikivir-000304	wikivir-000304.s000001|wikivir-000304.s000002|wikivir-000304.s000003|wikivir-000304.s000004|wikivir-000304.s000005|wikivir-000304.s000006|wikivir-000304.s000007|wikivir-000304.s000008|wikivir-000304.s000009|wikivir-000304.s000010|wikivir-000304.s000011|wikivir-000304.s000012	12	62	52	29	Ti si zaprt sam vase in o svoji bolesti molčiš in v sivem mraku premišljaš, kako zaman hrepeniš. Poglej to tiho prirodo, ko pade jesenski mrak, tiha je s svojo usodo; postani njej enak! Postani kakor gozdovi, ki črni v zimi molče, in ko se odprejo grobovi, bodi tih ko modre goré!	wikivir.xml	304	Jesensko premišljevanje	Srečko Kosovel		pesmi							emotion_sadness_per_1k
wikivir-007484::document::1	document	wikivir-007484	36	15	4.0	266.6666666666667	0.2352941176470588	0.2307999999999999	0.0	0.0	0.0	0.0	5.0	333.3333333333333	0.2941176470588235	0.3233	4.0	266.6666666666667	0.2352941176470588	0.3312	0.0	0.0	0.0	0.0	4.0	266.6666666666667	0.2352941176470588	0.35	0.0	0.0	0.0	0.0	0.0	0.0	0.0	0.0	0.0	0.0	5.0	333.3333333333333	0.3969166666666667	0.4687333333333333	0.4008166666666667	-1.0	10	6	0.6666666666666666	disgust	0.2941176470588235	wikivir.xml	7484	Rak, rak	Anica Černej	20	pesmi							document	wikivir-007484	wikivir-007484.s000001|wikivir-007484.s000002|wikivir-007484.s000003|wikivir-007484.s000004|wikivir-007484.s000005|wikivir-007484.s000006|wikivir-007484.s000007|wikivir-007484.s000008|wikivir-007484.s000009|wikivir-007484.s000010|wikivir-007484.s000011|wikivir-007484.s000012	12	36	28	14	RAK, RAK JE KROJAČ, VREZAL MI JE DVOJE HLAČ. KER MI HLAČE NISO PRAV, SE MU JIH NAZAJ POSLAL. RAK, RAK JE RDEČ, KER MI HLAČKE NISO VŠEČ.	wikivir.xml	7484	Rak, rak	Anica Černej	20	pesmi							emotion_sadness_per_1k
wikivir-011686::window::36	window	wikivir-011686	93	49	12.0	244.89795918367344	0.1904761904761904	0.1904166666666666	5.0	102.04081632653062	0.0793650793650793	0.0668611111111111	5.0	102.04081632653062	0.0793650793650793	0.0868055555555555	15.0	306.12244897959187	0.238095238095238	0.2555	3.0	61.224489795918366	0.0476190476190476	0.0467777777777777	13.0	265.30612244897964	0.2063492063492063	0.2746944444444444	5.0	102.04081632653062	0.0793650793650793	0.0481666666666666	5.0	102.04081632653062	0.0793650793650793	0.0904722222222222	5.0	102.04081632653062	17.0	346.9387755102041	0.4673819444444444	0.4923912037037036	0.4895486111111111	-0.5454545454545454	36	24	0.7346938775510204	fear	0.238095238095238	wikivir.xml	11686	Na mrtvi straži	Vitomir Feodor Jelenc	20	kratka proza			1921.0				window	wikivir-011686	wikivir-011686.s000187|wikivir-011686.s000188|wikivir-011686.s000189|wikivir-011686.s000190	4	93	93	49	mesto Komaj smo spoznali svojega druga odvojili smo njegovo truplo od drugihizkopali mu grob ni bilo suhega očesako smo izvršili žalosten obredko smo nad njegovim truplom nagomilili gomilo prsti Nad Kosovim poljem je grob našega komitepreko njegovega groba je divjala vojnapreko njegovega groba smo š	wikivir.xml	11686	Na mrtvi straži	Vitomir Feodor Jelenc	20	kratka proza			1921.0				emotion_sadness_per_1k
wikivir-001817::document::1	document	wikivir-001817	53	19	2.0	105.26315789473684	0.1	0.09375	1.0	52.63157894736842	0.05	0.0403333333333333	5.0	263.1578947368421	0.25	0.2826666666666667	2.0	105.26315789473684	0.1	0.0789166666666666	1.0	52.63157894736842	0.05	0.0454166666666666	5.0	263.1578947368421	0.25	0.1275	2.0	105.26315789473684	0.1	0.1198333333333333	2.0	105.26315789473684	0.1	0.11325	3.0	157.89473684210526	6.0	315.7894736842105	0.4319652777777777	0.5034375	0.4545416666666666	-0.3333333333333333	12	9	0.631578947368421	disgust	0.25	wikivir.xml	1817	Ti	Blaž Lukan		pesmi							document	wikivir-001817	wikivir-001817.s000001|wikivir-001817.s000002|wikivir-001817.s000003|wikivir-001817.s000004|wikivir-001817.s000005|wikivir-001817.s000006|wikivir-001817.s000007|wikivir-001817.s000008|wikivir-001817.s000009|wikivir-001817.s000010|wikivir-001817.s000011|wikivir-001817.s000012	12	53	40	19	TI Razumem te: ti si domovina, ki je ne smem izdati, ime, ki ga ne smem zakričati, spomin, o katerih moram molčati, bog, ki ga ne smem objokovati, strah, ki se ga ne smem bati, meja, ki jo morem spoštovati.	wikivir.xml	1817	Ti	Blaž Lukan		pesmi							emotion_sadness_per_1k
wikivir-001817::window::1	window	wikivir-001817	40	19	2.0	105.26315789473684	0.1	0.09375	1.0	52.63157894736842	0.05	0.0403333333333333	5.0	263.1578947368421	0.25	0.2826666666666667	2.0	105.26315789473684	0.1	0.0789166666666666	1.0	52.63157894736842	0.05	0.0454166666666666	5.0	263.1578947368421	0.25	0.1275	2.0	105.26315789473684	0.1	0.1198333333333333	2.0	105.26315789473684	0.1	0.11325	3.0	157.89473684210526	6.0	315.7894736842105	0.4319652777777777	0.5034375	0.4545416666666666	-0.3333333333333333	12	9	0.631578947368421	disgust	0.25	wikivir.xml	1817	Ti	Blaž Lukan		pesmi							window	wikivir-001817	wikivir-001817.s000001|wikivir-001817.s000002|wikivir-001817.s000003|wikivir-001817.s000004|wikivir-001817.s000005|wikivir-001817.s000006|wikivir-001817.s000007|wikivir-001817.s000008|wikivir-001817.s000009|wikivir-001817.s000010|wikivir-001817.s000011|wikivir-001817.s000012	12	40	40	19	TI Razumem teti si domovinaki je ne smem izdatiimeki ga ne smem zakričatispomino katerih moram molčatibogki ga ne smem objokovatistrahki se ga ne smem batimejaki jo morem spoštovati	wikivir.xml	1817	Ti	Blaž Lukan		pesmi							emotion_sadness_per_1k
wikivir-000140::window::1	window	wikivir-000140	12	8	0.0	0.0	0.0	0.0	2.0	250.0	0.25	0.2739999999999999	0.0	0.0	0.0	0.0	0.0	0.0	0.0	0.0	2.0	250.0	0.25	0.486	2.0	250.0	0.25	0.0113333333333333	0.0	0.0	0.0	0.0	2.0	250.0	0.25	0.2813333333333333	2.0	250.0	0.0	0.0	0.8603333333333333	0.5736666666666667	0.4236666666666666	1.0	3	2	0.375	anticipation	0.25	wikivir.xml	140	Poezije	Jernej Levicnik		pesmi							window	wikivir-000140	wikivir-000140.s000001|wikivir-000140.s000002	2	12	12	6	Kako bi neki sladke pel LesničnjekKako bi neki prave pel Levičnjek	wikivir.xml	140	Poezije	Jernej Levicnik		pesmi							emotion_sadness_per_1k
wikivir-000140::document::1	document	wikivir-000140	14	8	0.0	0.0	0.0	0.0	2.0	250.0	0.25	0.2739999999999999	0.0	0.0	0.0	0.0	0.0	0.0	0.0	0.0	2.0	250.0	0.25	0.486	2.0	250.0	0.25	0.0113333333333333	0.0	0.0	0.0	0.0	2.0	250.0	0.25	0.2813333333333333	2.0	250.0	0.0	0.0	0.8603333333333333	0.5736666666666667	0.4236666666666666	1.0	3	2	0.375	anticipation	0.25	wikivir.xml	140	Poezije	Jernej Levicnik		pesmi							document	wikivir-000140	wikivir-000140.s000001|wikivir-000140.s000002	2	14	12	6	Kako bi neki sladke pel Lesničnjek! Kako bi neki prave pel Levičnjek!	wikivir.xml	140	Poezije	Jernej Levicnik		pesmi							emotion_sadness_per_1k
wikivir-000098::document::1	document	wikivir-000098	50	28	2.0	71.42857142857143	0.1052631578947368	0.0464666666666666	0.0	0.0	0.0	0.0	5.0	178.57142857142858	0.2631578947368421	0.0791999999999999	2.0	71.42857142857143	0.1052631578947368	0.0460666666666666	0.0	0.0	0.0	0.0508666666666666	7.0	250.0	0.3684210526315789	0.2246666666666666	0.0	0.0	0.0	0.0	3.0	107.14285714285714	0.1578947368421052	0.0692666666666666	2.0	71.42857142857143	5.0	178.57142857142858	0.4143555555555555	0.3262444444444445	0.3650555555555556	-0.4285714285714285	15	13	0.5357142857142857	sadness	0.3684210526315789	wikivir.xml	98	Jesen (Srečko Kosovel, 3)	Srečko Kosovel		pesmi							document	wikivir-000098	wikivir-000098.s000001|wikivir-000098.s000002|wikivir-000098.s000003|wikivir-000098.s000004|wikivir-000098.s000005|wikivir-000098.s000006|wikivir-000098.s000007|wikivir-000098.s000008	8	50	45	27	Enakomerno deževanje na ploskve sivih kamnitih streh; vse bolne, žalostne so moje sanje in v sivi žalosti zamrl je smeh. Jesenska roža je zaprla čašo in tiha se nagnila v siva tla; in somrak pal je čez vasico našo in zrak je mrzel od dežjà.	wikivir.xml	98	Jesen (Srečko Kosovel, 3)	Srečko Kosovel		pesmi							emotion_sadness_per_1k
wikivir-000098::window::1	window	wikivir-000098	45	28	2.0	71.42857142857143	0.1052631578947368	0.0464666666666666	0.0	0.0	0.0	0.0	5.0	178.57142857142858	0.2631578947368421	0.0791999999999999	2.0	71.42857142857143	0.1052631578947368	0.0460666666666666	0.0	0.0	0.0	0.0508666666666666	7.0	250.0	0.3684210526315789	0.2246666666666666	0.0	0.0	0.0	0.0	3.0	107.14285714285714	0.1578947368421052	0.0692666666666666	2.0	71.42857142857143	5.0	178.57142857142858	0.4143555555555555	0.3262444444444445	0.3650555555555556	-0.4285714285714285	15	13	0.5357142857142857	sadness	0.3684210526315789	wikivir.xml	98	Jesen (Srečko Kosovel, 3)	Srečko Kosovel		pesmi							window	wikivir-000098	wikivir-000098.s000001|wikivir-000098.s000002|wikivir-000098.s000003|wikivir-000098.s000004|wikivir-000098.s000005|wikivir-000098.s000006|wikivir-000098.s000007|wikivir-000098.s000008	8	45	45	27	Enakomerno deževanje na ploskve sivih kamnitih strehvse bolnežalostne so moje sanje in v sivi žalosti zamrl je smehJesenska roža je zaprla čašo in tiha se nagnila v siva tlain somrak pal je čez vasico našo in zrak je mrzel od dežjà	wikivir.xml	98	Jesen (Srečko Kosovel, 3)	Srečko Kosovel		pesmi							emotion_sadness_per_1k
wikivir-015483::document::1	document	wikivir-015483	20	12	3.0	250.0	0.3	0.3854	1.0	83.33333333333333	0.1	0.0703999999999999	2.0	166.66666666666666	0.2	0.2156	1.0	83.33333333333333	0.1	0.1032	0.0	0.0	0.0	0.0	3.0	250.0	0.3	0.4027999999999999	0.0	0.0	0.0	0.0	0.0	0.0	0.0	0.0	0.0	0.0	3.0	250.0	0.3579333333333334	0.4986666666666666	0.3838666666666667	-1.0	5	4	0.4166666666666667	anger	0.3	wikivir.xml	15483	Muzejsko društvo	Joka Žigon	20	pesmi			1973.0				document	wikivir-015483	wikivir-015483.s000001|wikivir-015483.s000002|wikivir-015483.s000003|wikivir-015483.s000004	4	20	17	12	Grška je Efialta rodila, Loška še hujšo reč izkotila: leto za letom ta graja njene razglede izdaja.	wikivir.xml	15483	Muzejsko društvo	Joka Žigon	20	pesmi			1973.0				emotion_sadness_per_1k
wikivir-015777::window::1	window	wikivir-015777	12	8	0.0	0.0	0.0	0.0	2.0	250.0	0.25	0.2739999999999999	0.0	0.0	0.0	0.0	0.0	0.0	0.0	0.0	2.0	250.0	0.25	0.486	2.0	250.0	0.25	0.0113333333333333	0.0	0.0	0.0	0.0	2.0	250.0	0.25	0.2813333333333333	2.0	250.0	0.0	0.0	0.8603333333333333	0.5736666666666667	0.4236666666666666	1.0	3	2	0.375	anticipation	0.25	wikivir.xml	15777	Lesničniku in Levičniku	France Prešeren	19	pesmi							window	wikivir-015777	wikivir-015777.s000001|wikivir-015777.s000002	2	12	12	6	Kako bi neki sladke pel LesničnikKako bi neki prave pel Levičnik	wikivir.xml	15777	Lesničniku in Levičniku	France Prešeren	19	pesmi							emotion_sadness_per_1k
wikivir-000204::window::1	window	wikivir-000204	82	48	4.0	83.33333333333333	0.1481481481481481	0.0643214285714285	0.0	0.0	0.0	0.0	3.0	62.5	0.1111111111111111	0.0393571428571428	5.0	104.16666666666669	0.1851851851851851	0.0602857142857142	0.0	0.0	0.0	0.0615	12.0	250.0	0.4444444444444444	0.1382857142857142	1.0	20.83333333333333	0.037037037037037	0.0136785714285714	2.0	41.66666666666666	0.074074074074074	0.0309642857142857	5.0	104.16666666666669	11.0	229.16666666666663	0.4676369047619048	0.3197261904761905	0.3696964285714285	-0.375	28	20	0.5833333333333334	sadness	0.4444444444444444	wikivir.xml	204	Sonet smrti	Srečko Kosovel		pesmi							window	wikivir-000204	wikivir-000204.s000001|wikivir-000204.s000002|wikivir-000204.s000003|wikivir-000204.s000004|wikivir-000204.s000005|wikivir-000204.s000006|wikivir-000204.s000007|wikivir-000204.s000008|wikivir-000204.s000009|wikivir-000204.s000010|wikivir-000204.s000011|wikivir-000204.s000012|wikivir-000204.s000013|wikivir-000204.s000014|wikivir-000204.s000015	15	82	82	47	In vse je ničTe žametne oči so kakor žalostki strmi v sivinonjih temni sloj prodira med tišino kot zvokki se v šumenju izgubiTe tihečrnežametne oči mi s svojim temnim bleskom in milino poljubljajo to sivo bolečinoki mojo dušo vsak dan bolj dušiTe tihečrnežametne oči so kakor črnožametno nebonad ostr	wikivir.xml	204	Sonet smrti	Srečko Kosovel		pesmi							emotion_sadness_per_1k
wikivir-020727::window::1	window	wikivir-020727	31	20	5.0	250.0	0.1219512195121951	0.1594444444444444	7.0	350.0	0.1707317073170731	0.1417777777777777	5.0	250.0	0.1219512195121951	0.1822222222222222	7.0	350.0	0.1707317073170731	0.2923333333333333	2.0	100.0	0.048780487804878	0.0804444444444444	5.0	250.0	0.1219512195121951	0.2541666666666666	5.0	250.0	0.1219512195121951	0.1605555555555555	5.0	250.0	0.1219512195121951	0.1310555555555555	6.0	300.0	5.0	250.0	0.4581111111111111	0.4547574074074074	0.4968018518518519	0.0909090909090909	18	12	0.9	anticipation	0.1707317073170731	wikivir.xml	20727	(Ženska in smrt sta sestri )	Tomaž Šalamun	20	pesmi							window	wikivir-020727	wikivir-020727.s000001|wikivir-020727.s000002|wikivir-020727.s000003|wikivir-020727.s000004|wikivir-020727.s000005|wikivir-020727.s000006|wikivir-020727.s000007|wikivir-020727.s000008|wikivir-020727.s000009|wikivir-020727.s000010	10	31	31	20	Ženska in smrt sta sestriMati in smrt sestriMoški in smrt brataOče in smrt brataČlovek in smrtdva velikanadve svetleči kroglidva ljubimcaJaz beli drevored oba	wikivir.xml	20727	(Ženska in smrt sta sestri )	Tomaž Šalamun	20	pesmi							emotion_sadness_per_1k
wikivir-015483::window::1	window	wikivir-015483	17	12	3.0	250.0	0.3	0.3854	1.0	83.33333333333333	0.1	0.0703999999999999	2.0	166.66666666666666	0.2	0.2156	1.0	83.33333333333333	0.1	0.1032	0.0	0.0	0.0	0.0	3.0	250.0	0.3	0.4027999999999999	0.0	0.0	0.0	0.0	0.0	0.0	0.0	0.0	0.0	0.0	3.0	250.0	0.3579333333333334	0.4986666666666666	0.3838666666666667	-1.0	5	4	0.4166666666666667	anger	0.3	wikivir.xml	15483	Muzejsko društvo	Joka Žigon	20	pesmi			1973.0				window	wikivir-015483	wikivir-015483.s000001|wikivir-015483.s000002|wikivir-015483.s000003|wikivir-015483.s000004	4	17	17	12	Grška je Efialta rodilaLoška še hujšo reč izkotilaleto za letom ta graja njene razglede izdaja	wikivir.xml	15483	Muzejsko društvo	Joka Žigon	20	pesmi			1973.0				emotion_sadness_per_1k
wikivir-000204::document::1	document	wikivir-000204	100	48	4.0	83.33333333333333	0.1481481481481481	0.0643214285714285	0.0	0.0	0.0	0.0	3.0	62.5	0.1111111111111111	0.0393571428571428	5.0	104.16666666666669	0.1851851851851851	0.0602857142857142	0.0	0.0	0.0	0.0615	12.0	250.0	0.4444444444444444	0.1382857142857142	1.0	20.83333333333333	0.037037037037037	0.0136785714285714	2.0	41.66666666666666	0.074074074074074	0.0309642857142857	5.0	104.16666666666669	11.0	229.16666666666663	0.4676369047619048	0.3197261904761905	0.3696964285714285	-0.375	28	20	0.5833333333333334	sadness	0.4444444444444444	wikivir.xml	204	Sonet smrti	Srečko Kosovel		pesmi							document	wikivir-000204	wikivir-000204.s000001|wikivir-000204.s000002|wikivir-000204.s000003|wikivir-000204.s000004|wikivir-000204.s000005|wikivir-000204.s000006|wikivir-000204.s000007|wikivir-000204.s000008|wikivir-000204.s000009|wikivir-000204.s000010|wikivir-000204.s000011|wikivir-000204.s000012|wikivir-000204.s000013|wikivir-000204.s000014|wikivir-000204.s000015	15	100	82	47	In vse je nič. Te žametne oči so kakor žalost, ki strmi v sivino, njih temni sloj prodira med tišino kot zvok, ki se v šumenju izgubi. Te tihe, črne, žametne oči mi s svojim temnim bleskom in milino poljubljajo to sivo bolečino, ki mojo dušo vsak dan bolj duši. Te tihe, črne, žametne oči so kakor čr	wikivir.xml	204	Sonet smrti	Srečko Kosovel		pesmi							emotion_sadness_per_1k
wikivir-015777::document::1	document	wikivir-015777	14	8	0.0	0.0	0.0	0.0	2.0	250.0	0.25	0.2739999999999999	0.0	0.0	0.0	0.0	0.0	0.0	0.0	0.0	2.0	250.0	0.25	0.486	2.0	250.0	0.25	0.0113333333333333	0.0	0.0	0.0	0.0	2.0	250.0	0.25	0.2813333333333333	2.0	250.0	0.0	0.0	0.8603333333333333	0.5736666666666667	0.4236666666666666	1.0	3	2	0.375	anticipation	0.25	wikivir.xml	15777	Lesničniku in Levičniku	France Prešeren	19	pesmi							document	wikivir-015777	wikivir-015777.s000001|wikivir-015777.s000002	2	14	12	6	Kako bi neki sladke pel Lesničnik! Kako bi neki prave pel Levičnik!	wikivir.xml	15777	Lesničniku in Levičniku	France Prešeren	19	pesmi							emotion_sadness_per_1k
wikivir-020727::document::1	document	wikivir-020727	45	20	5.0	250.0	0.1219512195121951	0.1594444444444444	7.0	350.0	0.1707317073170731	0.1417777777777777	5.0	250.0	0.1219512195121951	0.1822222222222222	7.0	350.0	0.1707317073170731	0.2923333333333333	2.0	100.0	0.048780487804878	0.0804444444444444	5.0	250.0	0.1219512195121951	0.2541666666666666	5.0	250.0	0.1219512195121951	0.1605555555555555	5.0	250.0	0.1219512195121951	0.1310555555555555	6.0	300.0	5.0	250.0	0.4581111111111111	0.4547574074074074	0.4968018518518519	0.0909090909090909	18	12	0.9	anticipation	0.1707317073170731	wikivir.xml	20727	(Ženska in smrt sta sestri )	Tomaž Šalamun	20	pesmi							document	wikivir-020727	wikivir-020727.s000001|wikivir-020727.s000002|wikivir-020727.s000003|wikivir-020727.s000004|wikivir-020727.s000005|wikivir-020727.s000006|wikivir-020727.s000007|wikivir-020727.s000008|wikivir-020727.s000009|wikivir-020727.s000010	10	45	31	20	Ženska in smrt sta sestri. Mati in smrt — sestri. Moški in smrt — brata. Oče in smrt — brata. Človek in smrt, dva velikana, dve svetleči krogli, dva ljubimca. Jaz — beli drevored — oba.	wikivir.xml	20727	(Ženska in smrt sta sestri )	Tomaž Šalamun	20	pesmi							emotion_sadness_per_1k
wikivir-002113::window::3	window	wikivir-002113	94	45	7.0	155.55555555555557	0.1521739130434782	0.1671666666666666	4.0	88.88888888888889	0.0869565217391304	0.0755416666666666	5.0	111.1111111111111	0.108695652173913	0.1009583333333333	7.0	155.55555555555557	0.1521739130434782	0.162125	4.0	88.88888888888889	0.0869565217391304	0.103375	11.0	244.44444444444443	0.2391304347826087	0.2091666666666666	4.0	88.88888888888889	0.0869565217391304	0.1070416666666666	4.0	88.88888888888889	0.0869565217391304	0.0875833333333333	5.0	111.1111111111111	11.0	244.44444444444443	0.4826458333333334	0.5287361111111112	0.4898819444444444	-0.375	24	16	0.5333333333333333	sadness	0.2391304347826087	wikivir.xml	2113	Kako so Črešnjevčani jazbeca lovili...	Lojze Zupanc	20	pripovedke							window	wikivir-002113	wikivir-002113.s000026|wikivir-002113.s000027|wikivir-002113.s000028|wikivir-002113.s000029|wikivir-002113.s000030|wikivir-002113.s000031	6	94	94	40	vavek so imeli ljudje za tatove najhujšo kazenda so jih žive zakopaliKar mislite sikako strašno na primer bi biloda sem jaz tat in vi bi me zakopali v jamo živegaTako storimo s tatom naše debelače pa bo mir po naših debelačnih njivahŽivijoso vsi zakričali in zakopali tatu v jamo.ki so jo izkopali za	wikivir.xml	2113	Kako so Črešnjevčani jazbeca lovili...	Lojze Zupanc	20	pripovedke							emotion_sadness_per_1k
wikivir-000078::document::1	document	wikivir-000078	53	29	3.0	103.44827586206895	0.12	0.06355	3.0	103.44827586206895	0.12	0.0734	4.0	137.9310344827586	0.16	0.0789	4.0	137.9310344827586	0.16	0.12635	0.0	0.0	0.0	0.0264	7.0	241.3793103448276	0.28	0.2563	2.0	68.9655172413793	0.08	0.0363	2.0	68.9655172413793	0.08	0.05355	4.0	137.9310344827586	6.0	206.89655172413796	0.4026791666666667	0.369175	0.362825	-0.2	20	18	0.6896551724137931	sadness	0.28	wikivir.xml	78	Na tečaju mrtvih	Srečko Kosovel		pesmi							document	wikivir-000078	wikivir-000078.s000001|wikivir-000078.s000002|wikivir-000078.s000003|wikivir-000078.s000004|wikivir-000078.s000005|wikivir-000078.s000006|wikivir-000078.s000007|wikivir-000078.s000008	8	53	43	29	Skozi sivo pajčevino sije dan. Človek stopa po cesti raztrgan, bolan, človek brezvoljen, v dno duše potrt, človek, ki pričakuje smrt. Tam v tišini meglenih poljan umrl bo sredi žalostnih sanj, kakor luč bo pojemal, ugasnil in pred vsem svetom se bo skril.	wikivir.xml	78	Na tečaju mrtvih	Srečko Kosovel		pesmi							emotion_sadness_per_1k
wikivir-000078::window::1	window	wikivir-000078	43	29	3.0	103.44827586206895	0.12	0.06355	3.0	103.44827586206895	0.12	0.0734	4.0	137.9310344827586	0.16	0.0789	4.0	137.9310344827586	0.16	0.12635	0.0	0.0	0.0	0.0264	7.0	241.3793103448276	0.28	0.2563	2.0	68.9655172413793	0.08	0.0363	2.0	68.9655172413793	0.08	0.05355	4.0	137.9310344827586	6.0	206.89655172413796	0.4026791666666667	0.369175	0.362825	-0.2	20	18	0.6896551724137931	sadness	0.28	wikivir.xml	78	Na tečaju mrtvih	Srečko Kosovel		pesmi							window	wikivir-000078	wikivir-000078.s000001|wikivir-000078.s000002|wikivir-000078.s000003|wikivir-000078.s000004|wikivir-000078.s000005|wikivir-000078.s000006|wikivir-000078.s000007|wikivir-000078.s000008	8	43	43	29	Skozi sivo pajčevino sije danČlovek stopa po cesti raztrganbolančlovek brezvoljenv dno duše potrtčlovekki pričakuje smrtTam v tišini meglenih poljan umrl bo sredi žalostnih sanjkakor luč bo pojemalugasnil in pred vsem svetom se bo skril	wikivir.xml	78	Na tečaju mrtvih	Srečko Kosovel		pesmi							emotion_sadness_per_1k
wikivir-003255::window::1	window	wikivir-003255	300	138	6.0	43.47826086956522	0.0923076923076923	0.0448108108108108	7.0	50.72463768115942	0.1076923076923077	0.0505675675675675	1.0	7.246376811594203	0.0153846153846153	0.0063378378378378	3.0	21.73913043478261	0.0461538461538461	0.0420405405405405	2.0	14.492753623188406	0.0307692307692307	0.0446621621621621	33.0	239.13043478260872	0.5076923076923077	0.1761756756756756	4.0	28.98550724637681	0.0615384615384615	0.0241756756756756	9.0	65.21739130434783	0.1384615384615384	0.0632432432432432	18.0	130.43478260869566	36.0	260.8695652173913	0.4267308558558559	0.4501452702702703	0.4288704954954955	-0.3333333333333333	74	37	0.5362318840579711	sadness	0.5076923076923077	wikivir.xml	3255	O Pustu in zakletem gradu			slovenske ljudske pravljice							window	wikivir-003255	wikivir-003255.s000001|wikivir-003255.s000002|wikivir-003255.s000003|wikivir-003255.s000004|wikivir-003255.s000005|wikivir-003255.s000006|wikivir-003255.s000007|wikivir-003255.s000008|wikivir-003255.s000009|wikivir-003255.s000010|wikivir-003255.s000011|wikivir-003255.s000012|wikivir-003255.s000013|wikivir-003255.s000014|wikivir-003255.s000015|wikivir-003255.s000016|wikivir-003255.s000017|wikivir-003255.s000018|wikivir-003255.s000019|wikivir-003255.s000020	34	300	300	137	Pust je bil vojak za časa rimskega cesarstvaTakratza časa rimskega cesarstvaje vsak vojak služil do starosti in tako je tudi Pust služil do starostiKo pa se je postaralso mu v kasarni rekliPustti si se postaralPojdikamor hočešDali so mu star vojaški plašč in hlebec kruhaToso reklivzemi s sebojDa ne 	wikivir.xml	3255	O Pustu in zakletem gradu			slovenske ljudske pravljice							emotion_sadness_per_1k
wikivir-001500::window::1	window	wikivir-001500	44	21	2.0	95.23809523809524	0.1333333333333333	0.1042222222222222	2.0	95.23809523809524	0.1333333333333333	0.0902222222222222	2.0	95.23809523809524	0.1333333333333333	0.0963333333333333	3.0	142.85714285714286	0.2	0.1865555555555555	0.0	0.0	0.0	0.0208888888888888	5.0	238.09523809523807	0.3333333333333333	0.3757777777777777	1.0	47.61904761904761	0.0666666666666666	0.0642222222222222	0.0	0.0	0.0	0.0	1.0	47.61904761904761	6.0	285.7142857142857	0.3768333333333333	0.4771296296296296	0.4025740740740741	-0.7142857142857143	9	9	0.4285714285714285	sadness	0.3333333333333333	wikivir.xml	1500	Pred smrtjo	Karel Destovnik Kajuh	20	pesmi							window	wikivir-001500	wikivir-001500.s000001|wikivir-001500.s000002|wikivir-001500.s000003|wikivir-001500.s000004|wikivir-001500.s000005|wikivir-001500.s000006|wikivir-001500.s000007|wikivir-001500.s000008	8	44	44	20	Kadar žalosten sem in potrtdenem svoje misli med dlaniKakor bi umiral se takrat mi zdikot da oznanjal bi skovir mi smrt Ali predno mi skovir odpojemalo predno bom umrlse bom v tihi hram zaprl in izpel vse pesmi svoje	wikivir.xml	1500	Pred smrtjo	Karel Destovnik Kajuh	20	pesmi							emotion_sadness_per_1k
wikivir-001500::document::1	document	wikivir-001500	53	21	2.0	95.23809523809524	0.1333333333333333	0.1042222222222222	2.0	95.23809523809524	0.1333333333333333	0.0902222222222222	2.0	95.23809523809524	0.1333333333333333	0.0963333333333333	3.0	142.85714285714286	0.2	0.1865555555555555	0.0	0.0	0.0	0.0208888888888888	5.0	238.09523809523807	0.3333333333333333	0.3757777777777777	1.0	47.61904761904761	0.0666666666666666	0.0642222222222222	0.0	0.0	0.0	0.0	1.0	47.61904761904761	6.0	285.7142857142857	0.3768333333333333	0.4771296296296296	0.4025740740740741	-0.7142857142857143	9	9	0.4285714285714285	sadness	0.3333333333333333	wikivir.xml	1500	Pred smrtjo	Karel Destovnik Kajuh	20	pesmi							document	wikivir-001500	wikivir-001500.s000001|wikivir-001500.s000002|wikivir-001500.s000003|wikivir-001500.s000004|wikivir-001500.s000005|wikivir-001500.s000006|wikivir-001500.s000007|wikivir-001500.s000008	8	53	44	20	Kadar žalosten sem in potrt, denem svoje misli med dlani. Kakor bi umiral se takrat mi zdi, kot da oznanjal bi skovir mi smrt ... Ali predno mi skovir odpoje; malo predno bom umrl, se bom v tihi hram zaprl in izpel vse pesmi svoje.	wikivir.xml	1500	Pred smrtjo	Karel Destovnik Kajuh	20	pesmi							emotion_sadness_per_1k
wikivir-011082::document::1	document	wikivir-011082	39	13	1.0	76.92307692307693	0.125	0.0935	1.0	76.92307692307693	0.125	0.0586666666666666	1.0	76.92307692307693	0.125	0.1028333333333333	0.0	0.0	0.0	0.0	0.0	0.0	0.0	0.0756666666666666	3.0	230.7692307692308	0.375	0.3698333333333333	0.0	0.0	0.0	0.0	2.0	153.84615384615387	0.25	0.151	1.0	76.92307692307693	3.0	230.7692307692308	0.4480833333333334	0.5508055555555554	0.5417777777777778	-0.5	6	6	0.4615384615384615	sadness	0.375	wikivir.xml	11082	Glasi domorodni/47	Lovro Toman	19	pesmi							document	wikivir-011082	wikivir-011082.s000001|wikivir-011082.s000002|wikivir-011082.s000003|wikivir-011082.s000004|wikivir-011082.s000005|wikivir-011082.s000006	6	39	26	13	Ki, če žalost jo zadene, Zapusti jo, de pogine; Jo izdaja, zaničuje — Le za ptujstvo moč potrosi; Ki ni vreden, de varuje, De ga v sebi dalj še nosi.	wikivir.xml	11082	Glasi domorodni/47	Lovro Toman	19	pesmi							emotion_sadness_per_1k
wikivir-003833::window::48	window	wikivir-003833	104	52	0.0	0.0	0.0	0.0	7.0	134.6153846153846	0.1372549019607843	0.0734285714285714	1.0	19.230769230769237	0.0196078431372549	0.0133999999999999	0.0	0.0	0.0	0.0	20.0	384.61538461538464	0.392156862745098	0.3711142857142857	1.0	19.230769230769237	0.0196078431372549	0.0078	17.0	326.9230769230769	0.3333333333333333	0.2301142857142857	5.0	96.15384615384616	0.0980392156862745	0.0888285714285714	20.0	384.61538461538464	0.0	0.0	0.7476857142857143	0.4767666666666666	0.612152380952381	1.0	35	21	0.6730769230769231	joy	0.392156862745098	wikivir.xml	3833	Navdih srca	Ana Nuška Pišek	21	pesmi							window	wikivir-003833	wikivir-003833.s001443|wikivir-003833.s001444|wikivir-003833.s001445|wikivir-003833.s001446|wikivir-003833.s001447|wikivir-003833.s001448|wikivir-003833.s001449|wikivir-003833.s001450|wikivir-003833.s001451|wikivir-003833.s001452|wikivir-003833.s001453|wikivir-003833.s001454|wikivir-003833.s001455|wikivir-003833.s001456|wikivir-003833.s001457	15	104	104	52	v spokojnosti večera in nočiSrečna sem ob možuki me ljubisrečna sem ob hčerkini mladi družinisrečna sem ob sinuki je našel pravo deklesrečna sem ob najmlajši hčerkiki razumno stopa po poti dozorevanjaSrečna sem v razdajanju za drugesrečna sem ob čutenjuda so tudi drugi srečni z menojsrečna semko nap	wikivir.xml	3833	Navdih srca	Ana Nuška Pišek	21	pesmi							emotion_surprise_per_1k
wikivir-006200::window::1	window	wikivir-006200	58	23	1.0	43.47826086956522	0.0357142857142857	0.039235294117647	8.0	347.8260869565217	0.2857142857142857	0.088235294117647	0.0	0.0	0.0	0.0	3.0	130.43478260869566	0.1071428571428571	0.0878235294117647	6.0	260.8695652173913	0.2142857142857142	0.075235294117647	1.0	43.47826086956522	0.0357142857142857	0.0222941176470588	7.0	304.34782608695656	0.25	0.0675882352941176	2.0	86.95652173913044	0.0714285714285714	0.0574705882352941	7.0	304.34782608695656	3.0	130.43478260869566	0.4341176470588235	0.3350686274509803	0.3840049019607843	0.4	17	10	0.7391304347826086	anticipation	0.2857142857142857	wikivir.xml	6200	Naša pesem	Karel Destovnik Kajuh	20	pesmi							window	wikivir-006200	wikivir-006200.s000001|wikivir-006200.s000002|wikivir-006200.s000003|wikivir-006200.s000004|wikivir-006200.s000005|wikivir-006200.s000006|wikivir-006200.s000007|wikivir-006200.s000008|wikivir-006200.s000009|wikivir-006200.s000010|wikivir-006200.s000011|wikivir-006200.s000012	12	58	58	23	Moja pesem ni le moja pesemto je krik vseh nasMoja pesem ni le moja pesemto je boj vseh nasBiti mlad v teh težkih časihto se pravi brez mladosti biti mladzreti starega sveta propadskrivati premnogo nadto se pravi biti mlad Pa je vendar sreča biti mladbiti mlad in poln nad	wikivir.xml	6200	Naša pesem	Karel Destovnik Kajuh	20	pesmi							emotion_surprise_per_1k
wikivir-006200::document::1	document	wikivir-006200	71	23	1.0	43.47826086956522	0.0357142857142857	0.039235294117647	8.0	347.8260869565217	0.2857142857142857	0.088235294117647	0.0	0.0	0.0	0.0	3.0	130.43478260869566	0.1071428571428571	0.0878235294117647	6.0	260.8695652173913	0.2142857142857142	0.075235294117647	1.0	43.47826086956522	0.0357142857142857	0.0222941176470588	7.0	304.34782608695656	0.25	0.0675882352941176	2.0	86.95652173913044	0.0714285714285714	0.0574705882352941	7.0	304.34782608695656	3.0	130.43478260869566	0.4341176470588235	0.3350686274509803	0.3840049019607843	0.4	17	10	0.7391304347826086	anticipation	0.2857142857142857	wikivir.xml	6200	Naša pesem	Karel Destovnik Kajuh	20	pesmi							document	wikivir-006200	wikivir-006200.s000001|wikivir-006200.s000002|wikivir-006200.s000003|wikivir-006200.s000004|wikivir-006200.s000005|wikivir-006200.s000006|wikivir-006200.s000007|wikivir-006200.s000008|wikivir-006200.s000009|wikivir-006200.s000010|wikivir-006200.s000011|wikivir-006200.s000012	12	71	58	23	Moja pesem ni le moja pesem, to je krik vseh nas! Moja pesem ni le moja pesem, to je boj vseh nas! Biti mlad v teh težkih časih, to se pravi brez mladosti biti mlad, zreti starega sveta propad, skrivati premnogo nad, to se pravi biti mlad ... Pa je vendar sreča biti mlad, biti mlad in poln nad!	wikivir.xml	6200	Naša pesem	Karel Destovnik Kajuh	20	pesmi							emotion_surprise_per_1k
wikivir-006068::window::1	window	wikivir-006068	39	23	2.0	86.95652173913044	0.0769230769230769	0.03125	5.0	217.3913043478261	0.1923076923076923	0.142625	4.0	173.91304347826087	0.1538461538461538	0.118125	1.0	43.47826086956522	0.0384615384615384	0.0533125	4.0	173.91304347826087	0.1538461538461538	0.193	3.0	130.43478260869566	0.1153846153846153	0.0380625	6.0	260.8695652173913	0.2307692307692307	0.1279374999999999	1.0	43.47826086956522	0.0384615384615384	0.025375	5.0	217.3913043478261	5.0	217.3913043478261	0.4971145833333333	0.4104583333333333	0.3744062499999999	0.0	16	14	0.6956521739130435	surprise	0.2307692307692307	wikivir.xml	6068	Lunini žarki	Tatjana Pregl Kobe	21	pesmi	Hlačke za oblačke						window	wikivir-006068	wikivir-006068.s000001|wikivir-006068.s000002|wikivir-006068.s000003|wikivir-006068.s000004|wikivir-006068.s000005|wikivir-006068.s000006|wikivir-006068.s000007|wikivir-006068.s000008|wikivir-006068.s000009|wikivir-006068.s000010|wikivir-006068.s000011|wikivir-006068.s000012	12	39	39	23	Sredi zimske noči punčko plaši vsekar se tam zunaj v črni temi godiNa vejah dreves se slana bleščiv soju luninih žarkov punčka zaspiNjenega srčkanič več ne teživsi sivi strahovi so z žarki odšli	wikivir.xml	6068	Lunini žarki	Tatjana Pregl Kobe	21	pesmi	Hlačke za oblačke						emotion_surprise_per_1k
wikivir-006068::document::1	document	wikivir-006068	46	23	2.0	86.95652173913044	0.0769230769230769	0.03125	5.0	217.3913043478261	0.1923076923076923	0.142625	4.0	173.91304347826087	0.1538461538461538	0.118125	1.0	43.47826086956522	0.0384615384615384	0.0533125	4.0	173.91304347826087	0.1538461538461538	0.193	3.0	130.43478260869566	0.1153846153846153	0.0380625	6.0	260.8695652173913	0.2307692307692307	0.1279374999999999	1.0	43.47826086956522	0.0384615384615384	0.025375	5.0	217.3913043478261	5.0	217.3913043478261	0.4971145833333333	0.4104583333333333	0.3744062499999999	0.0	16	14	0.6956521739130435	surprise	0.2307692307692307	wikivir.xml	6068	Lunini žarki	Tatjana Pregl Kobe	21	pesmi	Hlačke za oblačke						document	wikivir-006068	wikivir-006068.s000001|wikivir-006068.s000002|wikivir-006068.s000003|wikivir-006068.s000004|wikivir-006068.s000005|wikivir-006068.s000006|wikivir-006068.s000007|wikivir-006068.s000008|wikivir-006068.s000009|wikivir-006068.s000010|wikivir-006068.s000011|wikivir-006068.s000012	12	46	39	23	Sredi zimske noči punčko plaši vse, kar se tam zunaj v črni temi godi. Na vejah dreves se slana blešči, v soju luninih žarkov punčka zaspi. Njenega srčka, nič več ne teži, vsi sivi strahovi so z žarki odšli.	wikivir.xml	6068	Lunini žarki	Tatjana Pregl Kobe	21	pesmi	Hlačke za oblačke						emotion_surprise_per_1k
wikivir-010470::document::1	document	wikivir-010470	51	24	0.0	0.0	0.0	0.0	6.0	250.0	0.3	0.1829411764705882	0.0	0.0	0.0	0.0	0.0	0.0	0.0	0.0	6.0	250.0	0.3	0.2902352941176471	0.0	0.0	0.0	0.0	6.0	250.0	0.3	0.1232941176470588	2.0	83.33333333333333	0.1	0.0515294117647058	6.0	250.0	0.0	0.0	0.6900980392156862	0.4637254901960784	0.5496274509803922	1.0	17	6	0.7083333333333334	anticipation	0.3	wikivir.xml	10470	Otroci kličejo pomlad	Emil Adamič	20. stoletje	ljudsko besedilo							document	wikivir-010470	wikivir-010470.s000001|wikivir-010470.s000002|wikivir-010470.s000003|wikivir-010470.s000004|wikivir-010470.s000005|wikivir-010470.s000006|wikivir-010470.s000007|wikivir-010470.s000008	8	51	36	24	Sijaj, sijaj sonce, zlato moje srce, dam ti rdeče, dam ti rdeče, rdeče jajčece. Tebi pol, meni pol, naši mamici pa pol. Sijaj, sijaj sonce, zlato moje srce, dam ti rdeče, dam ti rdeče, rdeče jajčece.	wikivir.xml	10470	Otroci kličejo pomlad	Emil Adamič	20. stoletje	ljudsko besedilo							emotion_surprise_per_1k
wikivir-001721::document::1	document	wikivir-001721	39	20	4.0	200.0	0.16	0.0769230769230769	4.0	200.0	0.16	0.1304615384615384	2.0	100.0	0.08	0.006	3.0	150.0	0.12	0.1769230769230769	3.0	150.0	0.12	0.0658461538461538	1.0	50.0	0.04	0.0419230769230769	5.0	250.0	0.2	0.1646153846153845	3.0	150.0	0.12	0.1087692307692307	4.0	200.0	3.0	150.0	0.4936923076923077	0.4494358974358974	0.4125897435897436	0.1428571428571428	13	11	0.65	surprise	0.2	wikivir.xml	1721	Kje je strah?	Neža Maurer		pesmi							document	wikivir-001721	wikivir-001721.s000001|wikivir-001721.s000002|wikivir-001721.s000003|wikivir-001721.s000004|wikivir-001721.s000005|wikivir-001721.s000006|wikivir-001721.s000007|wikivir-001721.s000008|wikivir-001721.s000009	9	39	34	18	Drevesa so šla na sprehod po ulicah. Pa jih je na križišču srečal strah. Kaj bo pa zdaj? Drevesa so v gozd pobegnila, se z vejami tesno objela in strah v najtemnejšo senco zavila.	wikivir.xml	1721	Kje je strah?	Neža Maurer		pesmi							emotion_surprise_per_1k
wikivir-001721::window::1	window	wikivir-001721	34	20	4.0	200.0	0.16	0.0769230769230769	4.0	200.0	0.16	0.1304615384615384	2.0	100.0	0.08	0.006	3.0	150.0	0.12	0.1769230769230769	3.0	150.0	0.12	0.0658461538461538	1.0	50.0	0.04	0.0419230769230769	5.0	250.0	0.2	0.1646153846153845	3.0	150.0	0.12	0.1087692307692307	4.0	200.0	3.0	150.0	0.4936923076923077	0.4494358974358974	0.4125897435897436	0.1428571428571428	13	11	0.65	surprise	0.2	wikivir.xml	1721	Kje je strah?	Neža Maurer		pesmi							window	wikivir-001721	wikivir-001721.s000001|wikivir-001721.s000002|wikivir-001721.s000003|wikivir-001721.s000004|wikivir-001721.s000005|wikivir-001721.s000006|wikivir-001721.s000007|wikivir-001721.s000008|wikivir-001721.s000009	9	34	34	18	Drevesa so šla na sprehod po ulicahPa jih je na križišču srečal strahKaj bo pa zdajDrevesa so v gozd pobegnilase z vejami tesno objela in strah v najtemnejšo senco zavila	wikivir.xml	1721	Kje je strah?	Neža Maurer		pesmi							emotion_surprise_per_1k
wikivir-020727::document::1	document	wikivir-020727	45	20	5.0	250.0	0.1219512195121951	0.1594444444444444	7.0	350.0	0.1707317073170731	0.1417777777777777	5.0	250.0	0.1219512195121951	0.1822222222222222	7.0	350.0	0.1707317073170731	0.2923333333333333	2.0	100.0	0.048780487804878	0.0804444444444444	5.0	250.0	0.1219512195121951	0.2541666666666666	5.0	250.0	0.1219512195121951	0.1605555555555555	5.0	250.0	0.1219512195121951	0.1310555555555555	6.0	300.0	5.0	250.0	0.4581111111111111	0.4547574074074074	0.4968018518518519	0.0909090909090909	18	12	0.9	anticipation	0.1707317073170731	wikivir.xml	20727	(Ženska in smrt sta sestri )	Tomaž Šalamun	20	pesmi							document	wikivir-020727	wikivir-020727.s000001|wikivir-020727.s000002|wikivir-020727.s000003|wikivir-020727.s000004|wikivir-020727.s000005|wikivir-020727.s000006|wikivir-020727.s000007|wikivir-020727.s000008|wikivir-020727.s000009|wikivir-020727.s000010	10	45	31	20	Ženska in smrt sta sestri. Mati in smrt — sestri. Moški in smrt — brata. Oče in smrt — brata. Človek in smrt, dva velikana, dve svetleči krogli, dva ljubimca. Jaz — beli drevored — oba.	wikivir.xml	20727	(Ženska in smrt sta sestri )	Tomaž Šalamun	20	pesmi							emotion_surprise_per_1k
wikivir-020727::window::1	window	wikivir-020727	31	20	5.0	250.0	0.1219512195121951	0.1594444444444444	7.0	350.0	0.1707317073170731	0.1417777777777777	5.0	250.0	0.1219512195121951	0.1822222222222222	7.0	350.0	0.1707317073170731	0.2923333333333333	2.0	100.0	0.048780487804878	0.0804444444444444	5.0	250.0	0.1219512195121951	0.2541666666666666	5.0	250.0	0.1219512195121951	0.1605555555555555	5.0	250.0	0.1219512195121951	0.1310555555555555	6.0	300.0	5.0	250.0	0.4581111111111111	0.4547574074074074	0.4968018518518519	0.0909090909090909	18	12	0.9	anticipation	0.1707317073170731	wikivir.xml	20727	(Ženska in smrt sta sestri )	Tomaž Šalamun	20	pesmi							window	wikivir-020727	wikivir-020727.s000001|wikivir-020727.s000002|wikivir-020727.s000003|wikivir-020727.s000004|wikivir-020727.s000005|wikivir-020727.s000006|wikivir-020727.s000007|wikivir-020727.s000008|wikivir-020727.s000009|wikivir-020727.s000010	10	31	31	20	Ženska in smrt sta sestriMati in smrt sestriMoški in smrt brataOče in smrt brataČlovek in smrtdva velikanadve svetleči kroglidva ljubimcaJaz beli drevored oba	wikivir.xml	20727	(Ženska in smrt sta sestri )	Tomaž Šalamun	20	pesmi							emotion_surprise_per_1k
wikivir-010470::window::1	window	wikivir-010470	36	24	0.0	0.0	0.0	0.0	6.0	250.0	0.3	0.1829411764705882	0.0	0.0	0.0	0.0	0.0	0.0	0.0	0.0	6.0	250.0	0.3	0.2902352941176471	0.0	0.0	0.0	0.0	6.0	250.0	0.3	0.1232941176470588	2.0	83.33333333333333	0.1	0.0515294117647058	6.0	250.0	0.0	0.0	0.6900980392156862	0.4637254901960784	0.5496274509803922	1.0	17	6	0.7083333333333334	anticipation	0.3	wikivir.xml	10470	Otroci kličejo pomlad	Emil Adamič	20. stoletje	ljudsko besedilo							window	wikivir-010470	wikivir-010470.s000001|wikivir-010470.s000002|wikivir-010470.s000003|wikivir-010470.s000004|wikivir-010470.s000005|wikivir-010470.s000006|wikivir-010470.s000007|wikivir-010470.s000008	8	36	36	24	Sijajsijaj soncezlato moje srcedam ti rdečedam ti rdečerdeče jajčeceTebi polmeni polnaši mamici pa polSijajsijaj soncezlato moje srcedam ti rdečedam ti rdečerdeče jajčece	wikivir.xml	10470	Otroci kličejo pomlad	Emil Adamič	20. stoletje	ljudsko besedilo							emotion_surprise_per_1k
wikivir-004023::document::1	document	wikivir-004023	70	25	2.0	80.0	0.0714285714285714	0.068	5.0	200.0	0.1785714285714285	0.1925	2.0	80.0	0.0714285714285714	0.1227142857142857	2.0	80.0	0.0714285714285714	0.1360714285714285	6.0	240.0	0.2142857142857142	0.2485	1.0	40.0	0.0357142857142857	0.0524285714285714	6.0	240.0	0.2142857142857142	0.1518571428571428	4.0	160.0	0.1428571428571428	0.2132142857142857	7.0	280.0	4.0	160.0	0.664602380952381	0.5189595238095238	0.6091119047619048	0.2727272727272727	14	13	0.56	joy	0.2142857142857142	wikivir.xml	4023	Za 8. marec	Tanja Nežmah Dolinšek	21	pesmi	Angel brez kril						document	wikivir-004023	wikivir-004023.s000001|wikivir-004023.s000002|wikivir-004023.s000003|wikivir-004023.s000004|wikivir-004023.s000005|wikivir-004023.s000006|wikivir-004023.s000007|wikivir-004023.s000008|wikivir-004023.s000009|wikivir-004023.s000010|wikivir-004023.s000011|wikivir-004023.s000012|wikivir-004023.s000013|wikivir-004023.s000014	14	70	51	25	Ravnaš potrese, gasiš požare ... Ti si sonce, si sreča, ti si žena, si mati. Tvoj pogled je jutranji žarek, tvoje naročje - je varno, zanesljivo. Dala si mi življenje, tega ti jaz ne morem dati, lahko ti ga le polepšam. Ti si dobrota, si up, ti si sončni žarek, si moja mati.	wikivir.xml	4023	Za 8. marec	Tanja Nežmah Dolinšek	21	pesmi	Angel brez kril						emotion_surprise_per_1k
wikivir-004023::window::1	window	wikivir-004023	51	25	2.0	80.0	0.0714285714285714	0.068	5.0	200.0	0.1785714285714285	0.1925	2.0	80.0	0.0714285714285714	0.1227142857142857	2.0	80.0	0.0714285714285714	0.1360714285714285	6.0	240.0	0.2142857142857142	0.2485	1.0	40.0	0.0357142857142857	0.0524285714285714	6.0	240.0	0.2142857142857142	0.1518571428571428	4.0	160.0	0.1428571428571428	0.2132142857142857	7.0	280.0	4.0	160.0	0.664602380952381	0.5189595238095238	0.6091119047619048	0.2727272727272727	14	13	0.56	joy	0.2142857142857142	wikivir.xml	4023	Za 8. marec	Tanja Nežmah Dolinšek	21	pesmi	Angel brez kril						window	wikivir-004023	wikivir-004023.s000001|wikivir-004023.s000002|wikivir-004023.s000003|wikivir-004023.s000004|wikivir-004023.s000005|wikivir-004023.s000006|wikivir-004023.s000007|wikivir-004023.s000008|wikivir-004023.s000009|wikivir-004023.s000010|wikivir-004023.s000011|wikivir-004023.s000012|wikivir-004023.s000013|wikivir-004023.s000014	14	51	51	25	Ravnaš potresegasiš požare Ti si soncesi srečati si ženasi matiTvoj pogled je jutranji žarektvoje naročje je varnozanesljivoDala si mi življenjetega ti jaz ne morem datilahko ti ga le polepšamTi si dobrotasi upti si sončni žareksi moja mati	wikivir.xml	4023	Za 8. marec	Tanja Nežmah Dolinšek	21	pesmi	Angel brez kril						emotion_surprise_per_1k
wikivir-006081::document::1	document	wikivir-006081	35	17	0.0	0.0	0.0	0.0	0.0	0.0	0.0	0.0	0.0	0.0	0.0	0.0	0.0	0.0	0.0	0.0	0.0	0.0	0.0	0.0	0.0	0.0	0.0	0.0	4.0	235.2941176470588	1.0	0.0982857142857142	0.0	0.0	0.0	0.0	0.0	0.0	0.0	0.0	0.6612857142857143	0.3782142857142858	0.3564285714285714		7	4	0.4117647058823529	surprise	1.0	wikivir.xml	6081	Usta (Tatjana Pregl Kobe)	Tatjana Pregl Kobe	21	pesmi	Hlačke za oblačke						document	wikivir-006081	wikivir-006081.s000001|wikivir-006081.s000002|wikivir-006081.s000003|wikivir-006081.s000004|wikivir-006081.s000005|wikivir-006081.s000006|wikivir-006081.s000007|wikivir-006081.s000008|wikivir-006081.s000009|wikivir-006081.s000010|wikivir-006081.s000011	11	35	26	17	, : Tatjana Pregl Kobe , : Hlačke za oblačke Usta Usta mala, usta zala, s šminko so se poigrala. Ko se mama je vrnila, usta so se brž umila.	wikivir.xml	6081	Usta (Tatjana Pregl Kobe)	Tatjana Pregl Kobe	21	pesmi	Hlačke za oblačke						emotion_surprise_per_1k
wikivir-006081::window::1	window	wikivir-006081	26	17	0.0	0.0	0.0	0.0	0.0	0.0	0.0	0.0	0.0	0.0	0.0	0.0	0.0	0.0	0.0	0.0	0.0	0.0	0.0	0.0	0.0	0.0	0.0	0.0	4.0	235.2941176470588	1.0	0.0982857142857142	0.0	0.0	0.0	0.0	0.0	0.0	0.0	0.0	0.6612857142857143	0.3782142857142858	0.3564285714285714		7	4	0.4117647058823529	surprise	1.0	wikivir.xml	6081	Usta (Tatjana Pregl Kobe)	Tatjana Pregl Kobe	21	pesmi	Hlačke za oblačke						window	wikivir-006081	wikivir-006081.s000001|wikivir-006081.s000002|wikivir-006081.s000003|wikivir-006081.s000004|wikivir-006081.s000005|wikivir-006081.s000006|wikivir-006081.s000007|wikivir-006081.s000008|wikivir-006081.s000009|wikivir-006081.s000010|wikivir-006081.s000011	11	26	26	17	Tatjana Pregl Kobe Hlačke za oblačke Usta Usta malausta zalas šminko so se poigralaKo se mama je vrnilausta so se brž umila	wikivir.xml	6081	Usta (Tatjana Pregl Kobe)	Tatjana Pregl Kobe	21	pesmi	Hlačke za oblačke						emotion_surprise_per_1k
wikivir-000545::document::1	document	wikivir-000545	59	26	0.0	0.0	0.0	0.0	6.0	230.7692307692308	0.25	0.166875	0.0	0.0	0.0	0.0	0.0	0.0	0.0	0.0	6.0	230.7692307692308	0.25	0.1399375	0.0	0.0	0.0	0.0	6.0	230.7692307692308	0.25	0.0645	6.0	230.7692307692308	0.25	0.16425	7.0	269.2307692307692	1.0	38.46153846153847	0.6936875	0.44540625	0.5329375000000001	0.75	16	10	0.6153846153846154	anticipation	0.25	wikivir.xml	545	Pesem št. 1	Srečko Kosovel		pesmi	Integrali 26						document	wikivir-000545	wikivir-000545.s000001|wikivir-000545.s000002|wikivir-000545.s000003|wikivir-000545.s000004|wikivir-000545.s000005|wikivir-000545.s000006|wikivir-000545.s000007|wikivir-000545.s000008|wikivir-000545.s000009|wikivir-000545.s000010|wikivir-000545.s000011|wikivir-000545.s000012|wikivir-000545.s000013|wikivir-000545.s000014|wikivir-000545.s000015	15	59	47	24	Sonce sije. Zbudil sem se. Mislim še na cirkus in na Kolombino. Sonce po cesti, z menoj gre sonce. V trafiki kupim štiri Zeta. O, kako majhna je trafika v primeri s soncem. Človek je kakor martinček, ki ima rad sonce. In vendar. Sonce gre za menoj.	wikivir.xml	545	Pesem št. 1	Srečko Kosovel		pesmi	Integrali 26						emotion_surprise_per_1k
wikivir-003970::document::1	document	wikivir-003970	83	39	0.0	0.0	0.0	0.0	7.0	179.48717948717947	0.2058823529411764	0.1249259259259259	0.0	0.0	0.0	0.0	0.0	0.0	0.0	0.0	7.0	179.48717948717947	0.2058823529411764	0.1561481481481481	3.0	76.92307692307693	0.088235294117647	0.0364444444444444	9.0	230.7692307692308	0.2647058823529412	0.0763333333333333	8.0	205.1282051282051	0.2352941176470588	0.1476666666666666	11.0	282.05128205128204	3.0	76.92307692307693	0.7113209876543208	0.3900555555555555	0.5007839506172841	0.5714285714285714	27	15	0.6923076923076923	surprise	0.2647058823529412	wikivir.xml	3970	Sonce, noč, dan in jaz	Tanja Nežmah Dolinšek	21	pesmi	Angel brez kril						document	wikivir-003970	wikivir-003970.s000001|wikivir-003970.s000002|wikivir-003970.s000003|wikivir-003970.s000004|wikivir-003970.s000005|wikivir-003970.s000006|wikivir-003970.s000007|wikivir-003970.s000008|wikivir-003970.s000009|wikivir-003970.s000010|wikivir-003970.s000011|wikivir-003970.s000012|wikivir-003970.s000013|wikivir-003970.s000014|wikivir-003970.s000015|wikivir-003970.s000016|wikivir-003970.s000017|wikivir-003970.s000018|wikivir-003970.s000019|wikivir-003970.s000020	22	83	65	38	Sonce je zasijalo in me ogrelo, me objelo s svojimi ljubečimi rokami. Vstalo je sonce, vstala sem jaz, vstalo je jutro, vstal je dan. Minil je dan, sonce je šlo na zabavo k oblakom, svojim bratom, jaz in dan odšla sva v sanje, odšla sva v noč. Tako je vsak dan, pride sonce, nastane dan, pride noč, o	wikivir.xml	3970	Sonce, noč, dan in jaz	Tanja Nežmah Dolinšek	21	pesmi	Angel brez kril						emotion_surprise_per_1k
wikivir-000545::window::1	window	wikivir-000545	47	26	0.0	0.0	0.0	0.0	6.0	230.7692307692308	0.25	0.166875	0.0	0.0	0.0	0.0	0.0	0.0	0.0	0.0	6.0	230.7692307692308	0.25	0.1399375	0.0	0.0	0.0	0.0	6.0	230.7692307692308	0.25	0.0645	6.0	230.7692307692308	0.25	0.16425	7.0	269.2307692307692	1.0	38.46153846153847	0.6936875	0.44540625	0.5329375000000001	0.75	16	10	0.6153846153846154	anticipation	0.25	wikivir.xml	545	Pesem št. 1	Srečko Kosovel		pesmi	Integrali 26						window	wikivir-000545	wikivir-000545.s000001|wikivir-000545.s000002|wikivir-000545.s000003|wikivir-000545.s000004|wikivir-000545.s000005|wikivir-000545.s000006|wikivir-000545.s000007|wikivir-000545.s000008|wikivir-000545.s000009|wikivir-000545.s000010|wikivir-000545.s000011|wikivir-000545.s000012|wikivir-000545.s000013|wikivir-000545.s000014|wikivir-000545.s000015	15	47	47	24	Sonce sijeZbudil sem seMislim še na cirkus in na KolombinoSonce po cestiz menoj gre sonceV trafiki kupim štiri ZetaOkako majhna je trafika v primeri s soncemČlovek je kakor martinčekki ima rad sonceIn vendarSonce gre za menoj	wikivir.xml	545	Pesem št. 1	Srečko Kosovel		pesmi	Integrali 26						emotion_surprise_per_1k
wikivir-003970::window::1	window	wikivir-003970	65	39	0.0	0.0	0.0	0.0	7.0	179.48717948717947	0.2058823529411764	0.1249259259259259	0.0	0.0	0.0	0.0	0.0	0.0	0.0	0.0	7.0	179.48717948717947	0.2058823529411764	0.1561481481481481	3.0	76.92307692307693	0.088235294117647	0.0364444444444444	9.0	230.7692307692308	0.2647058823529412	0.0763333333333333	8.0	205.1282051282051	0.2352941176470588	0.1476666666666666	11.0	282.05128205128204	3.0	76.92307692307693	0.7113209876543208	0.3900555555555555	0.5007839506172841	0.5714285714285714	27	15	0.6923076923076923	surprise	0.2647058823529412	wikivir.xml	3970	Sonce, noč, dan in jaz	Tanja Nežmah Dolinšek	21	pesmi	Angel brez kril						window	wikivir-003970	wikivir-003970.s000001|wikivir-003970.s000002|wikivir-003970.s000003|wikivir-003970.s000004|wikivir-003970.s000005|wikivir-003970.s000006|wikivir-003970.s000007|wikivir-003970.s000008|wikivir-003970.s000009|wikivir-003970.s000010|wikivir-003970.s000011|wikivir-003970.s000012|wikivir-003970.s000013|wikivir-003970.s000014|wikivir-003970.s000015|wikivir-003970.s000016|wikivir-003970.s000017|wikivir-003970.s000018|wikivir-003970.s000019|wikivir-003970.s000020	22	65	65	38	Sonce je zasijalo in me ogrelome objelo s svojimi ljubečimi rokamiVstalo je soncevstala sem jazvstalo je jutrovstal je danMinil je dansonce je šlo na zabavo k oblakomsvojim bratomjaz in dan odšla sva v sanjeodšla sva v nočTako je vsak danpride soncenastane danpride nočodide danIn tako naprejvedno sa	wikivir.xml	3970	Sonce, noč, dan in jaz	Tanja Nežmah Dolinšek	21	pesmi	Angel brez kril						emotion_surprise_per_1k
wikivir-003415::window::1	window	wikivir-003415	20	9	0.0	0.0	0.0	0.0	0.0	0.0	0.0	0.0	1.0	111.1111111111111	0.3333333333333333	0.052	0.0	0.0	0.0	0.0	0.0	0.0	0.0	0.0	0.0	0.0	0.0	0.0	2.0	222.2222222222222	0.6666666666666666	0.0573333333333333	0.0	0.0	0.0	0.0	0.0	0.0	2.0	222.2222222222222	0.49325	0.3853333333333333	0.32925	-1.0	6	5	0.6666666666666666	surprise	0.6666666666666666	wikivir.xml	3415	Cigareta (Mavrica)	Peter Svetina	21	pesmi							window	wikivir-003415	wikivir-003415.s000001|wikivir-003415.s000002|wikivir-003415.s000003|wikivir-003415.s000004|wikivir-003415.s000005|wikivir-003415.s000006|wikivir-003415.s000007|wikivir-003415.s000009	8	20	20	9	Cigareta Dimnik jeki se seli iz ust med prste in spet v ustadokler to ga ne puhhrusta	wikivir.xml	3415	Cigareta (Mavrica)	Peter Svetina	21	pesmi							emotion_surprise_per_1k
wikivir-014359::window::1	window	wikivir-014359	19	9	1.0	111.1111111111111	0.1666666666666666	0.1875	0.0	0.0	0.0	0.0	1.0	111.1111111111111	0.1666666666666666	0.164	1.0	111.1111111111111	0.1666666666666666	0.23075	0.0	0.0	0.0	0.0	1.0	111.1111111111111	0.1666666666666666	0.17975	2.0	222.2222222222222	0.3333333333333333	0.3299999999999999	0.0	0.0	0.0	0.0	1.0	111.1111111111111	1.0	111.1111111111111	0.493	0.4446249999999999	0.484	0.0	4	4	0.4444444444444444	surprise	0.3333333333333333	wikivir.xml	14359	Katul 14a	Gaj Valerij Katul		pesmi							window	wikivir-014359	wikivir-014359.s000001|wikivir-014359.s000002|wikivir-014359.s000003	3	19	19	9	Če po naključju bereš moje stihein če te grozabralecne oblijeko vzameš v roke te otročarije	wikivir.xml	14359	Katul 14a	Gaj Valerij Katul		pesmi							emotion_surprise_per_1k
wikivir-014359::document::1	document	wikivir-014359	24	9	1.0	111.1111111111111	0.1666666666666666	0.1875	0.0	0.0	0.0	0.0	1.0	111.1111111111111	0.1666666666666666	0.164	1.0	111.1111111111111	0.1666666666666666	0.23075	0.0	0.0	0.0	0.0	1.0	111.1111111111111	0.1666666666666666	0.17975	2.0	222.2222222222222	0.3333333333333333	0.3299999999999999	0.0	0.0	0.0	0.0	1.0	111.1111111111111	1.0	111.1111111111111	0.493	0.4446249999999999	0.484	0.0	4	4	0.4444444444444444	surprise	0.3333333333333333	wikivir.xml	14359	Katul 14a	Gaj Valerij Katul		pesmi							document	wikivir-014359	wikivir-014359.s000001|wikivir-014359.s000002|wikivir-014359.s000003	3	24	19	9	Če po naključju bereš moje stihe, in če te groza, bralec, ne oblije, ko vzameš v roke te otročarije,	wikivir.xml	14359	Katul 14a	Gaj Valerij Katul		pesmi							emotion_surprise_per_1k
wikivir-019112::window::1	window	wikivir-019112	17	9	0.0	0.0	0.0	0.0	2.0	222.2222222222222	0.25	0.4373333333333333	0.0	0.0	0.0	0.0	0.0	0.0	0.0	0.0	2.0	222.2222222222222	0.25	0.3939999999999999	0.0	0.0	0.0	0.0	2.0	222.2222222222222	0.25	0.3386666666666666	2.0	222.2222222222222	0.25	0.2553333333333333	2.0	222.2222222222222	0.0	0.0	0.7496666666666667	0.517	0.6579999999999999	1.0	3	2	0.3333333333333333	anticipation	0.25	wikivir.xml	19112	Donec eris felix	Urban Jarnik	19	pesmi							window	wikivir-019112	wikivir-019112.s000001|wikivir-019112.s000002|wikivir-019112.s000003|wikivir-019112.s000004	4	17	17	9	Doklér sreča ti cvétiBoš prijatlov dosti štélČe pa sreča te pustiBoš se sam grél	wikivir.xml	19112	Donec eris felix	Urban Jarnik	19	pesmi							emotion_surprise_per_1k
wikivir-019112::document::1	document	wikivir-019112	23	9	0.0	0.0	0.0	0.0	2.0	222.2222222222222	0.25	0.4373333333333333	0.0	0.0	0.0	0.0	0.0	0.0	0.0	0.0	2.0	222.2222222222222	0.25	0.3939999999999999	0.0	0.0	0.0	0.0	2.0	222.2222222222222	0.25	0.3386666666666666	2.0	222.2222222222222	0.25	0.2553333333333333	2.0	222.2222222222222	0.0	0.0	0.7496666666666667	0.517	0.6579999999999999	1.0	3	2	0.3333333333333333	anticipation	0.25	wikivir.xml	19112	Donec eris felix	Urban Jarnik	19	pesmi							document	wikivir-019112	wikivir-019112.s000001|wikivir-019112.s000002|wikivir-019112.s000003|wikivir-019112.s000004	4	23	17	9	Doklér sreča ti cvéti, Boš prijatlov dosti štél; Če pa sreča te pusti, Boš se sam per péči grél.	wikivir.xml	19112	Donec eris felix	Urban Jarnik	19	pesmi							emotion_surprise_per_1k
wikivir-003407::document::1	document	wikivir-003407	25	9	0.0	0.0	0.0	0.0	0.0	0.0	0.0	0.0	1.0	111.1111111111111	0.3333333333333333	0.052	0.0	0.0	0.0	0.0	0.0	0.0	0.0	0.0	0.0	0.0	0.0	0.0	2.0	222.2222222222222	0.6666666666666666	0.0573333333333333	0.0	0.0	0.0	0.0	0.0	0.0	2.0	222.2222222222222	0.49325	0.3853333333333333	0.32925	-1.0	6	5	0.6666666666666666	surprise	0.6666666666666666	wikivir.xml	3407	Cigareta	Peter Svetina	21	pesmi							document	wikivir-003407	wikivir-003407.s000001|wikivir-003407.s000002|wikivir-003407.s000003|wikivir-003407.s000004|wikivir-003407.s000005|wikivir-003407.s000006|wikivir-003407.s000007|wikivir-003407.s000008|wikivir-003407.s000009	9	25	20	9	Cigareta Dimnik je, ki se seli iz ust med prste in spet v usta, dokler to ga ne puh! – hrusta.	wikivir.xml	3407	Cigareta	Peter Svetina	21	pesmi							emotion_surprise_per_1k
wikivir-003407::window::1	window	wikivir-003407	20	9	0.0	0.0	0.0	0.0	0.0	0.0	0.0	0.0	1.0	111.1111111111111	0.3333333333333333	0.052	0.0	0.0	0.0	0.0	0.0	0.0	0.0	0.0	0.0	0.0	0.0	0.0	2.0	222.2222222222222	0.6666666666666666	0.0573333333333333	0.0	0.0	0.0	0.0	0.0	0.0	2.0	222.2222222222222	0.49325	0.3853333333333333	0.32925	-1.0	6	5	0.6666666666666666	surprise	0.6666666666666666	wikivir.xml	3407	Cigareta	Peter Svetina	21	pesmi							window	wikivir-003407	wikivir-003407.s000001|wikivir-003407.s000002|wikivir-003407.s000003|wikivir-003407.s000004|wikivir-003407.s000005|wikivir-003407.s000006|wikivir-003407.s000007|wikivir-003407.s000009	8	20	20	9	Cigareta Dimnik jeki se seli iz ust med prste in spet v ustadokler to ga ne puhhrusta	wikivir.xml	3407	Cigareta	Peter Svetina	21	pesmi							emotion_surprise_per_1k
wikivir-003415::document::1	document	wikivir-003415	25	9	0.0	0.0	0.0	0.0	0.0	0.0	0.0	0.0	1.0	111.1111111111111	0.3333333333333333	0.052	0.0	0.0	0.0	0.0	0.0	0.0	0.0	0.0	0.0	0.0	0.0	0.0	2.0	222.2222222222222	0.6666666666666666	0.0573333333333333	0.0	0.0	0.0	0.0	0.0	0.0	2.0	222.2222222222222	0.49325	0.3853333333333333	0.32925	-1.0	6	5	0.6666666666666666	surprise	0.6666666666666666	wikivir.xml	3415	Cigareta (Mavrica)	Peter Svetina	21	pesmi							document	wikivir-003415	wikivir-003415.s000001|wikivir-003415.s000002|wikivir-003415.s000003|wikivir-003415.s000004|wikivir-003415.s000005|wikivir-003415.s000006|wikivir-003415.s000007|wikivir-003415.s000008|wikivir-003415.s000009	9	25	20	9	Cigareta Dimnik je, ki se seli iz ust med prste in spet v usta, dokler to ga ne puh! – hrusta.	wikivir.xml	3415	Cigareta (Mavrica)	Peter Svetina	21	pesmi							emotion_surprise_per_1k
wikivir-017897::window::1	window	wikivir-017897	36	24	2.0	83.33333333333333	0.0769230769230769	0.06	6.0	250.0	0.2307692307692307	0.1249285714285714	2.0	83.33333333333333	0.0769230769230769	0.0686428571428571	3.0	125.0	0.1153846153846153	0.1505714285714285	4.0	166.66666666666666	0.1538461538461538	0.079	2.0	83.33333333333333	0.0769230769230769	0.091	5.0	208.33333333333331	0.1923076923076923	0.0831428571428571	2.0	83.33333333333333	0.0769230769230769	0.0836428571428571	4.0	166.66666666666666	4.0	166.66666666666666	0.3911428571428572	0.5039607142857142	0.4547714285714285	0.0	14	11	0.5833333333333334	anticipation	0.2307692307692307	wikivir.xml	17897	Veverica mlada ...		20	pesmi			1914.0				window	wikivir-017897	wikivir-017897.s000001|wikivir-017897.s000002|wikivir-017897.s000003|wikivir-017897.s000004|wikivir-017897.s000005|wikivir-017897.s000006|wikivir-017897.s000007|wikivir-017897.s000008|wikivir-017897.s000009|wikivir-017897.s000010|wikivir-017897.s000011|wikivir-017897.s000012	12	36	36	24	Veverica mlada v logu je skakljalabila je veselarada se je igralaSkrita je lisicarevico ujelas plenom na gostijo zbežati hotelaPa prišel je lovecpočil je lisicorane smrti rešil mlado veverico	wikivir.xml	17897	Veverica mlada ...		20	pesmi			1914.0				emotion_surprise_per_1k
wikivir-017897::document::1	document	wikivir-017897	47	24	2.0	83.33333333333333	0.0769230769230769	0.06	6.0	250.0	0.2307692307692307	0.1249285714285714	2.0	83.33333333333333	0.0769230769230769	0.0686428571428571	3.0	125.0	0.1153846153846153	0.1505714285714285	4.0	166.66666666666666	0.1538461538461538	0.079	2.0	83.33333333333333	0.0769230769230769	0.091	5.0	208.33333333333331	0.1923076923076923	0.0831428571428571	2.0	83.33333333333333	0.0769230769230769	0.0836428571428571	4.0	166.66666666666666	4.0	166.66666666666666	0.3911428571428572	0.5039607142857142	0.4547714285714285	0.0	14	11	0.5833333333333334	anticipation	0.2307692307692307	wikivir.xml	17897	Veverica mlada ...		20	pesmi			1914.0				document	wikivir-017897	wikivir-017897.s000001|wikivir-017897.s000002|wikivir-017897.s000003|wikivir-017897.s000004|wikivir-017897.s000005|wikivir-017897.s000006|wikivir-017897.s000007|wikivir-017897.s000008|wikivir-017897.s000009|wikivir-017897.s000010|wikivir-017897.s000011|wikivir-017897.s000012	12	47	36	24	Veverica mlada v logu je skakljala; bila je vesela, rada se je igrala. Skrita je lisica, revico ujela; s plenom na gostijo zbežati hotela. Pa prišel je lovec, počil je lisico; rane smrti rešil mlado veverico ...	wikivir.xml	17897	Veverica mlada ...		20	pesmi			1914.0				emotion_surprise_per_1k
wikivir-010666::window::3	window	wikivir-010666	146	72	15.0	208.33333333333331	0.1530612244897959	0.0343555555555555	17.0	236.11111111111111	0.173469387755102	0.1506222222222222	8.0	111.1111111111111	0.0816326530612244	0.0069333333333333	4.0	55.55555555555555	0.0408163265306122	0.0524444444444444	15.0	208.33333333333331	0.1530612244897959	0.1334888888888888	2.0	27.77777777777777	0.0204081632653061	0.0256888888888888	15.0	208.33333333333331	0.1530612244897959	0.0753111111111111	22.0	305.5555555555556	0.2244897959183673	0.2155111111111111	18.0	250.0	4.0	55.55555555555555	0.5961666666666666	0.4291111111111111	0.5162888888888889	0.6363636363636364	45	25	0.625	trust	0.2244897959183673	wikivir.xml	10666	Pripovedka o treh bratih		19	ljudske pripovedke							window	wikivir-010666	wikivir-010666.s000021|wikivir-010666.s000022|wikivir-010666.s000023|wikivir-010666.s000024|wikivir-010666.s000025|wikivir-010666.s000026|wikivir-010666.s000027|wikivir-010666.s000028|wikivir-010666.s000029|wikivir-010666.s000030	10	146	146	71	vrata vzeli sebojPrišli so v gozdu do nekega drevesakjer so se skriliAli komaj so nekoliko časa sedeli na drevesiprišli so roparji pod drevopa so prinesli tri vreče denarja sebojKo so pa denar počeli štetije nekaj na drevesi zašumeloRoparji so se prestrašili ter so vsi zbežalisamo jeden je ostalkate	wikivir.xml	10666	Pripovedka o treh bratih		19	ljudske pripovedke							emotion_surprise_per_1k
wikivir-019839::document::1	document	wikivir-019839	29	15	2.0	133.33333333333334	0.125	0.0	4.0	266.6666666666667	0.25	0.1268461538461538	2.0	133.33333333333334	0.125	0.006	1.0	66.66666666666667	0.0625	0.0334615384615384	2.0	133.33333333333334	0.125	0.1215384615384615	0.0	0.0	0.0	0.0	3.0	200.0	0.1875	0.057076923076923	2.0	133.33333333333334	0.125	0.0961538461538461	4.0	266.6666666666667	2.0	133.33333333333334	0.7016025641025643	0.3512179487179487	0.4785256410256411	0.3333333333333333	13	11	0.8666666666666667	anticipation	0.25	wikivir.xml	19839	Sadovnjak Pod skalco	Zoran Božič		pesmi							document	wikivir-019839	wikivir-019839.s000001|wikivir-019839.s000002|wikivir-019839.s000003|wikivir-019839.s000004|wikivir-019839.s000005|wikivir-019839.s000006|wikivir-019839.s000007|wikivir-019839.s000008|wikivir-019839.s000009	9	29	23	15	Sadovnjak je kakor odprta knjiga pesmi: drevesa imajo svoj ritem, svojo vsebino in svojo usodo. Sadovnjak je skrivnostna zgodba: sadjarja, dreves in sadežev.	wikivir.xml	19839	Sadovnjak Pod skalco	Zoran Božič		pesmi							emotion_surprise_per_1k
wikivir-004340::document::1	document	wikivir-004340	46	25	0.0	0.0	0.0	0.0	1.0	40.0	0.1111111111111111	0.0312222222222222	0.0	0.0	0.0	0.0	0.0	0.0	0.0	0.0	1.0	40.0	0.1111111111111111	0.0822777777777777	1.0	40.0	0.1111111111111111	0.0274444444444444	5.0	200.0	0.5555555555555556	0.2299999999999999	1.0	40.0	0.1111111111111111	0.0265	1.0	40.0	1.0	40.0	0.6182777777777777	0.4113611111111111	0.4728888888888889	0.0	18	12	0.72	surprise	0.5555555555555556	wikivir.xml	4340	JESENSKA ODA	Milan Dekleva	20	pesmi							document	wikivir-004340	wikivir-004340.s000001|wikivir-004340.s000002|wikivir-004340.s000003|wikivir-004340.s000004|wikivir-004340.s000005|wikivir-004340.s000006|wikivir-004340.s000007|wikivir-004340.s000008|wikivir-004340.s000009|wikivir-004340.s000010	10	46	37	25	JESENSKA ODA Opotekavi škorci v zraku – nenadoma je jesen. Begotni ljubimci na mestnem tlaku – nenadoma je jesen. Cvileči mladiči v pesjaku – Nenadoma je jesen. Glažek v drhtečem mraku – on je nenadoma prazen, jaz sem nenadoma trd in nem.	wikivir.xml	4340	JESENSKA ODA	Milan Dekleva	20	pesmi							emotion_surprise_per_1k
wikivir-003229::window::1	window	wikivir-003229	21	15	0.0	0.0	0.0	0.0	3.0	200.0	0.2727272727272727	0.2755	1.0	66.66666666666667	0.0909090909090909	0.21475	0.0	0.0	0.0	0.0	3.0	200.0	0.2727272727272727	0.359	0.0	0.0	0.0	0.0	3.0	200.0	0.2727272727272727	0.174	1.0	66.66666666666667	0.0909090909090909	0.15225	3.0	200.0	1.0	66.66666666666667	0.5328125	0.45055	0.4085125	0.5	4	4	0.2666666666666666	anticipation	0.2727272727272727	wikivir.xml	3229	Pomladne gosli	Neža Maurer		pesmi							window	wikivir-003229	wikivir-003229.s000001|wikivir-003229.s000002|wikivir-003229.s000003|wikivir-003229.s000004|wikivir-003229.s000005|wikivir-003229.s000006|wikivir-003229.s000007|wikivir-003229.s000008	8	21	21	15	Smreko narišemmladavesela je pajkove niti med veje razpelaŽe vetrc na gosli poskočno igražarek pa travico plesat pelja	wikivir.xml	3229	Pomladne gosli	Neža Maurer		pesmi							emotion_surprise_per_1k
wikivir-003229::document::1	document	wikivir-003229	26	15	0.0	0.0	0.0	0.0	3.0	200.0	0.2727272727272727	0.2755	1.0	66.66666666666667	0.0909090909090909	0.21475	0.0	0.0	0.0	0.0	3.0	200.0	0.2727272727272727	0.359	0.0	0.0	0.0	0.0	3.0	200.0	0.2727272727272727	0.174	1.0	66.66666666666667	0.0909090909090909	0.15225	3.0	200.0	1.0	66.66666666666667	0.5328125	0.45055	0.4085125	0.5	4	4	0.2666666666666666	anticipation	0.2727272727272727	wikivir.xml	3229	Pomladne gosli	Neža Maurer		pesmi							document	wikivir-003229	wikivir-003229.s000001|wikivir-003229.s000002|wikivir-003229.s000003|wikivir-003229.s000004|wikivir-003229.s000005|wikivir-003229.s000006|wikivir-003229.s000007|wikivir-003229.s000008	8	26	21	15	Smreko narišem: mlada, vesela je pajkove niti med veje razpela. Že vetrc na gosli poskočno igra, žarek pa travico plesat pelja.	wikivir.xml	3229	Pomladne gosli	Neža Maurer		pesmi							emotion_surprise_per_1k
wikivir-019100::document::1	document	wikivir-019100	23	10	2.0	200.0	0.25	0.2122	0.0	0.0	0.0	0.0	1.0	100.0	0.125	0.1094	2.0	200.0	0.25	0.2799999999999999	0.0	0.0	0.0	0.125	1.0	100.0	0.125	0.0844	2.0	200.0	0.25	0.289	0.0	0.0	0.0	0.0	0.0	0.0	2.0	200.0	0.4586	0.6282666666666665	0.5112	-1.0	5	5	0.5	anger	0.25	wikivir.xml	19100	Strah	Urban Jarnik	19	pesmi							document	wikivir-019100	wikivir-019100.s000001|wikivir-019100.s000002|wikivir-019100.s000003|wikivir-019100.s000004	4	23	19	10	Mala se je bila bala, Sama se podati spat; Pa velika je spoznala, Da je strah le srca tat.	wikivir.xml	19100	Strah	Urban Jarnik	19	pesmi							emotion_surprise_per_1k
wikivir-020452::document::1	document	wikivir-020452	95	35	3.0	85.71428571428571	0.081081081081081	0.0345714285714285	7.0	200.0	0.1891891891891892	0.2149523809523809	0.0	0.0	0.0	0.0	5.0	142.85714285714286	0.1351351351351351	0.0773333333333333	7.0	200.0	0.1891891891891892	0.204047619047619	1.0	28.57142857142857	0.027027027027027	0.026047619047619	7.0	200.0	0.1891891891891892	0.1078571428571428	7.0	200.0	0.1891891891891892	0.1946190476190476	9.0	257.1428571428571	3.0	85.71428571428571	0.7168134920634921	0.459452380952381	0.597607142857143	0.5	21	18	0.6	anticipation	0.1891891891891892	wikivir.xml	20452	Upanje (pesem NOB)		20	pesmi							document	wikivir-020452	wikivir-020452.s000001|wikivir-020452.s000002|wikivir-020452.s000003|wikivir-020452.s000004|wikivir-020452.s000005|wikivir-020452.s000006|wikivir-020452.s000007|wikivir-020452.s000008|wikivir-020452.s000009|wikivir-020452.s000010|wikivir-020452.s000011	11	95	68	35	Glej, upanje hodi pred nami. Vi, borci, mi gremo za vami, ko tare nas teža na rami, nam upanje v srca poda. Kadar se nam sreča obrne, da sovrag od nas se odvrne, zazremo si hrabro v oči, saj up na svobodo nas skupaj drži. »Besedilo, ki je predelava Levstikove pesmi Upanje, je objavljeno v tipkopisne	wikivir.xml	20452	Upanje (pesem NOB)		20	pesmi							emotion_surprise_per_1k
wikivir-019839::window::1	window	wikivir-019839	23	15	2.0	133.33333333333334	0.125	0.0	4.0	266.6666666666667	0.25	0.1268461538461538	2.0	133.33333333333334	0.125	0.006	1.0	66.66666666666667	0.0625	0.0334615384615384	2.0	133.33333333333334	0.125	0.1215384615384615	0.0	0.0	0.0	0.0	3.0	200.0	0.1875	0.057076923076923	2.0	133.33333333333334	0.125	0.0961538461538461	4.0	266.6666666666667	2.0	133.33333333333334	0.7016025641025643	0.3512179487179487	0.4785256410256411	0.3333333333333333	13	11	0.8666666666666667	anticipation	0.25	wikivir.xml	19839	Sadovnjak Pod skalco	Zoran Božič		pesmi							window	wikivir-019839	wikivir-019839.s000001|wikivir-019839.s000002|wikivir-019839.s000003|wikivir-019839.s000004|wikivir-019839.s000005|wikivir-019839.s000006|wikivir-019839.s000007|wikivir-019839.s000008|wikivir-019839.s000009	9	23	23	15	Sadovnjak je kakor odprta knjiga pesmidrevesa imajo svoj ritemsvojo vsebino in svojo usodoSadovnjak je skrivnostna zgodbasadjarjadreves in sadežev	wikivir.xml	19839	Sadovnjak Pod skalco	Zoran Božič		pesmi							emotion_surprise_per_1k
wikivir-004340::window::1	window	wikivir-004340	37	25	0.0	0.0	0.0	0.0	1.0	40.0	0.1111111111111111	0.0312222222222222	0.0	0.0	0.0	0.0	0.0	0.0	0.0	0.0	1.0	40.0	0.1111111111111111	0.0822777777777777	1.0	40.0	0.1111111111111111	0.0274444444444444	5.0	200.0	0.5555555555555556	0.2299999999999999	1.0	40.0	0.1111111111111111	0.0265	1.0	40.0	1.0	40.0	0.6182777777777777	0.4113611111111111	0.4728888888888889	0.0	18	12	0.72	surprise	0.5555555555555556	wikivir.xml	4340	JESENSKA ODA	Milan Dekleva	20	pesmi							window	wikivir-004340	wikivir-004340.s000001|wikivir-004340.s000002|wikivir-004340.s000003|wikivir-004340.s000004|wikivir-004340.s000005|wikivir-004340.s000006|wikivir-004340.s000007|wikivir-004340.s000008|wikivir-004340.s000009|wikivir-004340.s000010	10	37	37	25	JESENSKA ODA Opotekavi škorci v zraku nenadoma je jesenBegotni ljubimci na mestnem tlaku nenadoma je jesenCvileči mladiči v pesjaku Nenadoma je jesenGlažek v drhtečem mraku on je nenadoma prazenjaz sem nenadoma trd in	wikivir.xml	4340	JESENSKA ODA	Milan Dekleva	20	pesmi							emotion_surprise_per_1k
wikivir-020452::window::1	window	wikivir-020452	68	35	3.0	85.71428571428571	0.081081081081081	0.0345714285714285	7.0	200.0	0.1891891891891892	0.2149523809523809	0.0	0.0	0.0	0.0	5.0	142.85714285714286	0.1351351351351351	0.0773333333333333	7.0	200.0	0.1891891891891892	0.204047619047619	1.0	28.57142857142857	0.027027027027027	0.026047619047619	7.0	200.0	0.1891891891891892	0.1078571428571428	7.0	200.0	0.1891891891891892	0.1946190476190476	9.0	257.1428571428571	3.0	85.71428571428571	0.7168134920634921	0.459452380952381	0.597607142857143	0.5	21	18	0.6	anticipation	0.1891891891891892	wikivir.xml	20452	Upanje (pesem NOB)		20	pesmi							window	wikivir-020452	wikivir-020452.s000001|wikivir-020452.s000002|wikivir-020452.s000003|wikivir-020452.s000004|wikivir-020452.s000005|wikivir-020452.s000006|wikivir-020452.s000007|wikivir-020452.s000008|wikivir-020452.s000009|wikivir-020452.s000010|wikivir-020452.s000011	11	68	68	35	Glejupanje hodi pred namiViborcimi gremo za vamiko tare nas teža na raminam upanje v srca podaKadar se nam sreča obrneda sovrag od nas se odvrnezazremo si hrabro v očisaj up na svobodo nas skupaj držiBesediloki je predelava Levstikove pesmi Upanjeje objavljeno v tipkopisnem glasilu mladine IIIbrigad	wikivir.xml	20452	Upanje (pesem NOB)		20	pesmi							emotion_surprise_per_1k
wikivir-019100::window::1	window	wikivir-019100	19	10	2.0	200.0	0.25	0.2122	0.0	0.0	0.0	0.0	1.0	100.0	0.125	0.1094	2.0	200.0	0.25	0.2799999999999999	0.0	0.0	0.0	0.125	1.0	100.0	0.125	0.0844	2.0	200.0	0.25	0.289	0.0	0.0	0.0	0.0	0.0	0.0	2.0	200.0	0.4586	0.6282666666666665	0.5112	-1.0	5	5	0.5	anger	0.25	wikivir.xml	19100	Strah	Urban Jarnik	19	pesmi							window	wikivir-019100	wikivir-019100.s000001|wikivir-019100.s000002|wikivir-019100.s000003|wikivir-019100.s000004	4	19	19	10	Mala se je bila balaSama se podati spatPa velika je spoznalaDa je strah le srca tat	wikivir.xml	19100	Strah	Urban Jarnik	19	pesmi							emotion_surprise_per_1k
wikivir-020159::window::1	window	wikivir-020159	33	20	0.0	0.0	0.0	0.0	6.0	300.0	0.24	0.1388461538461538	0.0	0.0	0.0	0.0	1.0	50.0	0.04	0.030076923076923	7.0	350.0	0.28	0.2936153846153846	1.0	50.0	0.04	0.029	4.0	200.0	0.16	0.0906923076923077	6.0	300.0	0.24	0.2145384615384615	8.0	400.0	0.0	0.0	0.6306923076923077	0.3150897435897436	0.4826282051282051	1.0	13	11	0.65	joy	0.28	wikivir.xml	20159	Limerik Novi Gorici	Zoran Božič		pesmi							window	wikivir-020159	wikivir-020159.s000001|wikivir-020159.s000002|wikivir-020159.s000003|wikivir-020159.s000004|wikivir-020159.s000005	5	33	33	20	Kaj ob Kornu v soncu se bleščiBeli angel se z nebes spustiTo ni angelki obeta večni rajto je čapljaki prinaša v mesto mlajBela čapljaznak toplejših dni	wikivir.xml	20159	Limerik Novi Gorici	Zoran Božič		pesmi							emotion_surprise_per_1k
wikivir-020159::document::1	document	wikivir-020159	40	20	0.0	0.0	0.0	0.0	6.0	300.0	0.24	0.1388461538461538	0.0	0.0	0.0	0.0	1.0	50.0	0.04	0.030076923076923	7.0	350.0	0.28	0.2936153846153846	1.0	50.0	0.04	0.029	4.0	200.0	0.16	0.0906923076923077	6.0	300.0	0.24	0.2145384615384615	8.0	400.0	0.0	0.0	0.6306923076923077	0.3150897435897436	0.4826282051282051	1.0	13	11	0.65	joy	0.28	wikivir.xml	20159	Limerik Novi Gorici	Zoran Božič		pesmi							document	wikivir-020159	wikivir-020159.s000001|wikivir-020159.s000002|wikivir-020159.s000003|wikivir-020159.s000004|wikivir-020159.s000005	5	40	33	20	Kaj ob Kornu v soncu se blešči? Beli angel se z nebes spusti? To ni angel, ki obeta večni raj, to je čaplja, ki prinaša v mesto mlaj. Bela čaplja, znak toplejših dni	wikivir.xml	20159	Limerik Novi Gorici	Zoran Božič		pesmi							emotion_surprise_per_1k
wikivir-003362::window::1	window	wikivir-003362	34	21	1.0	47.61904761904761	0.0454545454545454	0.0174615384615384	5.0	238.09523809523807	0.2272727272727272	0.1778461538461538	3.0	142.85714285714286	0.1363636363636363	0.1549999999999999	1.0	47.61904761904761	0.0454545454545454	0.0396923076923076	4.0	190.47619047619045	0.1818181818181818	0.1224615384615384	1.0	47.61904761904761	0.0454545454545454	0.0314615384615384	4.0	190.47619047619045	0.1818181818181818	0.0673846153846153	3.0	142.85714285714286	0.1363636363636363	0.113076923076923	5.0	238.09523809523807	5.0	238.09523809523807	0.5773589743589744	0.4247179487179486	0.4844423076923076	0.0	13	10	0.6190476190476191	anticipation	0.2272727272727272	wikivir.xml	3362	Poredni žarki	Neža Maurer	20	pesmi							window	wikivir-003362	wikivir-003362.s000001|wikivir-003362.s000002|wikivir-003362.s000003|wikivir-003362.s000004|wikivir-003362.s000005|wikivir-003362.s000006|wikivir-003362.s000007|wikivir-003362.s000008	8	34	34	21	Kadar gre sonce spatskrbno zaklene durida jo kakšen poreden žarek nazaj na svet ne odkuriKadar gre sonce spatpade na zemljo tema in prav noben žarek takrat domov več ne zna	wikivir.xml	3362	Poredni žarki	Neža Maurer	20	pesmi							emotion_surprise_per_1k
wikivir-016301::document::1	document	wikivir-016301	60	21	0.0	0.0	0.0	0.0	1.0	47.61904761904761	0.1428571428571428	0.05	0.0	0.0	0.0	0.0	0.0	0.0	0.0	0.0484	2.0	95.23809523809524	0.2857142857142857	0.1283	0.0	0.0	0.0	0.0	4.0	190.47619047619045	0.5714285714285714	0.1485	0.0	0.0	0.0	0.0	2.0	95.23809523809524	0.0	0.0	0.6825166666666667	0.4700666666666667	0.5247333333333334	1.0	10	9	0.4761904761904761	surprise	0.5714285714285714	wikivir.xml	16301	Metulj (Od cveta)	Vera Albreht	20	uganke							document	wikivir-016301	wikivir-016301.s000001|wikivir-016301.s000002|wikivir-016301.s000003|wikivir-016301.s000004|wikivir-016301.s000005|wikivir-016301.s000006|wikivir-016301.s000007	7	60	40	21	Metulj Od cveta do cvete me žene, kadar je sončen dan. Kdo je srečnejši od mene, ko jadram preko poljan. Opombe urednice Uganka je bila kasneje objavljena v: str. 13, Veliko nas je ..., Uganke, 1994, zbrala Polona Kranjec, DESK d.o.o., Izola, Ljubljana.	wikivir.xml	16301	Metulj (Od cveta)	Vera Albreht	20	uganke							emotion_surprise_per_1k
wikivir-016301::window::1	window	wikivir-016301	40	21	0.0	0.0	0.0	0.0	1.0	47.61904761904761	0.1428571428571428	0.05	0.0	0.0	0.0	0.0	0.0	0.0	0.0	0.0484	2.0	95.23809523809524	0.2857142857142857	0.1283	0.0	0.0	0.0	0.0	4.0	190.47619047619045	0.5714285714285714	0.1485	0.0	0.0	0.0	0.0	2.0	95.23809523809524	0.0	0.0	0.6825166666666667	0.4700666666666667	0.5247333333333334	1.0	10	9	0.4761904761904761	surprise	0.5714285714285714	wikivir.xml	16301	Metulj (Od cveta)	Vera Albreht	20	uganke							window	wikivir-016301	wikivir-016301.s000001|wikivir-016301.s000002|wikivir-016301.s000003|wikivir-016301.s000004|wikivir-016301.s000005|wikivir-016301.s000006|wikivir-016301.s000007	7	40	40	21	Metulj Od cveta do cvete me ženekadar je sončen danKdo je srečnejši od meneko jadram preko poljanOpombe urednice Uganka je bila kasneje objavljena v13Veliko nas je Uganke1994zbrala Polona KranjecDESK IzolaLjubljana	wikivir.xml	16301	Metulj (Od cveta)	Vera Albreht	20	uganke							emotion_surprise_per_1k
wikivir-003362::document::1	document	wikivir-003362	39	21	1.0	47.61904761904761	0.0454545454545454	0.0174615384615384	5.0	238.09523809523807	0.2272727272727272	0.1778461538461538	3.0	142.85714285714286	0.1363636363636363	0.1549999999999999	1.0	47.61904761904761	0.0454545454545454	0.0396923076923076	4.0	190.47619047619045	0.1818181818181818	0.1224615384615384	1.0	47.61904761904761	0.0454545454545454	0.0314615384615384	4.0	190.47619047619045	0.1818181818181818	0.0673846153846153	3.0	142.85714285714286	0.1363636363636363	0.113076923076923	5.0	238.09523809523807	5.0	238.09523809523807	0.5773589743589744	0.4247179487179486	0.4844423076923076	0.0	13	10	0.6190476190476191	anticipation	0.2272727272727272	wikivir.xml	3362	Poredni žarki	Neža Maurer	20	pesmi							document	wikivir-003362	wikivir-003362.s000001|wikivir-003362.s000002|wikivir-003362.s000003|wikivir-003362.s000004|wikivir-003362.s000005|wikivir-003362.s000006|wikivir-003362.s000007|wikivir-003362.s000008	8	39	34	21	Kadar gre sonce spat, skrbno zaklene duri, da jo kakšen poreden žarek nazaj na svet ne odkuri. Kadar gre sonce spat, pade na zemljo tema in prav noben žarek takrat domov več ne zna.	wikivir.xml	3362	Poredni žarki	Neža Maurer	20	pesmi							emotion_surprise_per_1k
wikivir-019347::document::1	document	wikivir-019347	198	100	0.0	0.0	0.0	0.0	5.0	50.0	0.125	0.040576923076923	1.0	10.0	0.025	0.013826923076923	2.0	20.0	0.05	0.0177307692307692	4.0	40.0	0.1	0.0873461538461538	1.0	10.0	0.025	0.0045	19.0	190.0	0.475	0.1826153846153846	8.0	80.0	0.2	0.0573461538461538	7.0	70.0	23.0	230.0	0.6109070512820514	0.4461807692307692	0.4876557692307692	-0.5333333333333333	52	28	0.52	surprise	0.475	wikivir.xml	19347	Kovaška	Peter Hitzinger	19	pesmi							document	wikivir-019347	wikivir-019347.s000001|wikivir-019347.s000002|wikivir-019347.s000003|wikivir-019347.s000004|wikivir-019347.s000005|wikivir-019347.s000006|wikivir-019347.s000007|wikivir-019347.s000008|wikivir-019347.s000009|wikivir-019347.s000010|wikivir-019347.s000011|wikivir-019347.s000012|wikivir-019347.s000013|wikivir-019347.s000014|wikivir-019347.s000015|wikivir-019347.s000016|wikivir-019347.s000017|wikivir-019347.s000018|wikivir-019347.s000019|wikivir-019347.s000020	37	198	154	100	Kovači pridno kujemo, se nikdar ne utrudimo, pik pok, pik pok, pik pok, pik pok, pik pok, pik pok. Ko polnoči odbila je, glasno se k delu kliče vse. Pik pok itd. Ko vsaka stvar še mirno spí, v kovačnici že vse živí. Pik pok itd. Kdaj pride solnca luč svitla, ne najde noben'ga lenega. Pik pok itd. Že	wikivir.xml	19347	Kovaška	Peter Hitzinger	19	pesmi							emotion_surprise_per_1k
wikivir-019347::window::1	window	wikivir-019347	154	100	0.0	0.0	0.0	0.0	5.0	50.0	0.125	0.040576923076923	1.0	10.0	0.025	0.013826923076923	2.0	20.0	0.05	0.0177307692307692	4.0	40.0	0.1	0.0873461538461538	1.0	10.0	0.025	0.0045	19.0	190.0	0.475	0.1826153846153846	8.0	80.0	0.2	0.0573461538461538	7.0	70.0	23.0	230.0	0.6109070512820514	0.4461807692307692	0.4876557692307692	-0.5333333333333333	52	28	0.52	surprise	0.475	wikivir.xml	19347	Kovaška	Peter Hitzinger	19	pesmi							window	wikivir-019347	wikivir-019347.s000001|wikivir-019347.s000002|wikivir-019347.s000003|wikivir-019347.s000004|wikivir-019347.s000005|wikivir-019347.s000006|wikivir-019347.s000007|wikivir-019347.s000008|wikivir-019347.s000009|wikivir-019347.s000010|wikivir-019347.s000011|wikivir-019347.s000012|wikivir-019347.s000013|wikivir-019347.s000014|wikivir-019347.s000015|wikivir-019347.s000016|wikivir-019347.s000017|wikivir-019347.s000018|wikivir-019347.s000019|wikivir-019347.s000020	37	154	154	100	Kovači pridno kujemose nikdar ne utrudimopik pokpik pokpik pokpik pokpik pokpik pokKo polnoči odbila jeglasno se k delu kliče vsePik pok Ko vsaka stvar še mirno spív kovačnici že vse živíPik pok Kdaj pride solnca luč svitlane najde noben'ga lenegaPik pok Že davno kaže beli danoddihljej nam je komaj 	wikivir.xml	19347	Kovaška	Peter Hitzinger	19	pesmi							emotion_surprise_per_1k
wikivir-016307::window::1	window	wikivir-016307	63	32	0.0	0.0	0.0	0.0	2.0	62.5	0.1538461538461538	0.0497894736842105	0.0	0.0	0.0	0.0	2.0	62.5	0.1538461538461538	0.052578947368421	1.0	31.25	0.0769230769230769	0.0213684210526315	0.0	0.0	0.0	0.0	6.0	187.5	0.4615384615384615	0.1332631578947368	2.0	62.5	0.1538461538461538	0.0452631578947368	2.0	62.5	2.0	62.5	0.5293192982456141	0.4591140350877191	0.5026912280701754	0.0	19	12	0.59375	surprise	0.4615384615384615	wikivir.xml	16307	Pionirska rutka	Vera Albreht	20	uganke							window	wikivir-016307	wikivir-016307.s000001|wikivir-016307.s000002|wikivir-016307.s000003|wikivir-016307.s000004|wikivir-016307.s000005|wikivir-016307.s000006|wikivir-016307.s000007|wikivir-016307.s000008	8	63	63	32	Pionirska rutka Ta pa težka ni ugankasaj je vaša stara znanka rdečo pionir imaveč je vredna od zlataOpombe urednice Začetek uganke je skoraj enak kot pri uganki Pikapolonica Orehi195015Ta pa težka ni ugankasaj je tvoja stara znankaUganka Pionirska rutka je izšla z ugankama Partizan in Zvezda s skupn	wikivir.xml	16307	Pionirska rutka	Vera Albreht	20	uganke							emotion_surprise_per_1k
wikivir-017494::document::1	document	wikivir-017494	38	16	0.0	0.0	0.0	0.0	2.0	125.0	0.2	0.0617	0.0	0.0	0.0	0.0	0.0	0.0	0.0	0.0	4.0	250.0	0.4	0.2798	0.0	0.0	0.0	0.0	3.0	187.5	0.3	0.0851	1.0	62.5	0.1	0.0602	4.0	250.0	0.0	0.0	0.7272833333333334	0.4110499999999999	0.48905	1.0	10	8	0.625	joy	0.4	wikivir.xml	17494	Kadar se mamica	Jožef Mihelič	20	pesmi			1940.0				document	wikivir-017494	wikivir-017494.s000001|wikivir-017494.s000002|wikivir-017494.s000003|wikivir-017494.s000004|wikivir-017494.s000005|wikivir-017494.s000006	6	38	32	16	Kadar se mamica moja zasmeje, radost presladka mi v dušo zaveje. Kadar se mamica moja zajoka, mlado srce od bridkosti mi poka. Kadar me mamica moja objame — to najsrečnejši trenutek je zame!	wikivir.xml	17494	Kadar se mamica	Jožef Mihelič	20	pesmi			1940.0				emotion_surprise_per_1k
wikivir-004967::window::1	window	wikivir-004967	91	52	0.0	0.0	0.0	0.0	20.0	384.61538461538464	0.2352941176470588	0.2163157894736841	1.0	19.230769230769237	0.0117647058823529	0.0082105263157894	0.0	0.0	0.0	0.0	20.0	384.61538461538464	0.2352941176470588	0.3836842105263157	20.0	384.61538461538464	0.2352941176470588	0.0175263157894736	1.0	19.230769230769237	0.0117647058823529	0.0217894736842105	23.0	442.30769230769226	0.2705882352941176	0.2597631578947369	23.0	442.30769230769226	1.0	19.230769230769237	0.7396052631578949	0.5149605263157896	0.4533552631578947	0.9166666666666666	38	13	0.7307692307692307	trust	0.2705882352941176	wikivir.xml	4967	Potem so peli	Vitomil Zupan	20	pesmi							window	wikivir-004967	wikivir-004967.s000001|wikivir-004967.s000002|wikivir-004967.s000003|wikivir-004967.s000004|wikivir-004967.s000005|wikivir-004967.s000006|wikivir-004967.s000007|wikivir-004967.s000008|wikivir-004967.s000009|wikivir-004967.s000010|wikivir-004967.s000011|wikivir-004967.s000012|wikivir-004967.s000013|wikivir-004967.s000014|wikivir-004967.s000015|wikivir-004967.s000016|wikivir-004967.s000017	17	91	91	51	Potem so peli in peli po notah zelo stare pesmi so peli in peli pesmi brez razumljivih besedŠli smo spat in dež je pel in pel po strehi montažne hišice pel in pel pesmi brez vsakih besedZadremali smo in se nenadoma prebuditi v dežju ki je pel in pel in pel žuborel in šumel pel in pel in zakaj nas je	wikivir.xml	4967	Potem so peli	Vitomil Zupan	20	pesmi							emotion_trust_per_1k
wikivir-004967::document::1	document	wikivir-004967	96	52	0.0	0.0	0.0	0.0	20.0	384.61538461538464	0.2352941176470588	0.2163157894736841	1.0	19.230769230769237	0.0117647058823529	0.0082105263157894	0.0	0.0	0.0	0.0	20.0	384.61538461538464	0.2352941176470588	0.3836842105263157	20.0	384.61538461538464	0.2352941176470588	0.0175263157894736	1.0	19.230769230769237	0.0117647058823529	0.0217894736842105	23.0	442.30769230769226	0.2705882352941176	0.2597631578947369	23.0	442.30769230769226	1.0	19.230769230769237	0.7396052631578949	0.5149605263157896	0.4533552631578947	0.9166666666666666	38	13	0.7307692307692307	trust	0.2705882352941176	wikivir.xml	4967	Potem so peli	Vitomil Zupan	20	pesmi							document	wikivir-004967	wikivir-004967.s000001|wikivir-004967.s000002|wikivir-004967.s000003|wikivir-004967.s000004|wikivir-004967.s000005|wikivir-004967.s000006|wikivir-004967.s000007|wikivir-004967.s000008|wikivir-004967.s000009|wikivir-004967.s000010|wikivir-004967.s000011|wikivir-004967.s000012|wikivir-004967.s000013|wikivir-004967.s000014|wikivir-004967.s000015|wikivir-004967.s000016|wikivir-004967.s000017	17	96	91	51	Potem so peli in peli po notah zelo stare pesmi so peli in peli pesmi brez razumljivih besed. Šli smo spat in dež je pel in pel po strehi montažne hišice pel in pel pesmi brez vsakih besed. Zadremali smo in se nenadoma prebuditi v dežju ki je pel in pel in pel žuborel in šumel pel in pel in zakaj na	wikivir.xml	4967	Potem so peli	Vitomil Zupan	20	pesmi							emotion_trust_per_1k
wikivir-007488::window::1	window	wikivir-007488	15	7	0.0	0.0	0.0	0.0	2.0	285.7142857142857	0.3333333333333333	0.1594	0.0	0.0	0.0	0.0	0.0	0.0	0.0	0.0	1.0	142.85714285714286	0.1666666666666666	0.0812	0.0	0.0	0.0	0.0	0.0	0.0	0.0	0.0	3.0	428.57142857142856	0.5	0.283	3.0	428.57142857142856	0.0	0.0	0.7167999999999999	0.4298	0.62205	1.0	5	5	0.7142857142857143	trust	0.5	wikivir.xml	7488	Ena, dve	Anica Černej	20	pesmi							window	wikivir-007488	wikivir-007488.s000001|wikivir-007488.s000002|wikivir-007488.s000003|wikivir-007488.s000004|wikivir-007488.s000005|wikivir-007488.s000006|wikivir-007488.s000007	7	15	15	7	ENADVEŠTIRIPETNAŠA SAŠA HODI ŠTET ZLATE ZVEZDE V BOŽJI SVETOSEMSEDEM	wikivir.xml	7488	Ena, dve	Anica Černej	20	pesmi							emotion_trust_per_1k
wikivir-004762::document::1	document	wikivir-004762	13	7	0.0	0.0	0.0	0.0	3.0	428.57142857142856	0.2142857142857142	0.2473333333333333	1.0	142.85714285714286	0.0714285714285714	0.0976666666666666	2.0	285.7142857142857	0.1428571428571428	0.1093333333333333	4.0	571.4285714285714	0.2857142857142857	0.4575	0.0	0.0	0.0	0.0	1.0	142.85714285714286	0.0714285714285714	0.052	3.0	428.57142857142856	0.2142857142857142	0.4426666666666667	4.0	571.4285714285714	2.0	285.7142857142857	0.6733333333333333	0.5878333333333333	0.698	0.3333333333333333	6	6	0.8571428571428571	joy	0.2857142857142857	wikivir.xml	4762	Balada za Metko Krašovec	Tomaž Šalamun	20								document	wikivir-004762	wikivir-004762.s000001|wikivir-004762.s000002|wikivir-004762.s000003|wikivir-004762.s000004|wikivir-004762.s000005|wikivir-004762.s000006|wikivir-004762.s000007|wikivir-004762.s000008|wikivir-004762.s000009|wikivir-004762.s000010|wikivir-004762.s000011	11	13	11	7	Bog Jaz zahtevam brezpogojno ljubezen in popolno svobodo. Zato sem strašen.	wikivir.xml	4762	Balada za Metko Krašovec	Tomaž Šalamun	20								emotion_trust_per_1k
wikivir-007488::document::1	document	wikivir-007488	22	7	0.0	0.0	0.0	0.0	2.0	285.7142857142857	0.3333333333333333	0.1594	0.0	0.0	0.0	0.0	0.0	0.0	0.0	0.0	1.0	142.85714285714286	0.1666666666666666	0.0812	0.0	0.0	0.0	0.0	0.0	0.0	0.0	0.0	3.0	428.57142857142856	0.5	0.283	3.0	428.57142857142856	0.0	0.0	0.7167999999999999	0.4298	0.62205	1.0	5	5	0.7142857142857143	trust	0.5	wikivir.xml	7488	Ena, dve	Anica Černej	20	pesmi							document	wikivir-007488	wikivir-007488.s000001|wikivir-007488.s000002|wikivir-007488.s000003|wikivir-007488.s000004|wikivir-007488.s000005|wikivir-007488.s000006|wikivir-007488.s000007	7	22	15	7	ENA, DVE, ŠTIRI, PET. NAŠA SAŠA HODI ŠTET ZLATE ZVEZDE V BOŽJI SVET. OSEM, SEDEM.	wikivir.xml	7488	Ena, dve	Anica Černej	20	pesmi							emotion_trust_per_1k
wikivir-004762::window::1	window	wikivir-004762	11	7	0.0	0.0	0.0	0.0	3.0	428.57142857142856	0.2142857142857142	0.2473333333333333	1.0	142.85714285714286	0.0714285714285714	0.0976666666666666	2.0	285.7142857142857	0.1428571428571428	0.1093333333333333	4.0	571.4285714285714	0.2857142857142857	0.4575	0.0	0.0	0.0	0.0	1.0	142.85714285714286	0.0714285714285714	0.052	3.0	428.57142857142856	0.2142857142857142	0.4426666666666667	4.0	571.4285714285714	2.0	285.7142857142857	0.6733333333333333	0.5878333333333333	0.698	0.3333333333333333	6	6	0.8571428571428571	joy	0.2857142857142857	wikivir.xml	4762	Balada za Metko Krašovec	Tomaž Šalamun	20								window	wikivir-004762	wikivir-004762.s000001|wikivir-004762.s000002|wikivir-004762.s000003|wikivir-004762.s000004|wikivir-004762.s000005|wikivir-004762.s000006|wikivir-004762.s000007|wikivir-004762.s000008|wikivir-004762.s000009|wikivir-004762.s000010|wikivir-004762.s000011	11	11	11	7	Bog Jaz zahtevam brezpogojno ljubezen in popolno svobodoZato sem strašen	wikivir.xml	4762	Balada za Metko Krašovec	Tomaž Šalamun	20								emotion_trust_per_1k
wikivir-002873::window::213	window	wikivir-002873	71	37	1.0	27.027027027027028	0.037037037037037	0.0017307692307692	4.0	108.10810810810813	0.1481481481481481	0.0739230769230769	0.0	0.0	0.0	0.0	2.0	54.054054054054056	0.074074074074074	0.0342307692307692	4.0	108.10810810810813	0.1481481481481481	0.1193846153846154	0.0	0.0	0.0	0.0168461538461538	1.0	27.027027027027028	0.037037037037037	0.0066153846153846	15.0	405.4054054054054	0.5555555555555556	0.3695	16.0	432.4324324324325	1.0	27.027027027027028	0.6525512820512821	0.4618397435897435	0.6659198717948718	0.8823529411764706	26	19	0.7027027027027027	trust	0.5555555555555556	wikivir.xml	2873	Predavanja in članki	Ivan Cankar		eseji							window	wikivir-002873	wikivir-002873.s004371|wikivir-002873.s004372|wikivir-002873.s004373|wikivir-002873.s004374|wikivir-002873.s004376|wikivir-002873.s004377|wikivir-002873.s004378|wikivir-002873.s004379|wikivir-002873.s004380|wikivir-002873.s004381|wikivir-002873.s004382|wikivir-002873.s004383	12	71	71	37	in kaj mora bitiČe bo vsaka mati storila to svojo sveto dolžnoštnam ostane temelj naroda nedotaknjennaša mladinatisti temeljna katerem bomo gradili naprejJaz zaupam v to delozaupam v delo vsehIn obenem trdno in zvesto zaupam v uspešnost tega delazaupam v bodočnost svojega slovenskega narodaZa slovop	wikivir.xml	2873	Predavanja in članki	Ivan Cankar		eseji							emotion_trust_per_1k
wikivir-000409::window::1	window	wikivir-000409	23	18	1.0	55.55555555555555	0.0434782608695652	0.0052857142857142	6.0	333.3333333333333	0.2608695652173913	0.2042142857142857	0.0	0.0	0.0	0.0	2.0	111.1111111111111	0.0869565217391304	0.0134285714285714	5.0	277.77777777777777	0.217391304347826	0.2385	0.0	0.0	0.0	0.0428571428571428	2.0	111.1111111111111	0.0869565217391304	0.0396428571428571	7.0	388.8888888888889	0.3043478260869565	0.2962857142857142	7.0	388.8888888888889	2.0	111.1111111111111	0.6482738095238095	0.3642142857142857	0.5870178571428571	0.5555555555555556	14	12	0.7777777777777778	trust	0.3043478260869565	wikivir.xml	409	Pesmi in romance	Josip Murn Aleksandrov		pesmi							window	wikivir-000409	wikivir-000409.s000001|wikivir-000409.s000002|wikivir-000409.s000003|wikivir-000409.s000004|wikivir-000409.s000005|wikivir-000409.s000006	6	23	23	18	Stara verastar denarhočem ti biti gospodarbiti edini drugBog blagoslovi pardve skrinji rjuh Bog očesin in sveti duh	wikivir.xml	409	Pesmi in romance	Josip Murn Aleksandrov		pesmi							emotion_trust_per_1k
wikivir-000409::document::1	document	wikivir-000409	35	18	1.0	55.55555555555555	0.0434782608695652	0.0052857142857142	6.0	333.3333333333333	0.2608695652173913	0.2042142857142857	0.0	0.0	0.0	0.0	2.0	111.1111111111111	0.0869565217391304	0.0134285714285714	5.0	277.77777777777777	0.217391304347826	0.2385	0.0	0.0	0.0	0.0428571428571428	2.0	111.1111111111111	0.0869565217391304	0.0396428571428571	7.0	388.8888888888889	0.3043478260869565	0.2962857142857142	7.0	388.8888888888889	2.0	111.1111111111111	0.6482738095238095	0.3642142857142857	0.5870178571428571	0.5555555555555556	14	12	0.7777777777777778	trust	0.3043478260869565	wikivir.xml	409	Pesmi in romance	Josip Murn Aleksandrov		pesmi							document	wikivir-000409	wikivir-000409.s000001|wikivir-000409.s000002|wikivir-000409.s000003|wikivir-000409.s000004|wikivir-000409.s000005|wikivir-000409.s000006	6	35	23	18	"Stara vera, star denar, hočem ti biti gospodar, biti edini drug... ""Bog blagoslovi par, dve skrinji rjuh - Bog oče, sin in sveti duh!"""	wikivir.xml	409	Pesmi in romance	Josip Murn Aleksandrov		pesmi							emotion_trust_per_1k
wikivir-002910::window::1	window	wikivir-002910	300	185	12.0	64.86486486486487	0.064516129032258	0.0105655737704918	34.0	183.7837837837838	0.1827956989247312	0.1288852459016393	12.0	64.86486486486487	0.064516129032258	0.020155737704918	23.0	124.32432432432434	0.1236559139784946	0.0257868852459016	26.0	140.54054054054055	0.1397849462365591	0.2219016393442623	4.0	21.62162162162162	0.021505376344086	0.0264016393442622	7.0	37.83783783783784	0.0376344086021505	0.0203032786885245	68.0	367.5675675675676	0.3655913978494624	0.3613770491803278	76.0	410.8108108108109	20.0	108.10810810810813	0.7051997950819671	0.4234829234972677	0.643411543715847	0.5833333333333334	122	63	0.6594594594594595	trust	0.3655913978494624	wikivir.xml	2910	Sveta maša			neleposlovje							window	wikivir-002910	wikivir-002910.s000001|wikivir-002910.s000002|wikivir-002910.s000003|wikivir-002910.s000004|wikivir-002910.s000005|wikivir-002910.s000006|wikivir-002910.s000007|wikivir-002910.s000008|wikivir-002910.s000009|wikivir-002910.s000010|wikivir-002910.s000011|wikivir-002910.s000012|wikivir-002910.s000013|wikivir-002910.s000014|wikivir-002910.s000015|wikivir-002910.s000016|wikivir-002910.s000017|wikivir-002910.s000018|wikivir-002910.s000019|wikivir-002910.s000020	35	300	300	183	S poševno pisavo so označene besedeki jih govorijo vernikis pokončno pisavo pa besede duhovnikaki vodi sveto mašoZačetni obred Vstopni spev Duhovnik in verniki se pokrižajoV imenu Očeta in Sina in Svetega DuhaAmenMilost našega Gospoda Jezusa Kristusaljubezen Boga Očeta in občestvo Svetega Duha z vam	wikivir.xml	2910	Sveta maša			neleposlovje							emotion_trust_per_1k
wikivir-018375::document::1	document	wikivir-018375	23	11	0.0	0.0	0.0	0.0	3.0	272.7272727272727	0.3333333333333333	0.1931428571428571	0.0	0.0	0.0	0.0	0.0	0.0	0.0	0.0401428571428571	2.0	181.8181818181818	0.2222222222222222	0.2568571428571428	0.0	0.0	0.0	0.0	0.0	0.0	0.0	0.0	4.0	363.6363636363636	0.4444444444444444	0.3104285714285714	4.0	363.6363636363636	0.0	0.0	0.7803904761904761	0.4195	0.6645785714285715	1.0	7	7	0.6363636363636364	trust	0.4444444444444444	wikivir.xml	18375	Slava			krscanske molitve							document	wikivir-018375	wikivir-018375.s000001|wikivir-018375.s000002|wikivir-018375.s000003|wikivir-018375.s000004	4	23	19	11	Slava Očetu in Sinu in Svetemu Duhu, kakor je bilo v začetku, tako zdaj in vselej in vekomaj. Amen.	wikivir.xml	18375	Slava			krscanske molitve							emotion_trust_per_1k
wikivir-018375::window::1	window	wikivir-018375	19	11	0.0	0.0	0.0	0.0	3.0	272.7272727272727	0.3333333333333333	0.1931428571428571	0.0	0.0	0.0	0.0	0.0	0.0	0.0	0.0401428571428571	2.0	181.8181818181818	0.2222222222222222	0.2568571428571428	0.0	0.0	0.0	0.0	0.0	0.0	0.0	0.0	4.0	363.6363636363636	0.4444444444444444	0.3104285714285714	4.0	363.6363636363636	0.0	0.0	0.7803904761904761	0.4195	0.6645785714285715	1.0	7	7	0.6363636363636364	trust	0.4444444444444444	wikivir.xml	18375	Slava			krscanske molitve							window	wikivir-018375	wikivir-018375.s000001|wikivir-018375.s000002|wikivir-018375.s000003|wikivir-018375.s000004	4	19	19	11	Slava Očetu in Sinu in Svetemu Duhukakor je bilo v začetkutako zdaj in vselej in vekomajAmen	wikivir.xml	18375	Slava			krscanske molitve							emotion_trust_per_1k
wikivir-020209::document::1	document	wikivir-020209	73	40	2.0	50.0	0.0465116279069767	0.0360645161290322	13.0	325.0	0.3023255813953488	0.1564516129032258	1.0	25.0	0.0232558139534883	0.0098387096774193	1.0	25.0	0.0232558139534883	0.0201612903225806	6.0	150.0	0.1395348837209302	0.1752258064516129	2.0	50.0	0.0465116279069767	0.006	4.0	100.0	0.0930232558139534	0.036	14.0	350.0	0.3255813953488372	0.3169032258064516	17.0	425.0	3.0	75.0	0.6850827956989246	0.408	0.5789951612903225	0.7	31	15	0.775	trust	0.3255813953488372	wikivir.xml	20209	Sveti večer (Radivoj Peterlin)	Radivoj Peterlin	20	pesmi			1923.0				document	wikivir-020209	wikivir-020209.s000001|wikivir-020209.s000002|wikivir-020209.s000003|wikivir-020209.s000004|wikivir-020209.s000005|wikivir-020209.s000006|wikivir-020209.s000007|wikivir-020209.s000008|wikivir-020209.s000009|wikivir-020209.s000010|wikivir-020209.s000011|wikivir-020209.s000012	12	73	60	40	Sveti večer in sveta noč s svojo pravljično milino objela sta goro, dolino, bogastvo gradov in bedo koč. Ta sveti večer, to sveto noč Ljubezen vsakogar poseti vsaj za hip mu v dušo posveti in skriti zlobi odvzame moč. Ta sveti večer, to sveto noč, se duša olajšana čuti: Ves svet bi objela v minuti, 	wikivir.xml	20209	Sveti večer (Radivoj Peterlin)	Radivoj Peterlin	20	pesmi			1923.0				emotion_trust_per_1k
wikivir-020209::window::1	window	wikivir-020209	60	40	2.0	50.0	0.0465116279069767	0.0360645161290322	13.0	325.0	0.3023255813953488	0.1564516129032258	1.0	25.0	0.0232558139534883	0.0098387096774193	1.0	25.0	0.0232558139534883	0.0201612903225806	6.0	150.0	0.1395348837209302	0.1752258064516129	2.0	50.0	0.0465116279069767	0.006	4.0	100.0	0.0930232558139534	0.036	14.0	350.0	0.3255813953488372	0.3169032258064516	17.0	425.0	3.0	75.0	0.6850827956989246	0.408	0.5789951612903225	0.7	31	15	0.775	trust	0.3255813953488372	wikivir.xml	20209	Sveti večer (Radivoj Peterlin)	Radivoj Peterlin	20	pesmi			1923.0				window	wikivir-020209	wikivir-020209.s000001|wikivir-020209.s000002|wikivir-020209.s000003|wikivir-020209.s000004|wikivir-020209.s000005|wikivir-020209.s000006|wikivir-020209.s000007|wikivir-020209.s000008|wikivir-020209.s000009|wikivir-020209.s000010|wikivir-020209.s000011|wikivir-020209.s000012	12	60	60	40	Sveti večer in sveta noč s svojo pravljično milino objela sta gorodolinobogastvo gradov in bedo kočTa sveti večerto sveto noč Ljubezen vsakogar poseti vsaj za hip mu v dušo posveti in skriti zlobi odvzame močTa sveti večerto sveto nočse duša olajšana čutiVes svet bi objela v minutiljubezni to svetos	wikivir.xml	20209	Sveti večer (Radivoj Peterlin)	Radivoj Peterlin	20	pesmi			1923.0				emotion_trust_per_1k
wikivir-004530::window::141	window	wikivir-004530	105	58	1.0	17.241379310344826	0.0188679245283018	0.002	15.0	258.62068965517244	0.2830188679245283	0.1827894736842105	1.0	17.241379310344826	0.0188679245283018	0.0049473684210526	2.0	34.48275862068965	0.0377358490566037	0.0061842105263157	10.0	172.41379310344828	0.1886792452830188	0.2410263157894736	1.0	17.241379310344826	0.0188679245283018	0.0233421052631578	3.0	51.72413793103448	0.0566037735849056	0.0347368421052631	20.0	344.82758620689657	0.3773584905660377	0.3289473684210526	22.0	379.31034482758616	2.0	34.48275862068965	0.7502091165413534	0.4549704887218044	0.6511415100250626	0.8333333333333334	38	31	0.6551724137931034	trust	0.3773584905660377	wikivir.xml	4530	A) Basni in prilike (A. M. Slomšek)	Anton Martin Slomšek	19	prilike in povesti							window	wikivir-004530	wikivir-004530.s001531|wikivir-004530.s001532|wikivir-004530.s001533|wikivir-004530.s001534|wikivir-004530.s001535|wikivir-004530.s001536|wikivir-004530.s001537	7	105	105	58	sem seljudi izveličatin kdor mene najdeživljenje najdein bo izveličanstvo od Gospoda Boga prejelJuternakojo tebi prinesemje svete vednosti čisto zlatoin moja lastina je vesela večnost v svetem raji NajvišegaTo izgovorila in zginila jenjegovemu sercu pa je sveto željo zapustila po božji modrostiOd ve	wikivir.xml	4530	A) Basni in prilike (A. M. Slomšek)	Anton Martin Slomšek	19	prilike in povesti							emotion_trust_per_1k
wikivir-011138::window::1	window	wikivir-011138	14	9	0.0	0.0	0.0	0.0	1.0	111.1111111111111	0.1666666666666666	0.121	0.0	0.0	0.0	0.0	1.0	111.1111111111111	0.1666666666666666	0.0235	1.0	111.1111111111111	0.1666666666666666	0.35525	0.0	0.0	0.0	0.0	0.0	0.0	0.0	0.0	3.0	333.3333333333333	0.5	0.48225	3.0	333.3333333333333	0.0	0.0	0.7555	0.5634166666666667	0.7855	1.0	4	3	0.4444444444444444	trust	0.5	wikivir.xml	11138	Noč od moč		19	pesmi							window	wikivir-011138	wikivir-011138.s000001|wikivir-011138.s000002|wikivir-011138.s000003|wikivir-011138.s000004|wikivir-011138.s000005|wikivir-011138.s000006	6	14	14	9	2. OB MOZHDansvesde gaſiteUgaſnitni mozhBog rezheboditeOmagala nozh	wikivir.xml	11138	Noč od moč		19	pesmi							emotion_trust_per_1k
wikivir-011138::document::1	document	wikivir-011138	23	9	0.0	0.0	0.0	0.0	1.0	111.1111111111111	0.1666666666666666	0.121	0.0	0.0	0.0	0.0	1.0	111.1111111111111	0.1666666666666666	0.0235	1.0	111.1111111111111	0.1666666666666666	0.35525	0.0	0.0	0.0	0.0	0.0	0.0	0.0	0.0	3.0	333.3333333333333	0.5	0.48225	3.0	333.3333333333333	0.0	0.0	0.7555	0.5634166666666667	0.7855	1.0	4	3	0.4444444444444444	trust	0.5	wikivir.xml	11138	Noč od moč		19	pesmi							document	wikivir-011138	wikivir-011138.s000001|wikivir-011138.s000002|wikivir-011138.s000003|wikivir-011138.s000004|wikivir-011138.s000005|wikivir-011138.s000006	6	23	14	9	2. N0ZH OB MOZH. Dan, svesde gaſite! Ugaſnit’ ni mozh! Bog rezhe: bodite! Omagala nozh!	wikivir.xml	11138	Noč od moč		19	pesmi							emotion_trust_per_1k
wikivir-010488::window::1	window	wikivir-010488	19	12	0.0	0.0	0.0	0.0	4.0	333.3333333333333	0.2666666666666666	0.4134	0.0	0.0	0.0	0.0	0.0	0.0	0.0	0.0	4.0	333.3333333333333	0.2666666666666666	0.4786	1.0	83.33333333333333	0.0666666666666666	0.0034	2.0	166.66666666666666	0.1333333333333333	0.1876	4.0	333.3333333333333	0.2666666666666666	0.3624	4.0	333.3333333333333	0.0	0.0	0.7312	0.5079400000000001	0.5287599999999999	1.0	5	5	0.4166666666666667	anticipation	0.2666666666666666	wikivir.xml	10488	Krajnskazb1 2 3/55										window	wikivir-010488	wikivir-010488.s000001|wikivir-010488.s000002|wikivir-010488.s000003|wikivir-010488.s000004	4	19	19	12	Vender le voljnó terpivaDrugo bom ob létu pelSrezha nama she nalivaTi boſh polnin jes veſel	wikivir.xml	10488	Krajnskazb1 2 3/55										emotion_trust_per_1k
wikivir-010488::document::1	document	wikivir-010488	26	12	0.0	0.0	0.0	0.0	4.0	333.3333333333333	0.2666666666666666	0.4134	0.0	0.0	0.0	0.0	0.0	0.0	0.0	0.0	4.0	333.3333333333333	0.2666666666666666	0.4786	1.0	83.33333333333333	0.0666666666666666	0.0034	2.0	166.66666666666666	0.1333333333333333	0.1876	4.0	333.3333333333333	0.2666666666666666	0.3624	4.0	333.3333333333333	0.0	0.0	0.7312	0.5079400000000001	0.5287599999999999	1.0	5	5	0.4166666666666667	anticipation	0.2666666666666666	wikivir.xml	10488	Krajnskazb1 2 3/55										document	wikivir-010488	wikivir-010488.s000001|wikivir-010488.s000002|wikivir-010488.s000003|wikivir-010488.s000004|wikivir-010488.s000005	5	26	19	12	Vender le voljnó terpiva, Drugo bom ob létu pel; ˛Srezha nama she naliva, Ti boſh poln, in jes veſel. P.	wikivir.xml	10488	Krajnskazb1 2 3/55										emotion_trust_per_1k
wikivir-001707::window::1	window	wikivir-001707	17	9	0.0	0.0	0.0	0.0	2.0	222.2222222222222	0.25	0.2415	0.0	0.0	0.0	0.0	0.0	0.0	0.0	0.0	2.0	222.2222222222222	0.25	0.24275	1.0	111.1111111111111	0.125	0.00425	0.0	0.0	0.0	0.0	3.0	333.3333333333333	0.375	0.328	2.0	222.2222222222222	0.0	0.0	0.7615	0.39425	0.51025	1.0	4	4	0.4444444444444444	trust	0.375	wikivir.xml	1707	Srečica	Neža Maurer		pesmi							window	wikivir-001707	wikivir-001707.s000001|wikivir-001707.s000002|wikivir-001707.s000003|wikivir-001707.s000004	4	17	17	9	Pred hišo raste drevčecena drevcu je gnezdecev gnezdu sta dve ptičici pojeta mi o srečici	wikivir.xml	1707	Srečica	Neža Maurer		pesmi							emotion_trust_per_1k
wikivir-001707::document::1	document	wikivir-001707	21	9	0.0	0.0	0.0	0.0	2.0	222.2222222222222	0.25	0.2415	0.0	0.0	0.0	0.0	0.0	0.0	0.0	0.0	2.0	222.2222222222222	0.25	0.24275	1.0	111.1111111111111	0.125	0.00425	0.0	0.0	0.0	0.0	3.0	333.3333333333333	0.375	0.328	2.0	222.2222222222222	0.0	0.0	0.7615	0.39425	0.51025	1.0	4	4	0.4444444444444444	trust	0.375	wikivir.xml	1707	Srečica	Neža Maurer		pesmi							document	wikivir-001707	wikivir-001707.s000001|wikivir-001707.s000002|wikivir-001707.s000003|wikivir-001707.s000004	4	21	17	9	Pred hišo raste drevčece, na drevcu je gnezdece, v gnezdu sta dve ptičici - pojeta mi o srečici.	wikivir.xml	1707	Srečica	Neža Maurer		pesmi							emotion_trust_per_1k
wikivir-017087::window::64	window	wikivir-017087	300	131	0.0	0.0	0.0	0.0	5.0	38.16793893129771	0.1041666666666666	0.0340384615384615	0.0	0.0	0.0	0.0	0.0	0.0	0.0	0.0	0.0	0.0	0.0	0.0138076923076923	0.0	0.0	0.0	0.0	0.0	0.0	0.0	0.0	43.0	328.2442748091603	0.8958333333333334	0.3469871794871794	23.0	175.57251908396944	4.0	30.534351145038165	0.6793555555555556	0.4358811965811965	0.6505679487179488	0.7037037037037037	78	32	0.5954198473282443	trust	0.8958333333333334	wikivir.xml	17087	Oblaki nad sončno deželo	Črtomir Šinkovec	20	proza							window	wikivir-017087	wikivir-017087.s000576|wikivir-017087.s000577|wikivir-017087.s000578|wikivir-017087.s000579|wikivir-017087.s000580|wikivir-017087.s000581|wikivir-017087.s000582|wikivir-017087.s000583|wikivir-017087.s000584|wikivir-017087.s000585|wikivir-017087.s000586|wikivir-017087.s000587|wikivir-017087.s000588|wikivir-017087.s000589|wikivir-017087.s000590|wikivir-017087.s000591|wikivir-017087.s000592|wikivir-017087.s000593|wikivir-017087.s000594|wikivir-017087.s000595	21	300	300	130	načrtomNačrt je bil nato brez sprememb odobren za vse slovenske šole na PrimorskemTa učni načrt je predvideval za partizanske šole naslednjo snovpolitične ureslovenščinoračunovodstvo in geometrijozgodovinozemljepisprirodoslovjepetje in telovadboRazumljivoda je bila odvisna uporaba tegaprecej zahtevn	wikivir.xml	17087	Oblaki nad sončno deželo	Črtomir Šinkovec	20	proza							emotion_trust_per_1k
wikivir-002910::window::10	window	wikivir-002910	300	167	5.0	29.940119760479043	0.0357142857142857	0.02378	30.0	179.64071856287424	0.2142857142857142	0.13548	2.0	11.976047904191615	0.0142857142857142	0.00907	9.0	53.89221556886228	0.0642857142857142	0.03079	31.0	185.62874251497004	0.2214285714285714	0.21309	4.0	23.952095808383238	0.0285714285714285	0.0226299999999999	6.0	35.92814371257485	0.0428571428571428	0.01508	53.0	317.36526946107784	0.3785714285714285	0.3348399999999999	59.0	353.2934131736527	9.0	53.89221556886228	0.6905645833333333	0.4442258333333334	0.6260370833333333	0.7352941176470589	100	61	0.5988023952095808	trust	0.3785714285714285	wikivir.xml	2910	Sveta maša			neleposlovje							window	wikivir-002910	wikivir-002910.s000139|wikivir-002910.s000140|wikivir-002910.s000141|wikivir-002910.s000142|wikivir-002910.s000143|wikivir-002910.s000144|wikivir-002910.s000145|wikivir-002910.s000146|wikivir-002910.s000147|wikivir-002910.s000148|wikivir-002910.s000149|wikivir-002910.s000150|wikivir-002910.s000151|wikivir-002910.s000152|wikivir-002910.s000153|wikivir-002910.s000154|wikivir-002910.s000155|wikivir-002910.s000156|wikivir-002910.s000157|wikivir-002910.s000158	27	300	300	165	vsehda bomo v večnem življenju skupaj z božjo materjo Devico Marijoz apostoli in vsemi svetimiki so živeli v tvoji ljubezniin te bomo hvalili in slavili po tvojem Sinu Jezusu KristusuPo Kristusus Kristusom in v Kristusutebivsemogočnemu Bogu Očetuv občestvu Svetega Duha vsa čast in slava na vse veke 	wikivir.xml	2910	Sveta maša			neleposlovje							emotion_trust_per_1k
wikivir-004428::window::24	window	wikivir-004428	83	41	1.0	24.390243902439025	0.0294117647058823	0.0027142857142857	7.0	170.7317073170732	0.2058823529411764	0.1113214285714285	1.0	24.390243902439025	0.0294117647058823	0.0067142857142857	3.0	73.17073170731707	0.088235294117647	0.0162142857142857	7.0	170.7317073170732	0.2058823529411764	0.1878214285714285	0.0	0.0	0.0	0.0	2.0	48.78048780487805	0.0588235294117647	0.0393214285714285	13.0	317.0731707317073	0.3823529411764705	0.2796071428571428	20.0	487.8048780487805	2.0	48.78048780487805	0.6857605867346939	0.432162925170068	0.6194265731292518	0.8181818181818182	28	26	0.6829268292682927	trust	0.3823529411764705	wikivir.xml	4428	Predgovor Nouvega Zákona										window	wikivir-004428	wikivir-004428.s000190|wikivir-004428.s000191|wikivir-004428.s000193|wikivir-004428.s000194|wikivir-004428.s000195	5	83	83	41	da razumeš samo tistokar te uči Gospodov Duh po tej svoji besediampak glejda spremeniš v korist za zveličanje po pravi veri in svetem življenju točesar si se naučilTako te naj to Sveto Pismokoristno za učenjekaranjeravnanje in poboljšanje v pravicistori popolnoga božjega človekapripravljenega za vsa	wikivir.xml	4428	Predgovor Nouvega Zákona										emotion_trust_per_1k
wikivir-020731::document::1	document	wikivir-020731	33	16	0.0	0.0	0.0	0.0	3.0	187.5	0.2307692307692307	0.0336923076923076	0.0	0.0	0.0	0.0	0.0	0.0	0.0	0.0	3.0	187.5	0.2307692307692307	0.0456923076923076	0.0	0.0	0.0	0.0	2.0	125.0	0.1538461538461538	0.0378461538461538	5.0	312.5	0.3846153846153846	0.1208461538461538	5.0	312.5	2.0	125.0	0.4692692307692307	0.2799615384615385	0.3523461538461538	0.4285714285714285	13	12	0.8125	trust	0.3846153846153846	wikivir.xml	20731	(Ti si moj angel )	Tomaž Šalamun	20	pesmi							document	wikivir-020731	wikivir-020731.s000001|wikivir-020731.s000002|wikivir-020731.s000003|wikivir-020731.s000004|wikivir-020731.s000005|wikivir-020731.s000006|wikivir-020731.s000007	7	33	25	16	Ti si moj angel. Usta, posuta s kredo. Služabnik obreda sem. Nedotaknjen. Bele gobe na belem polju. V ravnini ognja. Jaz po zlatem prahu hodim.	wikivir.xml	20731	(Ti si moj angel )	Tomaž Šalamun	20	pesmi							emotion_trust_per_1k
wikivir-020731::window::1	window	wikivir-020731	25	16	0.0	0.0	0.0	0.0	3.0	187.5	0.2307692307692307	0.0336923076923076	0.0	0.0	0.0	0.0	0.0	0.0	0.0	0.0	3.0	187.5	0.2307692307692307	0.0456923076923076	0.0	0.0	0.0	0.0	2.0	125.0	0.1538461538461538	0.0378461538461538	5.0	312.5	0.3846153846153846	0.1208461538461538	5.0	312.5	2.0	125.0	0.4692692307692307	0.2799615384615385	0.3523461538461538	0.4285714285714285	13	12	0.8125	trust	0.3846153846153846	wikivir.xml	20731	(Ti si moj angel )	Tomaž Šalamun	20	pesmi							window	wikivir-020731	wikivir-020731.s000001|wikivir-020731.s000002|wikivir-020731.s000003|wikivir-020731.s000004|wikivir-020731.s000005|wikivir-020731.s000006|wikivir-020731.s000007	7	25	25	16	Ti si moj angelUstaposuta s kredoSlužabnik obreda semNedotaknjenBele gobe na belem poljuV ravnini ognjaJaz po zlatem prahu hodim	wikivir.xml	20731	(Ti si moj angel )	Tomaž Šalamun	20	pesmi							emotion_trust_per_1k
wikivir-006245::window::1	window	wikivir-006245	187	94	0.0	0.0	0.0	0.0	29.0	308.51063829787233	0.3052631578947368	0.1861666666666666	0.0	0.0	0.0	0.0	0.0	0.0	0.0	0.0018939393939393	31.0	329.7872340425532	0.3263157894736842	0.2347878787878787	0.0	0.0	0.0	0.0049393939393939	6.0	63.82978723404255	0.0631578947368421	0.0324545454545454	29.0	308.51063829787233	0.3052631578947368	0.1812878787878787	34.0	361.7021276595745	1.0	10.638297872340424	0.7397651515151515	0.4426666666666667	0.5097285353535354	0.9428571428571428	66	43	0.7021276595744681	joy	0.3263157894736842	wikivir.xml	6245	Lep je	Mojiceja Podgoršek	21	pesmi							window	wikivir-006245	wikivir-006245.s000001|wikivir-006245.s000003|wikivir-006245.s000005|wikivir-006245.s000007|wikivir-006245.s000009|wikivir-006245.s000011|wikivir-006245.s000013|wikivir-006245.s000014|wikivir-006245.s000015|wikivir-006245.s000016|wikivir-006245.s000017|wikivir-006245.s000019|wikivir-006245.s000021|wikivir-006245.s000023|wikivir-006245.s000024|wikivir-006245.s000025|wikivir-006245.s000027|wikivir-006245.s000029|wikivir-006245.s000031|wikivir-006245.s000033	26	187	187	92	LEP JE OBLAKker nam podari dežLEP JE DEŽker napoji zemljoLEP JE MOJ DEŽNIKker poskrbida se ne zmočimLEP JE MOSTker mi pomaga prečkati rekoLEP JE DANker sije sonceLEP JE MESECker razsvetli nočLEP JE MOJ OČKAker me ima radmeLEP JE MOJ DEDEKker mi prebere pravljicohe to meLEP JE PISMONOŠAker mi prinese	wikivir.xml	6245	Lep je	Mojiceja Podgoršek	21	pesmi							emotion_trust_per_1k
wikivir-006245::document::1	document	wikivir-006245	479	94	0.0	0.0	0.0	0.0	29.0	308.51063829787233	0.3052631578947368	0.1861666666666666	0.0	0.0	0.0	0.0	0.0	0.0	0.0	0.0018939393939393	31.0	329.7872340425532	0.3263157894736842	0.2347878787878787	0.0	0.0	0.0	0.0049393939393939	6.0	63.82978723404255	0.0631578947368421	0.0324545454545454	29.0	308.51063829787233	0.3052631578947368	0.1812878787878787	34.0	361.7021276595745	1.0	10.638297872340424	0.7397651515151515	0.4426666666666667	0.5097285353535354	0.9428571428571428	66	43	0.7021276595744681	joy	0.3263157894736842	wikivir.xml	6245	Lep je	Mojiceja Podgoršek	21	pesmi							document	wikivir-006245	wikivir-006245.s000001|wikivir-006245.s000002|wikivir-006245.s000003|wikivir-006245.s000004|wikivir-006245.s000005|wikivir-006245.s000006|wikivir-006245.s000007|wikivir-006245.s000008|wikivir-006245.s000009|wikivir-006245.s000010|wikivir-006245.s000011|wikivir-006245.s000012|wikivir-006245.s000013|wikivir-006245.s000014|wikivir-006245.s000015|wikivir-006245.s000016|wikivir-006245.s000017|wikivir-006245.s000018|wikivir-006245.s000019|wikivir-006245.s000020	44	479	187	92	LEP JE OBLAK, ker nam podari dež. Beautiful is a cloud, it gives us rain. LEP JE DEŽ, ker napoji zemljo. Beautiful is the rain, it waters our soil. LEP JE MOJ DEŽNIK, ker poskrbi, da se ne zmočim. Beautiful is my umbrella, it keeps me dry. LEP JE MOST, ker mi pomaga prečkati reko. Beautiful is the b	wikivir.xml	6245	Lep je	Mojiceja Podgoršek	21	pesmi							emotion_trust_per_1k
wikivir-010666::window::3	window	wikivir-010666	146	72	15.0	208.33333333333331	0.1530612244897959	0.0343555555555555	17.0	236.11111111111111	0.173469387755102	0.1506222222222222	8.0	111.1111111111111	0.0816326530612244	0.0069333333333333	4.0	55.55555555555555	0.0408163265306122	0.0524444444444444	15.0	208.33333333333331	0.1530612244897959	0.1334888888888888	2.0	27.77777777777777	0.0204081632653061	0.0256888888888888	15.0	208.33333333333331	0.1530612244897959	0.0753111111111111	22.0	305.5555555555556	0.2244897959183673	0.2155111111111111	18.0	250.0	4.0	55.55555555555555	0.5961666666666666	0.4291111111111111	0.5162888888888889	0.6363636363636364	45	25	0.625	trust	0.2244897959183673	wikivir.xml	10666	Pripovedka o treh bratih		19	ljudske pripovedke							window	wikivir-010666	wikivir-010666.s000021|wikivir-010666.s000022|wikivir-010666.s000023|wikivir-010666.s000024|wikivir-010666.s000025|wikivir-010666.s000026|wikivir-010666.s000027|wikivir-010666.s000028|wikivir-010666.s000029|wikivir-010666.s000030	10	146	146	71	vrata vzeli sebojPrišli so v gozdu do nekega drevesakjer so se skriliAli komaj so nekoliko časa sedeli na drevesiprišli so roparji pod drevopa so prinesli tri vreče denarja sebojKo so pa denar počeli štetije nekaj na drevesi zašumeloRoparji so se prestrašili ter so vsi zbežalisamo jeden je ostalkate	wikivir.xml	10666	Pripovedka o treh bratih		19	ljudske pripovedke							emotion_trust_per_1k
wikivir-018788::window::8	window	wikivir-018788	111	59	3.0	50.84745762711865	0.0625	0.0193333333333333	6.0	101.6949152542373	0.125	0.0824166666666666	3.0	50.84745762711865	0.0625	0.0197777777777777	8.0	135.59322033898306	0.1666666666666666	0.0140833333333333	5.0	84.7457627118644	0.1041666666666666	0.0633888888888888	3.0	50.84745762711865	0.0625	0.0289722222222222	2.0	33.898305084745765	0.0416666666666666	0.0106111111111111	18.0	305.08474576271186	0.375	0.2775555555555555	14.0	237.28813559322035	6.0	101.6949152542373	0.6193773148148147	0.4288958333333333	0.5488055555555557	0.4	36	23	0.6101694915254238	trust	0.375	wikivir.xml	18788	Tragedija iz življenja enoletnega prostovoljca	Anton Melik	20	dramska besedila			1910.0				window	wikivir-018788	wikivir-018788.s000149|wikivir-018788.s000150|wikivir-018788.s000151|wikivir-018788.s000152|wikivir-018788.s000153|wikivir-018788.s000154|wikivir-018788.s000155|wikivir-018788.s000156|wikivir-018788.s000157|wikivir-018788.s000158|wikivir-018788.s000159|wikivir-018788.s000160|wikivir-018788.s000161|wikivir-018788.s000162|wikivir-018788.s000163|wikivir-018788.s000164|wikivir-018788.s000165|wikivir-018788.s000166	18	111	111	57	tudi jaz imam pritožboProstovoljec je zapustil včeraj stražo brez dovoljenjaProstovoljec osupelToda gospod poročnikPoročnikAli sem vam morda dovolilRecite vendarda sem vam dovolilOd vas se lahko pričakuje tudi toProstovoljec na tihemPrav imaNi mi dovoliltemveč mi je zapovedalStotnikTorej nadaljne št	wikivir.xml	18788	Tragedija iz življenja enoletnega prostovoljca	Anton Melik	20	dramska besedila			1910.0				emotion_trust_per_1k
wikivir-020682::document::1	document	wikivir-020682	47	23	1.0	43.47826086956522	0.0625	0.0042222222222222	1.0	43.47826086956522	0.0625	0.0265	1.0	43.47826086956522	0.0625	0.0152222222222222	4.0	173.91304347826087	0.25	0.1241666666666666	1.0	43.47826086956522	0.0625	0.0607222222222222	0.0	0.0	0.0	0.0	1.0	43.47826086956522	0.0625	0.0356111111111111	7.0	304.34782608695656	0.4375	0.1948333333333333	9.0	391.304347826087	4.0	173.91304347826087	0.6229884259259258	0.4704907407407407	0.5264976851851852	0.3846153846153846	18	16	0.782608695652174	trust	0.4375	wikivir.xml	20682	Krik si	Tomaž Šalamun	20	pesmi							document	wikivir-020682	wikivir-020682.s000001|wikivir-020682.s000002|wikivir-020682.s000003|wikivir-020682.s000004|wikivir-020682.s000005|wikivir-020682.s000006|wikivir-020682.s000007|wikivir-020682.s000008|wikivir-020682.s000009|wikivir-020682.s000010|wikivir-020682.s000011|wikivir-020682.s000012|wikivir-020682.s000013|wikivir-020682.s000014|wikivir-020682.s000015|wikivir-020682.s000016|wikivir-020682.s000017|wikivir-020682.s000018|wikivir-020682.s000019	19	47	35	23	Krik si, eksplodirano nebo si, brat. Um ti trga zlato in vino. Valjajo te pošasti, ješ pošasti. Zlekni se, pomiri se. Čuj z ramo ob rami svetlobi na straži, ki si okno-jagnje, gospod barvi.	wikivir.xml	20682	Krik si	Tomaž Šalamun	20	pesmi							emotion_trust_per_1k
wikivir-020682::window::1	window	wikivir-020682	35	23	1.0	43.47826086956522	0.0625	0.0042222222222222	1.0	43.47826086956522	0.0625	0.0265	1.0	43.47826086956522	0.0625	0.0152222222222222	4.0	173.91304347826087	0.25	0.1241666666666666	1.0	43.47826086956522	0.0625	0.0607222222222222	0.0	0.0	0.0	0.0	1.0	43.47826086956522	0.0625	0.0356111111111111	7.0	304.34782608695656	0.4375	0.1948333333333333	9.0	391.304347826087	4.0	173.91304347826087	0.6229884259259258	0.4704907407407407	0.5264976851851852	0.3846153846153846	18	16	0.782608695652174	trust	0.4375	wikivir.xml	20682	Krik si	Tomaž Šalamun	20	pesmi							window	wikivir-020682	wikivir-020682.s000001|wikivir-020682.s000002|wikivir-020682.s000003|wikivir-020682.s000004|wikivir-020682.s000005|wikivir-020682.s000006|wikivir-020682.s000007|wikivir-020682.s000008|wikivir-020682.s000009|wikivir-020682.s000010|wikivir-020682.s000011|wikivir-020682.s000012|wikivir-020682.s000013|wikivir-020682.s000014|wikivir-020682.s000015|wikivir-020682.s000016|wikivir-020682.s000017|wikivir-020682.s000018|wikivir-020682.s000019	19	35	35	23	Krik sieksplodirano nebo sibratUm ti trga zlato in vinoValjajo te pošastiješ pošastiZlekni sepomiri seČuj z ramo ob rami svetlobi na stražiki si oknojagnjegospod barvi	wikivir.xml	20682	Krik si	Tomaž Šalamun	20	pesmi							emotion_trust_per_1k
wikivir-006333::document::1	document	wikivir-006333	42	20	2.0	100.0	0.1	0.0	2.0	100.0	0.1	0.0302666666666666	2.0	100.0	0.1	0.0052	0.0	0.0	0.0	0.0	6.0	300.0	0.3	0.2037333333333333	0.0	0.0	0.0	0.0	2.0	100.0	0.1	0.0104	6.0	300.0	0.3	0.2032	8.0	400.0	0.0	0.0	0.7095888888888889	0.3371333333333333	0.5990555555555556	1.0	15	10	0.75	joy	0.3	wikivir.xml	6333	Drobna pesem	Karel Destovnik Kajuh	20	pesmi							document	wikivir-006333	wikivir-006333.s000001|wikivir-006333.s000002|wikivir-006333.s000003|wikivir-006333.s000004|wikivir-006333.s000005|wikivir-006333.s000006|wikivir-006333.s000007|wikivir-006333.s000008|wikivir-006333.s000009|wikivir-006333.s000010|wikivir-006333.s000011|wikivir-006333.s000012|wikivir-006333.s000013|wikivir-006333.s000014	14	42	33	20	Jaz sem droben, droben list, ki drevo mu daje hrano. To drevo iz zemlje rase, zemlja pa je vir življenja, in življenje vir človeštva, in človeštvo, to je hrast, ki človeku daje rast.	wikivir.xml	6333	Drobna pesem	Karel Destovnik Kajuh	20	pesmi							emotion_trust_per_1k
wikivir-020159::window::1	window	wikivir-020159	33	20	0.0	0.0	0.0	0.0	6.0	300.0	0.24	0.1388461538461538	0.0	0.0	0.0	0.0	1.0	50.0	0.04	0.030076923076923	7.0	350.0	0.28	0.2936153846153846	1.0	50.0	0.04	0.029	4.0	200.0	0.16	0.0906923076923077	6.0	300.0	0.24	0.2145384615384615	8.0	400.0	0.0	0.0	0.6306923076923077	0.3150897435897436	0.4826282051282051	1.0	13	11	0.65	joy	0.28	wikivir.xml	20159	Limerik Novi Gorici	Zoran Božič		pesmi							window	wikivir-020159	wikivir-020159.s000001|wikivir-020159.s000002|wikivir-020159.s000003|wikivir-020159.s000004|wikivir-020159.s000005	5	33	33	20	Kaj ob Kornu v soncu se bleščiBeli angel se z nebes spustiTo ni angelki obeta večni rajto je čapljaki prinaša v mesto mlajBela čapljaznak toplejših dni	wikivir.xml	20159	Limerik Novi Gorici	Zoran Božič		pesmi							emotion_trust_per_1k
wikivir-020159::document::1	document	wikivir-020159	40	20	0.0	0.0	0.0	0.0	6.0	300.0	0.24	0.1388461538461538	0.0	0.0	0.0	0.0	1.0	50.0	0.04	0.030076923076923	7.0	350.0	0.28	0.2936153846153846	1.0	50.0	0.04	0.029	4.0	200.0	0.16	0.0906923076923077	6.0	300.0	0.24	0.2145384615384615	8.0	400.0	0.0	0.0	0.6306923076923077	0.3150897435897436	0.4826282051282051	1.0	13	11	0.65	joy	0.28	wikivir.xml	20159	Limerik Novi Gorici	Zoran Božič		pesmi							document	wikivir-020159	wikivir-020159.s000001|wikivir-020159.s000002|wikivir-020159.s000003|wikivir-020159.s000004|wikivir-020159.s000005	5	40	33	20	Kaj ob Kornu v soncu se blešči? Beli angel se z nebes spusti? To ni angel, ki obeta večni raj, to je čaplja, ki prinaša v mesto mlaj. Bela čaplja, znak toplejših dni	wikivir.xml	20159	Limerik Novi Gorici	Zoran Božič		pesmi							emotion_trust_per_1k
wikivir-017503::document::1	document	wikivir-017503	50	20	0.0	0.0	0.0	0.0	1.0	50.0	0.0769230769230769	0.0	0.0	0.0	0.0	0.0	0.0	0.0	0.0	0.0	5.0	250.0	0.3846153846153846	0.3052499999999999	0.0	0.0	0.0	0.0	1.0	50.0	0.0769230769230769	0.0449166666666666	6.0	300.0	0.4615384615384615	0.18425	6.0	300.0	0.0	0.0	0.701375	0.4662916666666667	0.5915416666666666	1.0	12	10	0.6	trust	0.4615384615384615	wikivir.xml	17503	Mladini v spominsko knjigo	Jožef Mihelič	20	pesmi			1940.0				document	wikivir-017503	wikivir-017503.s000001|wikivir-017503.s000002|wikivir-017503.s000003|wikivir-017503.s000004|wikivir-017503.s000005|wikivir-017503.s000006|wikivir-017503.s000007|wikivir-017503.s000008	8	50	38	19	Šopek spominčic poklanjam ti v dar, z njimi pa to naročilo: kakor te rožice bele tvoje srce naj bi bílo! Pomni, največje bogastvo je to — (srečen, kdor z njim se ponaša); srce nedolžno, kristalno čisto — vsako bogastvo prekaša!	wikivir.xml	17503	Mladini v spominsko knjigo	Jožef Mihelič	20	pesmi			1940.0				emotion_trust_per_1k
wikivir-001011::window::1	window	wikivir-001011	39	30	2.0	66.66666666666667	0.0769230769230769	0.0693529411764705	5.0	166.66666666666666	0.1923076923076923	0.1318823529411764	0.0	0.0	0.0	0.0	3.0	100.0	0.1153846153846153	0.0711764705882353	6.0	200.0	0.2307692307692307	0.2635882352941176	1.0	33.333333333333336	0.0384615384615384	0.0414117647058823	0.0	0.0	0.0	0.0	9.0	300.0	0.3461538461538461	0.3556470588235294	11.0	366.6666666666666	3.0	100.0	0.6786078431372549	0.5093529411764707	0.6797696078431372	0.5714285714285714	17	16	0.5666666666666667	trust	0.3461538461538461	wikivir.xml	1011	Opasal vere je orožje	France Prešeren	19	pesmi							window	wikivir-001011	wikivir-001011.s000001|wikivir-001011.s000002|wikivir-001011.s000003|wikivir-001011.s000004|wikivir-001011.s000005|wikivir-001011.s000006|wikivir-001011.s000007|wikivir-001011.s000008	8	39	39	29	Opasal vere je orožje za božjo čast vojšak gorečbil svitel svečnjek cerkve božjeje pridgarspovednik slovečbrez moči bi noč bhudačuval je romarjov pastirtam Bog mu daj plačilo truda v nebesih uživatvečni mir	wikivir.xml	1011	Opasal vere je orožje	France Prešeren	19	pesmi							emotion_trust_per_1k
wikivir-001011::document::1	document	wikivir-001011	50	30	2.0	66.66666666666667	0.0769230769230769	0.0693529411764705	5.0	166.66666666666666	0.1923076923076923	0.1318823529411764	0.0	0.0	0.0	0.0	3.0	100.0	0.1153846153846153	0.0711764705882353	6.0	200.0	0.2307692307692307	0.2635882352941176	1.0	33.333333333333336	0.0384615384615384	0.0414117647058823	0.0	0.0	0.0	0.0	9.0	300.0	0.3461538461538461	0.3556470588235294	11.0	366.6666666666666	3.0	100.0	0.6786078431372549	0.5093529411764707	0.6797696078431372	0.5714285714285714	17	16	0.5666666666666667	trust	0.3461538461538461	wikivir.xml	1011	Opasal vere je orožje	France Prešeren	19	pesmi							document	wikivir-001011	wikivir-001011.s000001|wikivir-001011.s000002|wikivir-001011.s000003|wikivir-001011.s000004|wikivir-001011.s000005|wikivir-001011.s000006|wikivir-001011.s000007|wikivir-001011.s000008	8	50	39	29	Opasal vere je orožje za božjo čast vojšak goreč, bil svitel svečnjek cerkve božje, je pridgar, spovednik sloveč. De brez moči bi noč b’la huda, čuval je romarjov pastir; tam Bog mu daj plačilo truda v nebesih uživat’ večni mir!	wikivir.xml	1011	Opasal vere je orožje	France Prešeren	19	pesmi							emotion_trust_per_1k
wikivir-017503::window::1	window	wikivir-017503	38	20	0.0	0.0	0.0	0.0	1.0	50.0	0.0769230769230769	0.0	0.0	0.0	0.0	0.0	0.0	0.0	0.0	0.0	5.0	250.0	0.3846153846153846	0.3052499999999999	0.0	0.0	0.0	0.0	1.0	50.0	0.0769230769230769	0.0449166666666666	6.0	300.0	0.4615384615384615	0.18425	6.0	300.0	0.0	0.0	0.701375	0.4662916666666667	0.5915416666666666	1.0	12	10	0.6	trust	0.4615384615384615	wikivir.xml	17503	Mladini v spominsko knjigo	Jožef Mihelič	20	pesmi			1940.0				window	wikivir-017503	wikivir-017503.s000001|wikivir-017503.s000002|wikivir-017503.s000003|wikivir-017503.s000004|wikivir-017503.s000005|wikivir-017503.s000006|wikivir-017503.s000007|wikivir-017503.s000008	8	38	38	19	Šopek spominčic poklanjam ti v darz njimi pa to naročilokakor te rožice bele tvoje srce naj bi bíloPomninajvečje bogastvo je to srečenkdor z njim se ponašasrce nedolžnokristalno čisto vsako bogastvo prekaša	wikivir.xml	17503	Mladini v spominsko knjigo	Jožef Mihelič	20	pesmi			1940.0				emotion_trust_per_1k
wikivir-006333::window::1	window	wikivir-006333	33	20	2.0	100.0	0.1	0.0	2.0	100.0	0.1	0.0302666666666666	2.0	100.0	0.1	0.0052	0.0	0.0	0.0	0.0	6.0	300.0	0.3	0.2037333333333333	0.0	0.0	0.0	0.0	2.0	100.0	0.1	0.0104	6.0	300.0	0.3	0.2032	8.0	400.0	0.0	0.0	0.7095888888888889	0.3371333333333333	0.5990555555555556	1.0	15	10	0.75	joy	0.3	wikivir.xml	6333	Drobna pesem	Karel Destovnik Kajuh	20	pesmi							window	wikivir-006333	wikivir-006333.s000001|wikivir-006333.s000002|wikivir-006333.s000003|wikivir-006333.s000004|wikivir-006333.s000005|wikivir-006333.s000006|wikivir-006333.s000007|wikivir-006333.s000008|wikivir-006333.s000009|wikivir-006333.s000010|wikivir-006333.s000011|wikivir-006333.s000012|wikivir-006333.s000013|wikivir-006333.s000014	14	33	33	20	Jaz sem drobendroben listki drevo mu daje hranoTo drevo iz zemlje rasezemlja pa je vir življenjain življenje vir človeštvain človeštvoto je hrastki človeku daje rast	wikivir.xml	6333	Drobna pesem	Karel Destovnik Kajuh	20	pesmi							emotion_trust_per_1k
wikivir-002910::window::11	window	wikivir-002910	291	187	6.0	32.0855614973262	0.0413793103448275	0.0125420560747663	32.0	171.12299465240642	0.2206896551724138	0.1393738317757009	4.0	21.3903743315508	0.0275862068965517	0.0070280373831775	11.0	58.8235294117647	0.0758620689655172	0.0211962616822429	30.0	160.42780748663102	0.2068965517241379	0.2196355140186916	1.0	5.347593582887701	0.0068965517241379	0.005803738317757	6.0	32.0855614973262	0.0413793103448275	0.0183271028037383	55.0	294.11764705882354	0.3793103448275862	0.3078317757009345	65.0	347.59358288770056	7.0	37.4331550802139	0.6798543613707164	0.4257663551401869	0.6222437694704049	0.8055555555555556	107	64	0.5721925133689839	trust	0.3793103448275862	wikivir.xml	2910	Sveta maša			neleposlovje							window	wikivir-002910	wikivir-002910.s000147|wikivir-002910.s000148|wikivir-002910.s000149|wikivir-002910.s000150|wikivir-002910.s000151|wikivir-002910.s000152|wikivir-002910.s000153|wikivir-002910.s000154|wikivir-002910.s000155|wikivir-002910.s000156|wikivir-002910.s000157|wikivir-002910.s000158|wikivir-002910.s000159|wikivir-002910.s000160|wikivir-002910.s000161|wikivir-002910.s000162|wikivir-002910.s000163|wikivir-002910.s000164|wikivir-002910.s000165|wikivir-002910.s000166	42	291	291	186	nemiromko polni blaženega upanja pričakujemo prihod našega Odrešenika Jezusa KristusaTvoje je kraljestvotvoja je oblast in slava vekomajPozdrav miru in sprave Gospod Jezus Kristussvojim apostolom si rekelMIR VAM ZAPUSTIMSVOJ MIR VAM DAMNe glej na naše greheampak na vero svoje CerkveUtrdi jo v miru i	wikivir.xml	2910	Sveta maša			neleposlovje							emotion_trust_per_1k
wikivir-019260::document::1	document	wikivir-019260	376	232	11.0	47.41379310344827	0.0569948186528497	0.0115234375	40.0	172.41379310344828	0.2072538860103626	0.1387734374999999	11.0	47.41379310344827	0.0569948186528497	0.019625	19.0	81.89655172413792	0.0984455958549222	0.0334374999999999	27.0	116.3793103448276	0.1398963730569948	0.166953125	7.0	30.17241379310345	0.0362694300518134	0.0309453125	10.0	43.10344827586207	0.0518134715025906	0.032640625	68.0	293.10344827586204	0.3523316062176165	0.3200703125	75.0	323.2758620689655	16.0	68.9655172413793	0.7158811941964285	0.4443543526785714	0.642384412202381	0.6483516483516484	128	65	0.5517241379310345	trust	0.3523316062176165	wikivir.xml	19260	Litanije Matere Božje (lavretanske litanije)			krscanske molitve							document	wikivir-019260	wikivir-019260.s000001|wikivir-019260.s000002|wikivir-019260.s000003|wikivir-019260.s000004|wikivir-019260.s000005|wikivir-019260.s000006|wikivir-019260.s000007|wikivir-019260.s000008|wikivir-019260.s000009|wikivir-019260.s000010|wikivir-019260.s000011|wikivir-019260.s000012|wikivir-019260.s000013|wikivir-019260.s000014|wikivir-019260.s000015|wikivir-019260.s000016|wikivir-019260.s000017|wikivir-019260.s000018|wikivir-019260.s000019|wikivir-019260.s000020	88	376	303	231	V. Gospod, usmili se O. Gospod, usmili se V. Kristus, usmili se O. Kristus, usmili se V. Gospod, usmili se O. Gospod, usmili se V. Kristus, sliši nas O. Kristus, sliši nas V. Kristus, usliši nas O. Kristus, usliši nas V. Bog Oče nebeški O. Usmili se nas V. Bog Sin, Odrešenik sveta O. Usmili se nas V	wikivir.xml	19260	Litanije Matere Božje (lavretanske litanije)			krscanske molitve							emotion_trust_per_1k
wikivir-018788::window::1	window	wikivir-018788	300	181	8.0	44.19889502762431	0.0567375886524822	0.0141157894736842	22.0	121.54696132596683	0.1560283687943262	0.1052210526315789	7.0	38.67403314917127	0.0496453900709219	0.0197684210526315	24.0	132.5966850828729	0.1702127659574468	0.0208631578947368	23.0	127.0718232044199	0.1631205673758865	0.1184210526315789	4.0	22.099447513812155	0.0283687943262411	0.0106105263157894	0.0	0.0	0.0	0.0	53.0	292.81767955801104	0.375886524822695	0.3054210526315789	39.0	215.4696132596685	11.0	60.773480662983424	0.6483083333333334	0.4652912280701755	0.6336627192982456	0.56	95	46	0.5248618784530387	trust	0.375886524822695	wikivir.xml	18788	Tragedija iz življenja enoletnega prostovoljca	Anton Melik	20	dramska besedila			1910.0				window	wikivir-018788	wikivir-018788.s000001|wikivir-018788.s000002|wikivir-018788.s000003|wikivir-018788.s000004|wikivir-018788.s000005|wikivir-018788.s000006|wikivir-018788.s000007|wikivir-018788.s000008|wikivir-018788.s000009|wikivir-018788.s000010|wikivir-018788.s000011|wikivir-018788.s000012|wikivir-018788.s000013|wikivir-018788.s000014|wikivir-018788.s000015|wikivir-018788.s000016|wikivir-018788.s000017|wikivir-018788.s000018|wikivir-018788.s000019|wikivir-018788.s000020	43	300	300	174	Prostovoljec stoji pred vrati vojašnice na straži in gleda melanholično za mimoidočimi damamiPoročnik stopi iz stražnicePoročnikProstovoljec PodgornikProstovoljecTukajPoročnik v prijaznem tonuStopite vendar bližedragi mojrad bi se malo porazgovoril z vamiProstovoljec na tihemKaj naj to pomeniglasnoZ	wikivir.xml	18788	Tragedija iz življenja enoletnega prostovoljca	Anton Melik	20	dramska besedila			1910.0				emotion_trust_per_1k
wikivir-002910::window::2	window	wikivir-002910	300	202	10.0	49.50495049504951	0.0636942675159235	0.0060799999999999	29.0	143.56435643564356	0.1847133757961783	0.11328	10.0	49.50495049504951	0.0636942675159235	0.01504	19.0	94.05940594059406	0.1210191082802547	0.018288	25.0	123.76237623762376	0.1592356687898089	0.2161199999999999	0.0	0.0	0.0	0.0048	5.0	24.752475247524757	0.0318471337579617	0.013888	59.0	292.07920792079204	0.375796178343949	0.302896	72.0	356.43564356435644	11.0	54.45544554455446	0.7111566666666667	0.4154839999999999	0.6204513333333336	0.7349397590361446	125	63	0.6188118811881188	trust	0.375796178343949	wikivir.xml	2910	Sveta maša			neleposlovje							window	wikivir-002910	wikivir-002910.s000019|wikivir-002910.s000020|wikivir-002910.s000021|wikivir-002910.s000022|wikivir-002910.s000023|wikivir-002910.s000024|wikivir-002910.s000025|wikivir-002910.s000026|wikivir-002910.s000027|wikivir-002910.s000028|wikivir-002910.s000029|wikivir-002910.s000030|wikivir-002910.s000031|wikivir-002910.s000032|wikivir-002910.s000033|wikivir-002910.s000034|wikivir-002910.s000035|wikivir-002910.s000036|wikivir-002910.s000037|wikivir-002910.s000038	43	300	300	201	Gospodusmili seGospodusmili seSlava GloriaSlava Bogu na višavah in na zemlji mir ljudemki so blage voljeHvalimo teslavimo temolimo tepoveličujemo tezahvaljujemo se ti zaradi tvoje velike slaveGospod Bognebeški KraljBog Oče vsemogočniGospodedinorojeni SinJezus KristusGospod BogJagnje BožjeSin OčetovT	wikivir.xml	2910	Sveta maša			neleposlovje							emotion_trust_per_1k
wikivir-015618::document::1	document	wikivir-015618	253	93	2.0	21.505376344086024	0.0175438596491228	0.01372	22.0	236.55913978494624	0.1929824561403508	0.20632	0.0	0.0	0.0	0.0	17.0	182.7956989247312	0.1491228070175438	0.04038	34.0	365.5913978494624	0.2982456140350877	0.4174	3.0	32.25806451612903	0.0263157894736842	0.02112	9.0	96.77419354838707	0.0789473684210526	0.08516	27.0	290.32258064516134	0.2368421052631578	0.38358	41.0	440.86021505376345	4.0	43.01075268817205	0.7635579999999998	0.4999433333333333	0.7490516666666668	0.8222222222222222	50	27	0.5376344086021505	joy	0.2982456140350877	wikivir.xml	15618	O Bog, o Bog, kak' srečen sem!	Jožef Muršec	19	pesmi							document	wikivir-015618	wikivir-015618.s000001|wikivir-015618.s000002|wikivir-015618.s000003|wikivir-015618.s000004|wikivir-015618.s000005|wikivir-015618.s000006|wikivir-015618.s000007|wikivir-015618.s000008|wikivir-015618.s000009|wikivir-015618.s000010|wikivir-015618.s000011|wikivir-015618.s000012|wikivir-015618.s000013|wikivir-015618.s000014|wikivir-015618.s000015|wikivir-015618.s000016|wikivir-015618.s000017|wikivir-015618.s000018|wikivir-015618.s000019|wikivir-015618.s000020	44	253	188	93	1. O Bog, o Bog, kak’ srečen sem, Ker v Te verujem ino vem, Da vse ’z ničesar si ustvaril, Obilno širni svet obdaril; Vsezmožen ga držiš, mladiš, Očetovsko za vse skrbiš. 2. O Bog, o Bog, kak’ srečen sem, Ker v Te verujem, za Te vem, Objemam Te kot stvarnika, Očeta milostljivega, Neskončnega dobrotn	wikivir.xml	15618	O Bog, o Bog, kak' srečen sem!	Jožef Muršec	19	pesmi							emotion_trust_per_1k
wikivir-015618::window::1	window	wikivir-015618	188	93	2.0	21.505376344086024	0.0175438596491228	0.01372	22.0	236.55913978494624	0.1929824561403508	0.20632	0.0	0.0	0.0	0.0	17.0	182.7956989247312	0.1491228070175438	0.04038	34.0	365.5913978494624	0.2982456140350877	0.4174	3.0	32.25806451612903	0.0263157894736842	0.02112	9.0	96.77419354838707	0.0789473684210526	0.08516	27.0	290.32258064516134	0.2368421052631578	0.38358	41.0	440.86021505376345	4.0	43.01075268817205	0.7635579999999998	0.4999433333333333	0.7490516666666668	0.8222222222222222	50	27	0.5376344086021505	joy	0.2982456140350877	wikivir.xml	15618	O Bog, o Bog, kak' srečen sem!	Jožef Muršec	19	pesmi							window	wikivir-015618	wikivir-015618.s000001|wikivir-015618.s000002|wikivir-015618.s000003|wikivir-015618.s000004|wikivir-015618.s000005|wikivir-015618.s000006|wikivir-015618.s000007|wikivir-015618.s000008|wikivir-015618.s000009|wikivir-015618.s000010|wikivir-015618.s000011|wikivir-015618.s000012|wikivir-015618.s000013|wikivir-015618.s000014|wikivir-015618.s000015|wikivir-015618.s000016|wikivir-015618.s000017|wikivir-015618.s000018|wikivir-015618.s000019|wikivir-015618.s000020	44	188	188	93	1. O Bogo Bogkaksrečen semKer v Te verujem ino vemDa vse z ničesar si ustvarilObilno širni svet obdarilVsezmožen ga držišmladišOčetovsko za vse skrbiš2. O Bogo Bogkaksrečen semKer v Te verujemza Te vemObjemam Te kot stvarnikaOčeta milostljivegaNeskončnega dobrotnikaVladarja najmodrejšega3. O Bogo Bo	wikivir.xml	15618	O Bog, o Bog, kak' srečen sem!	Jožef Muršec	19	pesmi							emotion_trust_per_1k
wikivir-015807::document::1	document	wikivir-015807	51	31	2.0	64.51612903225806	0.0769230769230769	0.0693529411764705	5.0	161.29032258064515	0.1923076923076923	0.1318823529411764	0.0	0.0	0.0	0.0	3.0	96.77419354838707	0.1153846153846153	0.0711764705882353	6.0	193.54838709677415	0.2307692307692307	0.2635882352941176	1.0	32.25806451612903	0.0384615384615384	0.0414117647058823	0.0	0.0	0.0	0.0	9.0	290.32258064516134	0.3461538461538461	0.3556470588235294	11.0	354.8387096774194	3.0	96.77419354838707	0.6786078431372549	0.5093529411764707	0.6797696078431372	0.5714285714285714	17	16	0.5483870967741935	trust	0.3461538461538461	wikivir.xml	15807	Napis na grobu Franca Julianija	France Prešeren	19	pesmi							document	wikivir-015807	wikivir-015807.s000001|wikivir-015807.s000002|wikivir-015807.s000003|wikivir-015807.s000004|wikivir-015807.s000005|wikivir-015807.s000006|wikivir-015807.s000007|wikivir-015807.s000008	8	51	41	30	Opasal vere je orožje za božjo čast vojščák goreč; bil svitel svéčnjak cerkve božje je prid’gar, spovedník sloveč. Da brez močí bi noč b’la huda, čuvàl je romarjev pastir; tam Bog mu daj plačilo truda v nebesih uživat’ večni mir!	wikivir.xml	15807	Napis na grobu Franca Julianija	France Prešeren	19	pesmi							emotion_trust_per_1k
wikivir-015807::window::1	window	wikivir-015807	41	31	2.0	64.51612903225806	0.0769230769230769	0.0693529411764705	5.0	161.29032258064515	0.1923076923076923	0.1318823529411764	0.0	0.0	0.0	0.0	3.0	96.77419354838707	0.1153846153846153	0.0711764705882353	6.0	193.54838709677415	0.2307692307692307	0.2635882352941176	1.0	32.25806451612903	0.0384615384615384	0.0414117647058823	0.0	0.0	0.0	0.0	9.0	290.32258064516134	0.3461538461538461	0.3556470588235294	11.0	354.8387096774194	3.0	96.77419354838707	0.6786078431372549	0.5093529411764707	0.6797696078431372	0.5714285714285714	17	16	0.5483870967741935	trust	0.3461538461538461	wikivir.xml	15807	Napis na grobu Franca Julianija	France Prešeren	19	pesmi							window	wikivir-015807	wikivir-015807.s000001|wikivir-015807.s000002|wikivir-015807.s000003|wikivir-015807.s000004|wikivir-015807.s000005|wikivir-015807.s000006|wikivir-015807.s000007|wikivir-015807.s000008	8	41	41	30	Opasal vere je orožje za božjo čast vojščák gorečbil svitel svéčnjak cerkve božje je pridgarspovedník slovečDa brez močí bi noč bhudačuvàl je romarjev pastirtam Bog mu daj plačilo truda v nebesih uživatvečni mir	wikivir.xml	15807	Napis na grobu Franca Julianija	France Prešeren	19	pesmi							emotion_trust_per_1k
wikivir-002317::window::9	window	wikivir-002317	62	38	2.0	52.63157894736842	0.0588235294117647	0.0125	5.0	131.57894736842104	0.1470588235294117	0.1364	1.0	26.31578947368421	0.0294117647058823	0.0242	3.0	78.94736842105263	0.088235294117647	0.09505	7.0	184.21052631578945	0.2058823529411764	0.182	2.0	52.63157894736842	0.0588235294117647	0.0633	3.0	78.94736842105263	0.088235294117647	0.0605499999999999	11.0	289.4736842105263	0.3235294117647059	0.3385	12.0	315.7894736842105	4.0	105.26315789473684	0.6589702380952381	0.5248939285714287	0.5969876190476191	0.5	20	15	0.5263157894736842	trust	0.3235294117647059	wikivir.xml	2317	Narodne pripovedke za mladino IV/Hudobni brat	Fran Nedeljko		pripovedke							window	wikivir-002317	wikivir-002317.s000078|wikivir-002317.s000079|wikivir-002317.s000080	3	62	62	38	morajo rešiti brataječo pa razkaditiRešil je tako brata in mu rekelGlej dasiravno nerad me imel in me v stiski prvi zapustilrešil sem te vender iz ječekatero si zaslužil po praviciSedaj pa si bodiva dobra kot prava brata in v miru in veselju preživiva ostale dni ker zopet imava polno mošnjo denarjav	wikivir.xml	2317	Narodne pripovedke za mladino IV/Hudobni brat	Fran Nedeljko		pripovedke							emotion_trust_per_1k
wikivir-001020::window::1	window	wikivir-001020	77	45	0.0	0.0	0.0	0.0	7.0	155.55555555555557	0.1944444444444444	0.1436521739130435	0.0	0.0	0.0	0.0	3.0	66.66666666666667	0.0833333333333333	0.0122608695652173	10.0	222.2222222222222	0.2777777777777778	0.3502173913043478	1.0	22.22222222222222	0.0277777777777777	0.027	2.0	44.44444444444444	0.0555555555555555	0.0315652173913043	13.0	288.88888888888886	0.3611111111111111	0.3427391304347826	15.0	333.3333333333333	1.0	22.22222222222222	0.7159958592132505	0.4567867494824017	0.6335776397515527	0.875	23	20	0.5111111111111111	trust	0.3611111111111111	wikivir.xml	1020	Zaljšal cerkve vidijoče	France Prešeren	19	pesmi		Matija Cop					window	wikivir-001020	wikivir-001020.s000001|wikivir-001020.s000002|wikivir-001020.s000003|wikivir-001020.s000004|wikivir-001020.s000005|wikivir-001020.s000006|wikivir-001020.s000007|wikivir-001020.s000008|wikivir-001020.s000009|wikivir-001020.s000010|wikivir-001020.s000011|wikivir-001020.s000012|wikivir-001020.s000013|wikivir-001020.s000014|wikivir-001020.s000015|wikivir-001020.s000016	16	77	77	45	Zaljšal cerkvevidijóče prebivalša je Bogáda bi bolj molitve vroče šle v nebesa iz srcaBog bogastvo je pogmíral čast povrnil mu s častjoŽiv rad uboge je podpiralkar zapustil jenjih bóSpolnil rad je vsakmu željedurodprl mu in srcebil prjatljov je veselje njim oči po njem roséFara vsa po njem zdihujebi	wikivir.xml	1020	Zaljšal cerkve vidijoče	France Prešeren	19	pesmi		Matija Cop					emotion_trust_per_1k
