review_emotion	_review_score	_review_score_source	segment_id	unit	doc_id	token_count	lexical_token_count	emotion_anger_count	emotion_anger_per_1k	emotion_anger_prop	intensity_anger_mean	emotion_anticipation_count	emotion_anticipation_per_1k	emotion_anticipation_prop	intensity_anticipation_mean	emotion_disgust_count	emotion_disgust_per_1k	emotion_disgust_prop	intensity_disgust_mean	emotion_fear_count	emotion_fear_per_1k	emotion_fear_prop	intensity_fear_mean	emotion_joy_count	emotion_joy_per_1k	emotion_joy_prop	intensity_joy_mean	emotion_sadness_count	emotion_sadness_per_1k	emotion_sadness_prop	intensity_sadness_mean	emotion_surprise_count	emotion_surprise_per_1k	emotion_surprise_prop	intensity_surprise_mean	emotion_trust_count	emotion_trust_per_1k	emotion_trust_prop	intensity_trust_mean	sentiment_positive_count	sentiment_positive_per_1k	sentiment_negative_count	sentiment_negative_per_1k	vad_valence_mean	vad_arousal_mean	vad_dominance_mean	sentiment_balance	lexicon_hit_count	lexicon_unique_hit_count	lexicon_coverage	dominant_emotion	dominant_emotion_score	source_xml	xml_doc_index	title	author	century	genre	publication	category	year	language
emotion_trust_per_1k	367.5675675675676	emotion_trust_per_1k; lexical_token_count>=80; word_token_count>=80	wikivir-002910::window::1	window	wikivir-002910	385	185	12.0	64.86486486486487	0.06451612903225806	0.010565573770491802	34.0	183.7837837837838	0.1827956989247312	0.12888524590163936	12.0	64.86486486486487	0.06451612903225806	0.02015573770491803	23.0	124.32432432432434	0.12365591397849462	0.02578688524590164	26.0	140.54054054054055	0.13978494623655913	0.2219016393442623	4.0	21.62162162162162	0.021505376344086023	0.026401639344262297	7.0	37.83783783783784	0.03763440860215054	0.02030327868852459	68.0	367.5675675675676	0.3655913978494624	0.36137704918032787	76.0	410.81081081081084	20.0	108.10810810810811	0.7051997950819671	0.4234829234972677	0.643411543715847	0.5833333333333334	122	63	0.6594594594594595	trust	0.3655913978494624	wikivir.cleaned.xml	2910	Sveta maša			neleposlovje				
emotion_joy_per_1k	365.5913978494624	emotion_joy_per_1k; lexical_token_count>=80; word_token_count>=80	wikivir-015618::window::1	window	wikivir-015618	252	93	2.0	21.505376344086024	0.017543859649122806	0.013720000000000001	22.0	236.55913978494624	0.19298245614035087	0.20632	0.0	0.0	0.0	0.0	17.0	182.7956989247312	0.14912280701754385	0.04038	34.0	365.5913978494624	0.2982456140350877	0.4174	3.0	32.25806451612903	0.02631578947368421	0.02112	9.0	96.77419354838709	0.07894736842105263	0.08516	27.0	290.32258064516134	0.23684210526315788	0.38358	41.0	440.86021505376345	4.0	43.01075268817205	0.7635579999999998	0.4999433333333333	0.7490516666666668	0.8222222222222222	50	27	0.5376344086021505	joy	0.2982456140350877	wikivir.cleaned.xml	15618	O Bog, o Bog, kak' srečen sem!	Jožef Muršec	19	pesmi				
emotion_joy_per_1k	365.5913978494624	emotion_joy_per_1k; lexical_token_count>=80; word_token_count>=80	wikivir-015618::document::1	document	wikivir-015618	253	93	2.0	21.505376344086024	0.017543859649122806	0.013720000000000001	22.0	236.55913978494624	0.19298245614035087	0.20632	0.0	0.0	0.0	0.0	17.0	182.7956989247312	0.14912280701754385	0.04038	34.0	365.5913978494624	0.2982456140350877	0.4174	3.0	32.25806451612903	0.02631578947368421	0.02112	9.0	96.77419354838709	0.07894736842105263	0.08516	27.0	290.32258064516134	0.23684210526315788	0.38358	41.0	440.86021505376345	4.0	43.01075268817205	0.7635579999999998	0.4999433333333333	0.7490516666666668	0.8222222222222222	50	27	0.5376344086021505	joy	0.2982456140350877	wikivir.cleaned.xml	15618	O Bog, o Bog, kak' srečen sem!	Jožef Muršec	19	pesmi				
emotion_joy_per_1k	329.7872340425532	emotion_joy_per_1k; lexical_token_count>=80; word_token_count>=80	wikivir-006245::window::1	window	wikivir-006245	468	94	0.0	0.0	0.0	0.0	29.0	308.51063829787233	0.30526315789473685	0.18616666666666665	0.0	0.0	0.0	0.0	0.0	0.0	0.0	0.001893939393939394	31.0	329.78723404255317	0.3263157894736842	0.23478787878787877	0.0	0.0	0.0	0.00493939393939394	6.0	63.82978723404255	0.06315789473684211	0.03245454545454545	29.0	308.51063829787233	0.30526315789473685	0.18128787878787878	34.0	361.7021276595745	1.0	10.638297872340425	0.7397651515151515	0.4426666666666667	0.5097285353535354	0.9428571428571428	66	43	0.7021276595744681	joy	0.3263157894736842	wikivir.cleaned.xml	6245	Lep je	Mojiceja Podgoršek	21	pesmi				
emotion_joy_per_1k	329.7872340425532	emotion_joy_per_1k; lexical_token_count>=80; word_token_count>=80	wikivir-006245::document::1	document	wikivir-006245	479	94	0.0	0.0	0.0	0.0	29.0	308.51063829787233	0.30526315789473685	0.18616666666666665	0.0	0.0	0.0	0.0	0.0	0.0	0.0	0.001893939393939394	31.0	329.78723404255317	0.3263157894736842	0.23478787878787877	0.0	0.0	0.0	0.00493939393939394	6.0	63.82978723404255	0.06315789473684211	0.03245454545454545	29.0	308.51063829787233	0.30526315789473685	0.18128787878787878	34.0	361.7021276595745	1.0	10.638297872340425	0.7397651515151515	0.4426666666666667	0.5097285353535354	0.9428571428571428	66	43	0.7021276595744681	joy	0.3263157894736842	wikivir.cleaned.xml	6245	Lep je	Mojiceja Podgoršek	21	pesmi				
emotion_trust_per_1k	328.2442748091603	emotion_trust_per_1k; lexical_token_count>=80; word_token_count>=80	wikivir-017087::window::64	window	wikivir-017087	348	131	0.0	0.0	0.0	0.0	5.0	38.16793893129771	0.10416666666666667	0.03403846153846154	0.0	0.0	0.0	0.0	0.0	0.0	0.0	0.0	0.0	0.0	0.0	0.013807692307692307	0.0	0.0	0.0	0.0	0.0	0.0	0.0	0.0	43.0	328.2442748091603	0.8958333333333334	0.34698717948717944	23.0	175.57251908396944	4.0	30.534351145038165	0.6793555555555556	0.43588119658119656	0.6505679487179488	0.7037037037037037	78	32	0.5954198473282443	trust	0.8958333333333334	wikivir.cleaned.xml	17087	Oblaki nad sončno deželo	Črtomir Šinkovec	20	proza				
emotion_trust_per_1k	317.36526946107784	emotion_trust_per_1k; lexical_token_count>=80; word_token_count>=80	wikivir-002910::window::10	window	wikivir-002910	361	167	5.0	29.940119760479043	0.03571428571428571	0.023780000000000003	30.0	179.64071856287424	0.21428571428571427	0.13548000000000002	2.0	11.976047904191617	0.014285714285714285	0.00907	9.0	53.89221556886228	0.06428571428571428	0.03079	31.0	185.62874251497004	0.22142857142857142	0.21309	4.0	23.952095808383234	0.02857142857142857	0.022629999999999997	6.0	35.92814371257485	0.04285714285714286	0.01508	53.0	317.36526946107784	0.37857142857142856	0.33483999999999997	59.0	353.2934131736527	9.0	53.89221556886228	0.6905645833333333	0.4442258333333334	0.6260370833333333	0.7352941176470589	100	61	0.5988023952095808	trust	0.37857142857142856	wikivir.cleaned.xml	2910	Sveta maša			neleposlovje				
emotion_trust_per_1k	294.11764705882354	emotion_trust_per_1k; lexical_token_count>=80; word_token_count>=80	wikivir-002910::window::11	window	wikivir-002910	356	187	6.0	32.0855614973262	0.041379310344827586	0.012542056074766356	32.0	171.12299465240642	0.2206896551724138	0.13937383177570092	4.0	21.390374331550802	0.027586206896551724	0.00702803738317757	11.0	58.8235294117647	0.07586206896551724	0.02119626168224299	30.0	160.42780748663102	0.20689655172413793	0.2196355140186916	1.0	5.347593582887701	0.006896551724137931	0.005803738317757009	6.0	32.0855614973262	0.041379310344827586	0.018327102803738317	55.0	294.11764705882354	0.3793103448275862	0.30783177570093456	65.0	347.59358288770056	7.0	37.4331550802139	0.6798543613707164	0.42576635514018696	0.6222437694704049	0.8055555555555556	107	64	0.5721925133689839	trust	0.3793103448275862	wikivir.cleaned.xml	2910	Sveta maša			neleposlovje				
emotion_trust_per_1k	293.10344827586204	emotion_trust_per_1k; lexical_token_count>=80; word_token_count>=80	wikivir-019260::document::1	document	wikivir-019260	376	232	11.0	47.41379310344827	0.05699481865284974	0.0115234375	40.0	172.41379310344828	0.20725388601036268	0.13877343749999999	11.0	47.41379310344827	0.05699481865284974	0.019625	19.0	81.89655172413792	0.09844559585492228	0.033437499999999995	27.0	116.37931034482759	0.13989637305699482	0.166953125	7.0	30.17241379310345	0.03626943005181347	0.0309453125	10.0	43.10344827586207	0.05181347150259067	0.032640625	68.0	293.10344827586204	0.35233160621761656	0.3200703125	75.0	323.2758620689655	16.0	68.9655172413793	0.7158811941964285	0.44435435267857143	0.642384412202381	0.6483516483516484	128	65	0.5517241379310345	trust	0.35233160621761656	wikivir.cleaned.xml	19260	Litanije Matere Božje (lavretanske litanije)			krscanske molitve				
emotion_trust_per_1k	292.81767955801104	emotion_trust_per_1k; lexical_token_count>=80; word_token_count>=80	wikivir-018788::window::1	window	wikivir-018788	450	181	8.0	44.19889502762431	0.05673758865248227	0.014115789473684212	22.0	121.54696132596685	0.15602836879432624	0.10522105263157897	7.0	38.67403314917127	0.04964539007092199	0.019768421052631577	24.0	132.5966850828729	0.1702127659574468	0.02086315789473684	23.0	127.0718232044199	0.16312056737588654	0.11842105263157894	4.0	22.099447513812155	0.028368794326241134	0.010610526315789473	0.0	0.0	0.0	0.0	53.0	292.81767955801104	0.375886524822695	0.3054210526315789	39.0	215.4696132596685	11.0	60.773480662983424	0.6483083333333334	0.4652912280701755	0.6336627192982456	0.56	95	46	0.5248618784530387	trust	0.375886524822695	wikivir.cleaned.xml	18788	Tragedija iz življenja enoletnega prostovoljca	Anton Melik	20	dramska besedila			1910	
emotion_trust_per_1k	292.07920792079204	emotion_trust_per_1k; lexical_token_count>=80; word_token_count>=80	wikivir-002910::window::2	window	wikivir-002910	391	202	10.0	49.504950495049506	0.06369426751592357	0.0060799999999999995	29.0	143.56435643564356	0.18471337579617833	0.11328	10.0	49.504950495049506	0.06369426751592357	0.01504	19.0	94.05940594059406	0.12101910828025478	0.018288	25.0	123.76237623762376	0.1592356687898089	0.21611999999999998	0.0	0.0	0.0	0.0048	5.0	24.752475247524753	0.03184713375796178	0.013888	59.0	292.07920792079204	0.37579617834394907	0.302896	72.0	356.43564356435644	11.0	54.45544554455446	0.7111566666666667	0.41548399999999996	0.6204513333333336	0.7349397590361446	125	63	0.6188118811881188	trust	0.37579617834394907	wikivir.cleaned.xml	2910	Sveta maša			neleposlovje				
emotion_trust_per_1k	286.95652173913044	emotion_trust_per_1k; lexical_token_count>=80; word_token_count>=80	wikivir-019260::window::1	window	wikivir-019260	368	230	10.0	43.47826086956522	0.053475935828877004	0.011103174603174603	40.0	173.91304347826087	0.21390374331550802	0.14097619047619045	10.0	43.47826086956522	0.053475935828877004	0.018444444444444444	18.0	78.26086956521739	0.0962566844919786	0.03284920634920634	26.0	113.04347826086956	0.13903743315508021	0.16376190476190478	7.0	30.434782608695652	0.0374331550802139	0.031436507936507936	10.0	43.47826086956522	0.053475935828877004	0.03315873015873016	66.0	286.95652173913044	0.35294117647058826	0.3158492063492064	73.0	317.39130434782606	15.0	65.21739130434783	0.7158703798185939	0.4468679138321995	0.642810156840514	0.6590909090909091	126	64	0.5478260869565217	trust	0.35294117647058826	wikivir.cleaned.xml	19260	Litanije Matere Božje (lavretanske litanije)			krscanske molitve				
emotion_trust_per_1k	285.7142857142857	emotion_trust_per_1k; lexical_token_count>=80; word_token_count>=80	wikivir-019260::window::2	window	wikivir-019260	193	105	4.0	38.0952380952381	0.047619047619047616	0.00475	18.0	171.42857142857142	0.21428571428571427	0.122328125	5.0	47.61904761904761	0.05952380952380952	0.014921875	7.0	66.66666666666667	0.08333333333333333	0.02540625	14.0	133.33333333333334	0.16666666666666666	0.15559374999999998	2.0	19.04761904761905	0.023809523809523808	0.018796874999999998	4.0	38.0952380952381	0.047619047619047616	0.02171875	30.0	285.7142857142857	0.35714285714285715	0.27123437499999997	32.0	304.7619047619048	8.0	76.1904761904762	0.7314308035714285	0.4757488839285714	0.6795708705357143	0.6	64	34	0.6095238095238096	trust	0.35714285714285715	wikivir.cleaned.xml	19260	Litanije Matere Božje (lavretanske litanije)			krscanske molitve				
emotion_trust_per_1k	283.0188679245283	emotion_trust_per_1k; lexical_token_count>=80; word_token_count>=80	wikivir-000811::window::93	window	wikivir-000811	352	159	9.0	56.60377358490566	0.07563025210084033	0.04180851063829787	24.0	150.94339622641508	0.20168067226890757	0.10977659574468084	7.0	44.0251572327044	0.058823529411764705	0.01730851063829787	8.0	50.314465408805034	0.06722689075630252	0.04178723404255319	24.0	150.94339622641508	0.20168067226890757	0.1667872340425532	2.0	12.578616352201259	0.01680672268907563	0.017808510638297873	0.0	0.0	0.0	0.0	45.0	283.0188679245283	0.37815126050420167	0.2743829787234042	39.0	245.28301886792454	11.0	69.18238993710692	0.5954199468085106	0.40327801418439707	0.509452925531915	0.56	94	51	0.5911949685534591	trust	0.37815126050420167	wikivir.cleaned.xml	811	Skavt Peter	Fran Milčinski	20	proza				
emotion_trust_per_1k	280.4232804232804	emotion_trust_per_1k; lexical_token_count>=80; word_token_count>=80	wikivir-002819::window::14	window	wikivir-002819	437	189	1.0	5.291005291005291	0.006097560975609756	0.004269230769230769	51.0	269.8412698412698	0.31097560975609756	0.2747051282051282	1.0	5.291005291005291	0.006097560975609756	0.00741025641025641	3.0	15.873015873015872	0.018292682926829267	0.022384615384615385	52.0	275.13227513227514	0.3170731707317073	0.32157692307692304	1.0	5.291005291005291	0.006097560975609756	0.007615384615384615	2.0	10.582010582010582	0.012195121951219513	0.011025641025641025	53.0	280.4232804232804	0.3231707317073171	0.25958974358974357	53.0	280.4232804232804	3.0	15.873015873015872	0.7389861111111111	0.4764805555555556	0.5228260683760684	0.8928571428571429	78	21	0.4126984126984127	trust	0.3231707317073171	wikivir.cleaned.xml	2819	Krajnska pismenost	Valentin Vodnik	19	neleposlovje				
emotion_trust_per_1k	275.8620689655172	emotion_trust_per_1k; lexical_token_count>=80; word_token_count>=80	wikivir-002910::window::9	window	wikivir-002910	362	145	6.0	41.37931034482759	0.05309734513274336	0.026708333333333334	19.0	131.0344827586207	0.168141592920354	0.08690625	6.0	41.37931034482759	0.05309734513274336	0.0325625	9.0	62.06896551724138	0.07964601769911504	0.05520833333333333	17.0	117.24137931034483	0.1504424778761062	0.16533333333333333	9.0	62.06896551724138	0.07964601769911504	0.05673958333333332	7.0	48.275862068965516	0.061946902654867256	0.03141666666666667	40.0	275.8620689655172	0.35398230088495575	0.2721458333333333	42.0	289.65517241379314	17.0	117.24137931034483	0.6646119791666667	0.45560416666666664	0.6046822916666666	0.423728813559322	96	65	0.6620689655172414	trust	0.35398230088495575	wikivir.cleaned.xml	2910	Sveta maša			neleposlovje				
emotion_trust_per_1k	273.4375	emotion_trust_per_1k; lexical_token_count>=80; word_token_count>=80	wikivir-007562::document::1	document	wikivir-007562	302	128	5.0	39.0625	0.053763440860215055	0.004404761904761904	19.0	148.4375	0.20430107526881722	0.0967142857142857	0.0	0.0	0.0	0.0	2.0	15.625	0.021505376344086023	0.015261904761904763	17.0	132.8125	0.1827956989247312	0.10396428571428572	5.0	39.0625	0.053763440860215055	0.03961904761904762	10.0	78.125	0.10752688172043011	0.03348809523809524	35.0	273.4375	0.3763440860215054	0.20207142857142854	32.0	250.0	7.0	54.6875	0.6577063492063492	0.4753988095238095	0.547125992063492	0.6410256410256411	84	30	0.65625	trust	0.3763440860215054	wikivir.cleaned.xml	7562	Vila je dala svojo hčer kraljeviču			ljudske pripovedke				
emotion_trust_per_1k	273.4375	emotion_trust_per_1k; lexical_token_count>=80; word_token_count>=80	wikivir-007562::window::1	window	wikivir-007562	301	128	5.0	39.0625	0.053763440860215055	0.004404761904761904	19.0	148.4375	0.20430107526881722	0.0967142857142857	0.0	0.0	0.0	0.0	2.0	15.625	0.021505376344086023	0.015261904761904763	17.0	132.8125	0.1827956989247312	0.10396428571428572	5.0	39.0625	0.053763440860215055	0.03961904761904762	10.0	78.125	0.10752688172043011	0.03348809523809524	35.0	273.4375	0.3763440860215054	0.20207142857142854	32.0	250.0	7.0	54.6875	0.6577063492063492	0.4753988095238095	0.547125992063492	0.6410256410256411	84	30	0.65625	trust	0.3763440860215054	wikivir.cleaned.xml	7562	Vila je dala svojo hčer kraljeviču			ljudske pripovedke				
emotion_trust_per_1k	272.7272727272727	emotion_trust_per_1k; lexical_token_count>=80; word_token_count>=80	wikivir-004441::window::177	window	wikivir-004441	355	165	6.0	36.36363636363636	0.07692307692307693	0.0051034482758620684	10.0	60.60606060606061	0.1282051282051282	0.06340229885057472	0.0	0.0	0.0	0.0	1.0	6.0606060606060606	0.01282051282051282	0.009517241379310344	8.0	48.484848484848484	0.10256410256410256	0.06288505747126437	1.0	6.0606060606060606	0.01282051282051282	0.0029770114942528738	7.0	42.42424242424243	0.08974358974358974	0.019034482758620692	45.0	272.7272727272727	0.5769230769230769	0.23483908045977017	25.0	151.51515151515153	5.0	30.303030303030305	0.6063052681992337	0.42064865900383136	0.5798761494252875	0.6666666666666666	87	39	0.5272727272727272	trust	0.5769230769230769	wikivir.cleaned.xml	4441	Kupčija in obrtnija	Ferdo Kočevar	19					
emotion_trust_per_1k	272.7272727272727	emotion_trust_per_1k; lexical_token_count>=80; word_token_count>=80	wikivir-017804::window::89	window	wikivir-017804	365	165	4.0	24.242424242424242	0.03389830508474576	0.02214102564102564	22.0	133.33333333333334	0.1864406779661017	0.13603846153846155	4.0	24.242424242424242	0.03389830508474576	0.02243589743589744	6.0	36.36363636363636	0.05084745762711865	0.01903846153846154	21.0	127.27272727272727	0.17796610169491525	0.20465384615384613	5.0	30.303030303030305	0.0423728813559322	0.02926923076923077	11.0	66.66666666666667	0.09322033898305085	0.057679487179487184	45.0	272.7272727272727	0.3813559322033898	0.4064871794871795	50.0	303.03030303030306	11.0	66.66666666666667	0.695837148962149	0.4863297313797314	0.6566389804639805	0.639344262295082	78	42	0.4727272727272727	trust	0.3813559322033898	wikivir.cleaned.xml	17804	Popotnik široke in ozke poti	Franc Veriti	19	proza			1828	
emotion_trust_per_1k	271.6049382716049	emotion_trust_per_1k; lexical_token_count>=80; word_token_count>=80	wikivir-014584::window::121	window	wikivir-014584	423	162	7.0	43.20987654320987	0.046357615894039736	0.0094	37.0	228.39506172839504	0.24503311258278146	0.25237647058823526	6.0	37.03703703703704	0.039735099337748346	0.013270588235294119	9.0	55.55555555555555	0.059602649006622516	0.0254	39.0	240.74074074074073	0.2582781456953642	0.3376235294117647	5.0	30.864197530864196	0.033112582781456956	0.02309411764705882	4.0	24.691358024691358	0.026490066225165563	0.0182	44.0	271.6049382716049	0.2913907284768212	0.29887058823529405	54.0	333.3333333333333	11.0	67.90123456790123	0.735578543417367	0.5016693277310923	0.590802801120448	0.6615384615384615	85	43	0.5246913580246914	trust	0.2913907284768212	wikivir.cleaned.xml	14584	Žrtev razmer	Miroslav Malovrh	20	proza			1903	
emotion_trust_per_1k	270.44025157232704	emotion_trust_per_1k; lexical_token_count>=80; word_token_count>=80	wikivir-004441::window::178	window	wikivir-004441	356	159	5.0	31.446540880503143	0.06756756756756757	0.010465116279069766	10.0	62.893081761006286	0.13513513513513514	0.06513953488372093	0.0	0.0	0.0	0.0	2.0	12.578616352201259	0.02702702702702703	0.01072093023255814	8.0	50.314465408805034	0.10810810810810811	0.0651627906976744	1.0	6.289308176100629	0.013513513513513514	0.0030116279069767444	5.0	31.446540880503143	0.06756756756756757	0.011802325581395351	43.0	270.44025157232704	0.581081081081081	0.22382558139534878	21.0	132.0754716981132	4.0	25.157232704402517	0.5872615310077519	0.4115081395348837	0.5685842054263566	0.68	86	39	0.5408805031446541	trust	0.581081081081081	wikivir.cleaned.xml	4441	Kupčija in obrtnija	Ferdo Kočevar	19					
emotion_trust_per_1k	268.1159420289856	emotion_trust_per_1k; lexical_token_count>=80; word_token_count>=80	wikivir-008993::window::2	window	wikivir-008993	288	138	2.0	14.492753623188406	0.020833333333333332	0.007079365079365079	28.0	202.8985507246377	0.2916666666666667	0.1736507936507936	2.0	14.492753623188406	0.020833333333333332	0.006079365079365079	4.0	28.985507246376812	0.041666666666666664	0.017126984126984126	19.0	137.68115942028984	0.19791666666666666	0.16517460317460314	1.0	7.246376811594203	0.010416666666666666	0.006492063492063492	3.0	21.73913043478261	0.03125	0.018111111111111113	37.0	268.11594202898556	0.3854166666666667	0.3324444444444445	37.0	268.11594202898556	3.0	21.73913043478261	0.6711772486772487	0.4137862433862434	0.6123539682539685	0.85	63	35	0.45652173913043476	trust	0.3854166666666667	wikivir.cleaned.xml	8993	Slomsek Apostolska hrana/84							
emotion_trust_per_1k	267.85714285714283	emotion_trust_per_1k; lexical_token_count>=80; word_token_count>=80	wikivir-001993::window::2	window	wikivir-001993	238	112	2.0	17.857142857142858	0.022727272727272728	0.012968253968253967	24.0	214.28571428571428	0.2727272727272727	0.1608888888888889	4.0	35.714285714285715	0.045454545454545456	0.015888888888888886	9.0	80.35714285714286	0.10227272727272728	0.04515873015873016	9.0	80.35714285714286	0.10227272727272728	0.08898412698412698	5.0	44.642857142857146	0.056818181818181816	0.03893650793650794	5.0	44.642857142857146	0.056818181818181816	0.06065079365079365	30.0	267.85714285714283	0.3409090909090909	0.2845555555555556	34.0	303.57142857142856	6.0	53.57142857142857	0.6770551776266062	0.4242456538170824	0.5661532501889645	0.7	63	30	0.5625	trust	0.3409090909090909	wikivir.cleaned.xml	1993	Limbarska gora	Anton Medved		legende				
emotion_trust_per_1k	267.44186046511624	emotion_trust_per_1k; lexical_token_count>=80; word_token_count>=80	wikivir-015645::window::8	window	wikivir-015645	197	86	3.0	34.883720930232556	0.03614457831325301	0.02698	19.0	220.93023255813955	0.2289156626506024	0.20025999999999997	3.0	34.883720930232556	0.03614457831325301	0.018439999999999998	6.0	69.76744186046511	0.07228915662650602	0.02032	21.0	244.1860465116279	0.25301204819277107	0.30372	3.0	34.883720930232556	0.03614457831325301	0.043100000000000006	5.0	58.13953488372093	0.060240963855421686	0.031760000000000004	23.0	267.44186046511624	0.27710843373493976	0.29833999999999994	31.0	360.4651162790697	7.0	81.39534883720931	0.712015	0.39754333333333336	0.6038250000000001	0.631578947368421	50	33	0.5813953488372093	trust	0.27710843373493976	wikivir.cleaned.xml	15645	Krištof Šmid		19	kratka proza			1861	
emotion_trust_per_1k	267.44186046511624	emotion_trust_per_1k; lexical_token_count>=80; word_token_count>=80	wikivir-016761::window::40	window	wikivir-016761	419	172	6.0	34.883720930232556	0.044444444444444446	0.005307692307692307	33.0	191.86046511627907	0.24444444444444444	0.12078846153846155	6.0	34.883720930232556	0.044444444444444446	0.010317307692307692	8.0	46.51162790697674	0.05925925925925926	0.014586538461538463	20.0	116.27906976744185	0.14814814814814814	0.11282692307692309	8.0	46.51162790697674	0.05925925925925926	0.03650961538461538	8.0	46.51162790697674	0.05925925925925926	0.02935576923076923	46.0	267.44186046511624	0.34074074074074073	0.23676923076923076	46.0	267.44186046511624	16.0	93.02325581395348	0.5936742788461539	0.35980128205128215	0.5263609775641025	0.4838709677419355	104	61	0.6046511627906976	trust	0.34074074074074073	wikivir.cleaned.xml	16761	Prevaljška legenda	Franc Sušnik	20	proza			1933	
emotion_trust_per_1k	266.9856459330144	emotion_trust_per_1k; lexical_token_count>=80; word_token_count>=80	wikivir-002910::document::1	document	wikivir-002910	2218	1045	43.0	41.14832535885168	0.05477707006369427	0.013105431309904152	148.0	141.62679425837322	0.18853503184713377	0.10895367412140577	41.0	39.23444976076555	0.05222929936305733	0.018445686900958467	83.0	79.42583732057416	0.10573248407643313	0.03395047923322684	126.0	120.57416267942584	0.16050955414012738	0.18258146964856228	29.0	27.751196172248804	0.03694267515923567	0.02988817891373802	36.0	34.44976076555024	0.045859872611464965	0.024800319488817894	279.0	266.9856459330144	0.3554140127388535	0.28169488817891375	324.0	310.04784688995215	76.0	72.72727272727272	0.6751663205537806	0.4269883652822151	0.6093805378061767	0.62	626	231	0.5990430622009569	trust	0.3554140127388535	wikivir.cleaned.xml	2910	Sveta maša			neleposlovje				
emotion_joy_per_1k	264.1509433962264	emotion_joy_per_1k; lexical_token_count>=80; word_token_count>=80	wikivir-019178::window::2	window	wikivir-019178	377	212	1.0	4.716981132075471	0.00510204081632653	0.0006608695652173912	46.0	216.9811320754717	0.23469387755102042	0.2026521739130435	2.0	9.433962264150942	0.01020408163265306	0.005713043478260869	21.0	99.05660377358491	0.10714285714285714	0.019469565217391304	56.0	264.1509433962264	0.2857142857142857	0.3091565217391304	2.0	9.433962264150942	0.01020408163265306	0.006191304347826086	13.0	61.320754716981135	0.0663265306122449	0.05314782608695652	55.0	259.4339622641509	0.28061224489795916	0.26921739130434785	64.0	301.88679245283015	6.0	28.30188679245283	0.7206010869565219	0.4440057971014494	0.6067235507246379	0.8285714285714286	115	57	0.5424528301886793	joy	0.2857142857142857	wikivir.cleaned.xml	19178	Teharski plemiči	Anton Funtek	19	igra s petjem			1890	
emotion_trust_per_1k	263.1578947368421	emotion_trust_per_1k; lexical_token_count>=80; word_token_count>=80	wikivir-002910::window::12	window	wikivir-002910	170	95	3.0	31.578947368421055	0.05084745762711865	0.004	10.0	105.26315789473684	0.1694915254237288	0.0819298245614035	3.0	31.578947368421055	0.05084745762711865	0.009894736842105263	6.0	63.15789473684211	0.1016949152542373	0.012368421052631577	10.0	105.26315789473684	0.1694915254237288	0.20926315789473682	0.0	0.0	0.0	0.0	2.0	21.052631578947366	0.03389830508474576	0.017140350877192984	25.0	263.1578947368421	0.423728813559322	0.2615438596491228	31.0	326.3157894736842	4.0	42.10526315789473	0.6797229532163742	0.4183260233918129	0.6194758771929825	0.7714285714285715	57	39	0.6	trust	0.423728813559322	wikivir.cleaned.xml	2910	Sveta maša			neleposlovje				
emotion_trust_per_1k	262.5698324022346	emotion_trust_per_1k; lexical_token_count>=80; word_token_count>=80	wikivir-010959::window::127	window	wikivir-010959	496	179	9.0	50.27932960893855	0.09782608695652174	0.017741176470588236	6.0	33.5195530726257	0.06521739130434782	0.03062352941176471	6.0	33.5195530726257	0.06521739130434782	0.014729411764705883	5.0	27.932960893854748	0.05434782608695652	0.008294117647058823	12.0	67.0391061452514	0.13043478260869565	0.1022470588235294	3.0	16.75977653631285	0.03260869565217391	0.013047058823529412	4.0	22.3463687150838	0.043478260869565216	0.0194	47.0	262.5698324022346	0.5108695652173914	0.2888470588235294	48.0	268.1564245810056	15.0	83.79888268156424	0.6381161764705882	0.46557352941176483	0.6566485294117649	0.5238095238095238	85	42	0.4748603351955307	trust	0.5108695652173914	wikivir.cleaned.xml	10959	Kratkočasnice	Anton Brezovnik	19					
emotion_trust_per_1k	262.29508196721315	emotion_trust_per_1k; lexical_token_count>=80; word_token_count>=80	wikivir-002910::window::3	window	wikivir-002910	373	183	5.0	27.3224043715847	0.0423728813559322	0.007663716814159292	22.0	120.21857923497267	0.1864406779661017	0.09212389380530973	4.0	21.85792349726776	0.03389830508474576	0.006654867256637168	14.0	76.50273224043715	0.11864406779661017	0.029743362831858407	19.0	103.82513661202186	0.16101694915254236	0.1666283185840708	3.0	16.393442622950822	0.025423728813559324	0.02053982300884956	3.0	16.393442622950822	0.025423728813559324	0.021929203539823007	48.0	262.29508196721315	0.4067796610169492	0.25602654867256636	55.0	300.5464480874317	8.0	43.71584699453552	0.6729151917404128	0.4159115044247788	0.5963377581120944	0.746031746031746	113	65	0.6174863387978142	trust	0.4067796610169492	wikivir.cleaned.xml	2910	Sveta maša			neleposlovje				
emotion_trust_per_1k	261.74496644295306	emotion_trust_per_1k; lexical_token_count>=80; word_token_count>=80	wikivir-004530::window::140	window	wikivir-004530	322	149	2.0	13.422818791946309	0.01904761904761905	0.007180722891566265	28.0	187.91946308724832	0.26666666666666666	0.16116867469879517	2.0	13.422818791946309	0.01904761904761905	0.007349397590361445	4.0	26.845637583892618	0.0380952380952381	0.010554216867469879	20.0	134.2281879194631	0.19047619047619047	0.202	2.0	13.422818791946309	0.01904761904761905	0.020313253012048192	8.0	53.691275167785236	0.0761904761904762	0.0488433734939759	39.0	261.74496644295306	0.37142857142857144	0.2870963855421687	43.0	288.59060402684565	5.0	33.557046979865774	0.7142761761331038	0.4453813539873781	0.6242513912794034	0.7916666666666666	83	60	0.5570469798657718	trust	0.37142857142857144	wikivir.cleaned.xml	4530	A) Basni in prilike (A. M. Slomšek)	Anton Martin Slomšek	19	prilike in povesti				
emotion_trust_per_1k	260.8695652173913	emotion_trust_per_1k; lexical_token_count>=80; word_token_count>=80	wikivir-004539::window::11	window	wikivir-004539	366	184	5.0	27.17391304347826	0.02717391304347826	0.018218181818181817	45.0	244.56521739130434	0.24456521739130435	0.1886909090909091	1.0	5.434782608695652	0.005434782608695652	0.0019181818181818182	13.0	70.65217391304347	0.07065217391304347	0.029227272727272727	46.0	250.0	0.25	0.3236727272727273	6.0	32.608695652173914	0.03260869565217391	0.029945454545454542	20.0	108.69565217391305	0.10869565217391304	0.06842727272727273	48.0	260.8695652173913	0.2608695652173913	0.2092363636363636	51.0	277.17391304347825	10.0	54.34782608695652	0.704774891774892	0.4661637445887446	0.5781965367965368	0.6721311475409836	110	63	0.5978260869565217	trust	0.2608695652173913	wikivir.cleaned.xml	4539	Preprosto pismo v raj	Berta Golob	21	črtice				
emotion_trust_per_1k	259.7402597402597	emotion_trust_per_1k; lexical_token_count>=80; word_token_count>=80	wikivir-002910::window::8	window	wikivir-002910	375	154	10.0	64.93506493506493	0.0684931506849315	0.029138297872340423	27.0	175.32467532467533	0.18493150684931506	0.1269787234042553	12.0	77.92207792207792	0.0821917808219178	0.05388297872340425	16.0	103.89610389610391	0.1095890410958904	0.08340425531914894	19.0	123.37662337662337	0.13013698630136986	0.17190425531914894	12.0	77.92207792207792	0.0821917808219178	0.07612765957446808	10.0	64.93506493506493	0.0684931506849315	0.045446808510638294	40.0	259.7402597402597	0.273972602739726	0.27276595744680854	44.0	285.7142857142857	20.0	129.87012987012986	0.6418794326241135	0.4489592198581561	0.5979024822695036	0.375	94	59	0.6103896103896104	trust	0.273972602739726	wikivir.cleaned.xml	2910	Sveta maša			neleposlovje				
emotion_anticipation_per_1k	258.82352941176475	emotion_anticipation_per_1k; lexical_token_count>=80; word_token_count>=80	wikivir-020787::window::225	window	wikivir-020787	201	85	3.0	35.294117647058826	0.03225806451612903	0.02086206896551724	22.0	258.82352941176475	0.23655913978494625	0.22874137931034483	3.0	35.294117647058826	0.03225806451612903	0.028017241379310345	7.0	82.3529411764706	0.07526881720430108	0.04662068965517241	19.0	223.52941176470588	0.20430107526881722	0.25317241379310346	5.0	58.8235294117647	0.053763440860215055	0.044758620689655165	13.0	152.94117647058826	0.13978494623655913	0.09589655172413794	21.0	247.05882352941177	0.22580645161290322	0.23750000000000002	27.0	317.6470588235294	7.0	82.3529411764706	0.6641752873563218	0.4330632183908046	0.5761077586206897	0.5882352941176471	58	39	0.6823529411764706	anticipation	0.23655913978494625	wikivir.cleaned.xml	20787	Milica, otrok bolesti	Slavko Savinšek	20	romani				
emotion_trust_per_1k	258.06451612903226	emotion_trust_per_1k; lexical_token_count>=80; word_token_count>=80	wikivir-002393::document::1	document	wikivir-002393	302	124	14.0	112.90322580645162	0.12962962962962962	0.020666666666666663	14.0	112.90322580645162	0.12962962962962962	0.1452745098039216	9.0	72.58064516129033	0.08333333333333333	0.03317647058823529	11.0	88.70967741935485	0.10185185185185185	0.028098039215686273	13.0	104.83870967741936	0.12037037037037036	0.23925490196078428	5.0	40.32258064516129	0.046296296296296294	0.01968627450980392	10.0	80.64516129032258	0.09259259259259259	0.06496078431372548	32.0	258.06451612903226	0.2962962962962963	0.2851372549019608	25.0	201.61290322580643	21.0	169.3548387096774	0.6520414332399627	0.4373378151260504	0.5455658963585435	0.08695652173913043	51	22	0.4112903225806452	trust	0.2962962962962963	wikivir.cleaned.xml	2393	Denar ne osreči človeka.			slovenske ljudske pravljice				
emotion_trust_per_1k	258.06451612903226	emotion_trust_per_1k; lexical_token_count>=80; word_token_count>=80	wikivir-002393::window::1	window	wikivir-002393	302	124	14.0	112.90322580645162	0.12962962962962962	0.020666666666666663	14.0	112.90322580645162	0.12962962962962962	0.1452745098039216	9.0	72.58064516129033	0.08333333333333333	0.03317647058823529	11.0	88.70967741935485	0.10185185185185185	0.028098039215686273	13.0	104.83870967741936	0.12037037037037036	0.23925490196078428	5.0	40.32258064516129	0.046296296296296294	0.01968627450980392	10.0	80.64516129032258	0.09259259259259259	0.06496078431372548	32.0	258.06451612903226	0.2962962962962963	0.2851372549019608	25.0	201.61290322580643	21.0	169.3548387096774	0.6520414332399627	0.4373378151260504	0.5455658963585435	0.08695652173913043	51	22	0.4112903225806452	trust	0.2962962962962963	wikivir.cleaned.xml	2393	Denar ne osreči človeka.			slovenske ljudske pravljice				
emotion_trust_per_1k	257.1428571428571	emotion_trust_per_1k; lexical_token_count>=80; word_token_count>=80	wikivir-020617::window::362	window	wikivir-020617	419	140	3.0	21.428571428571427	0.02727272727272727	0.021644736842105262	30.0	214.28571428571428	0.2727272727272727	0.17005263157894737	1.0	7.142857142857142	0.00909090909090909	0.005552631578947369	14.0	100.0	0.12727272727272726	0.02697368421052632	22.0	157.14285714285714	0.2	0.17289473684210527	2.0	14.285714285714285	0.01818181818181818	0.012302631578947369	2.0	14.285714285714285	0.01818181818181818	0.006157894736842105	36.0	257.1428571428571	0.32727272727272727	0.2973815789473684	43.0	307.14285714285717	7.0	50.0	0.6551052631578949	0.40609539473684214	0.6179122807017543	0.72	76	42	0.5428571428571428	trust	0.32727272727272727	wikivir.cleaned.xml	20617	Iz nižav in težav	Ivan Zorec	20	avtobiografije				
emotion_trust_per_1k	256.7567567567567	emotion_trust_per_1k; lexical_token_count>=80; word_token_count>=80	wikivir-018692::window::13	window	wikivir-018692	403	148	5.0	33.78378378378378	0.05	0.017	20.0	135.13513513513513	0.2	0.09594505494505493	1.0	6.756756756756757	0.01	0.0036923076923076927	7.0	47.2972972972973	0.07	0.03423076923076923	19.0	128.37837837837836	0.19	0.16037362637362637	0.0	0.0	0.0	0.0	10.0	67.56756756756756	0.1	0.04083516483516484	38.0	256.7567567567567	0.38	0.2574065934065934	47.0	317.56756756756755	4.0	27.027027027027028	0.6667899267399268	0.4115157509157509	0.6212177655677655	0.8431372549019608	91	61	0.6148648648648649	trust	0.38	wikivir.cleaned.xml	18692	Evangelij po Judu Iškarijotu	Juda Iškarijot		svetopisemske zgodbe				
emotion_trust_per_1k	256.25	emotion_trust_per_1k; lexical_token_count>=80; word_token_count>=80	wikivir-017804::window::88	window	wikivir-017804	363	160	1.0	6.25	0.010869565217391304	0.0023243243243243243	16.0	100.0	0.17391304347826086	0.11521621621621621	1.0	6.25	0.010869565217391304	0.008756756756756757	2.0	12.5	0.021739130434782608	0.006756756756756757	19.0	118.75	0.20652173913043478	0.23435135135135132	1.0	6.25	0.010869565217391304	0.011324324324324325	11.0	68.75	0.11956521739130435	0.06702702702702702	41.0	256.25	0.44565217391304346	0.3757567567567568	46.0	287.5	7.0	43.75	0.7213371943371943	0.4833623552123553	0.6559048584298584	0.7358490566037735	74	44	0.4625	trust	0.44565217391304346	wikivir.cleaned.xml	17804	Popotnik široke in ozke poti	Franc Veriti	19	proza			1828	
emotion_trust_per_1k	255.55555555555557	emotion_trust_per_1k; lexical_token_count>=80; word_token_count>=80	wikivir-011762::window::11	window	wikivir-011762	195	90	4.0	44.44444444444444	0.0625	0.02472340425531915	9.0	100.0	0.140625	0.10257446808510638	3.0	33.333333333333336	0.046875	0.029276595744680847	5.0	55.55555555555555	0.078125	0.05685106382978724	11.0	122.22222222222221	0.171875	0.17046808510638298	5.0	55.55555555555555	0.078125	0.059489361702127666	4.0	44.44444444444444	0.0625	0.045872340425531906	23.0	255.55555555555554	0.359375	0.27806382978723404	22.0	244.44444444444443	7.0	77.77777777777779	0.6594330040526849	0.49685688956433627	0.6047736828774064	0.5172413793103449	47	38	0.5222222222222223	trust	0.359375	wikivir.cleaned.xml	11762	Dvojna rešitev		19	kratka zgodba			1889	
emotion_fear_per_1k	250.0	emotion_fear_per_1k; lexical_token_count>=80; word_token_count>=80	wikivir-000879::window::18	window	wikivir-000879	363	160	26.0	162.5	0.19548872180451127	0.21287179487179492	8.0	50.0	0.06015037593984962	0.047871794871794875	15.0	93.75	0.11278195488721804	0.1095	40.0	250.0	0.3007518796992481	0.29407692307692307	7.0	43.75	0.05263157894736842	0.05952564102564102	20.0	125.0	0.15037593984962405	0.17958974358974358	7.0	43.75	0.05263157894736842	0.04897435897435897	10.0	62.5	0.07518796992481203	0.09785897435897435	15.0	93.75	39.0	243.75	0.40748824786324794	0.5576705128205128	0.5011412393162394	-0.4444444444444444	78	52	0.4875	fear	0.3007518796992481	wikivir.cleaned.xml	879	Malikovanje zločina	Narte Velikonja	20	proza				
emotion_trust_per_1k	250.0	emotion_trust_per_1k; lexical_token_count>=80; word_token_count>=80	wikivir-012143::window::21	window	wikivir-012143	380	212	1.0	4.716981132075471	0.00625	0.005171171171171171	51.0	240.56603773584905	0.31875	0.01928828828828829	1.0	4.716981132075471	0.00625	0.00590990990990991	1.0	4.716981132075471	0.00625	0.01054954954954955	49.0	231.13207547169813	0.30625	0.023009009009009013	1.0	4.716981132075471	0.00625	0.020063063063063064	3.0	14.150943396226415	0.01875	0.012954954954954955	53.0	250.0	0.33125	0.03265765765765766	53.0	250.0	3.0	14.150943396226415	0.3535054054054054	0.22274204204204204	0.26138033033033037	0.8928571428571429	111	53	0.5235849056603774	trust	0.33125	wikivir.cleaned.xml	12143	Narodopisne slike iz našega naroda II. Slovenska vas		19				1869	
emotion_trust_per_1k	247.19101123595505	emotion_trust_per_1k; lexical_token_count>=80; word_token_count>=80	wikivir-000354::document::1	document	wikivir-000354	163	89	1.0	11.235955056179774	0.015151515151515152	0.00463265306122449	19.0	213.48314606741573	0.2878787878787879	0.15034693877551022	4.0	44.9438202247191	0.06060606060606061	0.03538775510204081	5.0	56.17977528089887	0.07575757575757576	0.06644897959183674	9.0	101.12359550561797	0.13636363636363635	0.1112857142857143	1.0	11.235955056179774	0.015151515151515152	0.008346938775510203	5.0	56.17977528089887	0.07575757575757576	0.03138775510204082	22.0	247.19101123595505	0.3333333333333333	0.24348979591836734	24.0	269.6629213483146	5.0	56.17977528089887	0.6929659863945579	0.45162312925170073	0.6252612244897959	0.6551724137931034	49	26	0.550561797752809	trust	0.3333333333333333	wikivir.cleaned.xml	354	Pomladanska romanca	Josip Murn Aleksandrov		pesmi	Pesmi in romance			
emotion_trust_per_1k	247.19101123595505	emotion_trust_per_1k; lexical_token_count>=80; word_token_count>=80	wikivir-000354::window::1	window	wikivir-000354	162	89	1.0	11.235955056179774	0.015151515151515152	0.00463265306122449	19.0	213.48314606741573	0.2878787878787879	0.15034693877551022	4.0	44.9438202247191	0.06060606060606061	0.03538775510204081	5.0	56.17977528089887	0.07575757575757576	0.06644897959183674	9.0	101.12359550561797	0.13636363636363635	0.1112857142857143	1.0	11.235955056179774	0.015151515151515152	0.008346938775510203	5.0	56.17977528089887	0.07575757575757576	0.03138775510204082	22.0	247.19101123595505	0.3333333333333333	0.24348979591836734	24.0	269.6629213483146	5.0	56.17977528089887	0.6929659863945579	0.45162312925170073	0.6252612244897959	0.6551724137931034	49	26	0.550561797752809	trust	0.3333333333333333	wikivir.cleaned.xml	354	Pomladanska romanca	Josip Murn Aleksandrov		pesmi	Pesmi in romance			
emotion_anticipation_per_1k	246.9135802469136	emotion_anticipation_per_1k; lexical_token_count>=80; word_token_count>=80	wikivir-017142::window::1	window	wikivir-017142	155	81	2.0	24.691358024691358	0.03278688524590164	0.029079999999999998	20.0	246.91358024691357	0.32786885245901637	0.20048000000000002	2.0	24.691358024691358	0.03278688524590164	0.01936	2.0	24.691358024691358	0.03278688524590164	0.02936	11.0	135.80246913580245	0.18032786885245902	0.26189999999999997	3.0	37.03703703703704	0.04918032786885246	0.00102	8.0	98.76543209876543	0.13114754098360656	0.05888	13.0	160.49382716049382	0.21311475409836064	0.15958	15.0	185.18518518518516	2.0	24.691358024691358	0.7147233333333333	0.45788999999999996	0.6002366666666666	0.7647058823529411	50	22	0.6172839506172839	anticipation	0.32786885245901637	wikivir.cleaned.xml	17142	Svetlo je življenje	Črtomir Šinkovec	20	pesmi			1948	
emotion_trust_per_1k	246.9135802469136	emotion_trust_per_1k; lexical_token_count>=80; word_token_count>=80	wikivir-014543::window::22	window	wikivir-014543	147	81	7.0	86.41975308641975	0.10606060606060606	0.03887500000000001	10.0	123.45679012345678	0.15151515151515152	0.126275	5.0	61.72839506172839	0.07575757575757576	0.029725	9.0	111.1111111111111	0.13636363636363635	0.07830000000000001	8.0	98.76543209876543	0.12121212121212122	0.17297500000000002	5.0	61.72839506172839	0.07575757575757576	0.04477500000000001	2.0	24.691358024691358	0.030303030303030304	0.027725	20.0	246.91358024691357	0.30303030303030304	0.288675	20.0	246.91358024691357	11.0	135.80246913580245	0.6301431547619047	0.4975196130952382	0.6207692857142857	0.2903225806451613	40	36	0.49382716049382713	trust	0.30303030303030304	wikivir.cleaned.xml	14543	Gospod Žabar išče pravne pomoči	Alojzij Kokalj	20	kratka proza			1912	
emotion_anticipation_per_1k	246.9135802469136	emotion_anticipation_per_1k; lexical_token_count>=80; word_token_count>=80	wikivir-017142::document::1	document	wikivir-017142	156	81	2.0	24.691358024691358	0.03278688524590164	0.029079999999999998	20.0	246.91358024691357	0.32786885245901637	0.20048000000000002	2.0	24.691358024691358	0.03278688524590164	0.01936	2.0	24.691358024691358	0.03278688524590164	0.02936	11.0	135.80246913580245	0.18032786885245902	0.26189999999999997	3.0	37.03703703703704	0.04918032786885246	0.00102	8.0	98.76543209876543	0.13114754098360656	0.05888	13.0	160.49382716049382	0.21311475409836064	0.15958	15.0	185.18518518518516	2.0	24.691358024691358	0.7147233333333333	0.45788999999999996	0.6002366666666666	0.7647058823529411	50	22	0.6172839506172839	anticipation	0.32786885245901637	wikivir.cleaned.xml	17142	Svetlo je življenje	Črtomir Šinkovec	20	pesmi			1948	
emotion_trust_per_1k	246.5753424657534	emotion_trust_per_1k; lexical_token_count>=80; word_token_count>=80	wikivir-002966::window::7	window	wikivir-002966	347	146	13.0	89.04109589041096	0.12871287128712872	0.018534090909090906	12.0	82.1917808219178	0.1188118811881188	0.06401136363636363	15.0	102.73972602739725	0.1485148514851485	0.04082954545454545	14.0	95.8904109589041	0.13861386138613863	0.038159090909090906	1.0	6.8493150684931505	0.009900990099009901	0.07952272727272727	6.0	41.0958904109589	0.0594059405940594	0.03556818181818182	4.0	27.397260273972602	0.039603960396039604	0.02371590909090909	36.0	246.5753424657534	0.3564356435643564	0.2521590909090909	41.0	280.8219178082192	20.0	136.986301369863	0.6309371212121212	0.4503155303030304	0.5938659090909092	0.3442622950819672	88	56	0.6027397260273972	trust	0.3564356435643564	wikivir.cleaned.xml	2966	K današnji premieri	Fran Milčinski	20	kratka proza				
emotion_trust_per_1k	246.47887323943664	emotion_trust_per_1k; lexical_token_count>=80; word_token_count>=80	wikivir-000627::window::588	window	wikivir-000627	352	142	17.0	119.71830985915493	0.15315315315315314	0.034282608695652174	7.0	49.29577464788732	0.06306306306306306	0.03891304347826087	12.0	84.50704225352112	0.10810810810810811	0.03164130434782608	17.0	119.71830985915493	0.15315315315315314	0.046250000000000006	9.0	63.38028169014084	0.08108108108108109	0.10461956521739131	9.0	63.38028169014084	0.08108108108108109	0.033413043478260865	5.0	35.21126760563381	0.04504504504504504	0.025565217391304348	35.0	246.47887323943664	0.3153153153153153	0.2253369565217391	39.0	274.6478873239437	19.0	133.80281690140845	0.5809299042443065	0.48944591097308493	0.5945476061076603	0.3448275862068966	92	65	0.647887323943662	trust	0.3153153153153153	wikivir.cleaned.xml	627	Brambovci	Ivan Lah	20	zgodovinski romani			1911	
emotion_trust_per_1k	245.2830188679245	emotion_trust_per_1k; lexical_token_count>=80; word_token_count>=80	wikivir-016653::window::1	window	wikivir-016653	328	159	8.0	50.314465408805034	0.08080808080808081	0.045221052631578953	17.0	106.9182389937107	0.1717171717171717	0.08151578947368421	3.0	18.867924528301884	0.030303030303030304	0.01743157894736842	8.0	50.314465408805034	0.08080808080808081	0.05410526315789473	15.0	94.33962264150944	0.15151515151515152	0.10224210526315788	4.0	25.157232704402517	0.04040404040404041	0.021052631578947368	5.0	31.446540880503143	0.050505050505050504	0.02276842105263158	39.0	245.28301886792454	0.3939393939393939	0.2665157894736842	40.0	251.57232704402514	10.0	62.893081761006286	0.6136204260651629	0.45902556390977434	0.6527848370927318	0.6	95	73	0.5974842767295597	trust	0.3939393939393939	wikivir.cleaned.xml	16653	Splošna deklaracija človekovih pravic		20	politična besedila			1948	
emotion_anticipation_per_1k	244.89795918367344	emotion_anticipation_per_1k; lexical_token_count>=80; word_token_count>=80	wikivir-016474::window::334	window	wikivir-016474	372	147	13.0	88.43537414965986	0.09420289855072464	0.08033695652173913	36.0	244.89795918367346	0.2608695652173913	0.19545652173913042	4.0	27.210884353741495	0.028985507246376812	0.020467391304347826	21.0	142.85714285714286	0.15217391304347827	0.08759782608695653	28.0	190.47619047619045	0.2028985507246377	0.17777173913043476	6.0	40.816326530612244	0.043478260869565216	0.04109782608695652	4.0	27.210884353741495	0.028985507246376812	0.03268478260869565	26.0	176.87074829931973	0.18840579710144928	0.16241304347826088	40.0	272.108843537415	15.0	102.04081632653062	0.5900259575569359	0.48584976708074523	0.5890715838509317	0.45454545454545453	92	62	0.6258503401360545	anticipation	0.2608695652173913	wikivir.cleaned.xml	16474	Sida Silanova	Radivoj Rehar	20	romani			1935	
emotion_trust_per_1k	244.7552447552448	emotion_trust_per_1k; lexical_token_count>=80; word_token_count>=80	wikivir-002819::window::18	window	wikivir-002819	444	143	0.0	0.0	0.0	0.0	34.0	237.76223776223776	0.3333333333333333	0.2269032258064516	0.0	0.0	0.0	0.0	0.0	0.0	0.0	0.0	33.0	230.76923076923077	0.3235294117647059	0.254758064516129	0.0	0.0	0.0	0.00967741935483871	0.0	0.0	0.0	0.0	35.0	244.75524475524477	0.3431372549019608	0.20996774193548387	45.0	314.68531468531467	1.0	6.993006993006993	0.7175255376344086	0.42810349462365593	0.5152298387096774	0.9565217391304348	62	17	0.43356643356643354	trust	0.3431372549019608	wikivir.cleaned.xml	2819	Krajnska pismenost	Valentin Vodnik	19	neleposlovje				
emotion_trust_per_1k	244.0944881889764	emotion_trust_per_1k; lexical_token_count>=80; word_token_count>=80	wikivir-006412::document::1	document	wikivir-006412	305	127	15.0	118.11023622047244	0.14018691588785046	0.02211764705882353	13.0	102.36220472440945	0.12149532710280374	0.13807843137254902	9.0	70.86614173228347	0.08411214953271028	0.03317647058823529	11.0	86.61417322834646	0.102803738317757	0.028098039215686273	13.0	102.36220472440945	0.12149532710280374	0.23190196078431372	5.0	39.37007874015748	0.04672897196261682	0.01968627450980392	10.0	78.74015748031496	0.09345794392523364	0.060509803921568614	31.0	244.09448818897638	0.2897196261682243	0.27103921568627454	24.0	188.9763779527559	21.0	165.35433070866142	0.6453110410831	0.4302750700280113	0.5425060924369748	0.06666666666666667	51	22	0.4015748031496063	trust	0.2897196261682243	wikivir.cleaned.xml	6412	Denar ne osreči človeka			ljudske pripovedke				
emotion_anticipation_per_1k	243.90243902439025	emotion_anticipation_per_1k; lexical_token_count>=80; word_token_count>=80	wikivir-006832::window::31	window	wikivir-006832	397	164	8.0	48.78048780487805	0.05128205128205128	0.04655445544554456	40.0	243.90243902439025	0.2564102564102564	0.20495049504950494	2.0	12.195121951219512	0.01282051282051282	0.01098019801980198	10.0	60.97560975609756	0.0641025641025641	0.06715841584158416	34.0	207.3170731707317	0.21794871794871795	0.18960396039603958	7.0	42.6829268292683	0.04487179487179487	0.03586138613861386	15.0	91.46341463414635	0.09615384615384616	0.05829702970297031	40.0	243.90243902439025	0.2564102564102564	0.23301980198019803	50.0	304.8780487804878	12.0	73.17073170731707	0.6542475247524753	0.4398597359735974	0.5599884488448845	0.6129032258064516	101	60	0.6158536585365854	anticipation	0.2564102564102564	wikivir.cleaned.xml	6832	Pod zvezdo	Branko Rudolf	20	dramska besedila				
emotion_joy_per_1k	243.90243902439025	emotion_joy_per_1k; lexical_token_count>=80; word_token_count>=80	wikivir-020034::window::239	window	wikivir-020034	356	164	8.0	48.78048780487805	0.05333333333333334	0.011666666666666665	32.0	195.1219512195122	0.21333333333333335	0.17246875000000003	8.0	48.78048780487805	0.05333333333333334	0.023791666666666666	19.0	115.85365853658537	0.12666666666666668	0.037208333333333336	40.0	243.90243902439025	0.26666666666666666	0.2995208333333333	1.0	6.097560975609756	0.006666666666666667	0.00953125	6.0	36.58536585365854	0.04	0.026604166666666665	36.0	219.5121951219512	0.24	0.28089583333333334	53.0	323.1707317073171	7.0	42.6829268292683	0.6990636284722221	0.4834461805555556	0.6193959201388889	0.7666666666666667	96	64	0.5853658536585366	joy	0.26666666666666666	wikivir.cleaned.xml	20034	Olga	Fran Govekar	20	romani				
emotion_joy_per_1k	239.6694214876033	emotion_joy_per_1k; lexical_token_count>=80; word_token_count>=80	wikivir-016589::window::8	window	wikivir-016589	285	121	1.0	8.264462809917356	0.010309278350515464	0.008318840579710144	20.0	165.28925619834712	0.20618556701030927	0.1488695652173913	1.0	8.264462809917356	0.010309278350515464	0.009507246376811595	3.0	24.793388429752067	0.030927835051546393	0.034420289855072464	29.0	239.6694214876033	0.29896907216494845	0.2673043478260869	14.0	115.70247933884298	0.14432989690721648	0.08449275362318841	6.0	49.586776859504134	0.061855670103092786	0.025231884057971016	23.0	190.0826446280992	0.23711340206185566	0.2598550724637681	40.0	330.57851239669424	11.0	90.9090909090909	0.7061968599033817	0.46523913043478266	0.5985567632850242	0.5686274509803921	69	42	0.5702479338842975	joy	0.29896907216494845	wikivir.cleaned.xml	16589	Zasnove	France Balantič	20					
emotion_anticipation_per_1k	239.58333333333331	emotion_anticipation_per_1k; lexical_token_count>=80; word_token_count>=80	wikivir-008935::document::1	document	wikivir-008935	188	96	1.0	10.416666666666666	0.011363636363636364	0.014822222222222223	23.0	239.58333333333334	0.26136363636363635	0.22791111111111112	5.0	52.083333333333336	0.056818181818181816	0.022555555555555558	1.0	10.416666666666666	0.011363636363636364	0.016177777777777777	18.0	187.5	0.20454545454545456	0.2964888888888889	1.0	10.416666666666666	0.011363636363636364	0.013622222222222221	16.0	166.66666666666666	0.18181818181818182	0.12231111111111112	23.0	239.58333333333334	0.26136363636363635	0.23344444444444445	24.0	250.0	6.0	62.5	0.7223777777777778	0.4920888888888888	0.5910666666666667	0.6	45	13	0.46875	anticipation	0.26136363636363635	wikivir.cleaned.xml	8935	Slovenske vecernice 1865/78			pesmi				
emotion_anticipation_per_1k	239.58333333333331	emotion_anticipation_per_1k; lexical_token_count>=80; word_token_count>=80	wikivir-008935::window::1	window	wikivir-008935	187	96	1.0	10.416666666666666	0.011363636363636364	0.014822222222222223	23.0	239.58333333333334	0.26136363636363635	0.22791111111111112	5.0	52.083333333333336	0.056818181818181816	0.022555555555555558	1.0	10.416666666666666	0.011363636363636364	0.016177777777777777	18.0	187.5	0.20454545454545456	0.2964888888888889	1.0	10.416666666666666	0.011363636363636364	0.013622222222222221	16.0	166.66666666666666	0.18181818181818182	0.12231111111111112	23.0	239.58333333333334	0.26136363636363635	0.23344444444444445	24.0	250.0	6.0	62.5	0.7223777777777778	0.4920888888888888	0.5910666666666667	0.6	45	13	0.46875	anticipation	0.26136363636363635	wikivir.cleaned.xml	8935	Slovenske vecernice 1865/78			pesmi				
emotion_sadness_per_1k	239.13043478260872	emotion_sadness_per_1k; lexical_token_count>=80; word_token_count>=80	wikivir-003255::window::1	window	wikivir-003255	401	138	6.0	43.47826086956522	0.09230769230769231	0.04481081081081081	7.0	50.72463768115942	0.1076923076923077	0.05056756756756757	1.0	7.246376811594203	0.015384615384615385	0.006337837837837837	3.0	21.73913043478261	0.046153846153846156	0.042040540540540544	2.0	14.492753623188406	0.03076923076923077	0.04466216216216216	33.0	239.13043478260872	0.5076923076923077	0.17617567567567566	4.0	28.985507246376812	0.06153846153846154	0.02417567567567568	9.0	65.21739130434783	0.13846153846153847	0.06324324324324324	18.0	130.43478260869566	36.0	260.8695652173913	0.4267308558558559	0.45014527027027035	0.4288704954954955	-0.3333333333333333	74	37	0.5362318840579711	sadness	0.5076923076923077	wikivir.cleaned.xml	3255	O Pustu in zakletem gradu			slovenske ljudske pravljice				
emotion_fear_per_1k	238.57868020304568	emotion_fear_per_1k; lexical_token_count>=80; word_token_count>=80	wikivir-002807::window::30	window	wikivir-002807	404	197	8.0	40.60913705583756	0.05555555555555555	0.044300970873786406	23.0	116.751269035533	0.1597222222222222	0.10997087378640777	7.0	35.53299492385787	0.04861111111111111	0.03989320388349515	47.0	238.57868020304568	0.3263888888888889	0.15636893203883498	16.0	81.21827411167511	0.1111111111111111	0.11194174757281553	23.0	116.751269035533	0.1597222222222222	0.11040776699029128	9.0	45.68527918781726	0.0625	0.07145631067961164	11.0	55.83756345177665	0.0763888888888889	0.05763106796116505	34.0	172.58883248730965	36.0	182.74111675126903	0.5208139274156263	0.4576712898751733	0.4850902565880721	-0.02857142857142857	103	67	0.5228426395939086	fear	0.3263888888888889	wikivir.cleaned.xml	2807	Smrt	Anton Funtek	19	pesmi			1986	
emotion_joy_per_1k	234.93975903614455	emotion_joy_per_1k; lexical_token_count>=80; word_token_count>=80	wikivir-016589::window::7	window	wikivir-016589	408	166	6.0	36.144578313253014	0.03571428571428571	0.025625	33.0	198.79518072289156	0.19642857142857142	0.16084375	5.0	30.120481927710845	0.02976190476190476	0.014979166666666667	10.0	60.24096385542169	0.05952380952380952	0.05625	39.0	234.93975903614458	0.23214285714285715	0.26782291666666663	24.0	144.57831325301206	0.14285714285714285	0.09113541666666668	11.0	66.26506024096386	0.06547619047619048	0.031385416666666666	40.0	240.96385542168676	0.23809523809523808	0.2968958333333333	54.0	325.3012048192771	17.0	102.40963855421687	0.6803975694444445	0.4523810763888889	0.5967986111111112	0.5211267605633803	96	55	0.5783132530120482	trust	0.23809523809523808	wikivir.cleaned.xml	16589	Zasnove	France Balantič	20					
emotion_fear_per_1k	234.5679012345679	emotion_fear_per_1k; lexical_token_count>=80; word_token_count>=80	wikivir-013118::window::14	window	wikivir-013118	180	81	6.0	74.07407407407408	0.09375	0.08851111111111111	9.0	111.1111111111111	0.140625	0.08642222222222223	6.0	74.07407407407408	0.09375	0.08757777777777778	19.0	234.5679012345679	0.296875	0.2496	2.0	24.691358024691358	0.03125	0.014066666666666667	11.0	135.80246913580245	0.171875	0.1624888888888889	3.0	37.03703703703704	0.046875	0.03733333333333333	8.0	98.76543209876543	0.125	0.09946666666666666	9.0	111.1111111111111	21.0	259.25925925925924	0.40726814814814816	0.5909100000000002	0.5671985185185185	-0.4	45	38	0.5555555555555556	fear	0.296875	wikivir.cleaned.xml	13118	Drama v gorah		20	kratka proza				
emotion_fear_per_1k	232.5581395348837	emotion_fear_per_1k; lexical_token_count>=80; word_token_count>=80	wikivir-014822::window::17	window	wikivir-014822	379	172	36.0	209.30232558139537	0.20689655172413793	0.22715957446808507	18.0	104.65116279069768	0.10344827586206896	0.07840425531914894	10.0	58.13953488372093	0.05747126436781609	0.06691489361702127	40.0	232.5581395348837	0.22988505747126436	0.20429787234042557	19.0	110.46511627906978	0.10919540229885058	0.09745744680851064	25.0	145.34883720930233	0.14367816091954022	0.10495744680851063	1.0	5.813953488372093	0.005747126436781609	0.006893617021276596	25.0	145.34883720930233	0.14367816091954022	0.18459574468085108	27.0	156.97674418604652	38.0	220.93023255813955	0.47693705673758874	0.5236547619047618	0.6148548632218845	-0.16923076923076924	94	49	0.5465116279069767	fear	0.22988505747126436	wikivir.cleaned.xml	14822	Kaj mora vedeti vsak Slovenec o Osvobodilni fronti		20	propagandne brosure			1944	
emotion_anticipation_per_1k	226.5625	emotion_anticipation_per_1k; lexical_token_count>=80; word_token_count>=80	wikivir-016142::window::164	window	wikivir-016142	245	128	2.0	15.625	0.017241379310344827	0.013191176470588236	29.0	226.5625	0.25	0.22366176470588234	1.0	7.8125	0.008620689655172414	0.003676470588235294	5.0	39.0625	0.04310344827586207	0.04182352941176471	27.0	210.9375	0.23275862068965517	0.25004411764705886	5.0	39.0625	0.04310344827586207	0.030073529411764704	19.0	148.4375	0.16379310344827586	0.09222058823529411	28.0	218.75	0.2413793103448276	0.21267647058823524	34.0	265.625	8.0	62.5	0.6652205882352941	0.48942843137254904	0.5648990196078432	0.6190476190476191	68	48	0.53125	anticipation	0.25	wikivir.cleaned.xml	16142	Veliki dnevi	Lojze Zupanc	20	proza				
emotion_joy_per_1k	225.80645161290323	emotion_joy_per_1k; lexical_token_count>=80; word_token_count>=80	wikivir-000600::window::313	window	wikivir-000600	368	155	2.0	12.903225806451612	0.01818181818181818	0.01684705882352941	29.0	187.09677419354838	0.2636363636363636	0.16501176470588236	2.0	12.903225806451612	0.01818181818181818	0.011023529411764706	3.0	19.35483870967742	0.02727272727272727	0.022423529411764703	35.0	225.80645161290323	0.3181818181818182	0.27581176470588237	6.0	38.70967741935484	0.05454545454545454	0.0424	15.0	96.77419354838709	0.13636363636363635	0.07895294117647057	18.0	116.12903225806453	0.16363636363636364	0.1400470588235294	41.0	264.51612903225805	12.0	77.41935483870968	0.6675317647058822	0.4939264705882353	0.5589235294117648	0.5471698113207547	85	53	0.5483870967741935	joy	0.3181818181818182	wikivir.cleaned.xml	600	Hanka	Zofka Kveder		romani				
emotion_anticipation_per_1k	225.130890052356	emotion_anticipation_per_1k; lexical_token_count>=80; word_token_count>=80	wikivir-004539::window::12	window	wikivir-004539	362	191	4.0	20.942408376963353	0.023809523809523808	0.012492187500000002	43.0	225.13089005235602	0.25595238095238093	0.157921875	4.0	20.942408376963353	0.023809523809523808	0.013554687499999999	11.0	57.59162303664921	0.06547619047619048	0.015507812499999999	40.0	209.4240837696335	0.23809523809523808	0.23184375000000002	7.0	36.64921465968586	0.041666666666666664	0.0227734375	19.0	99.47643979057591	0.1130952380952381	0.0522734375	40.0	209.4240837696335	0.23809523809523808	0.1589609375	48.0	251.3089005235602	9.0	47.12041884816754	0.6722687872023809	0.4539161086309524	0.5518010602678571	0.6842105263157895	128	78	0.6701570680628273	anticipation	0.25595238095238093	wikivir.cleaned.xml	4539	Preprosto pismo v raj	Berta Golob	21	črtice				
emotion_anticipation_per_1k	225.0	emotion_anticipation_per_1k; lexical_token_count>=80; word_token_count>=80	wikivir-019091::window::4	window	wikivir-019091	355	160	2.0	12.5	0.018018018018018018	0.006690476190476191	36.0	225.0	0.32432432432432434	0.19798809523809524	3.0	18.75	0.02702702702702703	0.02139285714285714	7.0	43.75	0.06306306306306306	0.03494047619047619	27.0	168.75	0.24324324324324326	0.2114761904761905	4.0	25.0	0.036036036036036036	0.01976190476190476	12.0	75.0	0.10810810810810811	0.056273809523809525	20.0	125.0	0.18018018018018017	0.11903571428571427	31.0	193.75	11.0	68.75	0.6236306689342404	0.45659195011337855	0.4840431122448979	0.47619047619047616	84	53	0.525	anticipation	0.32432432432432434	wikivir.cleaned.xml	19091	Romanca o beli cesti	Franc Ksaver Meško	20	kratka proza			1903	
emotion_anticipation_per_1k	224.3589743589744	emotion_anticipation_per_1k; lexical_token_count>=80; word_token_count>=80	wikivir-013698::window::7	window	wikivir-013698	416	156	5.0	32.05128205128205	0.04132231404958678	0.03564102564102564	35.0	224.35897435897436	0.2892561983471074	0.21475641025641026	2.0	12.82051282051282	0.01652892561983471	0.010217948717948719	6.0	38.46153846153847	0.049586776859504134	0.045641025641025644	34.0	217.94871794871796	0.2809917355371901	0.23008974358974357	8.0	51.28205128205128	0.06611570247933884	0.05866666666666666	2.0	12.82051282051282	0.01652892561983471	0.017833333333333333	29.0	185.8974358974359	0.2396694214876033	0.25397435897435894	37.0	237.17948717948718	11.0	70.51282051282051	0.6179497863247863	0.4158525641025642	0.5523023504273504	0.5416666666666666	78	47	0.5	anticipation	0.2892561983471074	wikivir.cleaned.xml	13698	Nevesta	Janez Jalen	20	drame			1929	
emotion_anticipation_per_1k	223.0769230769231	emotion_anticipation_per_1k; lexical_token_count>=80; word_token_count>=80	wikivir-002247::window::55	window	wikivir-002247	359	130	2.0	15.384615384615385	0.020833333333333332	0.011442622950819673	29.0	223.0769230769231	0.3020833333333333	0.1999344262295082	2.0	15.384615384615385	0.020833333333333332	0.018442622950819672	7.0	53.84615384615385	0.07291666666666667	0.02972131147540984	24.0	184.6153846153846	0.25	0.27101639344262296	3.0	23.076923076923077	0.03125	0.03122950819672131	5.0	38.46153846153847	0.052083333333333336	0.03280327868852459	24.0	184.6153846153846	0.25	0.24693442622950817	34.0	261.53846153846155	4.0	30.76923076923077	0.6989071038251367	0.44824453551912574	0.5774193989071039	0.7894736842105263	61	38	0.46923076923076923	anticipation	0.3020833333333333	wikivir.cleaned.xml	2247	Gabrijan in Šembilija	Ivan Lah	20	povesti				
emotion_anticipation_per_1k	221.42857142857144	emotion_anticipation_per_1k; lexical_token_count>=80; word_token_count>=80	wikivir-010167::window::8	window	wikivir-010167	601	280	0.0	0.0	0.0	0.0	62.0	221.42857142857142	0.25203252032520324	0.45198484848484854	0.0	0.0	0.0	0.0	58.0	207.14285714285717	0.23577235772357724	0.0826060606060606	60.0	214.28571428571428	0.24390243902439024	0.5007121212121213	2.0	7.142857142857142	0.008130081300813009	0.017196969696969697	2.0	7.142857142857142	0.008130081300813009	0.009575757575757576	62.0	221.42857142857142	0.25203252032520324	0.5789090909090908	63.0	225.0	1.0	3.571428571428571	0.7363333333333334	0.5051590909090908	0.8534532828282829	0.96875	66	9	0.2357142857142857	anticipation	0.25203252032520324	wikivir.cleaned.xml	10167	Cerkovne pesmi	Jurij Japelj	18	pesmi				
emotion_anticipation_per_1k	221.42857142857144	emotion_anticipation_per_1k; lexical_token_count>=80; word_token_count>=80	wikivir-010168::window::8	window	wikivir-010168	601	280	0.0	0.0	0.0	0.0	62.0	221.42857142857142	0.25203252032520324	0.45198484848484854	0.0	0.0	0.0	0.0	58.0	207.14285714285717	0.23577235772357724	0.0826060606060606	60.0	214.28571428571428	0.24390243902439024	0.5007121212121213	2.0	7.142857142857142	0.008130081300813009	0.017196969696969697	2.0	7.142857142857142	0.008130081300813009	0.009575757575757576	62.0	221.42857142857142	0.25203252032520324	0.5789090909090908	63.0	225.0	1.0	3.571428571428571	0.7363333333333334	0.5051590909090908	0.8534532828282829	0.96875	66	9	0.2357142857142857	anticipation	0.25203252032520324	wikivir.cleaned.xml	10168	Zerkovne pesmi	Jurij Japelj	18	pesmi				
emotion_anticipation_per_1k	219.65317919075144	emotion_anticipation_per_1k; lexical_token_count>=80; word_token_count>=80	wikivir-017159::window::1	window	wikivir-017159	350	173	3.0	17.341040462427745	0.03260869565217391	0.004042105263157895	38.0	219.65317919075144	0.41304347826086957	0.1811157894736842	3.0	17.341040462427745	0.03260869565217391	0.009221052631578948	3.0	17.341040462427745	0.03260869565217391	0.010031578947368421	12.0	69.36416184971098	0.13043478260869565	0.08339999999999999	12.0	69.36416184971098	0.13043478260869565	0.03143157894736842	2.0	11.560693641618496	0.021739130434782608	0.009126315789473684	19.0	109.82658959537572	0.20652173913043478	0.10884210526315789	36.0	208.09248554913296	7.0	40.46242774566474	0.6618520175438596	0.3998964912280702	0.4745435964912281	0.6744186046511628	95	47	0.5491329479768786	anticipation	0.41304347826086957	wikivir.cleaned.xml	17159	Vabilo na slavnostno otvoritev Triglavske koče Slovenskega planinskega društva katera se bode vršila v ponedeljek, dne 10. avgusta t. l. na Kredarici		19	neleposlovje			1896	
emotion_anticipation_per_1k	219.3877551020408	emotion_anticipation_per_1k; lexical_token_count>=80; word_token_count>=80	wikivir-012143::window::20	window	wikivir-012143	374	196	1.0	5.1020408163265305	0.007692307692307693	0.0022884615384615383	43.0	219.3877551020408	0.33076923076923076	0.03907692307692308	0.0	0.0	0.0	0.0	3.0	15.306122448979592	0.023076923076923078	0.021634615384615384	38.0	193.87755102040816	0.2923076923076923	0.049519230769230774	2.0	10.204081632653061	0.015384615384615385	0.023586538461538464	1.0	5.1020408163265305	0.007692307692307693	0.004134615384615384	42.0	214.28571428571428	0.3230769230769231	0.036057692307692304	42.0	214.28571428571428	3.0	15.306122448979592	0.4118871794871795	0.25840384615384615	0.32028044871794875	0.8666666666666667	104	56	0.5306122448979592	anticipation	0.33076923076923076	wikivir.cleaned.xml	12143	Narodopisne slike iz našega naroda II. Slovenska vas		19				1869	
emotion_fear_per_1k	218.5430463576159	emotion_fear_per_1k; lexical_token_count>=80; word_token_count>=80	wikivir-013270::window::1	window	wikivir-013270	350	151	10.0	66.22516556291392	0.10101010101010101	0.05064634146341464	5.0	33.11258278145696	0.050505050505050504	0.026000000000000002	10.0	66.22516556291392	0.10101010101010101	0.07782926829268294	33.0	218.5430463576159	0.3333333333333333	0.17871951219512197	5.0	33.11258278145696	0.050505050505050504	0.03379268292682927	10.0	66.22516556291392	0.10101010101010101	0.07042682926829269	5.0	33.11258278145696	0.050505050505050504	0.03420731707317073	21.0	139.0728476821192	0.21212121212121213	0.08267073170731708	9.0	59.602649006622514	23.0	152.31788079470198	0.4776305894308943	0.462753556910569	0.4570706300813008	-0.4375	82	48	0.543046357615894	fear	0.3333333333333333	wikivir.cleaned.xml	13270	Strah, ali ...	Matija Malešič	20	kratka proza				
emotion_joy_per_1k	216.5605095541401	emotion_joy_per_1k; lexical_token_count>=80; word_token_count>=80	wikivir-013197::window::141	window	wikivir-013197	376	157	7.0	44.58598726114649	0.050359712230215826	0.0	32.0	203.82165605095543	0.2302158273381295	0.19399999999999998	8.0	50.955414012738856	0.05755395683453238	0.015030303030303031	7.0	44.58598726114649	0.050359712230215826	0.00996969696969697	34.0	216.56050955414014	0.2446043165467626	0.23845454545454545	5.0	31.84713375796178	0.03597122302158273	0.042606060606060606	17.0	108.28025477707007	0.1223021582733813	0.06806060606060606	29.0	184.71337579617833	0.20863309352517986	0.22813636363636366	42.0	267.515923566879	8.0	50.955414012738856	0.6718329725829726	0.40629935064935063	0.5307854256854255	0.68	66	39	0.42038216560509556	joy	0.2446043165467626	wikivir.cleaned.xml	13197	Dve kroni	Margarete Seemann	20	proza			1939	
emotion_joy_per_1k	216.5605095541401	emotion_joy_per_1k; lexical_token_count>=80; word_token_count>=80	wikivir-020034::window::237	window	wikivir-020034	381	157	1.0	6.369426751592357	0.010101010101010102	0.0014945054945054946	22.0	140.12738853503186	0.2222222222222222	0.12126373626373627	0.0	0.0	0.0	0.0	11.0	70.06369426751593	0.1111111111111111	0.014626373626373626	34.0	216.56050955414014	0.3434343434343434	0.3021758241758242	0.0	0.0	0.0	0.0	5.0	31.84713375796178	0.050505050505050504	0.020164835164835165	26.0	165.60509554140125	0.26262626262626265	0.32040659340659344	52.0	331.2101910828025	1.0	6.369426751592357	0.7486968864468865	0.47886630036630035	0.6322838827838828	0.9622641509433962	91	59	0.5796178343949044	joy	0.3434343434343434	wikivir.cleaned.xml	20034	Olga	Fran Govekar	20	romani				
emotion_anticipation_per_1k	215.2777777777778	emotion_anticipation_per_1k; lexical_token_count>=80; word_token_count>=80	wikivir-002247::window::54	window	wikivir-002247	351	144	2.0	13.888888888888888	0.018518518518518517	0.009507246376811595	31.0	215.2777777777778	0.28703703703703703	0.18108695652173915	4.0	27.777777777777775	0.037037037037037035	0.025028985507246377	4.0	27.777777777777775	0.037037037037037035	0.004753623188405797	28.0	194.44444444444446	0.25925925925925924	0.2482753623188406	4.0	27.777777777777775	0.037037037037037035	0.00927536231884058	10.0	69.44444444444444	0.09259259259259259	0.042130434782608694	25.0	173.61111111111111	0.23148148148148148	0.21005797101449275	41.0	284.72222222222223	6.0	41.666666666666664	0.6888826777087647	0.4128310904071774	0.527129744651484	0.7446808510638298	69	42	0.4791666666666667	anticipation	0.28703703703703703	wikivir.cleaned.xml	2247	Gabrijan in Šembilija	Ivan Lah	20	povesti				
emotion_disgust_per_1k	214.28571428571428	emotion_disgust_per_1k; lexical_token_count>=80; word_token_count>=80	wikivir-004373::document::1	document	wikivir-004373	241	98	2.0	20.408163265306122	0.05	0.015999999999999997	3.0	30.612244897959183	0.075	0.007392857142857143	21.0	214.28571428571428	0.525	0.20166071428571428	1.0	10.204081632653061	0.025	0.013678571428571429	4.0	40.816326530612244	0.1	0.026267857142857145	5.0	51.02040816326531	0.125	0.0375	1.0	10.204081632653061	0.025	0.009625	3.0	30.612244897959183	0.075	0.006553571428571429	4.0	40.816326530612244	21.0	214.28571428571428	0.4817261904761905	0.2887910714285714	0.34183214285714286	-0.68	56	34	0.5714285714285714	disgust	0.525	wikivir.cleaned.xml	4373	Sosed gora/Plesen	Svetlana Makarovič	20	pesmi	Sosed gora			
emotion_disgust_per_1k	214.28571428571428	emotion_disgust_per_1k; lexical_token_count>=80; word_token_count>=80	wikivir-004373::window::1	window	wikivir-004373	240	98	2.0	20.408163265306122	0.05	0.015999999999999997	3.0	30.612244897959183	0.075	0.007392857142857143	21.0	214.28571428571428	0.525	0.20166071428571428	1.0	10.204081632653061	0.025	0.013678571428571429	4.0	40.816326530612244	0.1	0.026267857142857145	5.0	51.02040816326531	0.125	0.0375	1.0	10.204081632653061	0.025	0.009625	3.0	30.612244897959183	0.075	0.006553571428571429	4.0	40.816326530612244	21.0	214.28571428571428	0.4817261904761905	0.2887910714285714	0.34183214285714286	-0.68	56	34	0.5714285714285714	disgust	0.525	wikivir.cleaned.xml	4373	Sosed gora/Plesen	Svetlana Makarovič	20	pesmi	Sosed gora			
emotion_anticipation_per_1k	213.41463414634143	emotion_anticipation_per_1k; lexical_token_count>=80; word_token_count>=80	wikivir-013698::window::6	window	wikivir-013698	416	164	7.0	42.6829268292683	0.056	0.04021686746987952	35.0	213.41463414634146	0.28	0.20900000000000002	3.0	18.29268292682927	0.024	0.017506024096385544	8.0	48.78048780487805	0.064	0.06604819277108434	32.0	195.1219512195122	0.256	0.19461445783132528	10.0	60.97560975609756	0.08	0.0788313253012048	3.0	18.29268292682927	0.024	0.023349397590361445	27.0	164.63414634146343	0.216	0.22238554216867473	35.0	213.41463414634146	11.0	67.07317073170732	0.6023062248995984	0.40859839357429717	0.546289156626506	0.5217391304347826	83	48	0.5060975609756098	anticipation	0.28	wikivir.cleaned.xml	13698	Nevesta	Janez Jalen	20	drame			1929	
emotion_joy_per_1k	213.23529411764704	emotion_joy_per_1k; lexical_token_count>=80; word_token_count>=80	wikivir-014744::window::15	window	wikivir-014744	356	136	7.0	51.470588235294116	0.06666666666666667	0.037013333333333336	22.0	161.76470588235296	0.20952380952380953	0.13446666666666668	4.0	29.41176470588235	0.0380952380952381	0.01676	6.0	44.11764705882353	0.05714285714285714	0.03986666666666667	29.0	213.23529411764704	0.2761904761904762	0.25209333333333334	4.0	29.41176470588235	0.0380952380952381	0.03552	5.0	36.76470588235294	0.047619047619047616	0.014479999999999998	28.0	205.88235294117646	0.26666666666666666	0.17285333333333336	33.0	242.64705882352942	5.0	36.76470588235294	0.6750488888888888	0.45391999999999993	0.5573955555555556	0.7368421052631579	75	41	0.5514705882352942	joy	0.2761904761904762	wikivir.cleaned.xml	14744	Koran							
emotion_fear_per_1k	213.11475409836063	emotion_fear_per_1k; lexical_token_count>=80; word_token_count>=80	wikivir-020031::window::6	window	wikivir-020031	346	183	18.0	98.36065573770492	0.16822429906542055	0.09480555555555555	11.0	60.10928961748633	0.102803738317757	0.05291666666666667	7.0	38.25136612021858	0.06542056074766354	0.02510185185185185	39.0	213.11475409836063	0.3644859813084112	0.21201851851851852	3.0	16.393442622950822	0.028037383177570093	0.030537037037037033	10.0	54.6448087431694	0.09345794392523364	0.061370370370370374	16.0	87.43169398907104	0.14953271028037382	0.06766666666666667	3.0	16.393442622950822	0.028037383177570093	0.022851851851851852	7.0	38.25136612021858	34.0	185.79234972677597	0.47877006172839504	0.4906651234567901	0.46531944444444445	-0.6585365853658537	108	76	0.5901639344262295	fear	0.3644859813084112	wikivir.cleaned.xml	20031	Po divjinah Kanade	Januš Golec	20	povesti			1935	
emotion_fear_per_1k	213.01775147929	emotion_fear_per_1k; lexical_token_count>=80; word_token_count>=80	wikivir-017010::window::3	window	wikivir-017010	401	169	26.0	153.84615384615387	0.1925925925925926	0.11461111111111112	13.0	76.92307692307693	0.0962962962962963	0.07062222222222223	11.0	65.08875739644971	0.08148148148148149	0.022977777777777778	36.0	213.01775147928996	0.26666666666666666	0.17973333333333336	3.0	17.75147928994083	0.022222222222222223	0.059777777777777784	15.0	88.75739644970413	0.1111111111111111	0.09051111111111113	13.0	76.92307692307693	0.0962962962962963	0.10044444444444443	18.0	106.50887573964498	0.13333333333333333	0.12071111111111112	20.0	118.34319526627219	35.0	207.10059171597632	0.4770819444444444	0.5083351851851852	0.536625462962963	-0.2727272727272727	90	58	0.5325443786982249	fear	0.26666666666666666	wikivir.cleaned.xml	17010	Izgubljena stava	Julij Bučar	20	kratka proza			1909	
emotion_joy_per_1k	212.7659574468085	emotion_joy_per_1k; lexical_token_count>=80; word_token_count>=80	wikivir-002819::window::13	window	wikivir-002819	450	188	0.0	0.0	0.0	0.0	33.0	175.53191489361703	0.29464285714285715	0.21163636363636362	0.0	0.0	0.0	0.0	0.0	0.0	0.0	0.007954545454545455	40.0	212.7659574468085	0.35714285714285715	0.29350000000000004	0.0	0.0	0.0	0.0	2.0	10.638297872340425	0.017857142857142856	0.013030303030303031	37.0	196.8085106382979	0.33035714285714285	0.23074242424242422	41.0	218.08510638297872	0.0	0.0	0.7570277777777777	0.43462727272727275	0.5115090909090909	1.0	66	29	0.35106382978723405	joy	0.35714285714285715	wikivir.cleaned.xml	2819	Krajnska pismenost	Valentin Vodnik	19	neleposlovje				
emotion_joy_per_1k	212.5	emotion_joy_per_1k; lexical_token_count>=80; word_token_count>=80	wikivir-013086::window::22	window	wikivir-013086	189	80	3.0	37.5	0.06976744186046512	0.05230232558139534	7.0	87.5	0.16279069767441862	0.0786279069767442	1.0	12.5	0.023255813953488372	0.0049069767441860465	3.0	37.5	0.06976744186046512	0.026023255813953487	17.0	212.5	0.3953488372093023	0.21076744186046514	3.0	37.5	0.06976744186046512	0.03532558139534884	2.0	25.0	0.046511627906976744	0.012883720930232559	7.0	87.5	0.16279069767441862	0.08486046511627907	22.0	275.0	6.0	75.0	0.6085501937984495	0.5042994186046513	0.5803827519379845	0.5714285714285714	43	34	0.5375	joy	0.3953488372093023	wikivir.cleaned.xml	13086	Jubilej	Ivan Cankar	20	kratka proza				
emotion_anticipation_per_1k	212.2905027932961	emotion_anticipation_per_1k; lexical_token_count>=80; word_token_count>=80	wikivir-010868::window::50	window	wikivir-010868	370	179	13.0	72.62569832402235	0.07471264367816093	0.05902857142857143	38.0	212.2905027932961	0.21839080459770116	0.17504761904761904	9.0	50.27932960893855	0.05172413793103448	0.032447619047619045	12.0	67.0391061452514	0.06896551724137931	0.06018095238095237	34.0	189.94413407821227	0.19540229885057472	0.2773809523809524	12.0	67.0391061452514	0.06896551724137931	0.060590476190476195	20.0	111.73184357541899	0.11494252873563218	0.07554285714285715	36.0	201.1173184357542	0.20689655172413793	0.246	49.0	273.74301675977654	30.0	167.59776536312847	0.6361607142857143	0.5095071428571428	0.5861607142857143	0.24050632911392406	105	60	0.5865921787709497	anticipation	0.21839080459770116	wikivir.cleaned.xml	10868	Gospod Ravbar	Ivan Lah	20	epska pesnitev				
emotion_sadness_per_1k	211.9205298013245	emotion_sadness_per_1k; lexical_token_count>=80; word_token_count>=80	wikivir-010735::window::3	window	wikivir-010735	376	151	2.0	13.245033112582782	0.02702702702702703	0.008268041237113402	8.0	52.980132450331126	0.10810810810810811	0.030525773195876293	20.0	132.45033112582783	0.2702702702702703	0.046989690721649484	5.0	33.11258278145696	0.06756756756756757	0.03472164948453608	3.0	19.867549668874172	0.04054054054054054	0.030134020618556696	32.0	211.9205298013245	0.43243243243243246	0.08797938144329898	0.0	0.0	0.0	0.0	4.0	26.490066225165563	0.05405405405405406	0.029391752577319588	12.0	79.47019867549669	23.0	152.31788079470198	0.45512542955326457	0.31145103092783505	0.3576142611683849	-0.3142857142857143	97	54	0.6423841059602649	sadness	0.43243243243243246	wikivir.cleaned.xml	10735	Pravljica O sivem mestu in črni roži	Marjana Moškrič	21	pravljice				
emotion_joy_per_1k	211.53846153846155	emotion_joy_per_1k; lexical_token_count>=80; word_token_count>=80	wikivir-016215::window::89	window	wikivir-016215	365	156	0.0	0.0	0.0	0.0	23.0	147.43589743589743	0.23469387755102042	0.12089610389610389	2.0	12.82051282051282	0.02040816326530612	0.015428571428571429	3.0	19.230769230769234	0.030612244897959183	0.01683116883116883	33.0	211.53846153846155	0.336734693877551	0.2204935064935064	14.0	89.74358974358974	0.14285714285714285	0.003038961038961039	13.0	83.33333333333333	0.1326530612244898	0.029038961038961034	10.0	64.1025641025641	0.10204081632653061	0.06166233766233767	42.0	269.2307692307692	3.0	19.230769230769234	0.7104999999999999	0.45111255411255413	0.5894361471861472	0.8666666666666667	77	45	0.4935897435897436	joy	0.336734693877551	wikivir.cleaned.xml	16215	Dvanajst večerov	Anton Mahnič	19	proza			1884	
emotion_joy_per_1k	209.94475138121547	emotion_joy_per_1k; lexical_token_count>=80; word_token_count>=80	wikivir-017804::window::101	window	wikivir-017804	378	181	4.0	22.099447513812155	0.029850746268656716	0.01966265060240964	31.0	171.2707182320442	0.23134328358208955	0.21544578313253013	0.0	0.0	0.0	0.0	8.0	44.19889502762431	0.05970149253731343	0.035433734939759036	38.0	209.94475138121547	0.2835820895522388	0.2955180722891566	3.0	16.574585635359114	0.022388059701492536	0.031048192771084338	13.0	71.8232044198895	0.09701492537313433	0.06342168674698795	37.0	204.41988950276243	0.27611940298507465	0.34837349397590367	43.0	237.56906077348066	6.0	33.14917127071823	0.71137636259323	0.41904130808950096	0.6286540447504303	0.7551020408163265	83	41	0.4585635359116022	joy	0.2835820895522388	wikivir.cleaned.xml	17804	Popotnik široke in ozke poti	Franc Veriti	19	proza			1828	
emotion_joy_per_1k	209.87654320987653	emotion_joy_per_1k; lexical_token_count>=80; word_token_count>=80	wikivir-003812::window::82	window	wikivir-003812	1752	81	2.0	24.691358024691358	0.03508771929824561	0.008896551724137931	11.0	135.80246913580245	0.19298245614035087	0.10129310344827586	1.0	12.345679012345679	0.017543859649122806	0.007672413793103449	3.0	37.03703703703704	0.05263157894736842	0.011310344827586208	17.0	209.87654320987653	0.2982456140350877	0.24406896551724136	4.0	49.382716049382715	0.07017543859649122	0.040948275862068964	7.0	86.41975308641975	0.12280701754385964	0.05265517241379311	12.0	148.14814814814815	0.21052631578947367	0.16848275862068965	22.0	271.6049382716049	6.0	74.07407407407408	0.6950517241379309	0.40549712643678154	0.5095028735632184	0.5714285714285714	58	49	0.7160493827160493	joy	0.2982456140350877	wikivir.cleaned.xml	3812	Klic po ljubezni	Klara Filipič	21	pesmi				
emotion_sadness_per_1k	209.87654320987653	emotion_sadness_per_1k; lexical_token_count>=80; word_token_count>=80	wikivir-011653::window::72	window	wikivir-011653	366	162	19.0	117.28395061728395	0.15079365079365079	0.08575	11.0	67.90123456790123	0.0873015873015873	0.052102272727272726	7.0	43.20987654320987	0.05555555555555555	0.05514772727272727	29.0	179.01234567901233	0.23015873015873015	0.2050454545454545	8.0	49.382716049382715	0.06349206349206349	0.06210227272727273	34.0	209.87654320987653	0.2698412698412698	0.18961363636363637	10.0	61.72839506172839	0.07936507936507936	0.03542045454545455	8.0	49.382716049382715	0.06349206349206349	0.05869318181818182	21.0	129.62962962962962	33.0	203.7037037037037	0.42645156926406924	0.46328043831168836	0.47409510281385275	-0.2222222222222222	88	62	0.5432098765432098	sadness	0.2698412698412698	wikivir.cleaned.xml	11653	Ljudje od Soče	Matija Malešič	20	proza			1918	
emotion_joy_per_1k	209.45945945945945	emotion_joy_per_1k; lexical_token_count>=80; word_token_count>=80	wikivir-001838::window::1	window	wikivir-001838	359	148	15.0	101.35135135135135	0.1171875	0.03882954545454545	21.0	141.89189189189187	0.1640625	0.07277272727272728	9.0	60.810810810810814	0.0703125	0.011624999999999998	7.0	47.2972972972973	0.0546875	0.04193181818181818	31.0	209.45945945945945	0.2421875	0.170875	7.0	47.2972972972973	0.0546875	0.031965909090909086	17.0	114.86486486486487	0.1328125	0.03770454545454545	21.0	141.89189189189187	0.1640625	0.11835227272727272	39.0	263.5135135135135	10.0	67.56756756756756	0.6154360795454547	0.43551136363636367	0.5171946022727273	0.5918367346938775	88	50	0.5945945945945946	joy	0.2421875	wikivir.cleaned.xml	1838	Začarani grad in medved			slovenske ljudske pravljice				
emotion_anticipation_per_1k	208.86075949367088	emotion_anticipation_per_1k; lexical_token_count>=80; word_token_count>=80	wikivir-003301::window::166	window	wikivir-003301	349	158	1.0	6.329113924050633	0.009259259259259259	0.0028604651162790697	33.0	208.86075949367088	0.3055555555555556	0.19105813953488368	2.0	12.658227848101266	0.018518518518518517	0.008906976744186047	4.0	25.31645569620253	0.037037037037037035	0.019988372093023253	27.0	170.8860759493671	0.25	0.200046511627907	4.0	25.31645569620253	0.037037037037037035	0.027720930232558137	4.0	25.31645569620253	0.037037037037037035	0.01736046511627907	33.0	208.86075949367088	0.3055555555555556	0.2275232558139535	38.0	240.50632911392407	5.0	31.645569620253166	0.6471744186046512	0.43187248062015493	0.5293193798449614	0.7674418604651163	86	56	0.5443037974683544	anticipation	0.3055555555555556	wikivir.cleaned.xml	3301	Beneška Slovenija/Zemljepisni del.	Simon Rutar	19	neleposlovje				
emotion_joy_per_1k	208.86075949367088	emotion_joy_per_1k; lexical_token_count>=80; word_token_count>=80	wikivir-019091::window::5	window	wikivir-019091	362	158	2.0	12.658227848101266	0.01834862385321101	0.012543209876543211	31.0	196.20253164556962	0.28440366972477066	0.18479012345679013	3.0	18.9873417721519	0.027522935779816515	0.021308641975308643	5.0	31.645569620253166	0.045871559633027525	0.031641975308641976	33.0	208.86075949367088	0.30275229357798167	0.24529629629629635	3.0	18.9873417721519	0.027522935779816515	0.01844444444444444	10.0	63.29113924050633	0.09174311926605505	0.049679012345679015	22.0	139.2405063291139	0.2018348623853211	0.13444444444444442	37.0	234.1772151898734	9.0	56.962025316455694	0.6530781893004115	0.47017160493827154	0.5130393004115226	0.6086956521739131	81	56	0.5126582278481012	joy	0.30275229357798167	wikivir.cleaned.xml	19091	Romanca o beli cesti	Franc Ksaver Meško	20	kratka proza			1903	
emotion_joy_per_1k	208.86075949367088	emotion_joy_per_1k; lexical_token_count>=80; word_token_count>=80	wikivir-014584::window::120	window	wikivir-014584	404	158	4.0	25.31645569620253	0.03508771929824561	0.0076024096385542165	30.0	189.873417721519	0.2631578947368421	0.21167469879518075	2.0	12.658227848101266	0.017543859649122806	0.004530120481927711	4.0	25.31645569620253	0.03508771929824561	0.018566265060240963	33.0	208.86075949367088	0.2894736842105263	0.29478313253012045	3.0	18.9873417721519	0.02631578947368421	0.029602409638554216	2.0	12.658227848101266	0.017543859649122806	0.007518072289156626	36.0	227.84810126582278	0.3157894736842105	0.2529397590361445	41.0	259.49367088607596	8.0	50.63291139240506	0.7220975903614458	0.5072781124497993	0.5776020080321285	0.673469387755102	83	47	0.5253164556962026	trust	0.3157894736842105	wikivir.cleaned.xml	14584	Žrtev razmer	Miroslav Malovrh	20	proza			1903	
emotion_fear_per_1k	208.05369127516775	emotion_fear_per_1k; lexical_token_count>=80; word_token_count>=80	wikivir-016130::window::10	window	wikivir-016130	373	149	25.0	167.78523489932886	0.1984126984126984	0.09982926829268293	10.0	67.11409395973155	0.07936507936507936	0.05863414634146341	12.0	80.53691275167785	0.09523809523809523	0.03246341463414634	31.0	208.05369127516778	0.24603174603174602	0.13384146341463413	11.0	73.8255033557047	0.0873015873015873	0.14587804878048782	7.0	46.97986577181208	0.05555555555555555	0.05131707317073171	2.0	13.422818791946309	0.015873015873015872	0.014865853658536583	28.0	187.91946308724832	0.2222222222222222	0.21353658536585368	34.0	228.18791946308724	29.0	194.63087248322148	0.5618318089430895	0.5078628048780488	0.5877901422764228	0.07936507936507936	82	48	0.5503355704697986	fear	0.24603174603174602	wikivir.cleaned.xml	16130	Sveto pismo (Anton Alojzij Wolf)/Bukve Psalmov			psalmi				
emotion_anticipation_per_1k	207.3170731707317	emotion_anticipation_per_1k; lexical_token_count>=80; word_token_count>=80	wikivir-008633::window::1	window	wikivir-008633	161	82	0.0	0.0	0.0	0.0	17.0	207.3170731707317	0.3541666666666667	0.20703225806451617	0.0	0.0	0.0	0.0	2.0	24.390243902439025	0.041666666666666664	0.006064516129032258	6.0	73.17073170731707	0.125	0.11719354838709678	1.0	12.195121951219512	0.020833333333333332	0.03925806451612904	2.0	24.390243902439025	0.041666666666666664	0.02038709677419355	20.0	243.90243902439025	0.4166666666666667	0.4035483870967741	23.0	280.4878048780488	0.0	0.0	0.7061612903225805	0.3776612903225806	0.638529569892473	1.0	31	18	0.3780487804878049	trust	0.4166666666666667	wikivir.cleaned.xml	8633	Osem inu sestdeset sveteh pesm/25							
emotion_anticipation_per_1k	207.3170731707317	emotion_anticipation_per_1k; lexical_token_count>=80; word_token_count>=80	wikivir-008633::document::1	document	wikivir-008633	164	82	0.0	0.0	0.0	0.0	17.0	207.3170731707317	0.3541666666666667	0.20703225806451617	0.0	0.0	0.0	0.0	2.0	24.390243902439025	0.041666666666666664	0.006064516129032258	6.0	73.17073170731707	0.125	0.11719354838709678	1.0	12.195121951219512	0.020833333333333332	0.03925806451612904	2.0	24.390243902439025	0.041666666666666664	0.02038709677419355	20.0	243.90243902439025	0.4166666666666667	0.4035483870967741	23.0	280.4878048780488	0.0	0.0	0.7061612903225805	0.3776612903225806	0.638529569892473	1.0	31	18	0.3780487804878049	trust	0.4166666666666667	wikivir.cleaned.xml	8633	Osem inu sestdeset sveteh pesm/25							
emotion_anticipation_per_1k	207.1428571428572	emotion_anticipation_per_1k; lexical_token_count>=80; word_token_count>=80	wikivir-008990::window::2	window	wikivir-008990	316	140	3.0	21.428571428571427	0.031914893617021274	0.02526315789473684	29.0	207.14285714285717	0.30851063829787234	0.18552631578947368	5.0	35.714285714285715	0.05319148936170213	0.034964912280701754	3.0	21.428571428571427	0.031914893617021274	0.020842105263157894	15.0	107.14285714285714	0.1595744680851064	0.12850877192982457	4.0	28.57142857142857	0.0425531914893617	0.016385964912280702	4.0	28.57142857142857	0.0425531914893617	0.01905263157894737	31.0	221.42857142857142	0.32978723404255317	0.32170175438596493	32.0	228.57142857142856	9.0	64.28571428571428	0.6504875730994152	0.39645614035087723	0.603373538011696	0.5609756097560976	57	31	0.40714285714285714	trust	0.32978723404255317	wikivir.cleaned.xml	8990	Slomsek Apostolska hrana/81							
emotion_fear_per_1k	207.10059171597632	emotion_fear_per_1k; lexical_token_count>=80; word_token_count>=80	wikivir-020031::window::14	window	wikivir-020031	345	169	18.0	106.50887573964498	0.1592920353982301	0.0675049504950495	10.0	59.171597633136095	0.08849557522123894	0.04124752475247525	6.0	35.50295857988166	0.05309734513274336	0.007811881188118812	35.0	207.10059171597632	0.30973451327433627	0.18146534653465346	6.0	35.50295857988166	0.05309734513274336	0.03637623762376238	7.0	41.42011834319527	0.061946902654867256	0.034029702970297025	22.0	130.17751479289942	0.19469026548672566	0.0597920792079208	9.0	53.25443786982249	0.07964601769911504	0.06683168316831682	10.0	59.171597633136095	19.0	112.42603550295858	0.5430593509350936	0.522529592959296	0.5350436743674366	-0.3103448275862069	101	68	0.5976331360946746	fear	0.30973451327433627	wikivir.cleaned.xml	20031	Po divjinah Kanade	Januš Golec	20	povesti			1935	
emotion_fear_per_1k	207.07070707070707	emotion_fear_per_1k; lexical_token_count>=80; word_token_count>=80	wikivir-002807::window::14	window	wikivir-002807	399	198	26.0	131.31313131313132	0.13541666666666666	0.14533644859813083	23.0	116.16161616161617	0.11979166666666667	0.0929626168224299	23.0	116.16161616161617	0.11979166666666667	0.15121495327102805	41.0	207.07070707070707	0.21354166666666666	0.26926168224299063	12.0	60.60606060606061	0.0625	0.060018691588785054	35.0	176.76767676767676	0.18229166666666666	0.22615887850467292	18.0	90.9090909090909	0.09375	0.13514018691588783	14.0	70.7070707070707	0.07291666666666667	0.07906542056074767	21.0	106.06060606060606	42.0	212.12121212121212	0.4711598130841122	0.5057485758789497	0.49603963061860257	-0.3333333333333333	107	64	0.5404040404040404	fear	0.21354166666666666	wikivir.cleaned.xml	2807	Smrt	Anton Funtek	19	pesmi			1986	
emotion_fear_per_1k	206.89655172413796	emotion_fear_per_1k; lexical_token_count>=80; word_token_count>=80	wikivir-002996::window::97	window	wikivir-002996	371	145	13.0	89.6551724137931	0.1511627906976744	0.09949253731343284	5.0	34.48275862068965	0.05813953488372093	0.03355223880597015	10.0	68.9655172413793	0.11627906976744186	0.09026865671641793	30.0	206.89655172413794	0.3488372093023256	0.27213432835820894	3.0	20.689655172413794	0.03488372093023256	0.028164179104477615	12.0	82.75862068965517	0.13953488372093023	0.1255820895522388	4.0	27.586206896551722	0.046511627906976744	0.03053731343283582	9.0	62.06896551724138	0.10465116279069768	0.08874626865671642	8.0	55.172413793103445	22.0	151.72413793103448	0.39925746268656714	0.5621629353233831	0.5443557213930348	-0.4666666666666667	67	51	0.46206896551724136	fear	0.3488372093023256	wikivir.cleaned.xml	2996	Drobiž	Fran Milčinski	20	proza				
emotion_anticipation_per_1k	206.89655172413796	emotion_anticipation_per_1k; lexical_token_count>=80; word_token_count>=80	wikivir-001935::window::3	window	wikivir-001935	187	87	4.0	45.97701149425287	0.05555555555555555	0.03019607843137255	18.0	206.89655172413794	0.25	0.19458823529411767	2.0	22.988505747126435	0.027777777777777776	0.01727450980392157	2.0	22.988505747126435	0.027777777777777776	0.021137254901960785	17.0	195.40229885057474	0.2361111111111111	0.1867843137254902	6.0	68.9655172413793	0.08333333333333333	0.06715686274509804	4.0	45.97701149425287	0.05555555555555555	0.03462745098039216	19.0	218.39080459770116	0.2638888888888889	0.1813137254901961	26.0	298.8505747126437	3.0	34.48275862068965	0.7152663398692812	0.5067	0.5587624183006535	0.7931034482758621	51	33	0.5862068965517241	trust	0.2638888888888889	wikivir.cleaned.xml	1935	Vila omoži svojo hčer s kraljičem	Fran Hubad		pripovedke				
emotion_fear_per_1k	205.8823529411765	emotion_fear_per_1k; lexical_token_count>=80; word_token_count>=80	wikivir-017540::window::68	window	wikivir-017540	349	170	21.0	123.52941176470588	0.168	0.12047619047619049	16.0	94.11764705882352	0.128	0.08796428571428572	15.0	88.23529411764706	0.12	0.08498809523809525	35.0	205.88235294117646	0.28	0.19478571428571426	5.0	29.41176470588235	0.04	0.04583333333333333	12.0	70.58823529411765	0.096	0.09404761904761905	6.0	35.294117647058826	0.048	0.03673809523809523	15.0	88.23529411764706	0.12	0.10158333333333334	15.0	88.23529411764706	32.0	188.23529411764704	0.4610714285714285	0.5547063492063491	0.5950714285714287	-0.3617021276595745	84	57	0.49411764705882355	fear	0.28	wikivir.cleaned.xml	17540	Nihilist	Vitomir Feodor Jelenc	20	proza			1908	
emotion_anticipation_per_1k	205.4794520547945	emotion_anticipation_per_1k; lexical_token_count>=80; word_token_count>=80	wikivir-014584::window::38	window	wikivir-014584	360	146	5.0	34.24657534246575	0.049019607843137254	0.026349999999999995	30.0	205.4794520547945	0.29411764705882354	0.145675	4.0	27.397260273972602	0.0392156862745098	0.020225	7.0	47.94520547945205	0.06862745098039216	0.053825	10.0	68.4931506849315	0.09803921568627451	0.0672	6.0	41.0958904109589	0.058823529411764705	0.0469125	8.0	54.794520547945204	0.0784313725490196	0.0610375	32.0	219.17808219178082	0.3137254901960784	0.2421125	34.0	232.8767123287671	11.0	75.34246575342465	0.6024717261904762	0.4036438988095238	0.5549931547619048	0.5111111111111111	80	55	0.547945205479452	trust	0.3137254901960784	wikivir.cleaned.xml	14584	Žrtev razmer	Miroslav Malovrh	20	proza			1903	
emotion_anticipation_per_1k	205.40540540540545	emotion_anticipation_per_1k; lexical_token_count>=80; word_token_count>=80	wikivir-004787::window::22	window	wikivir-004787	376	185	2.0	10.81081081081081	0.0136986301369863	0.006848214285714286	38.0	205.40540540540542	0.2602739726027397	0.151	1.0	5.405405405405405	0.00684931506849315	0.004464285714285714	9.0	48.64864864864865	0.06164383561643835	0.02414285714285714	36.0	194.5945945945946	0.2465753424657534	0.17552678571428573	3.0	16.216216216216218	0.02054794520547945	0.010758928571428572	16.0	86.48648648648648	0.1095890410958904	0.02875892857142857	41.0	221.62162162162164	0.2808219178082192	0.19891071428571427	55.0	297.2972972972973	2.0	10.81081081081081	0.6686480654761905	0.4266436011904761	0.621609375	0.9298245614035088	112	70	0.6054054054054054	trust	0.2808219178082192	wikivir.cleaned.xml	4787	Akropolis in piramide	Anton Aškerc	20	pesmi				
emotion_anticipation_per_1k	205.2980132450331	emotion_anticipation_per_1k; lexical_token_count>=80; word_token_count>=80	wikivir-000583::window::219	window	wikivir-000583	355	151	5.0	33.11258278145696	0.046296296296296294	0.018526315789473686	31.0	205.2980132450331	0.28703703703703703	0.13642105263157894	4.0	26.490066225165563	0.037037037037037035	0.022778947368421048	4.0	26.490066225165563	0.037037037037037035	0.029357894736842107	24.0	158.94039735099338	0.2222222222222222	0.13922105263157894	7.0	46.35761589403974	0.06481481481481481	0.05121052631578948	10.0	66.22516556291392	0.09259259259259259	0.03783157894736842	23.0	152.31788079470198	0.21296296296296297	0.1146736842105263	46.0	304.63576158940396	9.0	59.602649006622514	0.6598570175438596	0.4400166666666667	0.5650684210526317	0.6727272727272727	95	70	0.6291390728476821	anticipation	0.28703703703703703	wikivir.cleaned.xml	583	Angelin Hidar	Ivan Lah		zgodovinski romani				
emotion_anticipation_per_1k	204.9689440993789	emotion_anticipation_per_1k; lexical_token_count>=80; word_token_count>=80	wikivir-004483::window::199	window	wikivir-004483	414	161	8.0	49.689440993788814	0.064	0.024659574468085105	33.0	204.9689440993789	0.264	0.17043617021276597	9.0	55.900621118012424	0.072	0.033138297872340426	6.0	37.267080745341616	0.048	0.04232978723404256	22.0	136.64596273291926	0.176	0.1526063829787234	9.0	55.900621118012424	0.072	0.07130851063829788	15.0	93.16770186335403	0.12	0.05319148936170213	23.0	142.85714285714286	0.184	0.15277659574468086	30.0	186.33540372670805	12.0	74.53416149068323	0.5940445035460993	0.4385916666666667	0.5112670212765957	0.42857142857142855	94	76	0.5838509316770186	anticipation	0.264	wikivir.cleaned.xml	4483	Mlada ljubezen	Alojz Kraigher	20	romani				
emotion_anticipation_per_1k	204.37956204379563	emotion_anticipation_per_1k; lexical_token_count>=80; word_token_count>=80	wikivir-003949::window::313	window	wikivir-003949	352	137	8.0	58.394160583941606	0.06956521739130435	0.05724050632911393	28.0	204.37956204379563	0.24347826086956523	0.18887341772151897	1.0	7.299270072992701	0.008695652173913044	0.010873417721518987	12.0	87.59124087591242	0.10434782608695652	0.09729113924050632	26.0	189.7810218978102	0.22608695652173913	0.18011392405063292	9.0	65.69343065693431	0.0782608695652174	0.04339240506329114	5.0	36.4963503649635	0.043478260869565216	0.01622784810126582	26.0	189.7810218978102	0.22608695652173913	0.17049367088607595	34.0	248.17518248175182	11.0	80.2919708029197	0.6606791139240507	0.4991244725738396	0.5520637130801687	0.5111111111111111	79	53	0.5766423357664233	anticipation	0.24347826086956523	wikivir.cleaned.xml	3949	Za lahko noč	Ela Peroci	20	pravljice				
emotion_fear_per_1k	204.08163265306123	emotion_fear_per_1k; lexical_token_count>=80; word_token_count>=80	wikivir-014605::window::202	window	wikivir-014605	403	147	12.0	81.63265306122449	0.14814814814814814	0.10863157894736843	1.0	6.802721088435374	0.012345679012345678	0.004210526315789474	6.0	40.816326530612244	0.07407407407407407	0.03526315789473684	30.0	204.08163265306123	0.37037037037037035	0.29277631578947366	1.0	6.802721088435374	0.012345679012345678	0.03826315789473684	18.0	122.44897959183673	0.2222222222222222	0.18975	10.0	68.02721088435375	0.12345679012345678	0.15203947368421053	3.0	20.408163265306122	0.037037037037037035	0.040710526315789475	5.0	34.013605442176875	28.0	190.47619047619045	0.4064744674185463	0.5094711779448622	0.4500941416040101	-0.696969696969697	76	43	0.5170068027210885	fear	0.37037037037037035	wikivir.cleaned.xml	14605	Kekec nad samotnim brezdnom	Josip Vandot	20	pripovedke				
emotion_fear_per_1k	203.59281437125748	emotion_fear_per_1k; lexical_token_count>=80; word_token_count>=80	wikivir-003929::window::6	window	wikivir-003929	403	167	14.0	83.8323353293413	0.1346153846153846	0.07358024691358026	5.0	29.940119760479043	0.04807692307692308	0.028209876543209878	15.0	89.82035928143712	0.14423076923076922	0.09425925925925925	34.0	203.59281437125748	0.3269230769230769	0.2684567901234568	4.0	23.952095808383234	0.038461538461538464	0.03746913580246914	15.0	89.82035928143712	0.14423076923076922	0.10802469135802469	12.0	71.8562874251497	0.11538461538461539	0.09825925925925925	5.0	29.940119760479043	0.04807692307692308	0.0350246913580247	11.0	65.8682634730539	31.0	185.62874251497004	0.4291543209876544	0.5467037037037036	0.4443333333333333	-0.47619047619047616	81	52	0.48502994011976047	fear	0.3269230769230769	wikivir.cleaned.xml	3929	Kam pa kam, kosovirja?/Smejalna rožica in strami Strašnik	Svetlana Makarovič	20	kratka proza				
emotion_fear_per_1k	202.6143790849673	emotion_fear_per_1k; lexical_token_count>=80; word_token_count>=80	wikivir-014011::window::11	window	wikivir-014011	417	153	14.0	91.5032679738562	0.1044776119402985	0.04756842105263158	20.0	130.71895424836603	0.14925373134328357	0.10755789473684213	7.0	45.7516339869281	0.05223880597014925	0.03841052631578948	31.0	202.6143790849673	0.23134328358208955	0.12152631578947368	19.0	124.18300653594771	0.1417910447761194	0.1376842105263158	6.0	39.21568627450981	0.04477611940298507	0.05922105263157895	17.0	111.1111111111111	0.12686567164179105	0.06409473684210527	20.0	130.71895424836603	0.14925373134328357	0.11902105263157896	23.0	150.32679738562092	18.0	117.6470588235294	0.5387980701754386	0.45444000000000007	0.5209822807017543	0.12195121951219512	95	63	0.6209150326797386	fear	0.23134328358208955	wikivir.cleaned.xml	14011	Malomeščani	Bratko Kreft	20	dramska besedila				
emotion_anticipation_per_1k	202.5862068965517	emotion_anticipation_per_1k; lexical_token_count>=80; word_token_count>=80	wikivir-008993::document::1	document	wikivir-008993	490	232	5.0	21.551724137931036	0.029411764705882353	0.017190476190476194	47.0	202.58620689655172	0.27647058823529413	0.18303809523809525	7.0	30.17241379310345	0.041176470588235294	0.018685714285714288	8.0	34.48275862068965	0.047058823529411764	0.026342857142857144	34.0	146.55172413793102	0.2	0.17085714285714287	5.0	21.551724137931036	0.029411764705882353	0.01698095238095238	8.0	34.48275862068965	0.047058823529411764	0.030142857142857145	56.0	241.3793103448276	0.32941176470588235	0.3099523809523809	61.0	262.9310344827586	9.0	38.793103448275865	0.665759410430839	0.42793646258503404	0.5905568480725624	0.7428571428571429	105	59	0.4525862068965517	trust	0.32941176470588235	wikivir.cleaned.xml	8993	Slomsek Apostolska hrana/84							
emotion_joy_per_1k	201.2578616352201	emotion_joy_per_1k; lexical_token_count>=80; word_token_count>=80	wikivir-020034::window::240	window	wikivir-020034	372	159	4.0	25.157232704402517	0.03636363636363636	0.016235294117647056	22.0	138.36477987421384	0.2	0.13930588235294117	3.0	18.867924528301884	0.02727272727272727	0.010494117647058822	14.0	88.0503144654088	0.12727272727272726	0.028247058823529413	32.0	201.25786163522014	0.2909090909090909	0.3016588235294118	2.0	12.578616352201259	0.01818181818181818	0.013976470588235293	8.0	50.314465408805034	0.07272727272727272	0.044388235294117645	25.0	157.2327044025157	0.22727272727272727	0.23343529411764705	41.0	257.8616352201258	6.0	37.73584905660377	0.7158890196078431	0.4835901960784314	0.6213349019607843	0.7446808510638298	85	64	0.5345911949685535	joy	0.2909090909090909	wikivir.cleaned.xml	20034	Olga	Fran Govekar	20	romani				
emotion_anticipation_per_1k	201.21951219512195	emotion_anticipation_per_1k; lexical_token_count>=80; word_token_count>=80	wikivir-010868::window::47	window	wikivir-010868	351	164	6.0	36.58536585365854	0.045112781954887216	0.0160188679245283	33.0	201.21951219512195	0.24812030075187969	0.15530188679245285	3.0	18.29268292682927	0.022556390977443608	0.005320754716981133	12.0	73.17073170731707	0.09022556390977443	0.032462264150943394	27.0	164.63414634146343	0.20300751879699247	0.23020754716981134	8.0	48.78048780487805	0.06015037593984962	0.027283018867924527	12.0	73.17073170731707	0.09022556390977443	0.04328301886792452	32.0	195.1219512195122	0.24060150375939848	0.17917924528301885	46.0	280.4878048780488	13.0	79.26829268292683	0.6583384433962264	0.46993160377358484	0.5966552672955974	0.559322033898305	106	67	0.6463414634146342	anticipation	0.24812030075187969	wikivir.cleaned.xml	10868	Gospod Ravbar	Ivan Lah	20	epska pesnitev				
emotion_joy_per_1k	201.21951219512195	emotion_joy_per_1k; lexical_token_count>=80; word_token_count>=80	wikivir-003812::window::10	window	wikivir-003812	380	164	5.0	30.48780487804878	0.03968253968253968	0.020675675675675676	23.0	140.2439024390244	0.18253968253968253	0.10951351351351352	4.0	24.390243902439025	0.031746031746031744	0.018864864864864862	9.0	54.8780487804878	0.07142857142857142	0.021252252252252253	33.0	201.21951219512195	0.2619047619047619	0.2828828828828829	13.0	79.26829268292683	0.10317460317460317	0.07615315315315314	16.0	97.5609756097561	0.12698412698412698	0.06142342342342341	23.0	140.2439024390244	0.18253968253968253	0.1671171171171171	38.0	231.70731707317074	14.0	85.3658536585366	0.6922970827970828	0.44953925353925345	0.5532131059631061	0.46153846153846156	111	69	0.676829268292683	joy	0.2619047619047619	wikivir.cleaned.xml	3812	Klic po ljubezni	Klara Filipič	21	pesmi				
emotion_joy_per_1k	201.18343195266272	emotion_joy_per_1k; lexical_token_count>=80; word_token_count>=80	wikivir-016566::window::14	window	wikivir-016566	387	169	5.0	29.585798816568047	0.04950495049504951	0.023851851851851853	20.0	118.34319526627219	0.19801980198019803	0.08989814814814814	5.0	29.585798816568047	0.04950495049504951	0.020324074074074078	9.0	53.25443786982249	0.0891089108910891	0.030157407407407414	34.0	201.18343195266272	0.33663366336633666	0.20248148148148146	9.0	53.25443786982249	0.0891089108910891	0.06602777777777778	3.0	17.75147928994083	0.0297029702970297	0.010342592592592592	16.0	94.67455621301775	0.15841584158415842	0.1122777777777778	42.0	248.5207100591716	12.0	71.00591715976331	0.6703379629629628	0.49119367283950616	0.555400462962963	0.5555555555555556	108	51	0.6390532544378699	joy	0.33663366336633666	wikivir.cleaned.xml	16566	Predavanja	Ivan Hribovšek	20	neleposlovje				
emotion_anticipation_per_1k	200.0	emotion_anticipation_per_1k; lexical_token_count>=80; word_token_count>=80	wikivir-020028::window::26	window	wikivir-020028	351	150	8.0	53.333333333333336	0.06201550387596899	0.03324390243902439	30.0	200.0	0.23255813953488372	0.2286341463414634	5.0	33.333333333333336	0.03875968992248062	0.02401219512195122	8.0	53.333333333333336	0.06201550387596899	0.03019512195121951	30.0	200.0	0.23255813953488372	0.20724390243902438	6.0	40.0	0.046511627906976744	0.05002439024390244	9.0	60.0	0.06976744186046512	0.033146341463414636	33.0	220.0	0.2558139534883721	0.241	39.0	260.0	11.0	73.33333333333333	0.6385853658536585	0.508030487804878	0.5538721544715447	0.56	82	53	0.5466666666666666	trust	0.2558139534883721	wikivir.cleaned.xml	20028	Kažipot ameriškim Slovenkam	Zora Vitomir	20	prirocniki			1915	
emotion_fear_per_1k	200.0	emotion_fear_per_1k; lexical_token_count>=80; word_token_count>=80	wikivir-016894::window::619	window	wikivir-016894	380	160	24.0	150.0	0.16901408450704225	0.12026436781609194	14.0	87.5	0.09859154929577464	0.07236781609195402	21.0	131.25	0.14788732394366197	0.1212528735632184	32.0	200.0	0.22535211267605634	0.18988505747126436	7.0	43.75	0.04929577464788732	0.043333333333333335	19.0	118.75	0.13380281690140844	0.1276206896551724	10.0	62.5	0.07042253521126761	0.08019540229885057	15.0	93.75	0.1056338028169014	0.11386206896551723	21.0	131.25	36.0	225.0	0.4366484674329503	0.5691503831417624	0.5233659003831417	-0.2631578947368421	87	64	0.54375	fear	0.22535211267605634	wikivir.cleaned.xml	16894	Giuseppo Musolino	Heinrich Sochaczewsky	20	kolportazni romani				
emotion_fear_per_1k	200.0	emotion_fear_per_1k; lexical_token_count>=80; word_token_count>=80	wikivir-002807::window::29	window	wikivir-002807	421	185	7.0	37.83783783783784	0.051470588235294115	0.03976530612244898	24.0	129.72972972972974	0.17647058823529413	0.12307142857142857	3.0	16.216216216216218	0.022058823529411766	0.018173469387755103	37.0	200.0	0.27205882352941174	0.12205102040816326	20.0	108.10810810810811	0.14705882352941177	0.13583673469387755	16.0	86.48648648648648	0.11764705882352941	0.09999999999999999	13.0	70.27027027027027	0.09558823529411764	0.06792857142857144	16.0	86.48648648648648	0.11764705882352941	0.09168367346938774	35.0	189.1891891891892	26.0	140.54054054054055	0.5462650631681243	0.4484334305150632	0.49422181729834797	0.14754098360655737	98	65	0.5297297297297298	fear	0.27205882352941174	wikivir.cleaned.xml	2807	Smrt	Anton Funtek	19	pesmi			1986	
emotion_anticipation_per_1k	200.0	emotion_anticipation_per_1k; lexical_token_count>=80; word_token_count>=80	wikivir-013177::window::151	window	wikivir-013177	187	80	1.0	12.5	0.01694915254237288	0.0055	16.0	200.0	0.2711864406779661	0.18747727272727274	0.0	0.0	0.0	0.0	1.0	12.5	0.01694915254237288	0.007818181818181818	14.0	175.0	0.23728813559322035	0.2154318181818182	3.0	37.5	0.05084745762711865	0.03081818181818182	9.0	112.5	0.15254237288135594	0.09020454545454547	15.0	187.5	0.2542372881355932	0.19272727272727275	19.0	237.5	2.0	25.0	0.6652007575757576	0.4349469696969697	0.5341382575757575	0.8095238095238095	44	36	0.55	anticipation	0.2711864406779661	wikivir.cleaned.xml	13177	Preko vseh ovir	Ana Lebar	20	proza			1928	
emotion_fear_per_1k	200.0	emotion_fear_per_1k; lexical_token_count>=80; word_token_count>=80	wikivir-013354::window::3	window	wikivir-013354	188	95	17.0	178.94736842105263	0.25757575757575757	0.15005172413793103	7.0	73.68421052631578	0.10606060606060606	0.05860344827586207	4.0	42.10526315789473	0.06060606060606061	0.04808620689655172	19.0	200.0	0.2878787878787879	0.18386206896551724	4.0	42.10526315789473	0.06060606060606061	0.0605	6.0	63.15789473684211	0.09090909090909091	0.06134482758620689	3.0	31.578947368421055	0.045454545454545456	0.027482758620689652	6.0	63.15789473684211	0.09090909090909091	0.07005172413793105	12.0	126.31578947368422	22.0	231.57894736842104	0.4769468390804599	0.5420028735632184	0.5465689655172414	-0.29411764705882354	58	44	0.6105263157894737	fear	0.2878787878787879	wikivir.cleaned.xml	13354	Zadnji mož		20	kratka proza				
emotion_joy_per_1k	198.6754966887417	emotion_joy_per_1k; lexical_token_count>=80; word_token_count>=80	wikivir-007300::window::126	window	wikivir-007300	364	151	5.0	33.11258278145696	0.03787878787878788	0.01603125	28.0	185.43046357615896	0.21212121212121213	0.15254166666666666	7.0	46.35761589403974	0.05303030303030303	0.028072916666666666	5.0	33.11258278145696	0.03787878787878788	0.035041666666666665	30.0	198.6754966887417	0.22727272727272727	0.17138541666666665	1.0	6.622516556291391	0.007575757575757576	0.0063437499999999996	28.0	185.43046357615896	0.21212121212121213	0.09785416666666664	28.0	185.43046357615896	0.21212121212121213	0.1296770833333333	38.0	251.65562913907286	8.0	52.980132450331126	0.6733828124999999	0.46741875000000005	0.5383399305555555	0.6521739130434783	96	55	0.6357615894039735	joy	0.22727272727272727	wikivir.cleaned.xml	7300	Zvesti jazbec	Neža Maurer	20	pravljice				
emotion_joy_per_1k	198.6754966887417	emotion_joy_per_1k; lexical_token_count>=80; word_token_count>=80	wikivir-010835::window::37	window	wikivir-010835	351	151	2.0	13.245033112582782	0.02247191011235955	0.01436	20.0	132.45033112582783	0.2247191011235955	0.1268	3.0	19.867549668874172	0.033707865168539325	0.021146666666666664	6.0	39.735099337748345	0.06741573033707865	0.035853333333333334	30.0	198.6754966887417	0.33707865168539325	0.3083733333333334	1.0	6.622516556291391	0.011235955056179775	0.010306666666666667	6.0	39.735099337748345	0.06741573033707865	0.04064000000000001	21.0	139.0728476821192	0.23595505617977527	0.2906533333333333	40.0	264.90066225165566	7.0	46.35761589403974	0.677477111111111	0.4669119999999999	0.5907393333333334	0.7021276595744681	75	50	0.4966887417218543	joy	0.33707865168539325	wikivir.cleaned.xml	10835	Lastovkam nasproti	Franc Ksaver Meško	20	črtice				
emotion_joy_per_1k	198.11320754716985	emotion_joy_per_1k; lexical_token_count>=80; word_token_count>=80	wikivir-015058::window::1	window	wikivir-015058	208	106	9.0	84.90566037735849	0.09278350515463918	0.03825714285714286	17.0	160.37735849056602	0.17525773195876287	0.11741428571428571	4.0	37.73584905660377	0.041237113402061855	0.026457142857142856	9.0	84.90566037735849	0.09278350515463918	0.04891428571428571	21.0	198.11320754716982	0.21649484536082475	0.25878571428571434	6.0	56.60377358490566	0.061855670103092786	0.04315714285714286	7.0	66.0377358490566	0.07216494845360824	0.04207142857142857	24.0	226.41509433962264	0.24742268041237114	0.22558571428571433	39.0	367.92452830188677	7.0	66.0377358490566	0.6696684523809522	0.46597500000000003	0.5915839285714284	0.6956521739130435	70	48	0.660377358490566	trust	0.24742268041237114	wikivir.cleaned.xml	15058	O, sveta noč	Placide Cappeau	19	pesmi				
emotion_joy_per_1k	198.11320754716985	emotion_joy_per_1k; lexical_token_count>=80; word_token_count>=80	wikivir-015058::document::1	document	wikivir-015058	209	106	9.0	84.90566037735849	0.09278350515463918	0.03825714285714286	17.0	160.37735849056602	0.17525773195876287	0.11741428571428571	4.0	37.73584905660377	0.041237113402061855	0.026457142857142856	9.0	84.90566037735849	0.09278350515463918	0.04891428571428571	21.0	198.11320754716982	0.21649484536082475	0.25878571428571434	6.0	56.60377358490566	0.061855670103092786	0.04315714285714286	7.0	66.0377358490566	0.07216494845360824	0.04207142857142857	24.0	226.41509433962264	0.24742268041237114	0.22558571428571433	39.0	367.92452830188677	7.0	66.0377358490566	0.6696684523809522	0.46597500000000003	0.5915839285714284	0.6956521739130435	70	48	0.660377358490566	trust	0.24742268041237114	wikivir.cleaned.xml	15058	O, sveta noč	Placide Cappeau	19	pesmi				
emotion_joy_per_1k	197.5308641975309	emotion_joy_per_1k; lexical_token_count>=80; word_token_count>=80	wikivir-000600::window::314	window	wikivir-000600	371	162	6.0	37.03703703703704	0.04838709677419355	0.03321875	29.0	179.01234567901233	0.23387096774193547	0.14375000000000002	5.0	30.864197530864196	0.04032258064516129	0.027989583333333335	7.0	43.20987654320987	0.056451612903225805	0.049124999999999995	32.0	197.53086419753086	0.25806451612903225	0.28204166666666663	11.0	67.90123456790123	0.08870967741935484	0.0741875	15.0	92.59259259259258	0.12096774193548387	0.07658333333333334	19.0	117.28395061728395	0.1532258064516129	0.14230208333333336	42.0	259.25925925925924	15.0	92.59259259259258	0.6584925347222222	0.5109869791666667	0.5894574652777778	0.47368421052631576	96	59	0.5925925925925926	joy	0.25806451612903225	wikivir.cleaned.xml	600	Hanka	Zofka Kveder		romani				
emotion_joy_per_1k	197.45222929936307	emotion_joy_per_1k; lexical_token_count>=80; word_token_count>=80	wikivir-011571::window::112	window	wikivir-011571	365	157	16.0	101.91082802547771	0.125	0.04092222222222223	20.0	127.38853503184713	0.15625	0.0695888888888889	9.0	57.32484076433121	0.0703125	0.011366666666666666	9.0	57.32484076433121	0.0703125	0.04786666666666666	31.0	197.45222929936307	0.2421875	0.17976666666666669	7.0	44.58598726114649	0.0546875	0.03125555555555555	16.0	101.91082802547771	0.125	0.0399	20.0	127.38853503184713	0.15625	0.12432222222222222	37.0	235.6687898089172	10.0	63.69426751592356	0.6196972222222221	0.44449537037037035	0.5224296296296297	0.574468085106383	90	51	0.5732484076433121	joy	0.2421875	wikivir.cleaned.xml	11571	Slovenske ljudske pripovedi		20	proza				
emotion_joy_per_1k	196.8503937007874	emotion_joy_per_1k; lexical_token_count>=80; word_token_count>=80	wikivir-003388::window::52	window	wikivir-003388	278	127	2.0	15.748031496062993	0.028169014084507043	0.011627906976744186	18.0	141.73228346456693	0.2535211267605634	0.10645348837209304	1.0	7.874015748031496	0.014084507042253521	0.005627906976744186	2.0	15.748031496062993	0.028169014084507043	0.018825581395348838	25.0	196.8503937007874	0.352112676056338	0.15167441860465114	0.0	0.0	0.0	0.0	9.0	70.86614173228347	0.1267605633802817	0.04960465116279069	14.0	110.23622047244095	0.19718309859154928	0.08213953488372092	27.0	212.5984251968504	3.0	23.62204724409449	0.6637624584717609	0.48171622369878175	0.5751447951273533	0.8	86	54	0.6771653543307087	joy	0.352112676056338	wikivir.cleaned.xml	3388	Veliki turnir	Matej Krajnc	21	romani				
emotion_joy_per_1k	196.6292134831461	emotion_joy_per_1k; lexical_token_count>=80; word_token_count>=80	wikivir-017804::window::100	window	wikivir-017804	365	178	2.0	11.235955056179774	0.015267175572519083	0.003976190476190476	30.0	168.53932584269663	0.22900763358778625	0.19854761904761906	3.0	16.853932584269664	0.022900763358778626	0.011357142857142857	8.0	44.9438202247191	0.061068702290076333	0.01611904761904762	35.0	196.6292134831461	0.26717557251908397	0.27726190476190476	2.0	11.235955056179774	0.015267175572519083	0.02229761904761905	12.0	67.41573033707866	0.0916030534351145	0.048999999999999995	39.0	219.1011235955056	0.29770992366412213	0.34039285714285716	49.0	275.2808988764045	7.0	39.32584269662921	0.7170355725623582	0.38971293934240364	0.6213674886621315	0.75	84	45	0.47191011235955055	trust	0.29770992366412213	wikivir.cleaned.xml	17804	Popotnik široke in ozke poti	Franc Veriti	19	proza			1828	
emotion_joy_per_1k	196.42857142857144	emotion_joy_per_1k; lexical_token_count>=80; word_token_count>=80	wikivir-016569::window::87	window	wikivir-016569	372	168	5.0	29.76190476190476	0.03937007874015748	0.02878823529411765	16.0	95.23809523809523	0.12598425196850394	0.09971764705882352	7.0	41.666666666666664	0.05511811023622047	0.03391764705882353	11.0	65.47619047619048	0.08661417322834646	0.0501764705882353	33.0	196.42857142857142	0.25984251968503935	0.1931529411764706	7.0	41.666666666666664	0.05511811023622047	0.05235294117647059	15.0	89.28571428571429	0.11811023622047244	0.0818	33.0	196.42857142857142	0.25984251968503935	0.23721176470588234	41.0	244.04761904761904	13.0	77.38095238095238	0.6544111344537815	0.43644563025210076	0.5051926750700279	0.5185185185185185	85	53	0.5059523809523809	joy	0.25984251968503935	wikivir.cleaned.xml	16569	Gospod Mirodolski	Josip Stritar	19	romani			1876	
emotion_fear_per_1k	196.319018404908	emotion_fear_per_1k; lexical_token_count>=80; word_token_count>=80	wikivir-017784::window::5	window	wikivir-017784	345	163	26.0	159.5092024539877	0.25742574257425743	0.12746236559139787	11.0	67.48466257668711	0.10891089108910891	0.058881720430107524	3.0	18.404907975460123	0.0297029702970297	0.01688172043010753	32.0	196.31901840490798	0.31683168316831684	0.21445161290322584	6.0	36.809815950920246	0.0594059405940594	0.048	6.0	36.809815950920246	0.0594059405940594	0.042881720430107524	6.0	36.809815950920246	0.0594059405940594	0.024784946236559136	11.0	67.48466257668711	0.10891089108910891	0.07710752688172043	21.0	128.83435582822085	30.0	184.04907975460122	0.5042304659498209	0.5586896057347669	0.5643574244751665	-0.17647058823529413	93	62	0.5705521472392638	fear	0.31683168316831684	wikivir.cleaned.xml	17784	Baron Andrej Čehovin 1843–49		19	kratka proza			1893	
emotion_fear_per_1k	196.2025316455696	emotion_fear_per_1k; lexical_token_count>=80; word_token_count>=80	wikivir-015035::window::139	window	wikivir-015035	363	158	15.0	94.9367088607595	0.14705882352941177	0.12204545454545455	9.0	56.962025316455694	0.08823529411764706	0.05680681818181819	13.0	82.27848101265822	0.12745098039215685	0.07777272727272727	31.0	196.20253164556962	0.30392156862745096	0.22985227272727274	1.0	6.329113924050633	0.00980392156862745	0.025363636363636366	14.0	88.60759493670886	0.13725490196078433	0.10652272727272728	11.0	69.62025316455696	0.10784313725490197	0.07972727272727273	8.0	50.63291139240506	0.0784313725490196	0.04422727272727273	11.0	69.62025316455696	32.0	202.53164556962025	0.4046663961038961	0.5434841720779221	0.46396320346320347	-0.4883720930232558	88	73	0.5569620253164557	fear	0.30392156862745096	wikivir.cleaned.xml	15035	Slovenec – glavar Indijancev	Frank S. Tauchar	20	povesti				
emotion_joy_per_1k	195.8762886597938	emotion_joy_per_1k; lexical_token_count>=80; word_token_count>=80	wikivir-017585::window::1	window	wikivir-017585	204	97	0.0	0.0	0.0	0.0	13.0	134.02061855670104	0.20967741935483872	0.11665384615384614	0.0	0.0	0.0	0.0	2.0	20.61855670103093	0.03225806451612903	0.006615384615384615	19.0	195.8762886597938	0.3064516129032258	0.26744230769230765	4.0	41.23711340206186	0.06451612903225806	0.0013076923076923079	3.0	30.927835051546392	0.04838709677419355	0.022230769230769228	21.0	216.49484536082474	0.3387096774193548	0.22251923076923077	29.0	298.96907216494844	0.0	0.0	0.76391163003663	0.4678742673992674	0.5607340201465202	1.0	52	39	0.5360824742268041	trust	0.3387096774193548	wikivir.cleaned.xml	17585	Vodniku v zahvalni spomin za stoletnico njegovega rojstva	Anton Martin Slomšek	19	pesmi				
emotion_joy_per_1k	195.8762886597938	emotion_joy_per_1k; lexical_token_count>=80; word_token_count>=80	wikivir-017585::document::1	document	wikivir-017585	205	97	0.0	0.0	0.0	0.0	13.0	134.02061855670104	0.20967741935483872	0.11665384615384614	0.0	0.0	0.0	0.0	2.0	20.61855670103093	0.03225806451612903	0.006615384615384615	19.0	195.8762886597938	0.3064516129032258	0.26744230769230765	4.0	41.23711340206186	0.06451612903225806	0.0013076923076923079	3.0	30.927835051546392	0.04838709677419355	0.022230769230769228	21.0	216.49484536082474	0.3387096774193548	0.22251923076923077	29.0	298.96907216494844	0.0	0.0	0.76391163003663	0.4678742673992674	0.5607340201465202	1.0	52	39	0.5360824742268041	trust	0.3387096774193548	wikivir.cleaned.xml	17585	Vodniku v zahvalni spomin za stoletnico njegovega rojstva	Anton Martin Slomšek	19	pesmi				
emotion_fear_per_1k	194.9685534591195	emotion_fear_per_1k; lexical_token_count>=80; word_token_count>=80	wikivir-000879::window::19	window	wikivir-000879	364	159	19.0	119.49685534591195	0.16666666666666666	0.16075	9.0	56.60377358490566	0.07894736842105263	0.04491250000000001	14.0	88.0503144654088	0.12280701754385964	0.11306249999999998	31.0	194.9685534591195	0.2719298245614035	0.22490000000000002	9.0	56.60377358490566	0.07894736842105263	0.08003750000000001	12.0	75.47169811320754	0.10526315789473684	0.1149125	8.0	50.314465408805034	0.07017543859649122	0.05273749999999999	12.0	75.47169811320754	0.10526315789473684	0.12511250000000002	23.0	144.65408805031447	31.0	194.9685534591195	0.47229166666666667	0.5492954166666666	0.5493054166666667	-0.14814814814814814	80	54	0.5031446540880503	fear	0.2719298245614035	wikivir.cleaned.xml	879	Malikovanje zločina	Narte Velikonja	20	proza				
emotion_fear_per_1k	194.63087248322148	emotion_fear_per_1k; lexical_token_count>=80; word_token_count>=80	wikivir-000627::window::792	window	wikivir-000627	389	149	23.0	154.36241610738256	0.18110236220472442	0.10131645569620255	10.0	67.11409395973155	0.07874015748031496	0.07060759493670886	20.0	134.2281879194631	0.15748031496062992	0.08977215189873418	29.0	194.63087248322148	0.2283464566929134	0.17092405063291138	3.0	20.13422818791946	0.023622047244094488	0.07859493670886075	10.0	67.11409395973155	0.07874015748031496	0.07275949367088608	15.0	100.67114093959731	0.11811023622047244	0.10254430379746834	17.0	114.09395973154362	0.13385826771653545	0.1267594936708861	24.0	161.0738255033557	30.0	201.34228187919462	0.4539973628691983	0.5495801687763713	0.5282336497890294	-0.1111111111111111	79	54	0.5302013422818792	fear	0.2283464566929134	wikivir.cleaned.xml	627	Brambovci	Ivan Lah	20	zgodovinski romani			1911	
emotion_fear_per_1k	194.28571428571428	emotion_fear_per_1k; lexical_token_count>=80; word_token_count>=80	wikivir-017010::window::4	window	wikivir-017010	389	175	26.0	148.57142857142858	0.19548872180451127	0.11640476190476193	12.0	68.57142857142857	0.09022556390977443	0.06711904761904762	13.0	74.28571428571429	0.09774436090225563	0.030571428571428576	34.0	194.28571428571428	0.2556390977443609	0.17654761904761906	1.0	5.714285714285714	0.007518796992481203	0.0609404761904762	17.0	97.14285714285714	0.12781954887218044	0.11359523809523811	13.0	74.28571428571429	0.09774436090225563	0.10742857142857144	17.0	97.14285714285714	0.12781954887218044	0.135	19.0	108.57142857142857	37.0	211.42857142857144	0.4682579365079364	0.4942678571428571	0.5235654761904762	-0.32142857142857145	84	54	0.48	fear	0.2556390977443609	wikivir.cleaned.xml	17010	Izgubljena stava	Julij Bučar	20	kratka proza			1909	
emotion_fear_per_1k	193.1818181818182	emotion_fear_per_1k; lexical_token_count>=80; word_token_count>=80	wikivir-020393::window::1	window	wikivir-020393	206	88	13.0	147.72727272727275	0.2549019607843137	0.14611904761904762	3.0	34.090909090909086	0.058823529411764705	0.035333333333333335	4.0	45.45454545454545	0.0784313725490196	0.04835714285714286	17.0	193.1818181818182	0.3333333333333333	0.24702380952380953	1.0	11.363636363636363	0.0196078431372549	0.013380952380952382	5.0	56.81818181818181	0.09803921568627451	0.05835714285714286	6.0	68.18181818181817	0.11764705882352941	0.06678571428571428	2.0	22.727272727272727	0.0392156862745098	0.028071428571428574	2.0	22.727272727272727	14.0	159.0909090909091	0.48026984126984135	0.5610063492063493	0.539911507936508	-0.75	42	35	0.4772727272727273	fear	0.3333333333333333	wikivir.cleaned.xml	20393	Brez strahu		20	pesmi				
emotion_fear_per_1k	193.1818181818182	emotion_fear_per_1k; lexical_token_count>=80; word_token_count>=80	wikivir-020393::document::1	document	wikivir-020393	207	88	13.0	147.72727272727275	0.2549019607843137	0.14611904761904762	3.0	34.090909090909086	0.058823529411764705	0.035333333333333335	4.0	45.45454545454545	0.0784313725490196	0.04835714285714286	17.0	193.1818181818182	0.3333333333333333	0.24702380952380953	1.0	11.363636363636363	0.0196078431372549	0.013380952380952382	5.0	56.81818181818181	0.09803921568627451	0.05835714285714286	6.0	68.18181818181817	0.11764705882352941	0.06678571428571428	2.0	22.727272727272727	0.0392156862745098	0.028071428571428574	2.0	22.727272727272727	14.0	159.0909090909091	0.48026984126984135	0.5610063492063493	0.539911507936508	-0.75	42	35	0.4772727272727273	fear	0.3333333333333333	wikivir.cleaned.xml	20393	Brez strahu		20	pesmi				
emotion_sadness_per_1k	192.30769230769232	emotion_sadness_per_1k; lexical_token_count>=80; word_token_count>=80	wikivir-004866::window::141	window	wikivir-004866	400	130	4.0	30.76923076923077	0.08163265306122448	0.041656716417910446	4.0	30.76923076923077	0.08163265306122448	0.03264179104477612	1.0	7.6923076923076925	0.02040816326530612	0.006999999999999999	3.0	23.076923076923077	0.061224489795918366	0.04176119402985075	2.0	15.384615384615385	0.04081632653061224	0.03713432835820896	25.0	192.30769230769232	0.5102040816326531	0.14213432835820894	3.0	23.076923076923077	0.061224489795918366	0.023208955223880598	7.0	53.84615384615385	0.14285714285714285	0.05620895522388059	14.0	107.6923076923077	31.0	238.46153846153848	0.4436044776119403	0.44010696517412934	0.43317412935323385	-0.37777777777777777	67	35	0.5153846153846153	sadness	0.5102040816326531	wikivir.cleaned.xml	4866	Za devetimi gorami			slovenske ljudske pravljice				
emotion_fear_per_1k	191.86046511627907	emotion_fear_per_1k; lexical_token_count>=80; word_token_count>=80	wikivir-017540::window::67	window	wikivir-017540	347	172	21.0	122.09302325581395	0.19626168224299065	0.14238271604938274	10.0	58.13953488372093	0.09345794392523364	0.050901234567901237	11.0	63.95348837209303	0.102803738317757	0.06596296296296296	33.0	191.86046511627907	0.308411214953271	0.1969135802469136	4.0	23.25581395348837	0.037383177570093455	0.0258641975308642	10.0	58.13953488372093	0.09345794392523364	0.0723827160493827	6.0	34.883720930232556	0.056074766355140186	0.03017283950617284	12.0	69.76744186046511	0.11214953271028037	0.08093827160493827	12.0	69.76744186046511	32.0	186.04651162790697	0.4276496913580247	0.5610010288065843	0.5689398148148148	-0.45454545454545453	81	62	0.47093023255813954	fear	0.308411214953271	wikivir.cleaned.xml	17540	Nihilist	Vitomir Feodor Jelenc	20	proza			1908	
emotion_fear_per_1k	191.7808219178082	emotion_fear_per_1k; lexical_token_count>=80; word_token_count>=80	wikivir-020155::window::46	window	wikivir-020155	371	146	18.0	123.2876712328767	0.17475728155339806	0.1329	10.0	68.4931506849315	0.0970873786407767	0.057787500000000006	10.0	68.4931506849315	0.0970873786407767	0.0746	28.0	191.7808219178082	0.27184466019417475	0.20806249999999998	5.0	34.24657534246575	0.04854368932038835	0.06593750000000001	18.0	123.2876712328767	0.17475728155339806	0.15305	4.0	27.397260273972602	0.038834951456310676	0.038575	10.0	68.4931506849315	0.0970873786407767	0.0860375	14.0	95.8904109589041	28.0	191.7808219178082	0.44392395833333326	0.5183333333333333	0.4931375	-0.3333333333333333	80	63	0.547945205479452	fear	0.27184466019417475	wikivir.cleaned.xml	20155	Kruha bi mu dali	Ivan Jontez	20	proza			1930	
emotion_fear_per_1k	191.61676646706587	emotion_fear_per_1k; lexical_token_count>=80; word_token_count>=80	wikivir-018956::window::10	window	wikivir-018956	439	167	14.0	83.8323353293413	0.16470588235294117	0.05011267605633803	7.0	41.91616766467065	0.08235294117647059	0.046450704225352114	8.0	47.90419161676647	0.09411764705882353	0.025464788732394366	32.0	191.61676646706587	0.3764705882352941	0.15811267605633805	1.0	5.9880239520958085	0.011764705882352941	0.05229577464788732	7.0	41.91616766467065	0.08235294117647059	0.05591549295774647	3.0	17.964071856287426	0.03529411764705882	0.03267605633802817	13.0	77.84431137724552	0.15294117647058825	0.13556338028169015	16.0	95.80838323353294	38.0	227.5449101796407	0.53682441314554	0.5068478873239437	0.6046239436619718	-0.4074074074074074	71	41	0.4251497005988024	fear	0.3764705882352941	wikivir.cleaned.xml	18956	Blaznica v prvem nadstropji	František Ferdinand Šamberk	19	dramska besedila			1880	
emotion_fear_per_1k	191.61676646706587	emotion_fear_per_1k; lexical_token_count>=80; word_token_count>=80	wikivir-021131::window::415	window	wikivir-021131	355	167	22.0	131.7365269461078	0.18181818181818182	0.12567816091954023	9.0	53.89221556886228	0.0743801652892562	0.0525287356321839	11.0	65.8682634730539	0.09090909090909091	0.04377011494252874	32.0	191.61676646706587	0.2644628099173554	0.17448275862068965	4.0	23.952095808383234	0.03305785123966942	0.08748275862068966	19.0	113.77245508982035	0.15702479338842976	0.113816091954023	5.0	29.940119760479043	0.04132231404958678	0.021459770114942527	19.0	113.77245508982035	0.15702479338842976	0.14672413793103448	19.0	113.77245508982035	30.0	179.64071856287424	0.5032599616858239	0.5153865900383141	0.5548226053639848	-0.22448979591836735	87	63	0.5209580838323353	fear	0.2644628099173554	wikivir.cleaned.xml	21131	Trije rodovi	Engelbert Gangl	20	proza				
emotion_fear_per_1k	190.78947368421052	emotion_fear_per_1k; lexical_token_count>=80; word_token_count>=80	wikivir-002736::window::4	window	wikivir-002736	356	152	17.0	111.84210526315789	0.15178571428571427	0.11417073170731708	17.0	111.84210526315789	0.15178571428571427	0.08654878048780489	7.0	46.05263157894736	0.0625	0.05324390243902439	29.0	190.78947368421055	0.25892857142857145	0.18426829268292685	6.0	39.473684210526315	0.05357142857142857	0.04	21.0	138.1578947368421	0.1875	0.11298780487804878	9.0	59.21052631578947	0.08035714285714286	0.057926829268292686	6.0	39.473684210526315	0.05357142857142857	0.03704878048780488	11.0	72.36842105263158	36.0	236.8421052631579	0.42773048780487805	0.529908536585366	0.5256831300813007	-0.5319148936170213	82	55	0.5394736842105263	fear	0.25892857142857145	wikivir.cleaned.xml	2736	Divji lovec (pravljica)			ljudske pravljice				
emotion_fear_per_1k	190.7514450867052	emotion_fear_per_1k; lexical_token_count>=80; word_token_count>=80	wikivir-020031::window::15	window	wikivir-020031	342	173	15.0	86.70520231213872	0.13761467889908258	0.05428703703703704	12.0	69.36416184971098	0.11009174311926606	0.04486111111111111	5.0	28.90173410404624	0.045871559633027525	0.0018055555555555557	33.0	190.7514450867052	0.30275229357798167	0.19935185185185184	6.0	34.68208092485549	0.05504587155963303	0.028777777777777774	8.0	46.24277456647398	0.07339449541284404	0.034861111111111114	20.0	115.60693641618496	0.1834862385321101	0.05237962962962964	10.0	57.80346820809248	0.09174311926605505	0.061472222222222234	12.0	69.36416184971098	20.0	115.60693641618496	0.5228402777777776	0.5410768518518518	0.5323929012345678	-0.25	108	66	0.6242774566473989	fear	0.30275229357798167	wikivir.cleaned.xml	20031	Po divjinah Kanade	Januš Golec	20	povesti			1935	
emotion_fear_per_1k	190.47619047619045	emotion_fear_per_1k; lexical_token_count>=80; word_token_count>=80	wikivir-013653::window::235	window	wikivir-013653	374	147	9.0	61.224489795918366	0.10714285714285714	0.06328358208955225	15.0	102.04081632653062	0.17857142857142858	0.11108955223880598	1.0	6.802721088435374	0.011904761904761904	0.009791044776119404	28.0	190.47619047619045	0.3333333333333333	0.2552089552238806	6.0	40.816326530612244	0.07142857142857142	0.07985074626865671	7.0	47.61904761904761	0.08333333333333333	0.0578955223880597	7.0	47.61904761904761	0.08333333333333333	0.06785074626865671	11.0	74.82993197278911	0.13095238095238096	0.0915373134328358	13.0	88.43537414965986	15.0	102.04081632653062	0.5238066808813077	0.583367448471926	0.5750625444207534	-0.07142857142857142	67	43	0.4557823129251701	fear	0.3333333333333333	wikivir.cleaned.xml	13653	Vitranec	Josip Vandot	20	pripovedke			1911	
emotion_surprise_per_1k	190.0	emotion_surprise_per_1k; lexical_token_count>=80; word_token_count>=80	wikivir-019347::document::1	document	wikivir-019347	198	100	0.0	0.0	0.0	0.0	5.0	50.0	0.125	0.04057692307692308	1.0	10.0	0.025	0.013826923076923077	2.0	20.0	0.05	0.01773076923076923	4.0	40.0	0.1	0.08734615384615384	1.0	10.0	0.025	0.0045000000000000005	19.0	190.0	0.475	0.1826153846153846	8.0	80.0	0.2	0.05734615384615385	7.0	70.0	23.0	230.0	0.6109070512820514	0.44618076923076927	0.48765576923076925	-0.5333333333333333	52	28	0.52	surprise	0.475	wikivir.cleaned.xml	19347	Kovaška	Peter Hitzinger	19	pesmi				
emotion_surprise_per_1k	190.0	emotion_surprise_per_1k; lexical_token_count>=80; word_token_count>=80	wikivir-019347::window::1	window	wikivir-019347	197	100	0.0	0.0	0.0	0.0	5.0	50.0	0.125	0.04057692307692308	1.0	10.0	0.025	0.013826923076923077	2.0	20.0	0.05	0.01773076923076923	4.0	40.0	0.1	0.08734615384615384	1.0	10.0	0.025	0.0045000000000000005	19.0	190.0	0.475	0.1826153846153846	8.0	80.0	0.2	0.05734615384615385	7.0	70.0	23.0	230.0	0.6109070512820514	0.44618076923076927	0.48765576923076925	-0.5333333333333333	52	28	0.52	surprise	0.475	wikivir.cleaned.xml	19347	Kovaška	Peter Hitzinger	19	pesmi				
emotion_fear_per_1k	189.873417721519	emotion_fear_per_1k; lexical_token_count>=80; word_token_count>=80	wikivir-020817::window::221	window	wikivir-020817	380	158	13.0	82.27848101265822	0.11711711711711711	0.12520512820512822	11.0	69.62025316455696	0.0990990990990991	0.05425641025641026	17.0	107.59493670886076	0.15315315315315314	0.14573076923076922	30.0	189.873417721519	0.2702702702702703	0.31356410256410255	3.0	18.9873417721519	0.02702702702702703	0.053217948717948715	23.0	145.56962025316454	0.2072072072072072	0.21350000000000002	7.0	44.30379746835443	0.06306306306306306	0.08344871794871794	7.0	44.30379746835443	0.06306306306306306	0.05687179487179487	10.0	63.29113924050633	33.0	208.86075949367088	0.3859230769230769	0.5537393162393163	0.4924284188034186	-0.5348837209302325	78	51	0.4936708860759494	fear	0.2702702702702703	wikivir.cleaned.xml	20817	Mlin nad Savo	Mimi Malenšek	20	zgodovinske povesti				
emotion_fear_per_1k	189.1891891891892	emotion_fear_per_1k; lexical_token_count>=80; word_token_count>=80	wikivir-012704::window::148	window	wikivir-012704	321	111	14.0	126.12612612612611	0.1891891891891892	0.12925806451612903	8.0	72.07207207207207	0.10810810810810811	0.06008064516129032	5.0	45.04504504504504	0.06756756756756757	0.03579032258064516	21.0	189.1891891891892	0.28378378378378377	0.2324032258064516	2.0	18.01801801801802	0.02702702702702703	0.04864516129032258	11.0	99.0990990990991	0.14864864864864866	0.13804838709677422	7.0	63.063063063063055	0.0945945945945946	0.0888548387096774	6.0	54.054054054054056	0.08108108108108109	0.06464516129032256	11.0	99.0990990990991	23.0	207.2072072072072	0.47499596774193553	0.5114946236559139	0.49666935483870966	-0.35294117647058826	62	54	0.5585585585585585	fear	0.28378378378378377	wikivir.cleaned.xml	12704	Maščevanje pravice	Jože Urbanija	20	povesti			1928	
emotion_fear_per_1k	189.02439024390245	emotion_fear_per_1k; lexical_token_count>=80; word_token_count>=80	wikivir-016894::window::403	window	wikivir-016894	386	164	23.0	140.2439024390244	0.21495327102803738	0.1849761904761905	10.0	60.97560975609756	0.09345794392523364	0.06327380952380952	13.0	79.26829268292683	0.12149532710280374	0.09477380952380951	31.0	189.02439024390245	0.2897196261682243	0.2574166666666666	5.0	30.48780487804878	0.04672897196261682	0.05253571428571429	9.0	54.8780487804878	0.08411214953271028	0.061916666666666675	11.0	67.07317073170732	0.102803738317757	0.07828571428571428	5.0	30.48780487804878	0.04672897196261682	0.061285714285714284	11.0	67.07317073170732	40.0	243.90243902439025	0.36697222222222226	0.576669642857143	0.47939781746031734	-0.5686274509803921	84	54	0.5121951219512195	fear	0.2897196261682243	wikivir.cleaned.xml	16894	Giuseppo Musolino	Heinrich Sochaczewsky	20	kolportazni romani				
emotion_fear_per_1k	188.88888888888889	emotion_fear_per_1k; lexical_token_count>=80; word_token_count>=80	wikivir-013902::document::1	document	wikivir-013902	190	90	12.0	133.33333333333334	0.2222222222222222	0.13875555555555555	3.0	33.333333333333336	0.05555555555555555	0.028111111111111114	4.0	44.44444444444444	0.07407407407407407	0.029666666666666668	17.0	188.88888888888889	0.3148148148148148	0.23359999999999997	1.0	11.11111111111111	0.018518518518518517	0.07173333333333333	14.0	155.55555555555557	0.25925925925925924	0.24666666666666665	2.0	22.22222222222222	0.037037037037037035	0.079	1.0	11.11111111111111	0.018518518518518517	0.013888888888888888	6.0	66.66666666666667	20.0	222.2222222222222	0.4641907407407407	0.4857944444444444	0.49752222222222214	-0.5384615384615384	45	28	0.5	fear	0.3148148148148148	wikivir.cleaned.xml	13902	Čuvar vojaških grobov	Tone Seliškar	20				1923	
emotion_fear_per_1k	188.88888888888889	emotion_fear_per_1k; lexical_token_count>=80; word_token_count>=80	wikivir-013902::window::1	window	wikivir-013902	189	90	12.0	133.33333333333334	0.2222222222222222	0.13875555555555555	3.0	33.333333333333336	0.05555555555555555	0.028111111111111114	4.0	44.44444444444444	0.07407407407407407	0.029666666666666668	17.0	188.88888888888889	0.3148148148148148	0.23359999999999997	1.0	11.11111111111111	0.018518518518518517	0.07173333333333333	14.0	155.55555555555557	0.25925925925925924	0.24666666666666665	2.0	22.22222222222222	0.037037037037037035	0.079	1.0	11.11111111111111	0.018518518518518517	0.013888888888888888	6.0	66.66666666666667	20.0	222.2222222222222	0.4641907407407407	0.4857944444444444	0.49752222222222214	-0.5384615384615384	45	28	0.5	fear	0.3148148148148148	wikivir.cleaned.xml	13902	Čuvar vojaških grobov	Tone Seliškar	20				1923	
emotion_sadness_per_1k	188.31168831168836	emotion_sadness_per_1k; lexical_token_count>=80; word_token_count>=80	wikivir-010735::window::4	window	wikivir-010735	393	154	6.0	38.96103896103896	0.0594059405940594	0.025138297872340426	15.0	97.40259740259741	0.1485148514851485	0.060914893617021286	19.0	123.37662337662337	0.18811881188118812	0.05620212765957446	6.0	38.96103896103896	0.0594059405940594	0.0391063829787234	9.0	58.44155844155844	0.0891089108910891	0.06563829787234042	29.0	188.31168831168833	0.2871287128712871	0.09658510638297874	5.0	32.467532467532465	0.04950495049504951	0.014638297872340424	12.0	77.92207792207792	0.1188118811881188	0.07264893617021276	21.0	136.36363636363635	24.0	155.84415584415584	0.5022801418439715	0.3351572695035461	0.4001031914893617	-0.06666666666666667	94	49	0.6103896103896104	sadness	0.2871287128712871	wikivir.cleaned.xml	10735	Pravljica O sivem mestu in črni roži	Marjana Moškrič	21	pravljice				
emotion_fear_per_1k	187.9699248120301	emotion_fear_per_1k; lexical_token_count>=80; word_token_count>=80	wikivir-017555::window::1	window	wikivir-017555	274	133	16.0	120.30075187969925	0.16494845360824742	0.16468115942028985	9.0	67.66917293233082	0.09278350515463918	0.07055072463768117	11.0	82.70676691729322	0.1134020618556701	0.10572463768115942	25.0	187.96992481203006	0.25773195876288657	0.2758695652173913	1.0	7.518796992481203	0.010309278350515464	0.0622608695652174	23.0	172.93233082706766	0.23711340206185566	0.2056231884057971	9.0	67.66917293233082	0.09278350515463918	0.11127536231884058	3.0	22.55639097744361	0.030927835051546393	0.021391304347826087	8.0	60.150375939849624	35.0	263.1578947368421	0.3840324361628709	0.5415351966873706	0.495632160110421	-0.627906976744186	69	51	0.518796992481203	fear	0.25773195876288657	wikivir.cleaned.xml	17555	Gorje! Ferrerjev duh vstaja!		20	pesmi			1910	
emotion_fear_per_1k	187.9699248120301	emotion_fear_per_1k; lexical_token_count>=80; word_token_count>=80	wikivir-017555::document::1	document	wikivir-017555	275	133	16.0	120.30075187969925	0.16494845360824742	0.16468115942028985	9.0	67.66917293233082	0.09278350515463918	0.07055072463768117	11.0	82.70676691729322	0.1134020618556701	0.10572463768115942	25.0	187.96992481203006	0.25773195876288657	0.2758695652173913	1.0	7.518796992481203	0.010309278350515464	0.0622608695652174	23.0	172.93233082706766	0.23711340206185566	0.2056231884057971	9.0	67.66917293233082	0.09278350515463918	0.11127536231884058	3.0	22.55639097744361	0.030927835051546393	0.021391304347826087	8.0	60.150375939849624	35.0	263.1578947368421	0.3840324361628709	0.5415351966873706	0.495632160110421	-0.627906976744186	69	51	0.518796992481203	fear	0.25773195876288657	wikivir.cleaned.xml	17555	Gorje! Ferrerjev duh vstaja!		20	pesmi			1910	
emotion_fear_per_1k	187.13450292397656	emotion_fear_per_1k; lexical_token_count>=80; word_token_count>=80	wikivir-016185::window::63	window	wikivir-016185	380	171	28.0	163.74269005847952	0.2014388489208633	0.13963366336633665	13.0	76.0233918128655	0.09352517985611511	0.06163366336633663	14.0	81.87134502923976	0.10071942446043165	0.06963366336633663	32.0	187.13450292397658	0.2302158273381295	0.1825049504950495	7.0	40.93567251461988	0.050359712230215826	0.0774950495049505	16.0	93.56725146198829	0.11510791366906475	0.09355445544554457	12.0	70.17543859649122	0.08633093525179857	0.08097029702970296	17.0	99.41520467836257	0.1223021582733813	0.10054455445544554	20.0	116.95906432748538	36.0	210.52631578947367	0.49807260726072616	0.5427367986798681	0.5615651815181518	-0.2857142857142857	101	80	0.5906432748538012	fear	0.2302158273381295	wikivir.cleaned.xml	16185	Po stopinjah Gospodovih	Franc Ksaver Meško	20	proza			1912	
emotion_fear_per_1k	186.74698795180723	emotion_fear_per_1k; lexical_token_count>=80; word_token_count>=80	wikivir-013230::window::3	window	wikivir-013230	434	166	8.0	48.19277108433735	0.08333333333333333	0.04014736842105263	5.0	30.120481927710845	0.052083333333333336	0.023178947368421056	12.0	72.28915662650603	0.125	0.08143157894736841	31.0	186.74698795180723	0.3229166666666667	0.19956842105263162	4.0	24.096385542168676	0.041666666666666664	0.031094736842105265	19.0	114.4578313253012	0.19791666666666666	0.1509684210526316	10.0	60.24096385542169	0.10416666666666667	0.06276842105263157	7.0	42.16867469879518	0.07291666666666667	0.0399578947368421	15.0	90.36144578313252	34.0	204.81927710843374	0.466093859649123	0.5046456140350878	0.4817149122807017	-0.3877551020408163	95	67	0.572289156626506	fear	0.3229166666666667	wikivir.cleaned.xml	13230	Oče		20	kratka proza				
emotion_fear_per_1k	186.33540372670805	emotion_fear_per_1k; lexical_token_count>=80; word_token_count>=80	wikivir-013264::window::16	window	wikivir-013264	370	161	28.0	173.91304347826087	0.2857142857142857	0.1697710843373494	5.0	31.055900621118013	0.05102040816326531	0.03173493975903614	6.0	37.267080745341616	0.061224489795918366	0.023530120481927708	30.0	186.33540372670805	0.30612244897959184	0.20426506024096386	3.0	18.633540372670808	0.030612244897959183	0.0264578313253012	11.0	68.32298136645963	0.11224489795918367	0.0742289156626506	10.0	62.11180124223603	0.10204081632653061	0.06551807228915663	5.0	31.055900621118013	0.05102040816326531	0.0311566265060241	16.0	99.37888198757763	38.0	236.0248447204969	0.432786546184739	0.5247259036144578	0.501518875502008	-0.4074074074074074	83	60	0.515527950310559	fear	0.30612244897959184	wikivir.cleaned.xml	13264	Ilustrirani glasnik	Matija Malešič	20	kratka proza				
emotion_fear_per_1k	186.20689655172416	emotion_fear_per_1k; lexical_token_count>=80; word_token_count>=80	wikivir-000671::window::146	window	wikivir-000671	285	145	15.0	103.44827586206897	0.15625	0.12353521126760562	8.0	55.172413793103445	0.08333333333333333	0.05438028169014084	19.0	131.0344827586207	0.19791666666666666	0.17840845070422537	27.0	186.20689655172416	0.28125	0.2624788732394366	2.0	13.793103448275861	0.020833333333333332	0.051845070422535215	18.0	124.13793103448276	0.1875	0.16621126760563382	2.0	13.793103448275861	0.020833333333333332	0.010788732394366198	5.0	34.48275862068965	0.052083333333333336	0.04630985915492958	12.0	82.75862068965517	28.0	193.10344827586206	0.4421150234741784	0.5067853789403086	0.4889994969818913	-0.4	71	48	0.4896551724137931	fear	0.28125	wikivir.cleaned.xml	671	Naše škodljive rastline/Bakterije	Martin Cilenšek	19	neleposlovje				
emotion_fear_per_1k	186.20689655172416	emotion_fear_per_1k; lexical_token_count>=80; word_token_count>=80	wikivir-002996::window::98	window	wikivir-002996	371	145	15.0	103.44827586206897	0.17857142857142858	0.11956060606060606	5.0	34.48275862068965	0.05952380952380952	0.031575757575757576	8.0	55.172413793103445	0.09523809523809523	0.06177272727272727	27.0	186.20689655172416	0.32142857142857145	0.2709393939393939	5.0	34.48275862068965	0.05952380952380952	0.07515151515151515	9.0	62.06896551724138	0.10714285714285714	0.10322727272727274	7.0	48.275862068965516	0.08333333333333333	0.06165151515151515	8.0	55.172413793103445	0.09523809523809523	0.09292424242424242	11.0	75.86206896551724	20.0	137.9310344827586	0.43531060606060606	0.5615303030303029	0.5582853535353536	-0.2903225806451613	66	53	0.45517241379310347	fear	0.32142857142857145	wikivir.cleaned.xml	2996	Drobiž	Fran Milčinski	20	proza				
emotion_fear_per_1k	185.7142857142857	emotion_fear_per_1k; lexical_token_count>=80; word_token_count>=80	wikivir-019872::window::205	window	wikivir-019872	410	140	10.0	71.42857142857143	0.14084507042253522	0.09777142857142856	1.0	7.142857142857142	0.014084507042253521	0.004571428571428572	6.0	42.857142857142854	0.08450704225352113	0.038285714285714284	26.0	185.71428571428572	0.36619718309859156	0.2820285714285715	1.0	7.142857142857142	0.014084507042253521	0.04154285714285714	17.0	121.42857142857143	0.23943661971830985	0.20132857142857147	7.0	50.0	0.09859154929577464	0.14097142857142858	3.0	21.428571428571427	0.04225352112676056	0.04698571428571428	5.0	35.714285714285715	25.0	178.57142857142858	0.4093984693877551	0.49948537414965993	0.4497557823129252	-0.6666666666666666	70	41	0.5	fear	0.36619718309859156	wikivir.cleaned.xml	19872	Kekec nad samotnim brezdnom	Josip Vandot	20	pripovedke			1924	
emotion_anger_per_1k	185.7142857142857	emotion_anger_per_1k; lexical_token_count>=80; word_token_count>=80	wikivir-006202::window::12	window	wikivir-006202	349	140	26.0	185.71428571428572	0.26804123711340205	0.16656338028169015	3.0	21.428571428571427	0.030927835051546393	0.017056338028169013	8.0	57.14285714285714	0.08247422680412371	0.05387323943661972	21.0	150.0	0.21649484536082475	0.18943661971830986	4.0	28.57142857142857	0.041237113402061855	0.015887323943661973	12.0	85.71428571428571	0.12371134020618557	0.1178169014084507	7.0	50.0	0.07216494845360824	0.07053521126760563	16.0	114.28571428571428	0.16494845360824742	0.1121830985915493	14.0	100.0	27.0	192.85714285714286	0.4334589201877934	0.5625082159624412	0.5400692488262911	-0.3170731707317073	71	56	0.5071428571428571	anger	0.26804123711340205	wikivir.cleaned.xml	6202	Mula v prepad - mula iz prepada	Tone Seliškar	20	kratka proza				
emotion_fear_per_1k	185.56701030927837	emotion_fear_per_1k; lexical_token_count>=80; word_token_count>=80	wikivir-020257::window::28	window	wikivir-020257	360	194	31.0	159.79381443298968	0.2672413793103448	0.16139772727272728	6.0	30.927835051546392	0.05172413793103448	0.03335227272727272	8.0	41.23711340206186	0.06896551724137931	0.03710227272727273	36.0	185.56701030927834	0.3103448275862069	0.2609318181818182	4.0	20.61855670103093	0.034482758620689655	0.030034090909090906	11.0	56.70103092783505	0.09482758620689655	0.04456818181818182	14.0	72.16494845360825	0.1206896551724138	0.08221590909090909	6.0	30.927835051546392	0.05172413793103448	0.029647727272727274	10.0	51.546391752577314	36.0	185.56701030927834	0.46573484848484853	0.5343714015151515	0.5604871212121213	-0.5652173913043478	88	59	0.4536082474226804	fear	0.3103448275862069	wikivir.cleaned.xml	20257	Spomini na osvobojenje Koroške	Josip Grdina	20	povesti			1931	
emotion_fear_per_1k	185.43046357615896	emotion_fear_per_1k; lexical_token_count>=80; word_token_count>=80	wikivir-016951::window::5	window	wikivir-016951	374	151	12.0	79.47019867549669	0.15384615384615385	0.07338356164383562	16.0	105.96026490066225	0.20512820512820512	0.10879452054794521	0.0	0.0	0.0	0.0	28.0	185.43046357615896	0.358974358974359	0.22289041095890413	3.0	19.867549668874172	0.038461538461538464	0.02723287671232877	13.0	86.09271523178808	0.16666666666666666	0.07619178082191781	2.0	13.245033112582782	0.02564102564102564	0.00973972602739726	4.0	26.490066225165563	0.05128205128205128	0.04076712328767123	12.0	79.47019867549669	22.0	145.6953642384106	0.4607054794520548	0.5458936073059361	0.5350600456621005	-0.29411764705882354	73	54	0.48344370860927155	fear	0.358974358974359	wikivir.cleaned.xml	16951	Lov na medvede		19	humoreska			1890	
emotion_fear_per_1k	185.3932584269663	emotion_fear_per_1k; lexical_token_count>=80; word_token_count>=80	wikivir-014822::window::18	window	wikivir-014822	378	178	24.0	134.8314606741573	0.15584415584415584	0.1459607843137255	21.0	117.97752808988764	0.13636363636363635	0.08866666666666667	10.0	56.17977528089887	0.06493506493506493	0.06259803921568627	33.0	185.3932584269663	0.21428571428571427	0.1364509803921569	18.0	101.12359550561797	0.11688311688311688	0.08973529411764707	19.0	106.74157303370787	0.12337662337662338	0.07692156862745098	1.0	5.617977528089887	0.006493506493506494	0.002911764705882353	28.0	157.30337078651684	0.18181818181818182	0.1789019607843137	29.0	162.92134831460675	33.0	185.3932584269663	0.524485294117647	0.46417075163398697	0.5891568627450979	-0.06451612903225806	102	46	0.5730337078651685	fear	0.21428571428571427	wikivir.cleaned.xml	14822	Kaj mora vedeti vsak Slovenec o Osvobodilni fronti		20	propagandne brosure			1944	
emotion_sadness_per_1k	181.8181818181818	emotion_sadness_per_1k; lexical_token_count>=80; word_token_count>=80	wikivir-011653::window::73	window	wikivir-011653	374	165	17.0	103.03030303030303	0.1440677966101695	0.08918556701030927	13.0	78.78787878787878	0.11016949152542373	0.044670103092783506	7.0	42.42424242424243	0.059322033898305086	0.049288659793814436	27.0	163.63636363636363	0.2288135593220339	0.1618659793814433	6.0	36.36363636363636	0.05084745762711865	0.04551546391752578	30.0	181.8181818181818	0.2542372881355932	0.16138144329896909	11.0	66.66666666666667	0.09322033898305085	0.03865979381443299	7.0	42.42424242424243	0.059322033898305086	0.04237113402061855	19.0	115.15151515151516	32.0	193.93939393939394	0.4579871134020619	0.43652457044673537	0.46747268041237117	-0.2549019607843137	97	69	0.5878787878787879	sadness	0.2542372881355932	wikivir.cleaned.xml	11653	Ljudje od Soče	Matija Malešič	20	proza			1918	
emotion_sadness_per_1k	179.85611510791367	emotion_sadness_per_1k; lexical_token_count>=80; word_token_count>=80	wikivir-020453::window::86	window	wikivir-020453	344	139	20.0	143.88489208633092	0.2	0.10009756097560976	5.0	35.97122302158273	0.05	0.030682926829268292	10.0	71.94244604316546	0.1	0.05032926829268292	20.0	143.88489208633092	0.2	0.15182926829268292	4.0	28.77697841726619	0.04	0.019134146341463414	25.0	179.85611510791367	0.25	0.09987804878048782	8.0	57.55395683453238	0.08	0.03782926829268293	8.0	57.55395683453238	0.08	0.05928048780487806	13.0	93.52517985611512	29.0	208.63309352517987	0.4585552845528455	0.499275	0.5025739837398373	-0.38095238095238093	82	57	0.5899280575539568	sadness	0.25	wikivir.cleaned.xml	20453	Moji doživljaji v svetovni vojni	Louis Zajec	20	proza			1935	
emotion_sadness_per_1k	179.01234567901233	emotion_sadness_per_1k; lexical_token_count>=80; word_token_count>=80	wikivir-015034::window::58	window	wikivir-015034	348	162	17.0	104.93827160493827	0.14655172413793102	0.11811842105263158	12.0	74.07407407407408	0.10344827586206896	0.06842105263157895	17.0	104.93827160493827	0.14655172413793102	0.1431578947368421	19.0	117.28395061728395	0.16379310344827586	0.16656578947368422	5.0	30.864197530864196	0.04310344827586207	0.055105263157894734	29.0	179.01234567901233	0.25	0.2671578947368421	10.0	61.72839506172839	0.08620689655172414	0.0704078947368421	7.0	43.20987654320987	0.0603448275862069	0.04976315789473684	10.0	61.72839506172839	29.0	179.01234567901233	0.4292883771929824	0.4396666666666666	0.41999780701754386	-0.48717948717948717	76	57	0.4691358024691358	sadness	0.25	wikivir.cleaned.xml	15034	Črna smrt	Franc Ksaver Meško	20	zgodovinske povesti				
emotion_sadness_per_1k	177.6315789473684	emotion_sadness_per_1k; lexical_token_count>=80; word_token_count>=80	wikivir-018019::window::13	window	wikivir-018019	353	152	8.0	52.63157894736842	0.07766990291262135	0.05147540983606557	13.0	85.52631578947368	0.1262135922330097	0.10221311475409836	11.0	72.36842105263158	0.10679611650485436	0.08131147540983606	26.0	171.05263157894737	0.2524271844660194	0.28608196721311474	0.0	0.0	0.0	0.0	27.0	177.6315789473684	0.2621359223300971	0.24181967213114755	12.0	78.94736842105263	0.11650485436893204	0.13424590163934427	6.0	39.473684210526315	0.05825242718446602	0.06827868852459017	7.0	46.05263157894736	33.0	217.10526315789474	0.408318306010929	0.5888224043715847	0.48861885245901643	-0.65	61	38	0.40131578947368424	sadness	0.2621359223300971	wikivir.cleaned.xml	18019	Stol v zimski obleki.	Janko Mlakar	20	potopis				
emotion_anger_per_1k	175.43859649122803	emotion_anger_per_1k; lexical_token_count>=80; word_token_count>=80	wikivir-017977::window::4	window	wikivir-017977	354	171	30.0	175.43859649122805	0.30303030303030304	0.1890238095238095	7.0	40.93567251461988	0.0707070707070707	0.037500000000000006	9.0	52.63157894736842	0.09090909090909091	0.05720238095238095	26.0	152.046783625731	0.26262626262626265	0.18529761904761904	0.0	0.0	0.0	0.04426190476190476	16.0	93.56725146198829	0.16161616161616163	0.11042857142857143	7.0	40.93567251461988	0.0707070707070707	0.049940476190476195	4.0	23.391812865497073	0.04040404040404041	0.023535714285714285	14.0	81.87134502923976	29.0	169.5906432748538	0.45234265873015883	0.5658878968253968	0.5514581349206349	-0.3488372093023256	84	62	0.49122807017543857	anger	0.30303030303030304	wikivir.cleaned.xml	17977	Kaznovana izdaja	Josip Benkovič	19	kratka proza			1888	
emotion_anger_per_1k	175.32467532467533	emotion_anger_per_1k; lexical_token_count>=80; word_token_count>=80	wikivir-016177::window::223	window	wikivir-016177	363	154	27.0	175.32467532467533	0.375	0.12327160493827159	0.0	0.0	0.0	0.0	5.0	32.467532467532465	0.06944444444444445	0.01217283950617284	18.0	116.88311688311688	0.25	0.11112345679012345	2.0	12.987012987012989	0.027777777777777776	0.019814814814814813	7.0	45.45454545454545	0.09722222222222222	0.04638271604938272	4.0	25.974025974025977	0.05555555555555555	0.03154320987654321	9.0	58.44155844155844	0.125	0.05225925925925927	11.0	71.42857142857143	24.0	155.84415584415584	0.5145951646090534	0.4911765432098765	0.5373247942386832	-0.37142857142857144	81	57	0.525974025974026	anger	0.375	wikivir.cleaned.xml	16177	Trebušnik na slovanskem jugu	Janko Mlakar	20	potopis			1910	
emotion_sadness_per_1k	175.25773195876286	emotion_sadness_per_1k; lexical_token_count>=80; word_token_count>=80	wikivir-013353::window::5	window	wikivir-013353	207	97	4.0	41.23711340206186	0.07407407407407407	0.031847457627118644	6.0	61.855670103092784	0.1111111111111111	0.04435593220338983	7.0	72.16494845360825	0.12962962962962962	0.06340677966101695	9.0	92.78350515463917	0.16666666666666666	0.09876271186440679	0.0	0.0	0.0	0.04823728813559322	17.0	175.25773195876286	0.3148148148148148	0.24028813559322038	4.0	41.23711340206186	0.07407407407407407	0.030847457627118643	7.0	72.16494845360825	0.12962962962962962	0.06128813559322034	7.0	72.16494845360825	14.0	144.3298969072165	0.46346129943502823	0.4624768361581921	0.4211717514124294	-0.3333333333333333	59	45	0.6082474226804123	sadness	0.3148148148148148	wikivir.cleaned.xml	13353	Materina pot		20	kratka proza				
emotion_sadness_per_1k	174.6987951807229	emotion_sadness_per_1k; lexical_token_count>=80; word_token_count>=80	wikivir-003846::window::4	window	wikivir-003846	340	166	17.0	102.40963855421687	0.1559633027522936	0.11658536585365854	11.0	66.26506024096386	0.10091743119266056	0.037512195121951225	7.0	42.16867469879518	0.06422018348623854	0.04839024390243903	20.0	120.48192771084338	0.1834862385321101	0.15215853658536585	8.0	48.19277108433735	0.07339449541284404	0.05647560975609756	29.0	174.6987951807229	0.26605504587155965	0.2530243902439024	9.0	54.21686746987952	0.08256880733944955	0.04953658536585366	8.0	48.19277108433735	0.07339449541284404	0.06623170731707317	16.0	96.3855421686747	32.0	192.7710843373494	0.4436920731707317	0.43101117886178864	0.40866666666666673	-0.3333333333333333	82	52	0.4939759036144578	sadness	0.26605504587155965	wikivir.cleaned.xml	3846	Ne protivi se božji naredbi	Manica Koman	20	pravljice			1923	
emotion_sadness_per_1k	174.49664429530202	emotion_sadness_per_1k; lexical_token_count>=80; word_token_count>=80	wikivir-007379::document::1	document	wikivir-007379	212	149	3.0	20.13422818791946	0.039473684210526314	0.015020408163265307	11.0	73.8255033557047	0.14473684210526316	0.04576530612244898	2.0	13.422818791946309	0.02631578947368421	0.011959183673469388	6.0	40.26845637583892	0.07894736842105263	0.03348979591836735	11.0	73.8255033557047	0.14473684210526316	0.07225510204081632	26.0	174.49664429530202	0.34210526315789475	0.10606122448979592	5.0	33.557046979865774	0.06578947368421052	0.018326530612244898	12.0	80.53691275167785	0.15789473684210525	0.061785714285714284	45.0	302.013422818792	8.0	53.691275167785236	0.6425714285714286	0.368843537414966	0.5033086734693878	0.6981132075471698	98	73	0.6577181208053692	sadness	0.34210526315789475	wikivir.cleaned.xml	7379	Modro	Tomaž Šalamun	20	pesmi	Romanje za Maruško			
emotion_sadness_per_1k	174.49664429530202	emotion_sadness_per_1k; lexical_token_count>=80; word_token_count>=80	wikivir-007379::window::1	window	wikivir-007379	212	149	3.0	20.13422818791946	0.039473684210526314	0.015020408163265307	11.0	73.8255033557047	0.14473684210526316	0.04576530612244898	2.0	13.422818791946309	0.02631578947368421	0.011959183673469388	6.0	40.26845637583892	0.07894736842105263	0.03348979591836735	11.0	73.8255033557047	0.14473684210526316	0.07225510204081632	26.0	174.49664429530202	0.34210526315789475	0.10606122448979592	5.0	33.557046979865774	0.06578947368421052	0.018326530612244898	12.0	80.53691275167785	0.15789473684210525	0.061785714285714284	45.0	302.013422818792	8.0	53.691275167785236	0.6425714285714286	0.368843537414966	0.5033086734693878	0.6981132075471698	98	73	0.6577181208053692	sadness	0.34210526315789475	wikivir.cleaned.xml	7379	Modro	Tomaž Šalamun	20	pesmi	Romanje za Maruško			
emotion_anger_per_1k	174.19354838709677	emotion_anger_per_1k; lexical_token_count>=80; word_token_count>=80	wikivir-014085::window::164	window	wikivir-014085	381	155	27.0	174.19354838709677	0.21951219512195122	0.13464634146341461	9.0	58.06451612903226	0.07317073170731707	0.059000000000000004	14.0	90.32258064516128	0.11382113821138211	0.05512195121951219	22.0	141.93548387096774	0.17886178861788618	0.11353658536585365	6.0	38.70967741935484	0.04878048780487805	0.10185365853658537	13.0	83.87096774193549	0.10569105691056911	0.07832926829268291	8.0	51.61290322580645	0.06504065040650407	0.04668292682926829	24.0	154.83870967741936	0.1951219512195122	0.18414634146341463	29.0	187.09677419354838	34.0	219.35483870967744	0.510123475609756	0.47558780487804886	0.5290753048780487	-0.07936507936507936	82	65	0.5290322580645161	anger	0.21951219512195122	wikivir.cleaned.xml	14085	Dom ob Soči	Joža Lovrenčič	20	povesti	Amerikanski Slovenec		1930	
emotion_sadness_per_1k	173.41040462427745	emotion_sadness_per_1k; lexical_token_count>=80; word_token_count>=80	wikivir-004243::window::87	window	wikivir-004243	397	173	16.0	92.48554913294797	0.18181818181818182	0.12512698412698414	4.0	23.12138728323699	0.045454545454545456	0.02693650793650794	8.0	46.24277456647398	0.09090909090909091	0.03573015873015873	10.0	57.80346820809248	0.11363636363636363	0.08323809523809524	4.0	23.12138728323699	0.045454545454545456	0.04773015873015874	30.0	173.41040462427745	0.3409090909090909	0.3435238095238095	0.0	0.0	0.0	0.0	16.0	92.48554913294797	0.18181818181818182	0.0840952380952381	6.0	34.68208092485549	28.0	161.84971098265896	0.44517063492063497	0.5283425925925925	0.4461097883597884	-0.6470588235294118	63	32	0.36416184971098264	sadness	0.3409090909090909	wikivir.cleaned.xml	4243	Slovenske narodne pesmi (Šterkelj)/Razdelek I. Pesmi o Bogu, sv. Trojici, sv. Duhu, Jezusu, Mariji in za razne praznike.	Karel Štrekelj	20					
emotion_sadness_per_1k	172.66187050359713	emotion_sadness_per_1k; lexical_token_count>=80; word_token_count>=80	wikivir-020453::window::87	window	wikivir-020453	343	139	18.0	129.49640287769785	0.1875	0.10125333333333332	4.0	28.77697841726619	0.041666666666666664	0.024800000000000003	10.0	71.94244604316546	0.10416666666666667	0.06305333333333332	21.0	151.0791366906475	0.21875	0.15647999999999998	4.0	28.77697841726619	0.041666666666666664	0.022680000000000002	24.0	172.66187050359713	0.25	0.11257333333333336	10.0	71.94244604316546	0.10416666666666667	0.057719999999999994	5.0	35.97122302158273	0.052083333333333336	0.041253333333333336	11.0	79.13669064748201	29.0	208.63309352517987	0.4502711111111111	0.5096213333333334	0.5063815555555555	-0.45	75	56	0.539568345323741	sadness	0.25	wikivir.cleaned.xml	20453	Moji doživljaji v svetovni vojni	Louis Zajec	20	proza			1935	
emotion_anger_per_1k	172.61904761904762	emotion_anger_per_1k; lexical_token_count>=80; word_token_count>=80	wikivir-014822::window::16	window	wikivir-014822	376	168	29.0	172.61904761904762	0.2248062015503876	0.20335526315789476	9.0	53.57142857142857	0.06976744186046512	0.050473684210526316	4.0	23.809523809523807	0.031007751937984496	0.03331578947368421	31.0	184.52380952380955	0.24031007751937986	0.24289473684210527	12.0	71.42857142857143	0.09302325581395349	0.08428947368421053	22.0	130.95238095238096	0.17054263565891473	0.1308815789473684	3.0	17.857142857142858	0.023255813953488372	0.024973684210526318	19.0	113.0952380952381	0.14728682170542637	0.15152631578947365	18.0	107.14285714285714	31.0	184.52380952380955	0.44945833333333335	0.5499633458646617	0.6280025062656641	-0.2653061224489796	76	52	0.4523809523809524	fear	0.24031007751937986	wikivir.cleaned.xml	14822	Kaj mora vedeti vsak Slovenec o Osvobodilni fronti		20	propagandne brosure			1944	
emotion_sadness_per_1k	170.06802721088434	emotion_sadness_per_1k; lexical_token_count>=80; word_token_count>=80	wikivir-015188::window::1	window	wikivir-015188	357	147	23.0	156.4625850340136	0.2169811320754717	0.18036144578313248	6.0	40.816326530612244	0.05660377358490566	0.03821686746987952	24.0	163.26530612244898	0.22641509433962265	0.18437349397590364	25.0	170.06802721088434	0.2358490566037736	0.253	0.0	0.0	0.0	0.027481927710843373	25.0	170.06802721088434	0.2358490566037736	0.21307228915662654	3.0	20.408163265306122	0.02830188679245283	0.03125301204819277	0.0	0.0	0.0	0.013831325301204822	8.0	54.42176870748299	27.0	183.67346938775512	0.4135873493975904	0.4863062248995983	0.45576807228915656	-0.5428571428571428	83	42	0.564625850340136	fear	0.2358490566037736	wikivir.cleaned.xml	15188	Trojni strup za naše ljudstvo	Frančišek Lampe	19	neleposlovje				
emotion_sadness_per_1k	169.9346405228758	emotion_sadness_per_1k; lexical_token_count>=80; word_token_count>=80	wikivir-019241::window::6	window	wikivir-019241	355	153	7.0	45.7516339869281	0.07608695652173914	0.0447536231884058	12.0	78.43137254901961	0.13043478260869565	0.08334782608695653	10.0	65.35947712418302	0.10869565217391304	0.06623188405797102	22.0	143.79084967320262	0.2391304347826087	0.23024637681159418	0.0	0.0	0.0	0.009507246376811595	26.0	169.9346405228758	0.2826086956521739	0.20595652173913043	11.0	71.89542483660131	0.11956521739130435	0.10882608695652173	4.0	26.143790849673202	0.043478260869565216	0.048463768115942024	4.0	26.143790849673202	28.0	183.0065359477124	0.4573683574879227	0.5596497584541062	0.49289734299516913	-0.75	69	42	0.45098039215686275	sadness	0.2826086956521739	wikivir.cleaned.xml	19241	O vzrokih nesreč v planinah	Janko Mlakar	20	prirocniki			1901	
emotion_sadness_per_1k	168.9189189189189	emotion_sadness_per_1k; lexical_token_count>=80; word_token_count>=80	wikivir-020267::window::213	window	wikivir-020267	348	148	19.0	128.37837837837836	0.17272727272727273	0.1453139534883721	13.0	87.83783783783784	0.11818181818181818	0.07546511627906977	6.0	40.54054054054054	0.05454545454545454	0.046406976744186056	24.0	162.16216216216216	0.21818181818181817	0.19476744186046516	5.0	33.78378378378378	0.045454545454545456	0.05898837209302326	25.0	168.9189189189189	0.22727272727272727	0.21636046511627907	8.0	54.054054054054056	0.07272727272727272	0.049395348837209294	10.0	67.56756756756756	0.09090909090909091	0.08112790697674419	14.0	94.5945945945946	25.0	168.9189189189189	0.4690426356589147	0.5235858250276856	0.501265780730897	-0.28205128205128205	86	57	0.581081081081081	sadness	0.22727272727272727	wikivir.cleaned.xml	20267	Kako kuje življenje	A. Šabec	20	proza				
emotion_anger_per_1k	168.83116883116884	emotion_anger_per_1k; lexical_token_count>=80; word_token_count>=80	wikivir-016177::window::222	window	wikivir-016177	357	154	26.0	168.83116883116884	0.3291139240506329	0.12610714285714286	4.0	25.974025974025977	0.05063291139240506	0.022976190476190476	2.0	12.987012987012989	0.02531645569620253	0.007726190476190477	21.0	136.36363636363635	0.26582278481012656	0.1432261904761905	6.0	38.96103896103896	0.0759493670886076	0.04588095238095238	4.0	25.974025974025977	0.05063291139240506	0.02073809523809524	6.0	38.96103896103896	0.0759493670886076	0.03386904761904762	10.0	64.93506493506493	0.12658227848101267	0.05289285714285715	8.0	51.948051948051955	26.0	168.83116883116884	0.4901845238095238	0.4760734126984127	0.4907267857142858	-0.5294117647058824	84	55	0.5454545454545454	anger	0.3291139240506329	wikivir.cleaned.xml	16177	Trebušnik na slovanskem jugu	Janko Mlakar	20	potopis			1910	
emotion_anger_per_1k	168.67469879518072	emotion_anger_per_1k; lexical_token_count>=80; word_token_count>=80	wikivir-004441::window::130	window	wikivir-004441	354	166	28.0	168.67469879518072	0.18666666666666668	0.0578	27.0	162.65060240963854	0.18	0.20522666666666664	5.0	30.120481927710845	0.03333333333333333	0.030426666666666668	3.0	18.072289156626507	0.02	0.026040000000000004	24.0	144.57831325301206	0.16	0.18990666666666667	5.0	30.120481927710845	0.03333333333333333	0.039799999999999995	25.0	150.60240963855424	0.16666666666666666	0.08789333333333334	33.0	198.79518072289156	0.22	0.17477333333333334	31.0	186.74698795180723	7.0	42.16867469879518	0.6430627777777778	0.49458555555555556	0.6279783333333333	0.631578947368421	75	41	0.45180722891566266	trust	0.22	wikivir.cleaned.xml	4441	Kupčija in obrtnija	Ferdo Kočevar	19					
emotion_anger_per_1k	168.6046511627907	emotion_anger_per_1k; lexical_token_count>=80; word_token_count>=80	wikivir-018608::window::8	window	wikivir-018608	386	172	29.0	168.6046511627907	0.21641791044776118	0.15382608695652175	16.0	93.02325581395348	0.11940298507462686	0.0817608695652174	13.0	75.5813953488372	0.09701492537313433	0.07556521739130435	25.0	145.34883720930233	0.1865671641791045	0.17713043478260868	9.0	52.32558139534884	0.06716417910447761	0.08409782608695653	19.0	110.46511627906978	0.1417910447761194	0.10801086956521741	11.0	63.95348837209303	0.08208955223880597	0.06445652173913043	12.0	69.76744186046511	0.08955223880597014	0.07070652173913043	21.0	122.09302325581395	31.0	180.23255813953486	0.4652349249482402	0.5136459627329192	0.513163703416149	-0.19230769230769232	92	71	0.5348837209302325	anger	0.21641791044776118	wikivir.cleaned.xml	18608	Eden	Valentina Iovovna Dimitrijeva	20	kratka proza			1913	
emotion_sadness_per_1k	167.78523489932886	emotion_sadness_per_1k; lexical_token_count>=80; word_token_count>=80	wikivir-000971::window::126	window	wikivir-000971	425	149	6.0	40.26845637583892	0.08	0.0372112676056338	7.0	46.97986577181208	0.09333333333333334	0.04478873239436619	5.0	33.557046979865774	0.06666666666666667	0.039070422535211265	16.0	107.38255033557047	0.21333333333333335	0.1603380281690141	4.0	26.845637583892618	0.05333333333333334	0.04140845070422536	25.0	167.78523489932886	0.3333333333333333	0.2631267605633803	2.0	13.422818791946309	0.02666666666666667	0.022676056338028168	10.0	67.11409395973155	0.13333333333333333	0.06733802816901409	9.0	60.40268456375839	31.0	208.05369127516778	0.39729624413145537	0.509056338028169	0.40079178403755866	-0.55	71	56	0.47651006711409394	sadness	0.3333333333333333	wikivir.cleaned.xml	971	Njeno življenje	Zofka Kveder	20	romani				
emotion_anger_per_1k	167.63005780346822	emotion_anger_per_1k; lexical_token_count>=80; word_token_count>=80	wikivir-001846::window::4	window	wikivir-001846	400	173	29.0	167.63005780346822	0.3020833333333333	0.09989743589743591	6.0	34.68208092485549	0.0625	0.025551282051282053	6.0	34.68208092485549	0.0625	0.026641025641025638	28.0	161.84971098265896	0.2916666666666667	0.16787179487179488	5.0	28.90173410404624	0.052083333333333336	0.01467948717948718	8.0	46.24277456647398	0.08333333333333333	0.04416666666666667	10.0	57.80346820809248	0.10416666666666667	0.05948717948717949	4.0	23.12138728323699	0.041666666666666664	0.024230769230769233	11.0	63.58381502890173	24.0	138.72832369942196	0.4601818681318681	0.5059288766788766	0.43165354090354097	-0.37142857142857144	78	44	0.4508670520231214	anger	0.3020833333333333	wikivir.cleaned.xml	1846	Medena pravljica	Svetlana Makarovič		pravljice				
emotion_sadness_per_1k	166.66666666666666	emotion_sadness_per_1k; lexical_token_count>=80; word_token_count>=80	wikivir-001234::window::1	window	wikivir-001234	219	96	4.0	41.666666666666664	0.0975609756097561	0.023132075471698113	3.0	31.25	0.07317073170731707	0.02492452830188679	4.0	41.666666666666664	0.0975609756097561	0.03522641509433962	10.0	104.16666666666667	0.24390243902439024	0.09411320754716981	2.0	20.833333333333332	0.04878048780487805	0.04964150943396227	16.0	166.66666666666666	0.3902439024390244	0.14618867924528303	0.0	0.0	0.0	0.0	2.0	20.833333333333332	0.04878048780487805	0.014754716981132076	5.0	52.083333333333336	17.0	177.08333333333334	0.450317610062893	0.3838106918238993	0.4294232704402516	-0.5454545454545454	53	29	0.5520833333333334	sadness	0.3902439024390244	wikivir.cleaned.xml	1234	Kdo je?	Srečko Kosovel		pesmi				
emotion_sadness_per_1k	166.66666666666666	emotion_sadness_per_1k; lexical_token_count>=80; word_token_count>=80	wikivir-020267::window::212	window	wikivir-020267	340	144	18.0	125.0	0.20689655172413793	0.11895833333333333	5.0	34.72222222222222	0.05747126436781609	0.020000000000000004	5.0	34.72222222222222	0.05747126436781609	0.03473958333333334	23.0	159.7222222222222	0.26436781609195403	0.16627083333333334	1.0	6.944444444444444	0.011494252873563218	0.018916666666666665	24.0	166.66666666666666	0.27586206896551724	0.19146875	5.0	34.72222222222222	0.05747126436781609	0.030833333333333327	6.0	41.666666666666664	0.06896551724137931	0.03809375	11.0	76.3888888888889	25.0	173.61111111111111	0.45622048611111116	0.48296527777777776	0.4655086805555555	-0.3888888888888889	96	51	0.6666666666666666	sadness	0.27586206896551724	wikivir.cleaned.xml	20267	Kako kuje življenje	A. Šabec	20	proza				
emotion_sadness_per_1k	166.66666666666666	emotion_sadness_per_1k; lexical_token_count>=80; word_token_count>=80	wikivir-001234::document::1	document	wikivir-001234	220	96	4.0	41.666666666666664	0.0975609756097561	0.023132075471698113	3.0	31.25	0.07317073170731707	0.02492452830188679	4.0	41.666666666666664	0.0975609756097561	0.03522641509433962	10.0	104.16666666666667	0.24390243902439024	0.09411320754716981	2.0	20.833333333333332	0.04878048780487805	0.04964150943396227	16.0	166.66666666666666	0.3902439024390244	0.14618867924528303	0.0	0.0	0.0	0.0	2.0	20.833333333333332	0.04878048780487805	0.014754716981132076	5.0	52.083333333333336	17.0	177.08333333333334	0.450317610062893	0.3838106918238993	0.4294232704402516	-0.5454545454545454	53	29	0.5520833333333334	sadness	0.3902439024390244	wikivir.cleaned.xml	1234	Kdo je?	Srečko Kosovel		pesmi				
emotion_sadness_per_1k	166.66666666666666	emotion_sadness_per_1k; lexical_token_count>=80; word_token_count>=80	wikivir-002113::window::2	window	wikivir-002113	316	120	19.0	158.33333333333331	0.20430107526881722	0.1947719298245614	8.0	66.66666666666667	0.08602150537634409	0.05538596491228071	11.0	91.66666666666666	0.11827956989247312	0.09024561403508773	17.0	141.66666666666666	0.1827956989247312	0.17378947368421055	6.0	50.0	0.06451612903225806	0.05284210526315789	20.0	166.66666666666666	0.21505376344086022	0.17694736842105263	5.0	41.666666666666664	0.053763440860215055	0.04507017543859649	7.0	58.333333333333336	0.07526881720430108	0.06468421052631579	10.0	83.33333333333333	28.0	233.33333333333334	0.4337391812865497	0.5072456140350877	0.4766631578947369	-0.47368421052631576	57	34	0.475	sadness	0.21505376344086022	wikivir.cleaned.xml	2113	Kako so Črešnjevčani jazbeca lovili...	Lojze Zupanc	20	pripovedke				
emotion_sadness_per_1k	165.60509554140123	emotion_sadness_per_1k; lexical_token_count>=80; word_token_count>=80	wikivir-020671::window::135	window	wikivir-020671	391	157	20.0	127.38853503184713	0.14705882352941177	0.12541935483870967	17.0	108.28025477707007	0.125	0.07461290322580645	17.0	108.28025477707007	0.125	0.11395698924731183	25.0	159.2356687898089	0.18382352941176472	0.18982795698924726	8.0	50.955414012738856	0.058823529411764705	0.13159139784946236	26.0	165.60509554140125	0.19117647058823528	0.21495698924731182	16.0	101.91082802547771	0.11764705882352941	0.0948279569892473	7.0	44.58598726114649	0.051470588235294115	0.09425806451612902	20.0	127.38853503184713	33.0	210.19108280254778	0.5239758064516129	0.5094731182795699	0.529415770609319	-0.24528301886792453	93	54	0.5923566878980892	sadness	0.19117647058823528	wikivir.cleaned.xml	20671	Zeleni kader	Ivan Zorec	20	povesti			1923	
emotion_sadness_per_1k	164.89361702127658	emotion_sadness_per_1k; lexical_token_count>=80; word_token_count>=80	wikivir-004243::window::86	window	wikivir-004243	402	188	12.0	63.82978723404255	0.11320754716981132	0.07614473684210527	11.0	58.51063829787234	0.10377358490566038	0.05531578947368421	8.0	42.5531914893617	0.07547169811320754	0.041749999999999995	8.0	42.5531914893617	0.07547169811320754	0.05213157894736842	8.0	42.5531914893617	0.07547169811320754	0.06264473684210527	31.0	164.89361702127658	0.29245283018867924	0.29172368421052636	0.0	0.0	0.0	0.0	28.0	148.93617021276594	0.2641509433962264	0.13384210526315787	12.0	63.82978723404255	31.0	164.89361702127658	0.4867105263157895	0.5149912280701756	0.4804232456140349	-0.4418604651162791	76	28	0.40425531914893614	sadness	0.29245283018867924	wikivir.cleaned.xml	4243	Slovenske narodne pesmi (Šterkelj)/Razdelek I. Pesmi o Bogu, sv. Trojici, sv. Duhu, Jezusu, Mariji in za razne praznike.	Karel Štrekelj	20					
emotion_anger_per_1k	164.7058823529412	emotion_anger_per_1k; lexical_token_count>=80; word_token_count>=80	wikivir-017784::window::2	window	wikivir-017784	336	170	28.0	164.7058823529412	0.25225225225225223	0.15989024390243903	13.0	76.47058823529413	0.11711711711711711	0.0817439024390244	4.0	23.52941176470588	0.036036036036036036	0.024390243902439025	24.0	141.1764705882353	0.21621621621621623	0.18054878048780487	10.0	58.8235294117647	0.09009009009009009	0.06881707317073171	8.0	47.05882352941176	0.07207207207207207	0.05235365853658537	8.0	47.05882352941176	0.07207207207207207	0.03802439024390244	16.0	94.11764705882352	0.14414414414414414	0.14267073170731706	20.0	117.6470588235294	31.0	182.35294117647058	0.504475	0.600604674796748	0.6081322009291523	-0.21568627450980393	82	60	0.4823529411764706	anger	0.25225225225225223	wikivir.cleaned.xml	17784	Baron Andrej Čehovin 1843–49		19	kratka proza			1893	
emotion_sadness_per_1k	164.63414634146343	emotion_sadness_per_1k; lexical_token_count>=80; word_token_count>=80	wikivir-020787::window::101	window	wikivir-020787	367	164	17.0	103.65853658536585	0.14912280701754385	0.06172641509433961	19.0	115.85365853658537	0.16666666666666666	0.09049056603773585	5.0	30.48780487804878	0.043859649122807015	0.02506603773584905	17.0	103.65853658536585	0.14912280701754385	0.10749056603773587	13.0	79.26829268292683	0.11403508771929824	0.1118490566037736	27.0	164.63414634146343	0.23684210526315788	0.11193396226415095	3.0	18.29268292682927	0.02631578947368421	0.008849056603773584	13.0	79.26829268292683	0.11403508771929824	0.10227358490566038	17.0	103.65853658536585	29.0	176.8292682926829	0.5724724842767295	0.45897830188679245	0.5214800314465409	-0.2608695652173913	106	59	0.6463414634146342	sadness	0.23684210526315788	wikivir.cleaned.xml	20787	Milica, otrok bolesti	Slavko Savinšek	20	romani				
emotion_sadness_per_1k	163.52201257861634	emotion_sadness_per_1k; lexical_token_count>=80; word_token_count>=80	wikivir-000943::window::293	window	wikivir-000943	346	159	15.0	94.33962264150944	0.1744186046511628	0.0743932584269663	9.0	56.60377358490566	0.10465116279069768	0.039842696629213484	6.0	37.73584905660377	0.06976744186046512	0.03904494382022471	14.0	88.0503144654088	0.16279069767441862	0.10223595505617976	2.0	12.578616352201259	0.023255813953488372	0.015134831460674155	26.0	163.52201257861634	0.3023255813953488	0.148	6.0	37.73584905660377	0.06976744186046512	0.03905617977528089	8.0	50.314465408805034	0.09302325581395349	0.06302247191011236	17.0	106.9182389937107	19.0	119.49685534591195	0.4729682450508293	0.47091492776886035	0.48719636169074365	-0.05555555555555555	89	70	0.559748427672956	sadness	0.3023255813953488	wikivir.cleaned.xml	943	Črna žena	Gregor Žerjav		zgodovinski romani				
emotion_sadness_per_1k	163.39869281045753	emotion_sadness_per_1k; lexical_token_count>=80; word_token_count>=80	wikivir-010867::window::76	window	wikivir-010867	349	153	12.0	78.43137254901961	0.09836065573770492	0.05846666666666667	14.0	91.5032679738562	0.11475409836065574	0.05216190476190476	8.0	52.287581699346404	0.06557377049180328	0.04786666666666666	27.0	176.47058823529412	0.22131147540983606	0.1396666666666667	11.0	71.89542483660131	0.09016393442622951	0.08636190476190476	25.0	163.39869281045753	0.20491803278688525	0.15433333333333332	6.0	39.21568627450981	0.04918032786885246	0.026199999999999998	19.0	124.18300653594771	0.1557377049180328	0.12107619047619046	27.0	176.47058823529412	28.0	183.0065359477124	0.5202623015873015	0.434502380952381	0.4959781746031746	-0.01818181818181818	105	74	0.6862745098039216	fear	0.22131147540983606	wikivir.cleaned.xml	10867	Bogoslovec	Venceslav Bele		povesti				
emotion_sadness_per_1k	162.79069767441862	emotion_sadness_per_1k; lexical_token_count>=80; word_token_count>=80	wikivir-011533::window::27	window	wikivir-011533	377	172	13.0	75.5813953488372	0.1368421052631579	0.06050537634408603	12.0	69.76744186046511	0.12631578947368421	0.05483870967741935	11.0	63.95348837209303	0.11578947368421053	0.059548387096774194	13.0	75.5813953488372	0.1368421052631579	0.06115053763440861	7.0	40.697674418604656	0.07368421052631578	0.11283870967741937	28.0	162.79069767441862	0.29473684210526313	0.12755913978494623	4.0	23.25581395348837	0.042105263157894736	0.020666666666666667	7.0	40.697674418604656	0.07368421052631578	0.036956989247311826	22.0	127.90697674418605	28.0	162.79069767441862	0.5137974910394266	0.39582616487455197	0.43347043010752695	-0.12	93	64	0.5406976744186046	sadness	0.29473684210526313	wikivir.cleaned.xml	11533	Pesmi (Srečko Kosovel, 1)	Srečko Kosovel	20	pesmi				
emotion_sadness_per_1k	162.79069767441862	emotion_sadness_per_1k; lexical_token_count>=80; word_token_count>=80	wikivir-017517::window::43	window	wikivir-017517	187	86	9.0	104.65116279069768	0.16981132075471697	0.11437499999999998	5.0	58.13953488372093	0.09433962264150944	0.079525	5.0	58.13953488372093	0.09433962264150944	0.041225	12.0	139.53488372093022	0.22641509433962265	0.13435	1.0	11.627906976744185	0.018867924528301886	0.058600000000000006	14.0	162.79069767441862	0.2641509433962264	0.2015	2.0	23.25581395348837	0.03773584905660377	0.0332	5.0	58.13953488372093	0.09433962264150944	0.10627499999999998	9.0	104.65116279069768	23.0	267.44186046511624	0.41145	0.4556041666666667	0.4175916666666667	-0.4375	40	30	0.46511627906976744	sadness	0.2641509433962264	wikivir.cleaned.xml	17517	Drobtinice iz velike francoske revolucije	Jože Zavertnik	20	proza			1907	
emotion_sadness_per_1k	162.33766233766232	emotion_sadness_per_1k; lexical_token_count>=80; word_token_count>=80	wikivir-020119::window::15	window	wikivir-020119	356	154	18.0	116.88311688311688	0.18947368421052632	0.09958620689655172	6.0	38.96103896103896	0.06315789473684211	0.021091954022988506	8.0	51.948051948051955	0.08421052631578947	0.04813793103448276	18.0	116.88311688311688	0.18947368421052632	0.15498850574712644	3.0	19.48051948051948	0.031578947368421054	0.03395402298850575	25.0	162.33766233766232	0.2631578947368421	0.14562068965517241	8.0	51.948051948051955	0.08421052631578947	0.05297701149425287	9.0	58.44155844155844	0.09473684210526316	0.07559770114942528	17.0	110.38961038961038	26.0	168.83116883116884	0.44070689655172407	0.4995513136288997	0.5033096606458677	-0.20930232558139536	87	70	0.564935064935065	sadness	0.2631578947368421	wikivir.cleaned.xml	20119	Begunček Mirko	Anna Krasna Praček	20	proza			1931	
emotion_sadness_per_1k	161.67664670658684	emotion_sadness_per_1k; lexical_token_count>=80; word_token_count>=80	wikivir-017428::window::2	window	wikivir-017428	365	167	8.0	47.90419161676647	0.09195402298850575	0.0521046511627907	10.0	59.880239520958085	0.11494252873563218	0.04639534883720931	13.0	77.84431137724552	0.14942528735632185	0.07541860465116279	15.0	89.82035928143712	0.1724137931034483	0.092	3.0	17.964071856287426	0.034482758620689655	0.043767441860465106	27.0	161.67664670658684	0.3103448275862069	0.1804186046511628	4.0	23.952095808383234	0.04597701149425287	0.03070930232558139	7.0	41.91616766467065	0.08045977011494253	0.056755813953488374	17.0	101.79640718562874	18.0	107.78443113772455	0.49285329457364335	0.4064709025470654	0.4291816722037652	-0.02857142857142857	86	64	0.5149700598802395	sadness	0.3103448275862069	wikivir.cleaned.xml	17428	Bisernica	Josip Vandot	19	kratka proza			1853	
emotion_sadness_per_1k	161.29032258064515	emotion_sadness_per_1k; lexical_token_count>=80; word_token_count>=80	wikivir-016474::window::453	window	wikivir-016474	365	155	12.0	77.41935483870968	0.16	0.05639560439560439	8.0	51.61290322580645	0.10666666666666667	0.034747252747252745	8.0	51.61290322580645	0.10666666666666667	0.048505494505494504	10.0	64.51612903225806	0.13333333333333333	0.07293406593406593	1.0	6.451612903225806	0.013333333333333334	0.028648351648351646	25.0	161.29032258064515	0.3333333333333333	0.21646153846153846	8.0	51.61290322580645	0.10666666666666667	0.04824175824175824	3.0	19.35483870967742	0.04	0.027989010989010986	11.0	70.96774193548387	21.0	135.48387096774195	0.4405851648351649	0.44959029304029297	0.44365036630036636	-0.3125	91	71	0.5870967741935483	sadness	0.3333333333333333	wikivir.cleaned.xml	16474	Sida Silanova	Radivoj Rehar	20	romani			1935	
emotion_anger_per_1k	161.29032258064515	emotion_anger_per_1k; lexical_token_count>=80; word_token_count>=80	wikivir-006214::window::18	window	wikivir-006214	400	155	25.0	161.29032258064515	0.21739130434782608	0.11246739130434782	12.0	77.41935483870968	0.10434782608695652	0.05826086956521739	14.0	90.32258064516128	0.12173913043478261	0.06802173913043479	15.0	96.77419354838709	0.13043478260869565	0.10291304347826087	6.0	38.70967741935484	0.05217391304347826	0.06143478260869566	16.0	103.2258064516129	0.1391304347826087	0.11789130434782609	9.0	58.06451612903226	0.0782608695652174	0.04321739130434782	18.0	116.12903225806453	0.1565217391304348	0.1055217391304348	20.0	129.03225806451613	27.0	174.19354838709677	0.5279664855072465	0.5154166666666665	0.5503722826086956	-0.14893617021276595	92	60	0.5935483870967742	anger	0.21739130434782608	wikivir.cleaned.xml	6214	Mula in deset milijonov	Tone Seliškar	20	kratka proza				
emotion_anger_per_1k	161.0738255033557	emotion_anger_per_1k; lexical_token_count>=80; word_token_count>=80	wikivir-004190::window::61	window	wikivir-004190	392	149	24.0	161.0738255033557	0.2962962962962963	0.16104347826086957	5.0	33.557046979865774	0.06172839506172839	0.035550724637681164	6.0	40.26845637583892	0.07407407407407407	0.03715942028985507	18.0	120.80536912751678	0.2222222222222222	0.12402898550724638	4.0	26.845637583892618	0.04938271604938271	0.052159420289855075	9.0	60.40268456375839	0.1111111111111111	0.04815942028985507	3.0	20.13422818791946	0.037037037037037035	0.029217391304347827	12.0	80.53691275167785	0.14814814814814814	0.12117391304347824	16.0	107.38255033557047	24.0	161.0738255033557	0.5192532781228434	0.5209965148378194	0.557159972394755	-0.2	69	55	0.46308724832214765	anger	0.2962962962962963	wikivir.cleaned.xml	4190	Hudi časi	Fran Detela	19	povesti				
emotion_disgust_per_1k	160.91954022988506	emotion_disgust_per_1k; lexical_token_count>=80; word_token_count>=80	wikivir-000671::window::98	window	wikivir-000671	351	174	13.0	74.71264367816093	0.1326530612244898	0.06176842105263157	4.0	22.988505747126435	0.04081632653061224	0.020494736842105264	28.0	160.91954022988506	0.2857142857142857	0.16553684210526318	21.0	120.6896551724138	0.21428571428571427	0.1441578947368421	3.0	17.241379310344826	0.030612244897959183	0.020305263157894736	22.0	126.43678160919542	0.22448979591836735	0.12326315789473684	1.0	5.747126436781609	0.01020408163265306	0.003126315789473684	6.0	34.48275862068965	0.061224489795918366	0.033473684210526315	9.0	51.724137931034484	31.0	178.16091954022988	0.43028403508771923	0.4663943609022556	0.4268472681704261	-0.55	95	60	0.5459770114942529	disgust	0.2857142857142857	wikivir.cleaned.xml	671	Naše škodljive rastline/Bakterije	Martin Cilenšek	19	neleposlovje				
emotion_anger_per_1k	160.83916083916083	emotion_anger_per_1k; lexical_token_count>=80; word_token_count>=80	wikivir-004190::window::60	window	wikivir-004190	358	143	23.0	160.83916083916083	0.25274725274725274	0.15516666666666667	8.0	55.94405594405595	0.08791208791208792	0.04783333333333333	10.0	69.93006993006993	0.10989010989010989	0.06154166666666667	17.0	118.88111888111888	0.18681318681318682	0.11947222222222223	4.0	27.972027972027973	0.04395604395604396	0.04073611111111111	12.0	83.91608391608392	0.13186813186813187	0.07354166666666667	5.0	34.96503496503497	0.054945054945054944	0.03981944444444444	12.0	83.91608391608392	0.13186813186813187	0.09541666666666665	16.0	111.8881118881119	25.0	174.82517482517483	0.509588210978836	0.47520499338624334	0.5138193948412698	-0.21951219512195122	72	62	0.5034965034965035	anger	0.25274725274725274	wikivir.cleaned.xml	4190	Hudi časi	Fran Detela	19	povesti				
emotion_sadness_per_1k	160.5839416058394	emotion_sadness_per_1k; lexical_token_count>=80; word_token_count>=80	wikivir-004482::window::10	window	wikivir-004482	351	137	11.0	80.2919708029197	0.102803738317757	0.079955223880597	17.0	124.08759124087591	0.1588785046728972	0.12170149253731344	11.0	80.2919708029197	0.102803738317757	0.09755223880597014	15.0	109.48905109489051	0.14018691588785046	0.16459701492537315	9.0	65.69343065693431	0.08411214953271028	0.08543283582089552	22.0	160.5839416058394	0.205607476635514	0.223089552238806	10.0	72.992700729927	0.09345794392523364	0.0785820895522388	12.0	87.59124087591242	0.11214953271028037	0.1246865671641791	13.0	94.8905109489051	24.0	175.18248175182484	0.46611355721393033	0.47548930348258706	0.4612652985074627	-0.2972972972972973	67	40	0.48905109489051096	sadness	0.205607476635514	wikivir.cleaned.xml	4482	Verske bajke na Dolenjskem	Janez Trdina	19	ljudske pripovedi				
emotion_sadness_per_1k	160.49382716049382	emotion_sadness_per_1k; lexical_token_count>=80; word_token_count>=80	wikivir-013406::window::4	window	wikivir-013406	258	81	4.0	49.382716049382715	0.08888888888888889	0.052558139534883724	5.0	61.72839506172839	0.1111111111111111	0.040674418604651166	5.0	61.72839506172839	0.1111111111111111	0.03544186046511628	10.0	123.45679012345678	0.2222222222222222	0.09183720930232558	3.0	37.03703703703704	0.06666666666666667	0.048720930232558135	13.0	160.49382716049382	0.28888888888888886	0.14320930232558138	3.0	37.03703703703704	0.06666666666666667	0.02597674418604651	2.0	24.691358024691358	0.044444444444444446	0.05669767441860465	9.0	111.1111111111111	10.0	123.45679012345678	0.49940503875969	0.3914399224806201	0.4254651162790698	-0.05263157894736842	43	32	0.5308641975308642	sadness	0.28888888888888886	wikivir.cleaned.xml	13406	Iz šole	Ivan Pregelj	20	kratka proza			1929	
emotion_anger_per_1k	160.37735849056602	emotion_anger_per_1k; lexical_token_count>=80; word_token_count>=80	wikivir-014373::window::4	window	wikivir-014373	223	106	17.0	160.37735849056602	0.2698412698412698	0.1767169811320755	4.0	37.73584905660377	0.06349206349206349	0.01767924528301887	2.0	18.867924528301884	0.031746031746031744	0.019	17.0	160.37735849056602	0.2698412698412698	0.15194339622641512	3.0	28.30188679245283	0.047619047619047616	0.03771698113207547	14.0	132.0754716981132	0.2222222222222222	0.1369433962264151	2.0	18.867924528301884	0.031746031746031744	0.015037735849056603	4.0	37.73584905660377	0.06349206349206349	0.022245283018867926	6.0	56.60377358490566	20.0	188.67924528301887	0.4630817610062892	0.4261729559748428	0.46028301886792444	-0.5384615384615384	53	36	0.5	anger	0.2698412698412698	wikivir.cleaned.xml	14373	Grobovi			kratka proza				
emotion_anger_per_1k	160.25641025641028	emotion_anger_per_1k; lexical_token_count>=80; word_token_count>=80	wikivir-011686::window::19	window	wikivir-011686	401	156	25.0	160.25641025641028	0.25773195876288657	0.17013793103448274	8.0	51.28205128205128	0.08247422680412371	0.0506551724137931	7.0	44.87179487179487	0.07216494845360824	0.042919540229885055	19.0	121.7948717948718	0.1958762886597938	0.152183908045977	1.0	6.41025641025641	0.010309278350515464	0.021793103448275862	15.0	96.15384615384616	0.15463917525773196	0.0911264367816092	14.0	89.74358974358974	0.14432989690721648	0.09085057471264368	8.0	51.28205128205128	0.08247422680412371	0.05449425287356322	10.0	64.1025641025641	30.0	192.30769230769232	0.4639425287356321	0.5687318007662835	0.5595498084291187	-0.5	87	64	0.5576923076923077	anger	0.25773195876288657	wikivir.cleaned.xml	11686	Na mrtvi straži	Vitomir Feodor Jelenc	20	kratka proza			1921	
emotion_sadness_per_1k	160.25641025641028	emotion_sadness_per_1k; lexical_token_count>=80; word_token_count>=80	wikivir-021022::window::941	window	wikivir-021022	378	156	10.0	64.1025641025641	0.10309278350515463	0.07091780821917809	4.0	25.64102564102564	0.041237113402061855	0.019041095890410958	16.0	102.56410256410255	0.16494845360824742	0.16498630136986303	28.0	179.48717948717947	0.28865979381443296	0.25202739726027396	0.0	0.0	0.0	0.008547945205479452	25.0	160.25641025641028	0.25773195876288657	0.22031506849315066	7.0	44.87179487179487	0.07216494845360824	0.04475342465753424	7.0	44.87179487179487	0.07216494845360824	0.06026027397260274	5.0	32.05128205128205	35.0	224.35897435897436	0.35884360730593606	0.48546575342465753	0.42080936073059355	-0.75	73	56	0.46794871794871795	fear	0.28865979381443296	wikivir.cleaned.xml	21022	Strah na Sokolskem gradu		20	romani				
emotion_anger_per_1k	160.0	emotion_anger_per_1k; lexical_token_count>=80; word_token_count>=80	wikivir-003945::window::2	window	wikivir-003945	451	200	32.0	160.0	0.25806451612903225	0.10022500000000001	4.0	20.0	0.03225806451612903	0.0244125	22.0	110.0	0.1774193548387097	0.07617499999999999	29.0	145.0	0.23387096774193547	0.116425	4.0	20.0	0.03225806451612903	0.0776125	7.0	35.0	0.056451612903225805	0.036612500000000006	0.0	0.0	0.0	0.0	26.0	130.0	0.20967741935483872	0.19577499999999998	30.0	150.0	34.0	170.0	0.5013930208333333	0.523395	0.5627007291666667	-0.0625	80	40	0.4	anger	0.25806451612903225	wikivir.cleaned.xml	3945	Lovske bajke in povesti	Rado Murnik	20	povesti			1914	
emotion_anger_per_1k	159.42028985507244	emotion_anger_per_1k; lexical_token_count>=80; word_token_count>=80	wikivir-004483::window::484	window	wikivir-004483	404	138	22.0	159.42028985507244	0.21359223300970873	0.1601	5.0	36.231884057971016	0.04854368932038835	0.0329125	14.0	101.44927536231884	0.13592233009708737	0.0897625	17.0	123.18840579710145	0.1650485436893204	0.1580875	11.0	79.71014492753622	0.10679611650485436	0.1331875	15.0	108.69565217391305	0.14563106796116504	0.13222499999999998	10.0	72.46376811594203	0.0970873786407767	0.06708750000000001	9.0	65.21739130434783	0.08737864077669903	0.08145	21.0	152.17391304347828	26.0	188.40579710144928	0.494790625	0.5594614583333334	0.5523072916666667	-0.10638297872340426	80	55	0.5797101449275363	anger	0.21359223300970873	wikivir.cleaned.xml	4483	Mlada ljubezen	Alojz Kraigher	20	romani				
emotion_anger_per_1k	159.42028985507244	emotion_anger_per_1k; lexical_token_count>=80; word_token_count>=80	wikivir-002714::window::2	window	wikivir-002714	320	138	22.0	159.42028985507244	0.176	0.1644411764705882	10.0	72.46376811594203	0.08	0.06330882352941176	10.0	72.46376811594203	0.08	0.07950000000000002	22.0	159.42028985507244	0.176	0.21088235294117647	9.0	65.21739130434783	0.072	0.06141176470588235	16.0	115.94202898550725	0.128	0.1515	12.0	86.95652173913044	0.096	0.08270588235294116	24.0	173.91304347826087	0.192	0.19229411764705884	24.0	173.91304347826087	23.0	166.66666666666666	0.46782160364145653	0.5399466036414565	0.5273771008403361	0.02127659574468085	68	51	0.4927536231884058	trust	0.192	wikivir.cleaned.xml	2714	Trije bratje			ljudske pripovedke				
emotion_surprise_per_1k	159.34065934065933	emotion_surprise_per_1k; lexical_token_count>=80; word_token_count>=80	wikivir-003681::window::1	window	wikivir-003681	347	182	17.0	93.4065934065934	0.11486486486486487	0.06710909090909091	29.0	159.34065934065933	0.19594594594594594	0.1384	7.0	38.46153846153847	0.0472972972972973	0.027000000000000003	22.0	120.87912087912088	0.14864864864864866	0.12641818181818182	11.0	60.43956043956044	0.07432432432432433	0.09693636363636364	12.0	65.93406593406594	0.08108108108108109	0.040600000000000004	29.0	159.34065934065933	0.19594594594594594	0.16265454545454544	21.0	115.38461538461539	0.14189189189189189	0.0991090909090909	21.0	115.38461538461539	32.0	175.82417582417582	0.5522348484848483	0.46372878787878785	0.5111848484848486	-0.20754716981132076	110	73	0.6043956043956044	anticipation	0.19594594594594594	wikivir.cleaned.xml	3681	Skrivnosti	Niko Grafenauer	20	pesmi				
emotion_anger_per_1k	159.2356687898089	emotion_anger_per_1k; lexical_token_count>=80; word_token_count>=80	wikivir-003013::window::4	window	wikivir-003013	358	157	25.0	159.2356687898089	0.23809523809523808	0.14342222222222223	7.0	44.58598726114649	0.06666666666666667	0.04085555555555555	5.0	31.84713375796178	0.047619047619047616	0.019277777777777776	20.0	127.38853503184713	0.19047619047619047	0.14721111111111113	17.0	108.28025477707007	0.1619047619047619	0.07096666666666668	11.0	70.06369426751593	0.10476190476190476	0.06322222222222222	4.0	25.477707006369428	0.0380952380952381	0.026044444444444443	16.0	101.91082802547771	0.1523809523809524	0.09926666666666668	25.0	159.2356687898089	23.0	146.4968152866242	0.49751120370370366	0.5471101851851853	0.5867034259259258	0.041666666666666664	90	48	0.5732484076433121	anger	0.23809523809523808	wikivir.cleaned.xml	3013	Fidelio	Fran Milčinski	20	kratka proza				
emotion_sadness_per_1k	159.0909090909091	emotion_sadness_per_1k; lexical_token_count>=80; word_token_count>=80	wikivir-020102::window::252	window	wikivir-020102	359	132	14.0	106.06060606060606	0.16091954022988506	0.11552941176470587	11.0	83.33333333333333	0.12643678160919541	0.07660294117647058	11.0	83.33333333333333	0.12643678160919541	0.07975	12.0	90.9090909090909	0.13793103448275862	0.06304411764705883	4.0	30.303030303030305	0.04597701149425287	0.051544117647058824	21.0	159.0909090909091	0.2413793103448276	0.1724264705882353	3.0	22.727272727272727	0.034482758620689655	0.00998529411764706	11.0	83.33333333333333	0.12643678160919541	0.13683823529411768	17.0	128.78787878787878	30.0	227.27272727272725	0.46505759803921576	0.48487377450980396	0.4648112745098039	-0.2765957446808511	68	55	0.5151515151515151	sadness	0.2413793103448276	wikivir.cleaned.xml	20102	Mogočni Jurij		20	povesti				
emotion_sadness_per_1k	158.6206896551724	emotion_sadness_per_1k; lexical_token_count>=80; word_token_count>=80	wikivir-010735::window::2	window	wikivir-010735	376	145	4.0	27.586206896551722	0.056338028169014086	0.012924731182795699	9.0	62.06896551724138	0.1267605633802817	0.04864516129032258	16.0	110.34482758620689	0.22535211267605634	0.04102150537634409	5.0	34.48275862068965	0.07042253521126761	0.03378494623655914	4.0	27.586206896551722	0.056338028169014086	0.033569892473118285	23.0	158.6206896551724	0.323943661971831	0.09860215053763441	2.0	13.793103448275861	0.028169014084507043	0.007978494623655914	8.0	55.172413793103445	0.11267605633802817	0.05021505376344086	10.0	68.9655172413793	19.0	131.0344827586207	0.46967652329749116	0.3669001792114695	0.39099301075268816	-0.3103448275862069	93	65	0.6413793103448275	sadness	0.323943661971831	wikivir.cleaned.xml	10735	Pravljica O sivem mestu in črni roži	Marjana Moškrič	21	pravljice				
emotion_anger_per_1k	157.89473684210526	emotion_anger_per_1k; lexical_token_count>=80; word_token_count>=80	wikivir-015196::window::26	window	wikivir-015196	348	171	27.0	157.89473684210526	0.1956521739130435	0.08445454545454546	19.0	111.1111111111111	0.13768115942028986	0.11909090909090908	11.0	64.32748538011695	0.07971014492753623	0.05869318181818182	10.0	58.47953216374269	0.07246376811594203	0.056909090909090916	17.0	99.41520467836257	0.12318840579710146	0.11489772727272728	16.0	93.56725146198829	0.11594202898550725	0.08205681818181819	19.0	111.1111111111111	0.13768115942028986	0.060806818181818184	19.0	111.1111111111111	0.13768115942028986	0.10246590909090908	27.0	157.89473684210526	21.0	122.80701754385964	0.5579517045454545	0.5137111742424242	0.5763626893939394	0.125	88	56	0.5146198830409356	anger	0.1956521739130435	wikivir.cleaned.xml	15196	Nekaj o denarju		19	neleposlovje				
emotion_sadness_per_1k	157.89473684210526	emotion_sadness_per_1k; lexical_token_count>=80; word_token_count>=80	wikivir-004184::window::73	window	wikivir-004184	353	171	12.0	70.17543859649122	0.11320754716981132	0.06672499999999999	7.0	40.93567251461988	0.0660377358490566	0.035062499999999996	24.0	140.35087719298244	0.22641509433962265	0.1916875	27.0	157.89473684210526	0.25471698113207547	0.24217499999999997	3.0	17.543859649122805	0.02830188679245283	0.03	27.0	157.89473684210526	0.25471698113207547	0.203025	3.0	17.543859649122805	0.02830188679245283	0.0209	3.0	17.543859649122805	0.02830188679245283	0.023825000000000002	11.0	64.32748538011695	33.0	192.98245614035088	0.3782039583333333	0.5448172916666667	0.4844308333333334	-0.5	80	45	0.4678362573099415	fear	0.25471698113207547	wikivir.cleaned.xml	4184	Domači zdravnik/Kaj konča - umori človeka?	Janez Volčič	19	prirocniki				
emotion_sadness_per_1k	157.53424657534245	emotion_sadness_per_1k; lexical_token_count>=80; word_token_count>=80	wikivir-003255::window::2	window	wikivir-003255	410	146	4.0	27.397260273972602	0.08888888888888889	0.035716216216216214	6.0	41.0958904109589	0.13333333333333333	0.039162162162162166	2.0	13.698630136986301	0.044444444444444446	0.008135135135135136	2.0	13.698630136986301	0.044444444444444446	0.027891891891891892	1.0	6.8493150684931505	0.022222222222222223	0.01982432432432432	23.0	157.53424657534245	0.5111111111111111	0.13275675675675674	2.0	13.698630136986301	0.044444444444444446	0.01414864864864865	5.0	34.24657534246575	0.1111111111111111	0.03906756756756757	14.0	95.8904109589041	24.0	164.3835616438356	0.4555810810810811	0.42268018018018017	0.4254211711711711	-0.2631578947368421	74	41	0.5068493150684932	sadness	0.5111111111111111	wikivir.cleaned.xml	3255	O Pustu in zakletem gradu			slovenske ljudske pravljice				
emotion_surprise_per_1k	157.53424657534245	emotion_surprise_per_1k; lexical_token_count>=80; word_token_count>=80	wikivir-003833::window::47	window	wikivir-003833	314	146	0.0	0.0	0.0	0.0	9.0	61.64383561643835	0.13043478260869565	0.047625	1.0	6.8493150684931505	0.014492753623188406	0.0065138888888888885	2.0	13.698630136986301	0.028985507246376812	0.00825	26.0	178.08219178082192	0.37681159420289856	0.25248611111111113	1.0	6.8493150684931505	0.014492753623188406	0.003791666666666667	23.0	157.53424657534245	0.3333333333333333	0.15168055555555554	7.0	47.94520547945205	0.10144927536231885	0.05479166666666667	26.0	178.08219178082192	3.0	20.54794520547945	0.7001435185185185	0.45513194444444444	0.5585046296296297	0.7931034482758621	72	47	0.4931506849315068	joy	0.37681159420289856	wikivir.cleaned.xml	3833	Navdih srca	Ana Nuška Pišek	21	pesmi				
emotion_sadness_per_1k	157.53424657534245	emotion_sadness_per_1k; lexical_token_count>=80; word_token_count>=80	wikivir-018735::window::8	window	wikivir-018735	363	146	14.0	95.8904109589041	0.15384615384615385	0.09523863636363637	9.0	61.64383561643835	0.0989010989010989	0.05113636363636364	10.0	68.4931506849315	0.10989010989010989	0.06605681818181819	18.0	123.2876712328767	0.1978021978021978	0.11979545454545454	6.0	41.0958904109589	0.06593406593406594	0.12522727272727271	23.0	157.53424657534245	0.25274725274725274	0.18580681818181818	3.0	20.54794520547945	0.03296703296703297	0.02592045454545454	8.0	54.794520547945204	0.08791208791208792	0.06082954545454545	14.0	95.8904109589041	31.0	212.32876712328766	0.5039155303030303	0.4888005411255411	0.4987175054112555	-0.37777777777777777	88	55	0.6027397260273972	sadness	0.25274725274725274	wikivir.cleaned.xml	18735	Morituri nos salutant	Mara Tavčar	20	kratka proza			1911	
emotion_sadness_per_1k	157.2327044025157	emotion_sadness_per_1k; lexical_token_count>=80; word_token_count>=80	wikivir-019241::window::5	window	wikivir-019241	351	159	8.0	50.314465408805034	0.08333333333333333	0.04272857142857142	14.0	88.0503144654088	0.14583333333333334	0.09398571428571428	9.0	56.60377358490566	0.09375	0.059814285714285716	23.0	144.65408805031447	0.23958333333333334	0.21978571428571428	1.0	6.289308176100629	0.010416666666666666	0.006028571428571428	25.0	157.2327044025157	0.2604166666666667	0.19722857142857142	8.0	50.314465408805034	0.08333333333333333	0.08271428571428571	8.0	50.314465408805034	0.08333333333333333	0.07132857142857144	10.0	62.893081761006286	32.0	201.25786163522014	0.4438619047619048	0.5517916666666666	0.5032440476190475	-0.5238095238095238	70	50	0.44025157232704404	sadness	0.2604166666666667	wikivir.cleaned.xml	19241	O vzrokih nesreč v planinah	Janko Mlakar	20	prirocniki			1901	
emotion_anger_per_1k	157.14285714285714	emotion_anger_per_1k; lexical_token_count>=80; word_token_count>=80	wikivir-006202::window::11	window	wikivir-006202	358	140	22.0	157.14285714285714	0.24719101123595505	0.11645714285714287	2.0	14.285714285714285	0.02247191011235955	0.006485714285714286	9.0	64.28571428571428	0.10112359550561797	0.05252857142857144	18.0	128.57142857142856	0.20224719101123595	0.1506142857142857	4.0	28.57142857142857	0.0449438202247191	0.0253	12.0	85.71428571428571	0.1348314606741573	0.10942857142857143	6.0	42.857142857142854	0.06741573033707865	0.042300000000000004	16.0	114.28571428571428	0.1797752808988764	0.12260000000000001	13.0	92.85714285714286	25.0	178.57142857142858	0.4673	0.4857214285714286	0.4985238095238094	-0.3157894736842105	70	51	0.5	anger	0.24719101123595505	wikivir.cleaned.xml	6202	Mula v prepad - mula iz prepada	Tone Seliškar	20	kratka proza				
emotion_anger_per_1k	156.97674418604652	emotion_anger_per_1k; lexical_token_count>=80; word_token_count>=80	wikivir-006832::window::16	window	wikivir-006832	394	172	27.0	156.97674418604652	0.2903225806451613	0.08907594936708861	11.0	63.95348837209303	0.11827956989247312	0.05344303797468354	9.0	52.32558139534884	0.0967741935483871	0.011860759493670887	6.0	34.883720930232556	0.06451612903225806	0.04605063291139241	7.0	40.697674418604656	0.07526881720430108	0.027151898734177216	17.0	98.83720930232558	0.1827956989247312	0.06860759493670886	8.0	46.51162790697674	0.08602150537634409	0.02322784810126582	8.0	46.51162790697674	0.08602150537634409	0.04468354430379747	29.0	168.6046511627907	7.0	40.697674418604656	0.5171802290536468	0.4727163954189269	0.5291871609403256	0.6111111111111112	79	43	0.45930232558139533	anger	0.2903225806451613	wikivir.cleaned.xml	6832	Pod zvezdo	Branko Rudolf	20	dramska besedila				
emotion_disgust_per_1k	156.86274509803923	emotion_disgust_per_1k; lexical_token_count>=80; word_token_count>=80	wikivir-007629::window::1	window	wikivir-007629	368	153	18.0	117.6470588235294	0.225	0.09090804597701149	0.0	0.0	0.0	0.0	24.0	156.86274509803923	0.3	0.06385057471264367	16.0	104.57516339869281	0.2	0.04460919540229885	0.0	0.0	0.0	0.06314942528735631	4.0	26.143790849673202	0.05	0.031965517241379304	0.0	0.0	0.0	0.0	18.0	117.6470588235294	0.225	0.13222988505747127	17.0	111.1111111111111	29.0	189.5424836601307	0.5567083333333334	0.4457739463601533	0.488470785440613	-0.2608695652173913	87	35	0.5686274509803921	disgust	0.3	wikivir.cleaned.xml	7629	Hlapec je izplačal gospoda			ljudske pripovedke				
emotion_sadness_per_1k	156.86274509803923	emotion_sadness_per_1k; lexical_token_count>=80; word_token_count>=80	wikivir-004482::window::9	window	wikivir-004482	350	153	11.0	71.89542483660131	0.11827956989247312	0.07352941176470587	12.0	78.43137254901961	0.12903225806451613	0.08151470588235295	9.0	58.8235294117647	0.0967741935483871	0.07994117647058825	13.0	84.9673202614379	0.13978494623655913	0.13872058823529412	5.0	32.67973856209151	0.053763440860215055	0.039867647058823535	24.0	156.86274509803923	0.25806451612903225	0.20654411764705885	9.0	58.8235294117647	0.0967741935483871	0.07098529411764706	10.0	65.35947712418302	0.10752688172043011	0.09802941176470589	11.0	71.89542483660131	26.0	169.9346405228758	0.44095870098039214	0.4373149509803922	0.4327030637254902	-0.40540540540540543	68	37	0.4444444444444444	sadness	0.25806451612903225	wikivir.cleaned.xml	4482	Verske bajke na Dolenjskem	Janez Trdina	19	ljudske pripovedi				
emotion_sadness_per_1k	156.71641791044777	emotion_sadness_per_1k; lexical_token_count>=80; word_token_count>=80	wikivir-004866::window::142	window	wikivir-004866	425	134	5.0	37.31343283582089	0.125	0.045985294117647055	4.0	29.850746268656717	0.1	0.03010294117647059	1.0	7.462686567164179	0.025	0.0068970588235294115	3.0	22.388059701492537	0.075	0.03701470588235295	1.0	7.462686567164179	0.025	0.021573529411764703	21.0	156.71641791044777	0.525	0.12883823529411767	2.0	14.925373134328359	0.05	0.015397058823529415	3.0	22.388059701492537	0.075	0.026426470588235298	13.0	97.01492537313433	23.0	171.6417910447761	0.4544767156862745	0.43006250000000007	0.4320539215686275	-0.2777777777777778	68	38	0.5074626865671642	sadness	0.525	wikivir.cleaned.xml	4866	Za devetimi gorami			slovenske ljudske pravljice				
emotion_anger_per_1k	156.4625850340136	emotion_anger_per_1k; lexical_token_count>=80; word_token_count>=80	wikivir-015430::window::108	window	wikivir-015430	379	147	23.0	156.4625850340136	0.23958333333333334	0.12901515151515153	10.0	68.02721088435375	0.10416666666666667	0.07740909090909091	12.0	81.63265306122449	0.125	0.07034848484848485	15.0	102.04081632653062	0.15625	0.08515151515151517	3.0	20.408163265306122	0.03125	0.0751060606060606	7.0	47.61904761904761	0.07291666666666667	0.05415151515151515	6.0	40.816326530612244	0.0625	0.023530303030303033	20.0	136.0544217687075	0.20833333333333334	0.15171212121212121	17.0	115.64625850340137	24.0	163.26530612244898	0.513322601010101	0.46515656565656555	0.5052935606060607	-0.17073170731707318	66	46	0.4489795918367347	anger	0.23958333333333334	wikivir.cleaned.xml	15430	Gospod Lisec	Fran Detela	19	povesti			1894	
emotion_sadness_per_1k	156.25	emotion_sadness_per_1k; lexical_token_count>=80; word_token_count>=80	wikivir-016553::window::16	window	wikivir-016553	369	192	9.0	46.875	0.08181818181818182	0.046475728155339804	14.0	72.91666666666667	0.12727272727272726	0.053553398058252426	3.0	15.625	0.02727272727272727	0.01850485436893204	16.0	83.33333333333333	0.14545454545454545	0.09996116504854369	15.0	78.125	0.13636363636363635	0.08596116504854368	30.0	156.25	0.2727272727272727	0.14946601941747573	8.0	41.666666666666664	0.07272727272727272	0.03966990291262136	15.0	78.125	0.13636363636363635	0.06418446601941748	22.0	114.58333333333333	29.0	151.04166666666666	0.4796933656957928	0.3885773462783172	0.40851310679611663	-0.13725490196078433	103	82	0.5364583333333334	sadness	0.2727272727272727	wikivir.cleaned.xml	16553	Brazgotine	Črtomir Šinkovec	20	pesmi			1974	
emotion_sadness_per_1k	156.25	emotion_sadness_per_1k; lexical_token_count>=80; word_token_count>=80	wikivir-011653::window::71	window	wikivir-011653	370	160	17.0	106.25	0.16346153846153846	0.09692857142857145	8.0	50.0	0.07692307692307693	0.04760714285714286	6.0	37.5	0.057692307692307696	0.043166666666666666	24.0	150.0	0.23076923076923078	0.17354761904761903	8.0	50.0	0.07692307692307693	0.06579761904761905	25.0	156.25	0.2403846153846154	0.16998809523809524	4.0	25.0	0.038461538461538464	0.016273809523809524	12.0	75.0	0.11538461538461539	0.08223809523809524	18.0	112.5	25.0	156.25	0.4518274376417234	0.49439696712018144	0.4869454648526077	-0.16279069767441862	84	65	0.525	sadness	0.2403846153846154	wikivir.cleaned.xml	11653	Ljudje od Soče	Matija Malešič	20	proza			1918	
emotion_anger_per_1k	156.02836879432624	emotion_anger_per_1k; lexical_token_count>=80; word_token_count>=80	wikivir-007649::window::1	window	wikivir-007649	370	141	22.0	156.02836879432624	0.23655913978494625	0.08898750000000001	6.0	42.5531914893617	0.06451612903225806	0.036825	9.0	63.82978723404255	0.0967741935483871	0.0450125	19.0	134.75177304964538	0.20430107526881722	0.1543625	6.0	42.5531914893617	0.06451612903225806	0.05182500000000001	15.0	106.38297872340425	0.16129032258064516	0.07546250000000002	5.0	35.46099290780142	0.053763440860215055	0.013962500000000003	11.0	78.01418439716312	0.11827956989247312	0.056625	12.0	85.1063829787234	31.0	219.8581560283688	0.5056270833333334	0.5655420833333333	0.6068287499999999	-0.4418604651162791	80	40	0.5673758865248227	anger	0.23655913978494625	wikivir.cleaned.xml	7649	Huzar Matija			ljudske pripovedke				
emotion_anger_per_1k	156.02836879432624	emotion_anger_per_1k; lexical_token_count>=80; word_token_count>=80	wikivir-016894::window::925	window	wikivir-016894	357	141	22.0	156.02836879432624	0.19298245614035087	0.12465714285714287	14.0	99.29078014184398	0.12280701754385964	0.10057142857142858	13.0	92.19858156028369	0.11403508771929824	0.07228571428571429	21.0	148.93617021276594	0.18421052631578946	0.1691142857142857	7.0	49.64539007092199	0.06140350877192982	0.06751428571428571	12.0	85.1063829787234	0.10526315789473684	0.10359999999999998	2.0	14.184397163120567	0.017543859649122806	0.015614285714285714	23.0	163.12056737588654	0.20175438596491227	0.1796	23.0	163.12056737588654	26.0	184.39716312056737	0.5075648809523811	0.5391238095238094	0.5929910714285713	-0.061224489795918366	70	55	0.49645390070921985	trust	0.20175438596491227	wikivir.cleaned.xml	16894	Giuseppo Musolino	Heinrich Sochaczewsky	20	kolportazni romani				
emotion_disgust_per_1k	155.91397849462365	emotion_disgust_per_1k; lexical_token_count>=80; word_token_count>=80	wikivir-003495::window::48	window	wikivir-003495	428	186	0.0	0.0	0.0	0.0	12.0	64.51612903225806	0.14814814814814814	0.06863414634146342	29.0	155.91397849462365	0.35802469135802467	0.01924390243902439	0.0	0.0	0.0	0.005902439024390244	14.0	75.26881720430107	0.1728395061728395	0.07908536585365852	6.0	32.25806451612903	0.07407407407407407	0.02470731707317073	10.0	53.763440860215056	0.12345679012345678	0.03668292682926829	10.0	53.763440860215056	0.12345679012345678	0.05004878048780487	20.0	107.52688172043011	32.0	172.0430107526882	0.5179928861788617	0.3423109756097561	0.41133231707317075	-0.23076923076923078	82	43	0.44086021505376344	disgust	0.35802469135802467	wikivir.cleaned.xml	3495	Modra vrtnica za princesko	Kristina Brenkova	20	dramska besedila				
emotion_sadness_per_1k	155.84415584415584	emotion_sadness_per_1k; lexical_token_count>=80; word_token_count>=80	wikivir-004243::window::79	window	wikivir-004243	388	154	19.0	123.37662337662337	0.22093023255813954	0.1761	6.0	38.96103896103896	0.06976744186046512	0.03266666666666666	9.0	58.44155844155844	0.10465116279069768	0.08686666666666666	21.0	136.36363636363635	0.2441860465116279	0.14051666666666668	0.0	0.0	0.0	0.02335	24.0	155.84415584415584	0.27906976744186046	0.17448333333333335	3.0	19.48051948051948	0.03488372093023256	0.031133333333333332	4.0	25.974025974025977	0.046511627906976744	0.05573333333333333	4.0	25.974025974025977	25.0	162.33766233766232	0.5063736111111111	0.4453680555555556	0.48307638888888893	-0.7241379310344828	60	30	0.38961038961038963	sadness	0.27906976744186046	wikivir.cleaned.xml	4243	Slovenske narodne pesmi (Šterkelj)/Razdelek I. Pesmi o Bogu, sv. Trojici, sv. Duhu, Jezusu, Mariji in za razne praznike.	Karel Štrekelj	20					
emotion_anger_per_1k	155.84415584415584	emotion_anger_per_1k; lexical_token_count>=80; word_token_count>=80	wikivir-011606::window::272	window	wikivir-011606	391	154	24.0	155.84415584415584	0.23300970873786409	0.12272857142857145	12.0	77.92207792207792	0.11650485436893204	0.09832857142857145	9.0	58.44155844155844	0.08737864077669903	0.07052857142857143	12.0	77.92207792207792	0.11650485436893204	0.09611428571428572	14.0	90.9090909090909	0.13592233009708737	0.13875714285714286	6.0	38.96103896103896	0.05825242718446602	0.05074285714285714	12.0	77.92207792207792	0.11650485436893204	0.04138571428571428	14.0	90.9090909090909	0.13592233009708737	0.12047142857142856	17.0	110.38961038961038	16.0	103.89610389610391	0.5935511904761905	0.5262452380952383	0.5911154761904762	0.030303030303030304	70	50	0.45454545454545453	anger	0.23300970873786409	wikivir.cleaned.xml	11606	Na devinski skali	Miroslav Malovrh	20	zgodovinski romani				
emotion_anger_per_1k	155.84415584415584	emotion_anger_per_1k; lexical_token_count>=80; word_token_count>=80	wikivir-013664::window::6	window	wikivir-013664	370	154	24.0	155.84415584415584	0.2	0.17332584269662923	14.0	90.9090909090909	0.11666666666666667	0.07352808988764044	22.0	142.85714285714286	0.18333333333333332	0.14240449438202246	19.0	123.37662337662337	0.15833333333333333	0.1005505617977528	9.0	58.44155844155844	0.075	0.06804494382022472	18.0	116.88311688311688	0.15	0.13747191011235954	2.0	12.987012987012989	0.016666666666666666	0.01298876404494382	12.0	77.92207792207792	0.1	0.0770561797752809	22.0	142.85714285714286	32.0	207.79220779220782	0.45042746120920274	0.4765121990369181	0.48082058587479937	-0.18518518518518517	89	69	0.577922077922078	anger	0.2	wikivir.cleaned.xml	13664	Otok in Struga (1897)	Ivan Tavčar	19	novele				
emotion_anger_per_1k	155.27950310559004	emotion_anger_per_1k; lexical_token_count>=80; word_token_count>=80	wikivir-004184::window::7	window	wikivir-004184	356	161	25.0	155.27950310559004	0.22727272727272727	0.14614102564102563	3.0	18.633540372670808	0.02727272727272727	0.01782051282051282	19.0	118.01242236024845	0.17272727272727273	0.16976923076923076	28.0	173.91304347826087	0.2545454545454545	0.24917948717948712	3.0	18.633540372670808	0.02727272727272727	0.04057692307692308	20.0	124.22360248447205	0.18181818181818182	0.1580128205128205	6.0	37.267080745341616	0.05454545454545454	0.04419230769230769	6.0	37.267080745341616	0.05454545454545454	0.06969230769230768	15.0	93.16770186335403	37.0	229.81366459627327	0.4245181623931624	0.4982126068376069	0.4748108974358975	-0.4230769230769231	78	44	0.484472049689441	fear	0.2545454545454545	wikivir.cleaned.xml	4184	Domači zdravnik/Kaj konča - umori človeka?	Janez Volčič	19	prirocniki				
emotion_anger_per_1k	155.08021390374333	emotion_anger_per_1k; lexical_token_count>=80; word_token_count>=80	wikivir-004607::window::81	window	wikivir-004607	407	187	29.0	155.08021390374333	0.26605504587155965	0.12054736842105263	8.0	42.780748663101605	0.07339449541284404	0.04192631578947369	7.0	37.4331550802139	0.06422018348623854	0.036442105263157894	19.0	101.60427807486631	0.1743119266055046	0.09476842105263159	8.0	42.780748663101605	0.07339449541284404	0.05301052631578948	20.0	106.95187165775401	0.1834862385321101	0.09524210526315789	6.0	32.0855614973262	0.05504587155963303	0.02490526315789474	12.0	64.1711229946524	0.11009174311926606	0.08314736842105264	26.0	139.0374331550802	27.0	144.3850267379679	0.4906749999999999	0.49502192982456145	0.5381030701754388	-0.018867924528301886	95	74	0.5080213903743316	anger	0.26605504587155965	wikivir.cleaned.xml	4607	Mlini pod zemljo	Werner Mehler	20	dramska besedila			1901	
emotion_anger_per_1k	154.83870967741936	emotion_anger_per_1k; lexical_token_count>=80; word_token_count>=80	wikivir-004534::window::6	window	wikivir-004534	373	155	24.0	154.83870967741936	0.2	0.17731034482758617	14.0	90.32258064516128	0.11666666666666667	0.0752183908045977	22.0	141.93548387096774	0.18333333333333332	0.14567816091954025	19.0	122.58064516129032	0.15833333333333333	0.10286206896551722	9.0	58.06451612903226	0.075	0.06960919540229885	18.0	116.12903225806453	0.15	0.13373563218390808	2.0	12.903225806451612	0.016666666666666666	0.01328735632183908	12.0	77.41935483870968	0.1	0.07882758620689656	22.0	141.93548387096774	31.0	200.0	0.4550388204707169	0.47778451012588935	0.4839965380405036	-0.16981132075471697	87	67	0.5612903225806452	anger	0.2	wikivir.cleaned.xml	4534	Otok in Struga (1881)	Ivan Tavčar	19	proza				
emotion_anger_per_1k	154.76190476190476	emotion_anger_per_1k; lexical_token_count>=80; word_token_count>=80	wikivir-002732::window::3	window	wikivir-002732	220	84	13.0	154.76190476190476	0.2	0.2009375	9.0	107.14285714285714	0.13846153846153847	0.10293750000000002	7.0	83.33333333333333	0.1076923076923077	0.13668750000000002	12.0	142.85714285714286	0.18461538461538463	0.30028124999999994	2.0	23.809523809523807	0.03076923076923077	0.025375	9.0	107.14285714285714	0.13846153846153847	0.24525000000000002	9.0	107.14285714285714	0.13846153846153847	0.18309375	4.0	47.61904761904761	0.06153846153846154	0.061031249999999995	6.0	71.42857142857143	14.0	166.66666666666666	0.3780130208333333	0.5135260416666667	0.4407994791666666	-0.4	32	22	0.38095238095238093	anger	0.2	wikivir.cleaned.xml	2732	Baba, ded in smrt			ljudske pravljice				
emotion_anger_per_1k	154.47154471544715	emotion_anger_per_1k; lexical_token_count>=80; word_token_count>=80	wikivir-011686::window::35	window	wikivir-011686	321	123	19.0	154.47154471544715	0.2087912087912088	0.15056944444444442	9.0	73.17073170731707	0.0989010989010989	0.06055555555555556	8.0	65.04065040650407	0.08791208791208792	0.05469444444444444	18.0	146.34146341463415	0.1978021978021978	0.1747361111111111	3.0	24.390243902439025	0.03296703296703297	0.03836111111111111	17.0	138.21138211382114	0.18681318681318682	0.1745	10.0	81.30081300813008	0.10989010989010989	0.06661111111111112	7.0	56.91056910569105	0.07692307692307693	0.069875	12.0	97.5609756097561	26.0	211.38211382113823	0.4768090277777779	0.4911238425925926	0.5096030092592593	-0.3684210526315789	72	48	0.5853658536585366	anger	0.2087912087912088	wikivir.cleaned.xml	11686	Na mrtvi straži	Vitomir Feodor Jelenc	20	kratka proza			1921	
emotion_anger_per_1k	154.320987654321	emotion_anger_per_1k; lexical_token_count>=80; word_token_count>=80	wikivir-013395::window::40	window	wikivir-013395	402	162	25.0	154.320987654321	0.211864406779661	0.17813953488372095	10.0	61.72839506172839	0.0847457627118644	0.06304651162790699	10.0	61.72839506172839	0.0847457627118644	0.06969767441860465	27.0	166.66666666666666	0.2288135593220339	0.22626744186046507	3.0	18.51851851851852	0.025423728813559324	0.05394186046511628	18.0	111.1111111111111	0.15254237288135594	0.13988372093023257	13.0	80.24691358024691	0.11016949152542373	0.08431395348837209	12.0	74.07407407407408	0.1016949152542373	0.10630232558139534	18.0	111.1111111111111	30.0	185.18518518518516	0.47731868770764124	0.567040642303433	0.5809014673311185	-0.25	86	66	0.5308641975308642	fear	0.2288135593220339	wikivir.cleaned.xml	13395	Dedinja grajskih zakladov	Jože Urbanija	20	povesti			1934	
emotion_anger_per_1k	154.320987654321	emotion_anger_per_1k; lexical_token_count>=80; word_token_count>=80	wikivir-017154::window::1837	window	wikivir-017154	370	162	25.0	154.320987654321	0.22935779816513763	0.1706	6.0	37.03703703703704	0.05504587155963303	0.0447125	14.0	86.41975308641975	0.12844036697247707	0.0826375	21.0	129.62962962962962	0.1926605504587156	0.14581249999999998	5.0	30.864197530864196	0.045871559633027525	0.044475	16.0	98.76543209876543	0.14678899082568808	0.11715	9.0	55.55555555555555	0.08256880733944955	0.063675	13.0	80.24691358024691	0.11926605504587157	0.10353750000000002	11.0	67.90123456790123	30.0	185.18518518518516	0.45605604166666663	0.5108095833333334	0.4892808333333333	-0.4634146341463415	80	62	0.49382716049382713	anger	0.22935779816513763	wikivir.cleaned.xml	17154	Grofica beračica, 2. del	Victor von B.	20	romani			1902	
emotion_anger_per_1k	154.28571428571428	emotion_anger_per_1k; lexical_token_count>=80; word_token_count>=80	wikivir-002554::window::1	window	wikivir-002554	372	175	27.0	154.28571428571428	0.19014084507042253	0.10478640776699029	19.0	108.57142857142857	0.13380281690140844	0.06873786407766991	5.0	28.57142857142857	0.035211267605633804	0.021689320388349517	21.0	120.0	0.14788732394366197	0.13006796116504854	15.0	85.71428571428571	0.1056338028169014	0.06298058252427184	19.0	108.57142857142857	0.13380281690140844	0.08313592233009709	15.0	85.71428571428571	0.1056338028169014	0.10102912621359222	21.0	120.0	0.14788732394366197	0.10376699029126213	35.0	200.0	21.0	120.0	0.4787313915857606	0.5012508090614886	0.5127135922330098	0.25	103	51	0.5885714285714285	anger	0.19014084507042253	wikivir.cleaned.xml	2554	Strah v cerkvi			slovenske ljudske pravljice				
emotion_anger_per_1k	154.28571428571428	emotion_anger_per_1k; lexical_token_count>=80; word_token_count>=80	wikivir-019203::window::42	window	wikivir-019203	437	175	27.0	154.28571428571428	0.23275862068965517	0.1570735294117647	3.0	17.142857142857142	0.02586206896551724	0.019294117647058823	24.0	137.14285714285714	0.20689655172413793	0.2030735294117647	27.0	154.28571428571428	0.23275862068965517	0.21577941176470591	1.0	5.714285714285714	0.008620689655172414	0.017661764705882353	27.0	154.28571428571428	0.23275862068965517	0.23349999999999999	3.0	17.142857142857142	0.02586206896551724	0.023882352941176473	4.0	22.857142857142858	0.034482758620689655	0.03376470588235295	9.0	51.42857142857143	38.0	217.14285714285714	0.378056862745098	0.5287838235294117	0.42974558823529413	-0.6170212765957447	68	46	0.38857142857142857	anger	0.23275862068965517	wikivir.cleaned.xml	19203	Revček Andrejček	Karl Morré	19	igra s petjem			1891	
emotion_anger_per_1k	154.28571428571428	emotion_anger_per_1k; lexical_token_count>=80; word_token_count>=80	wikivir-013860::window::107	window	wikivir-013860	415	175	27.0	154.28571428571428	0.24545454545454545	0.17786249999999998	8.0	45.714285714285715	0.07272727272727272	0.04735	11.0	62.85714285714286	0.1	0.067	22.0	125.71428571428572	0.2	0.15889999999999999	4.0	22.857142857142858	0.03636363636363636	0.0508125	22.0	125.71428571428572	0.2	0.141425	5.0	28.57142857142857	0.045454545454545456	0.0316375	11.0	62.85714285714286	0.1	0.09236249999999999	24.0	137.14285714285714	24.0	137.14285714285714	0.4815155208333334	0.5691370833333333	0.6065909375	0.0	80	60	0.45714285714285713	anger	0.24545454545454545	wikivir.cleaned.xml	13860	Viljem Ostrovrhar	Anton Medved	19	tragedije			1894	
emotion_anger_per_1k	153.84615384615387	emotion_anger_per_1k; lexical_token_count>=80; word_token_count>=80	wikivir-010666::window::2	window	wikivir-010666	344	143	22.0	153.84615384615387	0.1506849315068493	0.036137499999999996	25.0	174.82517482517483	0.17123287671232876	0.11688749999999999	16.0	111.8881118881119	0.1095890410958904	0.016862500000000002	6.0	41.95804195804196	0.0410958904109589	0.04395	21.0	146.85314685314685	0.14383561643835616	0.08183750000000001	3.0	20.97902097902098	0.02054794520547945	0.023312499999999996	21.0	146.85314685314685	0.14383561643835616	0.048212500000000005	32.0	223.7762237762238	0.2191780821917808	0.184075	31.0	216.78321678321677	7.0	48.95104895104895	0.6015656250000001	0.3968770833333333	0.4828541666666667	0.631578947368421	80	41	0.5594405594405595	trust	0.2191780821917808	wikivir.cleaned.xml	10666	Pripovedka o treh bratih		19	ljudske pripovedke				
emotion_disgust_per_1k	153.43915343915344	emotion_disgust_per_1k; lexical_token_count>=80; word_token_count>=80	wikivir-003493::window::90	window	wikivir-003493	408	189	20.0	105.82010582010581	0.13986013986013987	0.0697439024390244	11.0	58.201058201058196	0.07692307692307693	0.06545121951219512	29.0	153.43915343915344	0.20279720279720279	0.1266219512195122	18.0	95.23809523809523	0.1258741258741259	0.063	8.0	42.32804232804233	0.055944055944055944	0.09880487804878046	21.0	111.1111111111111	0.14685314685314685	0.12296341463414634	9.0	47.61904761904761	0.06293706293706294	0.04675609756097562	27.0	142.85714285714286	0.1888111888111888	0.20291463414634145	26.0	137.56613756613757	33.0	174.60317460317458	0.4777733739837398	0.48470680894308943	0.5014898373983739	-0.11864406779661017	82	47	0.43386243386243384	disgust	0.20279720279720279	wikivir.cleaned.xml	3493	Učenjak	Fran Detela	20	dramska besedila				
emotion_disgust_per_1k	152.86624203821654	emotion_disgust_per_1k; lexical_token_count>=80; word_token_count>=80	wikivir-004184::window::58	window	wikivir-004184	347	157	11.0	70.06369426751593	0.12941176470588237	0.06336111111111112	1.0	6.369426751592357	0.011764705882352941	0.00965277777777778	24.0	152.86624203821654	0.2823529411764706	0.21916666666666668	21.0	133.7579617834395	0.24705882352941178	0.19302777777777777	5.0	31.84713375796178	0.058823529411764705	0.043791666666666666	19.0	121.01910828025478	0.2235294117647059	0.163875	1.0	6.369426751592357	0.011764705882352941	0.00836111111111111	3.0	19.108280254777068	0.03529411764705882	0.035902777777777777	10.0	63.69426751592356	29.0	184.71337579617833	0.4459981481481481	0.4232122685185185	0.4343287037037037	-0.48717948717948717	72	41	0.4585987261146497	disgust	0.2823529411764706	wikivir.cleaned.xml	4184	Domači zdravnik/Kaj konča - umori človeka?	Janez Volčič	19	prirocniki				
emotion_disgust_per_1k	150.0	emotion_disgust_per_1k; lexical_token_count>=80; word_token_count>=80	wikivir-004225::window::128	window	wikivir-004225	390	160	15.0	93.75	0.15306122448979592	0.034432432432432436	4.0	25.0	0.04081632653061224	0.02195945945945946	24.0	150.0	0.24489795918367346	0.09431081081081082	27.0	168.75	0.2755102040816326	0.12652702702702703	1.0	6.25	0.01020408163265306	0.05740540540540541	8.0	50.0	0.08163265306122448	0.07356756756756756	4.0	25.0	0.04081632653061224	0.03674324324324324	15.0	93.75	0.15306122448979592	0.13033783783783787	13.0	81.25	33.0	206.25	0.5187780405405407	0.4485137387387388	0.48785822072072066	-0.43478260869565216	74	40	0.4625	fear	0.2755102040816326	wikivir.cleaned.xml	4225	Nesrečno zlato!	Matija Prelesnik	20	povesti				
emotion_disgust_per_1k	150.0	emotion_disgust_per_1k; lexical_token_count>=80; word_token_count>=80	wikivir-020081::window::149	window	wikivir-020081	344	160	12.0	75.0	0.12244897959183673	0.08123809523809525	8.0	50.0	0.08163265306122448	0.04360714285714286	24.0	150.0	0.24489795918367346	0.1751904761904762	23.0	143.75	0.23469387755102042	0.16872619047619047	3.0	18.75	0.030612244897959183	0.049988095238095234	20.0	125.0	0.20408163265306123	0.16001190476190474	5.0	31.25	0.05102040816326531	0.03320238095238095	3.0	18.75	0.030612244897959183	0.044726190476190475	8.0	50.0	31.0	193.75	0.4557420634920635	0.5294632936507936	0.47951686507936514	-0.5897435897435898	84	67	0.525	disgust	0.24489795918367346	wikivir.cleaned.xml	20081	Trojno gorje	Januš Golec	20	povesti			1932	
emotion_disgust_per_1k	148.64864864864865	emotion_disgust_per_1k; lexical_token_count>=80; word_token_count>=80	wikivir-007629::window::2	window	wikivir-007629	366	148	17.0	114.86486486486487	0.2328767123287671	0.14400000000000002	0.0	0.0	0.0	0.0	22.0	148.64864864864865	0.3013698630136986	0.06936842105263157	15.0	101.35135135135135	0.2054794520547945	0.0705921052631579	0.0	0.0	0.0	0.05093421052631579	8.0	54.054054054054056	0.1095890410958904	0.07318421052631578	0.0	0.0	0.0	0.0	11.0	74.32432432432432	0.1506849315068493	0.09721052631578946	13.0	87.83783783783784	30.0	202.7027027027027	0.5010871710526315	0.4802478070175438	0.4607516447368421	-0.3953488372093023	76	29	0.5135135135135135	disgust	0.3013698630136986	wikivir.cleaned.xml	7629	Hlapec je izplačal gospoda			ljudske pripovedke				
emotion_disgust_per_1k	148.5148514851485	emotion_disgust_per_1k; lexical_token_count>=80; word_token_count>=80	wikivir-003495::window::49	window	wikivir-003495	436	202	0.0	0.0	0.0	0.0	10.0	49.504950495049506	0.11764705882352941	0.046533980582524274	30.0	148.5148514851485	0.35294117647058826	0.029281553398058248	0.0	0.0	0.0	0.004699029126213592	11.0	54.45544554455446	0.12941176470588237	0.07320388349514564	19.0	94.05940594059406	0.2235294117647059	0.06167961165048543	6.0	29.7029702970297	0.07058823529411765	0.02192233009708738	9.0	44.554455445544555	0.10588235294117647	0.03421359223300971	26.0	128.7128712871287	31.0	153.46534653465346	0.5624894822006474	0.32709870550161807	0.42830825242718457	-0.08771929824561403	103	41	0.5099009900990099	disgust	0.35294117647058826	wikivir.cleaned.xml	3495	Modra vrtnica za princesko	Kristina Brenkova	20	dramska besedila				
emotion_disgust_per_1k	148.38709677419354	emotion_disgust_per_1k; lexical_token_count>=80; word_token_count>=80	wikivir-004482::window::50	window	wikivir-004482	340	155	21.0	135.48387096774195	0.19811320754716982	0.200453125	7.0	45.16129032258064	0.0660377358490566	0.034140625	23.0	148.38709677419354	0.2169811320754717	0.216984375	26.0	167.74193548387098	0.24528301886792453	0.27168749999999997	1.0	6.451612903225806	0.009433962264150943	0.00828125	20.0	129.03225806451613	0.18867924528301888	0.18959375	3.0	19.35483870967742	0.02830188679245283	0.01478125	5.0	32.25806451612903	0.04716981132075472	0.05578125	11.0	70.96774193548387	33.0	212.9032258064516	0.44420703125	0.5746249999999999	0.55294921875	-0.5	64	44	0.4129032258064516	fear	0.24528301886792453	wikivir.cleaned.xml	4482	Verske bajke na Dolenjskem	Janez Trdina	19	ljudske pripovedi				
emotion_surprise_per_1k	148.14814814814815	emotion_surprise_per_1k; lexical_token_count>=80; word_token_count>=80	wikivir-003770::window::3	window	wikivir-003770	213	81	4.0	49.382716049382715	0.07142857142857142	0.024173076923076926	11.0	135.80246913580245	0.19642857142857142	0.13876923076923076	1.0	12.345679012345679	0.017857142857142856	0.01051923076923077	1.0	12.345679012345679	0.017857142857142856	0.01051923076923077	13.0	160.49382716049382	0.23214285714285715	0.13690384615384615	1.0	12.345679012345679	0.017857142857142856	0.014115384615384615	12.0	148.14814814814815	0.21428571428571427	0.11917307692307692	13.0	160.49382716049382	0.23214285714285715	0.1026346153846154	15.0	185.18518518518516	2.0	24.691358024691358	0.5926442307692309	0.4326442307692308	0.5070288461538462	0.7647058823529411	52	27	0.6419753086419753	joy	0.23214285714285715	wikivir.cleaned.xml	3770	Miška si skuje srečo	Svetlana Makarovič	20	pravljice				
emotion_disgust_per_1k	147.54098360655738	emotion_disgust_per_1k; lexical_token_count>=80; word_token_count>=80	wikivir-016125::window::50	window	wikivir-016125	390	183	23.0	125.68306010928961	0.19658119658119658	0.10178571428571428	2.0	10.92896174863388	0.017094017094017096	0.010448979591836735	27.0	147.54098360655738	0.23076923076923078	0.1634183673469388	29.0	158.46994535519127	0.24786324786324787	0.18761224489795922	2.0	10.92896174863388	0.017094017094017096	0.02051020408163265	28.0	153.0054644808743	0.23931623931623933	0.17165306122448976	0.0	0.0	0.0	0.0	6.0	32.786885245901644	0.05128205128205128	0.040183673469387754	12.0	65.57377049180329	48.0	262.29508196721315	0.3981318027210885	0.566173469387755	0.4606071428571428	-0.6	98	72	0.5355191256830601	fear	0.24786324786324787	wikivir.cleaned.xml	16125	Žganje - naš sovražnik	Jurij Matej Trunk	19	neleposlovje			1900	
emotion_disgust_per_1k	147.23926380368098	emotion_disgust_per_1k; lexical_token_count>=80; word_token_count>=80	wikivir-014640::window::96	window	wikivir-014640	349	163	9.0	55.214723926380366	0.09278350515463918	0.07363636363636364	8.0	49.079754601226995	0.08247422680412371	0.04157954545454546	24.0	147.23926380368098	0.24742268041237114	0.1529090909090909	28.0	171.7791411042945	0.28865979381443296	0.21511363636363637	3.0	18.404907975460123	0.030927835051546393	0.040045454545454544	14.0	85.88957055214725	0.14432989690721648	0.10348863636363635	3.0	18.404907975460123	0.030927835051546393	0.029829545454545456	8.0	49.079754601226995	0.08247422680412371	0.04873863636363636	12.0	73.61963190184049	33.0	202.45398773006136	0.4531714015151515	0.48826420454545455	0.48234659090909093	-0.4666666666666667	88	57	0.5398773006134969	fear	0.28865979381443296	wikivir.cleaned.xml	14640	Domače in tuje živali v podobah, 5: Golazen	Fran Erjavec	19	prirocniki				
emotion_disgust_per_1k	146.19883040935673	emotion_disgust_per_1k; lexical_token_count>=80; word_token_count>=80	wikivir-002855::window::62	window	wikivir-002855	365	171	23.0	134.50292397660817	0.19166666666666668	0.039253333333333335	4.0	23.391812865497073	0.03333333333333333	0.034480000000000004	25.0	146.19883040935673	0.20833333333333334	0.08559999999999998	26.0	152.046783625731	0.21666666666666667	0.07717333333333333	7.0	40.93567251461988	0.058333333333333334	0.16510666666666665	4.0	23.391812865497073	0.03333333333333333	0.029733333333333334	4.0	23.391812865497073	0.03333333333333333	0.026666666666666665	27.0	157.89473684210526	0.225	0.2434666666666667	36.0	210.52631578947367	29.0	169.5906432748538	0.6055144444444444	0.4344033333333333	0.5464299999999999	0.1076923076923077	75	53	0.43859649122807015	trust	0.225	wikivir.cleaned.xml	2855	Blage duše	Fran Detela	20	drame				
emotion_disgust_per_1k	146.06741573033707	emotion_disgust_per_1k; lexical_token_count>=80; word_token_count>=80	wikivir-000671::window::97	window	wikivir-000671	352	178	8.0	44.9438202247191	0.09302325581395349	0.03369473684210526	3.0	16.853932584269664	0.03488372093023256	0.01571578947368421	26.0	146.06741573033707	0.3023255813953488	0.16224210526315788	17.0	95.50561797752809	0.19767441860465115	0.1165578947368421	8.0	44.9438202247191	0.09302325581395349	0.03888421052631579	18.0	101.12359550561797	0.20930232558139536	0.0992	0.0	0.0	0.0	0.0	6.0	33.70786516853933	0.06976744186046512	0.03429473684210526	13.0	73.03370786516854	28.0	157.30337078651684	0.45080771929824565	0.4419254385964912	0.4221619298245613	-0.36585365853658536	95	57	0.5337078651685393	disgust	0.3023255813953488	wikivir.cleaned.xml	671	Naše škodljive rastline/Bakterije	Martin Cilenšek	19	neleposlovje				
emotion_disgust_per_1k	144.82758620689657	emotion_disgust_per_1k; lexical_token_count>=80; word_token_count>=80	wikivir-006836::window::10	window	wikivir-006836	347	145	13.0	89.6551724137931	0.13978494623655913	0.09756578947368422	3.0	20.689655172413794	0.03225806451612903	0.011407894736842105	21.0	144.82758620689657	0.22580645161290322	0.16707894736842105	24.0	165.51724137931035	0.25806451612903225	0.21892105263157896	4.0	27.586206896551722	0.043010752688172046	0.05742105263157895	17.0	117.24137931034483	0.1827956989247312	0.12682894736842104	8.0	55.172413793103445	0.08602150537634409	0.06989473684210527	3.0	20.689655172413794	0.03225806451612903	0.019223684210526313	11.0	75.86206896551724	32.0	220.68965517241378	0.414014254385965	0.5146015350877192	0.4442162280701754	-0.4883720930232558	76	58	0.5241379310344828	fear	0.25806451612903225	wikivir.cleaned.xml	6836	V hribih	Zofka Kveder	20	kratka proza				
emotion_disgust_per_1k	144.57831325301206	emotion_disgust_per_1k; lexical_token_count>=80; word_token_count>=80	wikivir-006720::window::29	window	wikivir-006720	218	83	1.0	12.048192771084338	0.029411764705882353	0.009511627906976744	1.0	12.048192771084338	0.029411764705882353	0.015069767441860466	12.0	144.57831325301206	0.35294117647058826	0.1568139534883721	12.0	144.57831325301206	0.35294117647058826	0.14837209302325582	0.0	0.0	0.0	0.0	1.0	12.048192771084338	0.029411764705882353	0.01744186046511628	2.0	24.096385542168676	0.058823529411764705	0.03669767441860465	5.0	60.24096385542169	0.14705882352941177	0.06376744186046511	6.0	72.28915662650603	15.0	180.72289156626505	0.5000077519379846	0.540484496124031	0.4835542635658915	-0.42857142857142855	43	25	0.5180722891566265	disgust	0.35294117647058826	wikivir.cleaned.xml	6720	Strašna bratranca	Slavko Pregl	20	pravljice				
emotion_disgust_per_1k	144.57831325301206	emotion_disgust_per_1k; lexical_token_count>=80; word_token_count>=80	wikivir-010217::window::436	window	wikivir-010217	373	166	10.0	60.24096385542169	0.136986301369863	0.054515151515151516	3.0	18.072289156626507	0.0410958904109589	0.026409090909090906	24.0	144.57831325301206	0.3287671232876712	0.19474242424242422	17.0	102.40963855421687	0.2328767123287671	0.1589242424242424	3.0	18.072289156626507	0.0410958904109589	0.04424242424242424	13.0	78.3132530120482	0.1780821917808219	0.11563636363636365	1.0	6.024096385542169	0.0136986301369863	0.008878787878787878	2.0	12.048192771084338	0.0273972602739726	0.03775757575757577	7.0	42.16867469879518	23.0	138.55421686746988	0.44744002525252524	0.44888510101010104	0.44813194444444443	-0.5333333333333333	66	36	0.39759036144578314	disgust	0.3287671232876712	wikivir.cleaned.xml	10217	Umno kmetovanje in gospodarstvo	Janez Zalokar	19	prirocniki				
emotion_disgust_per_1k	144.57831325301206	emotion_disgust_per_1k; lexical_token_count>=80; word_token_count>=80	wikivir-000671::window::78	window	wikivir-000671	355	166	12.0	72.28915662650603	0.13636363636363635	0.06696666666666667	6.0	36.144578313253014	0.06818181818181818	0.030044444444444443	24.0	144.57831325301206	0.2727272727272727	0.16235555555555556	21.0	126.50602409638553	0.23863636363636365	0.16363333333333333	0.0	0.0	0.0	0.0064222222222222215	18.0	108.43373493975903	0.20454545454545456	0.12038888888888892	4.0	24.096385542168676	0.045454545454545456	0.019877777777777775	3.0	18.072289156626507	0.03409090909090909	0.026211111111111112	6.0	36.144578313253014	34.0	204.81927710843374	0.4374342592592591	0.4879462962962962	0.4443212962962963	-0.7	90	66	0.5421686746987951	disgust	0.2727272727272727	wikivir.cleaned.xml	671	Naše škodljive rastline/Bakterije	Martin Cilenšek	19	neleposlovje				
emotion_disgust_per_1k	143.7125748502994	emotion_disgust_per_1k; lexical_token_count>=80; word_token_count>=80	wikivir-014640::window::134	window	wikivir-014640	353	167	11.0	65.8682634730539	0.11956521739130435	0.0595375	6.0	35.92814371257485	0.06521739130434782	0.0371125	24.0	143.7125748502994	0.2608695652173913	0.16118749999999998	27.0	161.67664670658684	0.29347826086956524	0.2479375	3.0	17.964071856287426	0.03260869565217391	0.041237499999999996	14.0	83.8323353293413	0.15217391304347827	0.1024875	2.0	11.976047904191617	0.021739130434782608	0.0111375	5.0	29.940119760479043	0.05434782608695652	0.04794999999999999	7.0	41.91616766467065	30.0	179.64071856287424	0.4222614583333334	0.49924479166666663	0.5080052083333333	-0.6216216216216216	80	48	0.47904191616766467	fear	0.29347826086956524	wikivir.cleaned.xml	14640	Domače in tuje živali v podobah, 5: Golazen	Fran Erjavec	19	prirocniki				
emotion_disgust_per_1k	142.85714285714286	emotion_disgust_per_1k; lexical_token_count>=80; word_token_count>=80	wikivir-017154::window::1688	window	wikivir-017154	383	168	21.0	125.0	0.16279069767441862	0.04173255813953488	14.0	83.33333333333333	0.10852713178294573	0.08166279069767442	24.0	142.85714285714286	0.18604651162790697	0.07913953488372093	13.0	77.38095238095238	0.10077519379844961	0.027360465116279067	12.0	71.42857142857143	0.09302325581395349	0.14867441860465117	6.0	35.714285714285715	0.046511627906976744	0.03276744186046511	9.0	53.57142857142857	0.06976744186046512	0.04326744186046512	30.0	178.57142857142858	0.23255813953488372	0.21220930232558138	42.0	250.0	21.0	125.0	0.6411703488372094	0.45380813953488375	0.5568872093023256	0.3333333333333333	86	54	0.5119047619047619	trust	0.23255813953488372	wikivir.cleaned.xml	17154	Grofica beračica, 2. del	Victor von B.	20	romani			1902	
emotion_disgust_per_1k	142.07650273224044	emotion_disgust_per_1k; lexical_token_count>=80; word_token_count>=80	wikivir-019035::window::68	window	wikivir-019035	425	183	27.0	147.54098360655738	0.23275862068965517	0.11801408450704227	2.0	10.92896174863388	0.017241379310344827	0.014183098591549297	26.0	142.07650273224044	0.22413793103448276	0.12619718309859157	25.0	136.6120218579235	0.21551724137931033	0.09019718309859155	4.0	21.85792349726776	0.034482758620689655	0.13430985915492955	5.0	27.3224043715847	0.04310344827586207	0.040126760563380284	1.0	5.46448087431694	0.008620689655172414	0.00528169014084507	26.0	142.07650273224044	0.22413793103448276	0.24530985915492956	28.0	153.0054644808743	29.0	158.46994535519127	0.5768644366197182	0.48050704225352114	0.5877438799463446	-0.017543859649122806	71	45	0.3879781420765027	anger	0.23275862068965517	wikivir.cleaned.xml	19035	Zmešnjava na zmešnjavo	August von Kotzebue	19	dramska besedila				
emotion_surprise_per_1k	141.30434782608694	emotion_surprise_per_1k; lexical_token_count>=80; word_token_count>=80	wikivir-004111::window::17	window	wikivir-004111	454	184	24.0	130.43478260869566	0.19834710743801653	0.12461702127659573	8.0	43.47826086956522	0.06611570247933884	0.0406595744680851	4.0	21.73913043478261	0.03305785123966942	0.015627659574468086	32.0	173.91304347826087	0.2644628099173554	0.23447872340425532	7.0	38.04347826086957	0.05785123966942149	0.049117021276595736	6.0	32.608695652173914	0.049586776859504134	0.029734042553191495	26.0	141.30434782608694	0.21487603305785125	0.20496808510638292	14.0	76.08695652173914	0.11570247933884298	0.0653191489361702	16.0	86.95652173913044	31.0	168.47826086956522	0.4655115248226951	0.560904609929078	0.5266432624113475	-0.3191489361702128	94	65	0.5108695652173914	fear	0.2644628099173554	wikivir.cleaned.xml	4111	Magnetni deček in sanje o govoreči češnji	Milan Dekleva	20	dramska besedila				
emotion_surprise_per_1k	141.30434782608694	emotion_surprise_per_1k; lexical_token_count>=80; word_token_count>=80	wikivir-004147::window::17	window	wikivir-004147	454	184	24.0	130.43478260869566	0.19834710743801653	0.12461702127659573	8.0	43.47826086956522	0.06611570247933884	0.0406595744680851	4.0	21.73913043478261	0.03305785123966942	0.015627659574468086	32.0	173.91304347826087	0.2644628099173554	0.23447872340425532	7.0	38.04347826086957	0.05785123966942149	0.049117021276595736	6.0	32.608695652173914	0.049586776859504134	0.029734042553191495	26.0	141.30434782608694	0.21487603305785125	0.20496808510638292	14.0	76.08695652173914	0.11570247933884298	0.0653191489361702	16.0	86.95652173913044	31.0	168.47826086956522	0.4655115248226951	0.560904609929078	0.5266432624113475	-0.3191489361702128	94	65	0.5108695652173914	fear	0.2644628099173554	wikivir.cleaned.xml	4147	Magnetni deček; Sanje o govoreči češnji	Milan Dekleva	20	dramska besedila				
emotion_surprise_per_1k	141.30434782608694	emotion_surprise_per_1k; lexical_token_count>=80; word_token_count>=80	wikivir-003579::window::17	window	wikivir-003579	454	184	24.0	130.43478260869566	0.19834710743801653	0.12461702127659573	8.0	43.47826086956522	0.06611570247933884	0.0406595744680851	4.0	21.73913043478261	0.03305785123966942	0.015627659574468086	32.0	173.91304347826087	0.2644628099173554	0.23447872340425532	7.0	38.04347826086957	0.05785123966942149	0.049117021276595736	6.0	32.608695652173914	0.049586776859504134	0.029734042553191495	26.0	141.30434782608694	0.21487603305785125	0.20496808510638292	14.0	76.08695652173914	0.11570247933884298	0.0653191489361702	16.0	86.95652173913044	31.0	168.47826086956522	0.4655115248226951	0.560904609929078	0.5266432624113475	-0.3191489361702128	94	65	0.5108695652173914	fear	0.2644628099173554	wikivir.cleaned.xml	3579	Magnetni deček	Milan Dekleva	20	dramska besedila				
emotion_surprise_per_1k	140.93959731543623	emotion_surprise_per_1k; lexical_token_count>=80; word_token_count>=80	wikivir-007300::window::129	window	wikivir-007300	379	149	4.0	26.845637583892618	0.03773584905660377	0.008121951219512194	22.0	147.6510067114094	0.20754716981132076	0.1228658536585366	7.0	46.97986577181208	0.0660377358490566	0.03953658536585366	6.0	40.26845637583892	0.05660377358490566	0.03151219512195122	21.0	140.93959731543623	0.19811320754716982	0.12820731707317076	4.0	26.845637583892618	0.03773584905660377	0.023621951219512195	21.0	140.93959731543623	0.19811320754716982	0.07014634146341463	21.0	140.93959731543623	0.19811320754716982	0.13154878048780486	31.0	208.05369127516778	11.0	73.8255033557047	0.6636036585365854	0.42195020325203253	0.5311026422764228	0.47619047619047616	82	56	0.5503355704697986	anticipation	0.20754716981132076	wikivir.cleaned.xml	7300	Zvesti jazbec	Neža Maurer	20	pravljice				
emotion_disgust_per_1k	140.84507042253523	emotion_disgust_per_1k; lexical_token_count>=80; word_token_count>=80	wikivir-020267::window::84	window	wikivir-020267	360	142	12.0	84.50704225352112	0.12	0.038400000000000004	12.0	84.50704225352112	0.12	0.0505375	20.0	140.84507042253523	0.2	0.09262499999999999	19.0	133.80281690140845	0.19	0.16458750000000003	9.0	63.38028169014084	0.09	0.035775	3.0	21.12676056338028	0.03	0.0143375	10.0	70.42253521126761	0.1	0.015512500000000002	15.0	105.63380281690141	0.15	0.084175	17.0	119.71830985915493	21.0	147.88732394366198	0.482379375	0.4349160416666667	0.49132854166666673	-0.10526315789473684	80	50	0.5633802816901409	disgust	0.2	wikivir.cleaned.xml	20267	Kako kuje življenje	A. Šabec	20	proza				
emotion_disgust_per_1k	140.35087719298244	emotion_disgust_per_1k; lexical_token_count>=80; word_token_count>=80	wikivir-000671::window::85	window	wikivir-000671	353	171	11.0	64.32748538011695	0.14102564102564102	0.04457471264367816	5.0	29.239766081871345	0.0641025641025641	0.02972413793103448	24.0	140.35087719298244	0.3076923076923077	0.15802298850574711	17.0	99.41520467836257	0.21794871794871795	0.11981609195402299	1.0	5.847953216374268	0.01282051282051282	0.020666666666666663	15.0	87.71929824561403	0.19230769230769232	0.10689655172413792	1.0	5.847953216374268	0.01282051282051282	0.004310344827586207	4.0	23.391812865497073	0.05128205128205128	0.03455172413793104	6.0	35.08771929824561	24.0	140.35087719298244	0.4437072796934865	0.4709486590038315	0.4332893541324577	-0.6	87	56	0.5087719298245614	disgust	0.3076923076923077	wikivir.cleaned.xml	671	Naše škodljive rastline/Bakterije	Martin Cilenšek	19	neleposlovje				
emotion_surprise_per_1k	140.12738853503186	emotion_surprise_per_1k; lexical_token_count>=80; word_token_count>=80	wikivir-020296::window::839	window	wikivir-020296	375	157	4.0	25.477707006369428	0.03508771929824561	0.03547297297297297	21.0	133.7579617834395	0.18421052631578946	0.11990540540540542	9.0	57.32484076433121	0.07894736842105263	0.08255405405405405	8.0	50.955414012738856	0.07017543859649122	0.07036486486486486	21.0	133.7579617834395	0.18421052631578946	0.13164864864864864	10.0	63.69426751592356	0.08771929824561403	0.07133783783783784	22.0	140.12738853503186	0.19298245614035087	0.09398648648648648	19.0	121.01910828025478	0.16666666666666666	0.1342027027027027	33.0	210.19108280254778	14.0	89.17197452229298	0.5574539897039897	0.44428281853281854	0.5174753861003861	0.40425531914893614	74	61	0.4713375796178344	surprise	0.19298245614035087	wikivir.cleaned.xml	20296	Doberdob	Lovro Kuhar	20	romani			1940	
emotion_disgust_per_1k	139.66480446927375	emotion_disgust_per_1k; lexical_token_count>=80; word_token_count>=80	wikivir-019035::window::69	window	wikivir-019035	411	179	24.0	134.0782122905028	0.21428571428571427	0.10187500000000001	5.0	27.932960893854748	0.044642857142857144	0.03406944444444445	25.0	139.66480446927375	0.22321428571428573	0.12227777777777778	21.0	117.31843575418995	0.1875	0.07018055555555554	6.0	33.5195530726257	0.05357142857142857	0.1549722222222222	5.0	27.932960893854748	0.044642857142857144	0.03930555555555556	2.0	11.1731843575419	0.017857142857142856	0.00825	24.0	134.0782122905028	0.21428571428571427	0.21858333333333335	31.0	173.18435754189946	27.0	150.83798882681566	0.5628825231481481	0.4626226851851852	0.5780159556878307	0.06896551724137931	72	47	0.4022346368715084	disgust	0.22321428571428573	wikivir.cleaned.xml	19035	Zmešnjava na zmešnjavo	August von Kotzebue	19	dramska besedila				
emotion_surprise_per_1k	138.72832369942196	emotion_surprise_per_1k; lexical_token_count>=80; word_token_count>=80	wikivir-016084::window::12	window	wikivir-016084	378	173	7.0	40.46242774566474	0.04964539007092199	0.03577142857142857	30.0	173.41040462427745	0.2127659574468085	0.13449523809523808	4.0	23.12138728323699	0.028368794326241134	0.0162952380952381	8.0	46.24277456647398	0.05673758865248227	0.027161904761904766	27.0	156.0693641618497	0.19148936170212766	0.13727619047619047	25.0	144.50867052023122	0.1773049645390071	0.06124761904761905	24.0	138.72832369942196	0.1702127659574468	0.07115238095238094	16.0	92.48554913294797	0.11347517730496454	0.08944761904761904	38.0	219.65317919075144	19.0	109.82658959537572	0.6103690476190475	0.4619525396825397	0.5574855555555556	0.3333333333333333	105	62	0.6069364161849711	anticipation	0.2127659574468085	wikivir.cleaned.xml	16084	Črne rože	Gustav Strniša	20	kratka proza			1925	
emotion_surprise_per_1k	138.55421686746988	emotion_surprise_per_1k; lexical_token_count>=80; word_token_count>=80	wikivir-004214::window::126	window	wikivir-004214	375	166	20.0	120.48192771084338	0.14084507042253522	0.043906976744186046	24.0	144.57831325301206	0.16901408450704225	0.15105813953488373	5.0	30.120481927710845	0.035211267605633804	0.020162790697674418	10.0	60.24096385542169	0.07042253521126761	0.04902325581395349	23.0	138.55421686746988	0.1619718309859155	0.17875581395348838	7.0	42.16867469879518	0.04929577464788732	0.04109302325581395	23.0	138.55421686746988	0.1619718309859155	0.0811046511627907	30.0	180.72289156626505	0.2112676056338028	0.1993372093023256	37.0	222.89156626506025	14.0	84.33734939759036	0.6341951550387598	0.4921290697674419	0.6017036821705426	0.45098039215686275	86	59	0.5180722891566265	trust	0.2112676056338028	wikivir.cleaned.xml	4214	Iz našega kota	Fran Jaklič	19	folklorna povest				
emotion_disgust_per_1k	138.1578947368421	emotion_disgust_per_1k; lexical_token_count>=80; word_token_count>=80	wikivir-011624::window::43	window	wikivir-011624	370	152	21.0	138.1578947368421	0.18421052631578946	0.14614634146341463	14.0	92.10526315789473	0.12280701754385964	0.06475609756097561	21.0	138.1578947368421	0.18421052631578946	0.13869512195121952	22.0	144.73684210526315	0.19298245614035087	0.1913780487804878	1.0	6.578947368421052	0.008771929824561403	0.02729268292682926	13.0	85.52631578947368	0.11403508771929824	0.09514634146341464	3.0	19.736842105263158	0.02631578947368421	0.028012195121951217	19.0	125.0	0.16666666666666666	0.14384146341463414	23.0	151.31578947368422	25.0	164.47368421052633	0.5116087398373984	0.5047276422764226	0.5179014227642277	-0.041666666666666664	82	59	0.5394736842105263	fear	0.19298245614035087	wikivir.cleaned.xml	11624	Pater Kajetan	Fran Govekar	20	romani			1920	
emotion_disgust_per_1k	137.9310344827586	emotion_disgust_per_1k; lexical_token_count>=80; word_token_count>=80	wikivir-013479::document::1	document	wikivir-013479	284	145	5.0	34.48275862068965	0.05555555555555555	0.02718556701030928	11.0	75.86206896551724	0.12222222222222222	0.057721649484536085	20.0	137.9310344827586	0.2222222222222222	0.11085567010309276	12.0	82.75862068965517	0.13333333333333333	0.06150515463917527	8.0	55.172413793103445	0.08888888888888889	0.09293814432989692	15.0	103.44827586206897	0.16666666666666666	0.09752577319587628	10.0	68.9655172413793	0.1111111111111111	0.03867010309278351	9.0	62.06896551724138	0.1	0.09621649484536082	23.0	158.6206896551724	15.0	103.44827586206897	0.53659235395189	0.46300859106529213	0.49092912371134023	0.21052631578947367	97	61	0.6689655172413793	disgust	0.2222222222222222	wikivir.cleaned.xml	13479	Pravljica, ki je resnična		20	kratka proza			1930	
emotion_disgust_per_1k	137.9310344827586	emotion_disgust_per_1k; lexical_token_count>=80; word_token_count>=80	wikivir-013479::window::1	window	wikivir-013479	283	145	5.0	34.48275862068965	0.05555555555555555	0.02718556701030928	11.0	75.86206896551724	0.12222222222222222	0.057721649484536085	20.0	137.9310344827586	0.2222222222222222	0.11085567010309276	12.0	82.75862068965517	0.13333333333333333	0.06150515463917527	8.0	55.172413793103445	0.08888888888888889	0.09293814432989692	15.0	103.44827586206897	0.16666666666666666	0.09752577319587628	10.0	68.9655172413793	0.1111111111111111	0.03867010309278351	9.0	62.06896551724138	0.1	0.09621649484536082	23.0	158.6206896551724	15.0	103.44827586206897	0.53659235395189	0.46300859106529213	0.49092912371134023	0.21052631578947367	97	61	0.6689655172413793	disgust	0.2222222222222222	wikivir.cleaned.xml	13479	Pravljica, ki je resnična		20	kratka proza			1930	
emotion_surprise_per_1k	137.9310344827586	emotion_surprise_per_1k; lexical_token_count>=80; word_token_count>=80	wikivir-020170::window::294	window	wikivir-020170	373	145	4.0	27.586206896551722	0.03773584905660377	0.016460526315789474	24.0	165.51724137931035	0.22641509433962265	0.19052631578947368	2.0	13.793103448275861	0.018867924528301886	0.009973684210526315	4.0	27.586206896551722	0.03773584905660377	0.014815789473684213	25.0	172.41379310344828	0.2358490566037736	0.23276315789473687	2.0	13.793103448275861	0.018867924528301886	0.02178947368421053	20.0	137.9310344827586	0.18867924528301888	0.12555263157894736	25.0	172.41379310344828	0.2358490566037736	0.1878157894736842	29.0	200.0	6.0	41.37931034482759	0.6473618421052632	0.45884802631578947	0.564189254385965	0.6571428571428571	76	52	0.5241379310344828	joy	0.2358490566037736	wikivir.cleaned.xml	20170	Svete gore	Davorin Petančič	20	povesti				
emotion_disgust_per_1k	137.25490196078434	emotion_disgust_per_1k; lexical_token_count>=80; word_token_count>=80	wikivir-014640::window::133	window	wikivir-014640	350	153	8.0	52.287581699346404	0.09876543209876543	0.04758108108108108	7.0	45.7516339869281	0.08641975308641975	0.0357972972972973	21.0	137.25490196078434	0.25925925925925924	0.15081081081081082	24.0	156.86274509803923	0.2962962962962963	0.2400945945945946	4.0	26.143790849673202	0.04938271604938271	0.05685135135135136	11.0	71.89542483660131	0.13580246913580246	0.08924324324324323	3.0	19.607843137254903	0.037037037037037035	0.006864864864864865	3.0	19.607843137254903	0.037037037037037035	0.03727027027027027	9.0	58.8235294117647	26.0	169.9346405228758	0.4460518018018019	0.5051486486486486	0.5053468468468468	-0.4857142857142857	74	47	0.48366013071895425	fear	0.2962962962962963	wikivir.cleaned.xml	14640	Domače in tuje živali v podobah, 5: Golazen	Fran Erjavec	19	prirocniki				
emotion_surprise_per_1k	137.14285714285714	emotion_surprise_per_1k; lexical_token_count>=80; word_token_count>=80	wikivir-003812::window::77	window	wikivir-003812	370	175	17.0	97.14285714285714	0.1118421052631579	0.05892592592592592	29.0	165.7142857142857	0.19078947368421054	0.13100925925925927	9.0	51.42857142857143	0.05921052631578947	0.0254537037037037	6.0	34.285714285714285	0.039473684210526314	0.03389814814814815	33.0	188.57142857142858	0.21710526315789475	0.2177314814814815	11.0	62.85714285714286	0.07236842105263158	0.04398148148148148	24.0	137.14285714285714	0.15789473684210525	0.06677777777777777	23.0	131.42857142857142	0.1513157894736842	0.176962962962963	41.0	234.28571428571428	18.0	102.85714285714286	0.6215632716049383	0.4510686728395062	0.5206359567901235	0.3898305084745763	108	58	0.6171428571428571	joy	0.21710526315789475	wikivir.cleaned.xml	3812	Klic po ljubezni	Klara Filipič	21	pesmi				
emotion_disgust_per_1k	136.8421052631579	emotion_disgust_per_1k; lexical_token_count>=80; word_token_count>=80	wikivir-008903::window::2	window	wikivir-008903	225	95	6.0	63.15789473684211	0.16216216216216217	0.060975	3.0	31.578947368421055	0.08108108108108109	0.036525	13.0	136.8421052631579	0.35135135135135137	0.16575	6.0	63.15789473684211	0.16216216216216217	0.10982499999999999	1.0	10.526315789473683	0.02702702702702703	0.00605	5.0	52.63157894736842	0.13513513513513514	0.086	0.0	0.0	0.0	0.0	3.0	31.578947368421055	0.08108108108108109	0.037125	4.0	42.10526315789473	11.0	115.78947368421052	0.4827183333333333	0.4515041666666667	0.4342491666666667	-0.4666666666666667	40	23	0.42105263157894735	disgust	0.35135135135135137	wikivir.cleaned.xml	8903	Slovenske vecernice 1865/46							
emotion_disgust_per_1k	135.80246913580245	emotion_disgust_per_1k; lexical_token_count>=80; word_token_count>=80	wikivir-015971::window::1	window	wikivir-015971	265	81	12.0	148.14814814814815	0.27906976744186046	0.22320930232558137	4.0	49.382716049382715	0.09302325581395349	0.03906976744186046	11.0	135.80246913580245	0.2558139534883721	0.16534883720930232	6.0	74.07407407407408	0.13953488372093023	0.1000232558139535	1.0	12.345679012345679	0.023255813953488372	0.0714186046511628	6.0	74.07407407407408	0.13953488372093023	0.10486046511627908	1.0	12.345679012345679	0.023255813953488372	0.013255813953488372	2.0	24.691358024691358	0.046511627906976744	0.08541860465116279	6.0	74.07407407407408	20.0	246.91358024691357	0.4296511627906977	0.5040077519379845	0.44925193798449603	-0.5384615384615384	43	31	0.5308641975308642	anger	0.27906976744186046	wikivir.cleaned.xml	15971	Sovraštvo	Zofka Kveder	20	kratka proza				
emotion_disgust_per_1k	135.80246913580245	emotion_disgust_per_1k; lexical_token_count>=80; word_token_count>=80	wikivir-015971::document::1	document	wikivir-015971	266	81	12.0	148.14814814814815	0.27906976744186046	0.22320930232558137	4.0	49.382716049382715	0.09302325581395349	0.03906976744186046	11.0	135.80246913580245	0.2558139534883721	0.16534883720930232	6.0	74.07407407407408	0.13953488372093023	0.1000232558139535	1.0	12.345679012345679	0.023255813953488372	0.0714186046511628	6.0	74.07407407407408	0.13953488372093023	0.10486046511627908	1.0	12.345679012345679	0.023255813953488372	0.013255813953488372	2.0	24.691358024691358	0.046511627906976744	0.08541860465116279	6.0	74.07407407407408	20.0	246.91358024691357	0.4296511627906977	0.5040077519379845	0.44925193798449603	-0.5384615384615384	43	31	0.5308641975308642	anger	0.27906976744186046	wikivir.cleaned.xml	15971	Sovraštvo	Zofka Kveder	20	kratka proza				
emotion_surprise_per_1k	135.13513513513513	emotion_surprise_per_1k; lexical_token_count>=80; word_token_count>=80	wikivir-003937::window::128	window	wikivir-003937	389	148	2.0	13.513513513513514	0.018867924528301886	0.018679487179487177	23.0	155.4054054054054	0.2169811320754717	0.13573076923076924	2.0	13.513513513513514	0.018867924528301886	0.012025641025641024	4.0	27.027027027027028	0.03773584905660377	0.016435897435897438	27.0	182.43243243243242	0.25471698113207547	0.23108974358974357	3.0	20.27027027027027	0.02830188679245283	0.012102564102564103	20.0	135.13513513513513	0.18867924528301888	0.09891025641025641	25.0	168.9189189189189	0.2358490566037736	0.20352564102564102	35.0	236.48648648648648	4.0	27.027027027027028	0.6725207264957264	0.39383418803418807	0.5567600427350426	0.7948717948717948	78	56	0.527027027027027	joy	0.25471698113207547	wikivir.cleaned.xml	3937	Zadnji mega žur	Ivan Sivec	21	proza				
emotion_disgust_per_1k	134.96932515337423	emotion_disgust_per_1k; lexical_token_count>=80; word_token_count>=80	wikivir-001025::window::11	window	wikivir-001025	358	163	10.0	61.34969325153374	0.1111111111111111	0.06623684210526315	5.0	30.67484662576687	0.05555555555555555	0.030828947368421053	22.0	134.96932515337423	0.24444444444444444	0.1512894736842105	26.0	159.5092024539877	0.28888888888888886	0.2506184210526316	3.0	18.404907975460123	0.03333333333333333	0.03465789473684211	12.0	73.61963190184049	0.13333333333333333	0.09944736842105263	5.0	30.67484662576687	0.05555555555555555	0.0496578947368421	7.0	42.944785276073624	0.07777777777777778	0.06434210526315791	11.0	67.48466257668711	32.0	196.31901840490798	0.40602357456140353	0.5158728070175439	0.5089314692982455	-0.4883720930232558	76	54	0.4662576687116564	fear	0.28888888888888886	wikivir.cleaned.xml	1025	Pri pastirjih na Žabjeku	Janez Trdina		kratka proza				
emotion_disgust_per_1k	134.50292397660817	emotion_disgust_per_1k; lexical_token_count>=80; word_token_count>=80	wikivir-000671::window::145	window	wikivir-000671	354	171	16.0	93.56725146198829	0.16	0.10349397590361446	6.0	35.08771929824561	0.06	0.03596385542168675	23.0	134.50292397660817	0.23	0.1807590361445783	25.0	146.19883040935673	0.25	0.21143373493975903	3.0	17.543859649122805	0.03	0.035674698795180725	20.0	116.95906432748538	0.2	0.15090361445783132	2.0	11.695906432748536	0.02	0.010168674698795182	5.0	29.239766081871345	0.05	0.05006024096385541	12.0	70.17543859649122	29.0	169.5906432748538	0.45307329317269074	0.4673825301204819	0.4725732931726907	-0.4146341463414634	83	59	0.4853801169590643	fear	0.25	wikivir.cleaned.xml	671	Naše škodljive rastline/Bakterije	Martin Cilenšek	19	neleposlovje				
emotion_surprise_per_1k	134.2281879194631	emotion_surprise_per_1k; lexical_token_count>=80; word_token_count>=80	wikivir-020296::window::840	window	wikivir-020296	367	149	2.0	13.422818791946309	0.020202020202020204	0.012870588235294116	23.0	154.36241610738256	0.23232323232323232	0.11487058823529411	7.0	46.97986577181208	0.0707070707070707	0.049164705882352944	7.0	46.97986577181208	0.0707070707070707	0.038847058823529415	21.0	140.93959731543623	0.21212121212121213	0.14849411764705883	5.0	33.557046979865774	0.050505050505050504	0.04587058823529412	20.0	134.2281879194631	0.20202020202020202	0.05434117647058823	14.0	93.95973154362416	0.1414141414141414	0.09983529411764706	34.0	228.18791946308724	10.0	67.11409395973155	0.5999635294117648	0.40527627450980397	0.5069878431372549	0.5454545454545454	85	64	0.5704697986577181	anticipation	0.23232323232323232	wikivir.cleaned.xml	20296	Doberdob	Lovro Kuhar	20	romani			1940	
emotion_disgust_per_1k	134.2281879194631	emotion_disgust_per_1k; lexical_token_count>=80; word_token_count>=80	wikivir-000971::window::66	window	wikivir-000971	405	149	13.0	87.24832214765101	0.15476190476190477	0.07805063291139241	5.0	33.557046979865774	0.05952380952380952	0.03044303797468354	20.0	134.2281879194631	0.23809523809523808	0.13350632911392407	16.0	107.38255033557047	0.19047619047619047	0.11758227848101266	4.0	26.845637583892618	0.047619047619047616	0.04583544303797468	11.0	73.8255033557047	0.13095238095238096	0.08651898734177214	7.0	46.97986577181208	0.08333333333333333	0.05824050632911392	8.0	53.691275167785236	0.09523809523809523	0.0549746835443038	9.0	60.40268456375839	27.0	181.20805369127515	0.4382953586497891	0.5161445147679325	0.4244525316455697	-0.5	79	57	0.5302013422818792	disgust	0.23809523809523808	wikivir.cleaned.xml	971	Njeno življenje	Zofka Kveder	20	romani				
emotion_disgust_per_1k	133.85826771653544	emotion_disgust_per_1k; lexical_token_count>=80; word_token_count>=80	wikivir-019038::window::262	window	wikivir-019038	373	127	16.0	125.98425196850394	0.16326530612244897	0.21619047619047618	9.0	70.86614173228347	0.09183673469387756	0.051190476190476196	17.0	133.85826771653544	0.17346938775510204	0.17993650793650795	18.0	141.73228346456693	0.1836734693877551	0.16768253968253968	4.0	31.496062992125985	0.04081632653061224	0.03671428571428571	14.0	110.23622047244095	0.14285714285714285	0.159984126984127	11.0	86.61417322834646	0.11224489795918367	0.08753968253968254	9.0	70.86614173228347	0.09183673469387756	0.0832063492063492	9.0	70.86614173228347	29.0	228.3464566929134	0.37501946334089187	0.5128633786848074	0.4407762660619803	-0.5263157894736842	63	47	0.49606299212598426	fear	0.1836734693877551	wikivir.cleaned.xml	19038	Mlade trave	Manica Lobnik	20	romani				
emotion_surprise_per_1k	133.33333333333334	emotion_surprise_per_1k; lexical_token_count>=80; word_token_count>=80	wikivir-020031::window::16	window	wikivir-020031	341	165	11.0	66.66666666666667	0.10091743119266056	0.039670103092783515	14.0	84.84848484848486	0.12844036697247707	0.06555670103092784	5.0	30.303030303030305	0.045871559633027525	0.004752577319587629	29.0	175.75757575757575	0.26605504587155965	0.203020618556701	8.0	48.484848484848484	0.07339449541284404	0.0336701030927835	9.0	54.54545454545454	0.08256880733944955	0.041752577319587626	22.0	133.33333333333334	0.2018348623853211	0.07217525773195876	11.0	66.66666666666667	0.10091743119266056	0.06104123711340207	14.0	84.84848484848486	15.0	90.9090909090909	0.520827319587629	0.5315010309278351	0.5335604810996564	-0.034482758620689655	97	58	0.5878787878787879	fear	0.26605504587155965	wikivir.cleaned.xml	20031	Po divjinah Kanade	Januš Golec	20	povesti			1935	
emotion_disgust_per_1k	132.9479768786127	emotion_disgust_per_1k; lexical_token_count>=80; word_token_count>=80	wikivir-018342::window::17	window	wikivir-018342	392	173	7.0	40.46242774566474	0.109375	0.027239999999999997	5.0	28.90173410404624	0.078125	0.01593	23.0	132.9479768786127	0.359375	0.09966999999999998	10.0	57.80346820809248	0.15625	0.03095	2.0	11.560693641618496	0.03125	0.026069999999999996	3.0	17.341040462427745	0.046875	0.01547	3.0	17.341040462427745	0.046875	0.00867	11.0	63.58381502890173	0.171875	0.05436	14.0	80.92485549132948	28.0	161.84971098265896	0.4937710476190476	0.3865623809523809	0.4295319761904761	-0.3333333333333333	100	66	0.5780346820809249	disgust	0.359375	wikivir.cleaned.xml	18342	Spomini s potov in cest	Anton Erjavec	20	kratka proza			1907	
emotion_disgust_per_1k	132.91139240506328	emotion_disgust_per_1k; lexical_token_count>=80; word_token_count>=80	wikivir-019119::window::26	window	wikivir-019119	400	158	15.0	94.9367088607595	0.1744186046511628	0.08303896103896102	5.0	31.645569620253166	0.05813953488372093	0.03307792207792208	21.0	132.91139240506328	0.2441860465116279	0.14588311688311686	15.0	94.9367088607595	0.1744186046511628	0.1057012987012987	6.0	37.9746835443038	0.06976744186046512	0.08640259740259741	10.0	63.29113924050633	0.11627906976744186	0.07125974025974026	5.0	31.645569620253166	0.05813953488372093	0.03632467532467533	9.0	56.962025316455694	0.10465116279069768	0.09403896103896103	10.0	63.29113924050633	31.0	196.20253164556962	0.4570070346320347	0.4653099567099567	0.4594102813852815	-0.5121951219512195	77	51	0.4873417721518987	disgust	0.2441860465116279	wikivir.cleaned.xml	19119	Srce je odkrila		19	dramska besedila			1876	
emotion_disgust_per_1k	132.91139240506328	emotion_disgust_per_1k; lexical_token_count>=80; word_token_count>=80	wikivir-020150::window::208	window	wikivir-020150	354	158	15.0	94.9367088607595	0.17045454545454544	0.12540217391304348	7.0	44.30379746835443	0.07954545454545454	0.04451086956521739	21.0	132.91139240506328	0.23863636363636365	0.1283913043478261	13.0	82.27848101265822	0.14772727272727273	0.09605434782608695	7.0	44.30379746835443	0.07954545454545454	0.05788043478260869	9.0	56.962025316455694	0.10227272727272728	0.06381521739130434	2.0	12.658227848101266	0.022727272727272728	0.017152173913043477	14.0	88.60759493670886	0.1590909090909091	0.10555434782608694	17.0	107.59493670886076	25.0	158.22784810126583	0.4780652173913044	0.5569891304347825	0.547213768115942	-0.19047619047619047	92	77	0.5822784810126582	disgust	0.23863636363636365	wikivir.cleaned.xml	20150	Zapiski političnega kaznjenca v Italiji	Peter Žele	20	proza			1934	
emotion_disgust_per_1k	132.53012048192772	emotion_disgust_per_1k; lexical_token_count>=80; word_token_count>=80	wikivir-019203::window::41	window	wikivir-019203	435	166	25.0	150.60240963855424	0.22321428571428573	0.15283561643835616	4.0	24.096385542168676	0.03571428571428571	0.020534246575342467	22.0	132.53012048192772	0.19642857142857142	0.17373972602739726	26.0	156.6265060240964	0.23214285714285715	0.19779452054794522	2.0	12.048192771084338	0.017857142857142856	0.04497260273972603	23.0	138.55421686746988	0.20535714285714285	0.19567123287671231	3.0	18.072289156626507	0.026785714285714284	0.022246575342465755	7.0	42.16867469879518	0.0625	0.05147945205479451	10.0	60.24096385542169	32.0	192.7710843373494	0.41503767123287666	0.5126278538812785	0.4455456621004566	-0.5238095238095238	73	46	0.4397590361445783	fear	0.23214285714285715	wikivir.cleaned.xml	19203	Revček Andrejček	Karl Morré	19	igra s petjem			1891	
emotion_disgust_per_1k	132.53012048192772	emotion_disgust_per_1k; lexical_token_count>=80; word_token_count>=80	wikivir-015526::window::117	window	wikivir-015526	355	166	9.0	54.21686746987952	0.09375	0.07034615384615385	9.0	54.21686746987952	0.09375	0.04328205128205128	22.0	132.53012048192772	0.22916666666666666	0.1599358974358974	22.0	132.53012048192772	0.22916666666666666	0.217525641025641	7.0	42.16867469879518	0.07291666666666667	0.036012820512820516	19.0	114.4578313253012	0.19791666666666666	0.12647435897435896	3.0	18.072289156626507	0.03125	0.013423076923076923	5.0	30.120481927710845	0.052083333333333336	0.04347435897435897	13.0	78.3132530120482	31.0	186.74698795180723	0.40950534188034193	0.4990722222222222	0.4874863247863247	-0.4090909090909091	78	54	0.46987951807228917	disgust	0.22916666666666666	wikivir.cleaned.xml	15526	Zlate bukve slovenskega vedeža	Johann Peter Hebel	19	proza				
emotion_disgust_per_1k	132.45033112582783	emotion_disgust_per_1k; lexical_token_count>=80; word_token_count>=80	wikivir-004482::window::49	window	wikivir-004482	351	151	14.0	92.71523178807948	0.14583333333333334	0.13858620689655174	11.0	72.8476821192053	0.11458333333333333	0.0726896551724138	20.0	132.45033112582783	0.20833333333333334	0.2017241379310345	21.0	139.0728476821192	0.21875	0.24748275862068966	3.0	19.867549668874172	0.03125	0.026775862068965515	16.0	105.96026490066225	0.16666666666666666	0.1673448275862069	4.0	26.490066225165563	0.041666666666666664	0.031120689655172413	7.0	46.35761589403974	0.07291666666666667	0.07313793103448275	10.0	66.22516556291392	23.0	152.31788079470198	0.4448261494252873	0.5474137931034483	0.5432758620689656	-0.3939393939393939	58	42	0.3841059602649007	fear	0.21875	wikivir.cleaned.xml	4482	Verske bajke na Dolenjskem	Janez Trdina	19	ljudske pripovedi				
emotion_surprise_per_1k	130.71895424836603	emotion_surprise_per_1k; lexical_token_count>=80; word_token_count>=80	wikivir-007384::window::29	window	wikivir-007384	355	153	3.0	19.607843137254903	0.030612244897959183	0.011706666666666667	22.0	143.79084967320262	0.22448979591836735	0.11881333333333333	4.0	26.143790849673202	0.04081632653061224	0.018333333333333333	4.0	26.143790849673202	0.04081632653061224	0.03816	22.0	143.79084967320262	0.22448979591836735	0.13685333333333333	3.0	19.607843137254903	0.030612244897959183	0.03144	20.0	130.71895424836603	0.20408163265306123	0.06865333333333332	20.0	130.71895424836603	0.20408163265306123	0.11838666666666668	30.0	196.078431372549	11.0	71.89542483660131	0.6289944444444444	0.4020533333333334	0.5031277777777777	0.4634146341463415	75	51	0.49019607843137253	anticipation	0.22448979591836735	wikivir.cleaned.xml	7384	Srebrna ribica	Branko Rudolf	20					
emotion_surprise_per_1k	130.43478260869566	emotion_surprise_per_1k; lexical_token_count>=80; word_token_count>=80	wikivir-016552::window::12	window	wikivir-016552	362	161	7.0	43.47826086956522	0.05555555555555555	0.032120879120879124	25.0	155.27950310559004	0.1984126984126984	0.16254945054945058	5.0	31.055900621118013	0.03968253968253968	0.03301098901098901	12.0	74.53416149068323	0.09523809523809523	0.06106593406593407	21.0	130.43478260869566	0.16666666666666666	0.1659010989010989	8.0	49.689440993788814	0.06349206349206349	0.060747252747252754	21.0	130.43478260869566	0.16666666666666666	0.11051648351648351	27.0	167.70186335403727	0.21428571428571427	0.13464835164835165	35.0	217.3913043478261	14.0	86.95652173913044	0.6179935897435898	0.46854670329670334	0.5676868131868132	0.42857142857142855	91	64	0.5652173913043478	trust	0.21428571428571427	wikivir.cleaned.xml	16552	Zgodnji članki	Ivan Hribovšek	20	kratka proza				
emotion_surprise_per_1k	129.62962962962962	emotion_surprise_per_1k; lexical_token_count>=80; word_token_count>=80	wikivir-014708::window::187	window	wikivir-014708	380	162	15.0	92.59259259259258	0.11904761904761904	0.037171052631578945	20.0	123.45679012345678	0.15873015873015872	0.13432894736842105	5.0	30.864197530864196	0.03968253968253968	0.01286842105263158	9.0	55.55555555555555	0.07142857142857142	0.039973684210526314	21.0	129.62962962962962	0.16666666666666666	0.1576842105263158	4.0	24.691358024691358	0.031746031746031744	0.022210526315789472	21.0	129.62962962962962	0.16666666666666666	0.09697368421052632	31.0	191.35802469135803	0.24603174603174602	0.25557894736842107	36.0	222.2222222222222	13.0	80.24691358024691	0.6524287280701755	0.45742587719298244	0.5815291666666668	0.46938775510204084	76	49	0.4691358024691358	trust	0.24603174603174602	wikivir.cleaned.xml	14708	Koristka	Miroslav Malovrh	20	povesti			1905	
emotion_surprise_per_1k	129.62962962962962	emotion_surprise_per_1k; lexical_token_count>=80; word_token_count>=80	wikivir-020031::window::17	window	wikivir-020031	342	162	11.0	67.90123456790123	0.10679611650485436	0.0659438202247191	15.0	92.59259259259258	0.14563106796116504	0.08538202247191011	3.0	18.51851851851852	0.02912621359223301	0.004303370786516853	28.0	172.8395061728395	0.27184466019417475	0.18420224719101122	7.0	43.20987654320987	0.06796116504854369	0.03649438202247191	10.0	61.72839506172839	0.0970873786407767	0.04795505617977529	21.0	129.62962962962962	0.20388349514563106	0.08992134831460674	8.0	49.382716049382715	0.07766990291262135	0.055921348314606746	10.0	61.72839506172839	19.0	117.28395061728395	0.5028524344569288	0.510414606741573	0.5381606741573034	-0.3103448275862069	89	61	0.5493827160493827	fear	0.27184466019417475	wikivir.cleaned.xml	20031	Po divjinah Kanade	Januš Golec	20	povesti			1935	
emotion_surprise_per_1k	129.2517006802721	emotion_surprise_per_1k; lexical_token_count>=80; word_token_count>=80	wikivir-014668::window::36	window	wikivir-014668	362	147	1.0	6.802721088435374	0.011235955056179775	0.008561643835616438	23.0	156.4625850340136	0.25842696629213485	0.1318082191780822	1.0	6.802721088435374	0.011235955056179775	0.007068493150684932	2.0	13.605442176870747	0.02247191011235955	0.010835616438356163	19.0	129.2517006802721	0.21348314606741572	0.09908219178082191	4.0	27.210884353741495	0.0449438202247191	0.022684931506849318	19.0	129.2517006802721	0.21348314606741572	0.06121917808219177	20.0	136.0544217687075	0.2247191011235955	0.1572054794520548	25.0	170.06802721088434	7.0	47.61904761904761	0.592796803652968	0.35556963470319636	0.47786073059360723	0.5625	73	49	0.4965986394557823	anticipation	0.25842696629213485	wikivir.cleaned.xml	14668	Srce v okovih	Boris Rihteršič	20	romani	Amerikanski Slovenec			
emotion_surprise_per_1k	128.0487804878049	emotion_surprise_per_1k; lexical_token_count>=80; word_token_count>=80	wikivir-020031::window::13	window	wikivir-020031	341	164	18.0	109.7560975609756	0.15254237288135594	0.06285227272727273	13.0	79.26829268292683	0.11016949152542373	0.061909090909090914	7.0	42.6829268292683	0.059322033898305086	0.009409090909090907	30.0	182.9268292682927	0.2542372881355932	0.17561363636363636	9.0	54.8780487804878	0.07627118644067797	0.04734090909090909	7.0	42.6829268292683	0.059322033898305086	0.03490909090909091	21.0	128.0487804878049	0.17796610169491525	0.06268181818181819	13.0	79.26829268292683	0.11016949152542373	0.08619318181818182	16.0	97.5609756097561	14.0	85.3658536585366	0.5462594065656566	0.4931210858585859	0.5158872474747475	0.06666666666666667	88	61	0.5365853658536586	fear	0.2542372881355932	wikivir.cleaned.xml	20031	Po divjinah Kanade	Januš Golec	20	povesti			1935	
emotion_surprise_per_1k	128.0	emotion_surprise_per_1k; lexical_token_count>=80; word_token_count>=80	wikivir-007573::window::5	window	wikivir-007573	355	125	5.0	40.0	0.08620689655172414	0.005492753623188406	10.0	80.0	0.1724137931034483	0.06152173913043479	4.0	32.0	0.06896551724137931	0.002260869565217391	2.0	16.0	0.034482758620689655	0.005202898550724638	7.0	56.0	0.1206896551724138	0.04681159420289855	4.0	32.0	0.06896551724137931	0.024188405797101454	16.0	128.0	0.27586206896551724	0.06872463768115943	10.0	80.0	0.1724137931034483	0.07956521739130436	11.0	88.0	5.0	40.0	0.6148985507246375	0.38320169082125605	0.46057487922705315	0.375	69	45	0.552	surprise	0.27586206896551724	wikivir.cleaned.xml	7573	Dekle, ki so jo vile vzele k sebi			ljudske pripovedke				
emotion_surprise_per_1k	127.6595744680851	emotion_surprise_per_1k; lexical_token_count>=80; word_token_count>=80	wikivir-010868::window::51	window	wikivir-010868	371	188	10.0	53.191489361702125	0.0625	0.035591304347826085	34.0	180.85106382978725	0.2125	0.13335652173913043	8.0	42.5531914893617	0.05	0.024391304347826083	9.0	47.87234042553192	0.05625	0.03353913043478261	30.0	159.5744680851064	0.1875	0.23592173913043482	10.0	53.191489361702125	0.0625	0.05104347826086956	24.0	127.6595744680851	0.15	0.06796521739130434	35.0	186.17021276595744	0.21875	0.205104347826087	50.0	265.9574468085106	28.0	148.93617021276594	0.6046306935817805	0.4603974948240166	0.5440112525879917	0.28205128205128205	115	68	0.6117021276595744	trust	0.21875	wikivir.cleaned.xml	10868	Gospod Ravbar	Ivan Lah	20	epska pesnitev				
emotion_surprise_per_1k	127.51677852348996	emotion_surprise_per_1k; lexical_token_count>=80; word_token_count>=80	wikivir-021022::window::2270	window	wikivir-021022	390	149	4.0	26.845637583892618	0.041666666666666664	0.028538461538461537	16.0	107.38255033557047	0.16666666666666666	0.13329230769230768	1.0	6.7114093959731544	0.010416666666666666	0.005415384615384615	16.0	107.38255033557047	0.16666666666666666	0.11164615384615385	15.0	100.67114093959731	0.15625	0.17984615384615385	6.0	40.26845637583892	0.0625	0.06389230769230769	19.0	127.51677852348995	0.19791666666666666	0.1714153846153846	19.0	127.51677852348995	0.19791666666666666	0.18341538461538462	27.0	181.20805369127515	8.0	53.691275167785236	0.5935925824175824	0.5169964285714286	0.5442696886446887	0.5428571428571428	65	43	0.436241610738255	surprise	0.19791666666666666	wikivir.cleaned.xml	21022	Strah na Sokolskem gradu		20	romani				
emotion_surprise_per_1k	127.38853503184713	emotion_surprise_per_1k; lexical_token_count>=80; word_token_count>=80	wikivir-002712::window::3	window	wikivir-002712	363	157	7.0	44.58598726114649	0.07608695652173914	0.0380375	16.0	101.91082802547771	0.17391304347826086	0.057300000000000004	7.0	44.58598726114649	0.07608695652173914	0.027937499999999997	11.0	70.06369426751593	0.11956521739130435	0.0952125	11.0	70.06369426751593	0.11956521739130435	0.047025	13.0	82.80254777070063	0.14130434782608695	0.052000000000000005	20.0	127.38853503184713	0.21739130434782608	0.0851125	7.0	44.58598726114649	0.07608695652173914	0.044012499999999996	30.0	191.0828025477707	18.0	114.64968152866243	0.48176979166666667	0.4366083333333334	0.4473708333333334	0.25	80	56	0.5095541401273885	surprise	0.21739130434782608	wikivir.cleaned.xml	2712	Čarovnikova hči			pravljice				
emotion_surprise_per_1k	127.0718232044199	emotion_surprise_per_1k; lexical_token_count>=80; word_token_count>=80	wikivir-003579::window::16	window	wikivir-003579	435	181	22.0	121.54696132596685	0.18803418803418803	0.10582795698924732	11.0	60.773480662983424	0.09401709401709402	0.04411827956989247	7.0	38.67403314917127	0.05982905982905983	0.028397849462365593	30.0	165.74585635359117	0.2564102564102564	0.2220967741935484	5.0	27.624309392265193	0.042735042735042736	0.020913978494623654	7.0	38.67403314917127	0.05982905982905983	0.03770967741935483	23.0	127.0718232044199	0.19658119658119658	0.1699462365591398	12.0	66.29834254143645	0.10256410256410256	0.06669892473118279	14.0	77.34806629834254	30.0	165.74585635359117	0.45277329749103934	0.5322930107526883	0.48142741935483874	-0.36363636363636365	93	67	0.5138121546961326	fear	0.2564102564102564	wikivir.cleaned.xml	3579	Magnetni deček	Milan Dekleva	20	dramska besedila				
emotion_surprise_per_1k	127.0718232044199	emotion_surprise_per_1k; lexical_token_count>=80; word_token_count>=80	wikivir-004147::window::16	window	wikivir-004147	435	181	22.0	121.54696132596685	0.18803418803418803	0.10582795698924732	11.0	60.773480662983424	0.09401709401709402	0.04411827956989247	7.0	38.67403314917127	0.05982905982905983	0.028397849462365593	30.0	165.74585635359117	0.2564102564102564	0.2220967741935484	5.0	27.624309392265193	0.042735042735042736	0.020913978494623654	7.0	38.67403314917127	0.05982905982905983	0.03770967741935483	23.0	127.0718232044199	0.19658119658119658	0.1699462365591398	12.0	66.29834254143645	0.10256410256410256	0.06669892473118279	14.0	77.34806629834254	30.0	165.74585635359117	0.45277329749103934	0.5322930107526883	0.48142741935483874	-0.36363636363636365	93	67	0.5138121546961326	fear	0.2564102564102564	wikivir.cleaned.xml	4147	Magnetni deček; Sanje o govoreči češnji	Milan Dekleva	20	dramska besedila				
emotion_surprise_per_1k	127.0718232044199	emotion_surprise_per_1k; lexical_token_count>=80; word_token_count>=80	wikivir-004111::window::16	window	wikivir-004111	435	181	22.0	121.54696132596685	0.18803418803418803	0.10582795698924732	11.0	60.773480662983424	0.09401709401709402	0.04411827956989247	7.0	38.67403314917127	0.05982905982905983	0.028397849462365593	30.0	165.74585635359117	0.2564102564102564	0.2220967741935484	5.0	27.624309392265193	0.042735042735042736	0.020913978494623654	7.0	38.67403314917127	0.05982905982905983	0.03770967741935483	23.0	127.0718232044199	0.19658119658119658	0.1699462365591398	12.0	66.29834254143645	0.10256410256410256	0.06669892473118279	14.0	77.34806629834254	30.0	165.74585635359117	0.45277329749103934	0.5322930107526883	0.48142741935483874	-0.36363636363636365	93	67	0.5138121546961326	fear	0.2564102564102564	wikivir.cleaned.xml	4111	Magnetni deček in sanje o govoreči češnji	Milan Dekleva	20	dramska besedila				
emotion_surprise_per_1k	126.58227848101266	emotion_surprise_per_1k; lexical_token_count>=80; word_token_count>=80	wikivir-004622::window::104	window	wikivir-004622	352	158	6.0	37.9746835443038	0.08108108108108109	0.02712987012987013	13.0	82.27848101265822	0.17567567567567569	0.0784025974025974	3.0	18.9873417721519	0.04054054054054054	0.01764935064935065	5.0	31.645569620253166	0.06756756756756757	0.035038961038961036	11.0	69.62025316455696	0.14864864864864866	0.09337662337662338	4.0	25.31645569620253	0.05405405405405406	0.03506493506493507	20.0	126.58227848101266	0.2702702702702703	0.11093506493506493	12.0	75.9493670886076	0.16216216216216217	0.07766233766233765	18.0	113.92405063291139	8.0	50.63291139240506	0.5763365800865801	0.4252688311688312	0.4691452380952382	0.38461538461538464	77	48	0.4873417721518987	surprise	0.2702702702702703	wikivir.cleaned.xml	4622	Palček v čedri	Lojze Zupanc	20	pravljice				
emotion_surprise_per_1k	125.87412587412588	emotion_surprise_per_1k; lexical_token_count>=80; word_token_count>=80	wikivir-007566::window::3	window	wikivir-007566	379	143	1.0	6.993006993006993	0.015873015873015872	0.006024096385542169	15.0	104.8951048951049	0.23809523809523808	0.0888433734939759	2.0	13.986013986013987	0.031746031746031744	0.011301204819277108	2.0	13.986013986013987	0.031746031746031744	0.061445783132530116	12.0	83.91608391608392	0.19047619047619047	0.12587951807228917	4.0	27.972027972027973	0.06349206349206349	0.019566265060240964	18.0	125.87412587412588	0.2857142857142857	0.053228915662650596	9.0	62.93706293706294	0.14285714285714285	0.07180722891566264	25.0	174.82517482517483	7.0	48.95104895104895	0.5763875502008032	0.4418755020080322	0.4951124497991968	0.5625	83	34	0.5804195804195804	surprise	0.2857142857142857	wikivir.cleaned.xml	7566	Mladeniču so prišle pomagat vile			ljudske pripovedke				
emotion_surprise_per_1k	125.82781456953644	emotion_surprise_per_1k; lexical_token_count>=80; word_token_count>=80	wikivir-003832::window::70	window	wikivir-003832	364	151	5.0	33.11258278145696	0.045454545454545456	0.022157303370786516	30.0	198.6754966887417	0.2727272727272727	0.18968539325842698	3.0	19.867549668874172	0.02727272727272727	0.014134831460674157	3.0	19.867549668874172	0.02727272727272727	0.03547191011235955	21.0	139.0728476821192	0.19090909090909092	0.18701123595505617	7.0	46.35761589403974	0.06363636363636363	0.0380561797752809	19.0	125.82781456953643	0.17272727272727273	0.10313483146067413	22.0	145.6953642384106	0.2	0.14537078651685392	28.0	185.43046357615896	13.0	86.09271523178808	0.6359039325842697	0.5021271268057785	0.5178789192081327	0.36585365853658536	89	59	0.5894039735099338	anticipation	0.2727272727272727	wikivir.cleaned.xml	3832	Strogo nezaupno	Lara Zupančič	21	pesmi				
emotion_surprise_per_1k	125.0	emotion_surprise_per_1k; lexical_token_count>=80; word_token_count>=80	wikivir-019078::window::3	window	wikivir-019078	347	160	0.0	0.0	0.0	0.005688311688311689	20.0	125.0	0.2631578947368421	0.11551948051948051	1.0	6.25	0.013157894736842105	0.00609090909090909	1.0	6.25	0.013157894736842105	0.05738961038961039	20.0	125.0	0.2631578947368421	0.09883116883116884	2.0	12.5	0.02631578947368421	0.007402597402597404	20.0	125.0	0.2631578947368421	0.04338961038961039	12.0	75.0	0.15789473684210525	0.08561038961038961	24.0	150.0	2.0	12.5	0.6331948051948053	0.3393376623376623	0.5173982683982684	0.8461538461538461	77	32	0.48125	anticipation	0.2631578947368421	wikivir.cleaned.xml	19078	Sončni mrak	anonimni avtor	19	neleposlovje			1851	
emotion_surprise_per_1k	124.18300653594773	emotion_surprise_per_1k; lexical_token_count>=80; word_token_count>=80	wikivir-007566::window::5	window	wikivir-007566	381	153	4.0	26.143790849673202	0.04395604395604396	0.02138823529411765	14.0	91.5032679738562	0.15384615384615385	0.07529411764705883	7.0	45.7516339869281	0.07692307692307693	0.036470588235294116	13.0	84.9673202614379	0.14285714285714285	0.11767058823529411	15.0	98.0392156862745	0.16483516483516483	0.07745882352941176	5.0	32.67973856209151	0.054945054945054944	0.017576470588235294	19.0	124.18300653594771	0.2087912087912088	0.06438823529411765	14.0	91.5032679738562	0.15384615384615385	0.07735294117647058	23.0	150.32679738562092	18.0	117.6470588235294	0.526956862745098	0.4719019607843138	0.49159803921568623	0.12195121951219512	85	40	0.5555555555555556	surprise	0.2087912087912088	wikivir.cleaned.xml	7566	Mladeniču so prišle pomagat vile			ljudske pripovedke				
emotion_surprise_per_1k	123.96694214876034	emotion_surprise_per_1k; lexical_token_count>=80; word_token_count>=80	wikivir-000967::window::662	window	wikivir-000967	227	121	1.0	8.264462809917356	0.014705882352941176	0.01275438596491228	13.0	107.43801652892563	0.19117647058823528	0.11464912280701753	2.0	16.528925619834713	0.029411764705882353	0.016175438596491228	3.0	24.793388429752067	0.04411764705882353	0.025210526315789475	14.0	115.70247933884298	0.20588235294117646	0.16291228070175437	3.0	24.793388429752067	0.04411764705882353	0.006350877192982457	15.0	123.96694214876034	0.22058823529411764	0.09089473684210526	17.0	140.49586776859505	0.25	0.1697719298245614	23.0	190.0826446280992	4.0	33.057851239669425	0.7073304093567251	0.47824561403508775	0.5780263157894736	0.7037037037037037	57	38	0.47107438016528924	trust	0.25	wikivir.cleaned.xml	967	Za Adrijo!	Lea Fatur	20	zgodovinske povesti				
emotion_surprise_per_1k	123.45679012345678	emotion_surprise_per_1k; lexical_token_count>=80; word_token_count>=80	wikivir-006443::window::6	window	wikivir-006443	350	162	2.0	12.345679012345679	0.02040816326530612	0.01891304347826087	26.0	160.49382716049382	0.2653061224489796	0.1257173913043478	6.0	37.03703703703704	0.061224489795918366	0.04192391304347826	7.0	43.20987654320987	0.07142857142857142	0.03783695652173913	19.0	117.28395061728395	0.19387755102040816	0.12397826086956525	8.0	49.382716049382715	0.08163265306122448	0.02875	20.0	123.45679012345678	0.20408163265306123	0.06972826086956521	10.0	61.72839506172839	0.10204081632653061	0.08110869565217392	33.0	203.7037037037037	16.0	98.76543209876543	0.5421295289855073	0.44013224637681153	0.471965579710145	0.3469387755102041	92	56	0.5679012345679012	anticipation	0.2653061224489796	wikivir.cleaned.xml	6443	O zlatem klasu, zlatem grozdu in biseru	Bogomir Magajna	20	pravljice				
emotion_surprise_per_1k	122.44897959183672	emotion_surprise_per_1k; lexical_token_count>=80; word_token_count>=80	wikivir-001977::window::71	window	wikivir-001977	437	196	1.0	5.1020408163265305	0.00909090909090909	0.006212121212121211	29.0	147.9591836734694	0.2636363636363636	0.12322727272727274	1.0	5.1020408163265305	0.00909090909090909	0.008757575757575757	3.0	15.306122448979592	0.02727272727272727	0.010893939393939393	29.0	147.9591836734694	0.2636363636363636	0.1582727272727273	1.0	5.1020408163265305	0.00909090909090909	0.0	24.0	122.44897959183673	0.21818181818181817	0.07912121212121212	22.0	112.24489795918367	0.2	0.20919696969696971	30.0	153.06122448979593	5.0	25.510204081632654	0.5141185064935064	0.4122701298701299	0.4828202380952381	0.7142857142857143	66	32	0.336734693877551	anticipation	0.2636363636363636	wikivir.cleaned.xml	1977	Bisernice iz belokranjskega narodnega zaklada I	Ivan Šašelj	20	neleposlovje				
emotion_surprise_per_1k	122.44897959183672	emotion_surprise_per_1k; lexical_token_count>=80; word_token_count>=80	wikivir-007300::window::127	window	wikivir-007300	356	147	4.0	27.210884353741495	0.04081632653061224	0.02388311688311688	19.0	129.2517006802721	0.19387755102040816	0.12212987012987013	4.0	27.210884353741495	0.04081632653061224	0.018363636363636367	5.0	34.013605442176875	0.05102040816326531	0.03394805194805195	22.0	149.65986394557822	0.22448979591836735	0.16887012987012986	2.0	13.605442176870747	0.02040816326530612	0.013792207792207793	18.0	122.44897959183673	0.1836734693877551	0.07835064935064934	24.0	163.26530612244898	0.24489795918367346	0.14127272727272727	32.0	217.68707482993196	5.0	34.013605442176875	0.6968927025355597	0.4286012368583797	0.5373192949907236	0.7297297297297297	77	51	0.5238095238095238	trust	0.24489795918367346	wikivir.cleaned.xml	7300	Zvesti jazbec	Neža Maurer	20	pravljice				
emotion_surprise_per_1k	122.44897959183672	emotion_surprise_per_1k; lexical_token_count>=80; word_token_count>=80	wikivir-007071::window::130	window	wikivir-007071	374	147	11.0	74.82993197278911	0.09565217391304348	0.01359493670886076	26.0	176.87074829931973	0.22608695652173913	0.16205063291139238	0.0	0.0	0.0	0.0	0.0	0.0	0.0	0.0	28.0	190.47619047619045	0.24347826086956523	0.1707594936708861	3.0	20.408163265306122	0.02608695652173913	0.012455696202531645	18.0	122.44897959183673	0.1565217391304348	0.0776962025316456	29.0	197.27891156462584	0.25217391304347825	0.18120253164556963	34.0	231.29251700680274	16.0	108.84353741496598	0.6378027426160338	0.473964135021097	0.5505495780590717	0.36	79	42	0.5374149659863946	trust	0.25217391304347825	wikivir.cleaned.xml	7071	Okoli in okoli	Branka Jurca	20	kratka proza				
emotion_surprise_per_1k	122.2222222222222	emotion_surprise_per_1k; lexical_token_count>=80; word_token_count>=80	wikivir-010868::window::133	window	wikivir-010868	361	180	15.0	83.33333333333333	0.08928571428571429	0.06956435643564356	28.0	155.55555555555557	0.16666666666666666	0.15400000000000003	8.0	44.44444444444444	0.047619047619047616	0.02931683168316832	15.0	83.33333333333333	0.08928571428571429	0.08030693069306931	30.0	166.66666666666666	0.17857142857142858	0.23795049504950494	13.0	72.22222222222221	0.07738095238095238	0.07242574257425742	22.0	122.22222222222221	0.13095238095238096	0.09657425742574258	37.0	205.55555555555554	0.22023809523809523	0.21656435643564362	43.0	238.8888888888889	19.0	105.55555555555556	0.6533960396039603	0.5473265676567657	0.6337171617161715	0.3870967741935484	101	59	0.5611111111111111	trust	0.22023809523809523	wikivir.cleaned.xml	10868	Gospod Ravbar	Ivan Lah	20	epska pesnitev				
emotion_surprise_per_1k	121.95121951219512	emotion_surprise_per_1k; lexical_token_count>=80; word_token_count>=80	wikivir-004622::window::105	window	wikivir-004622	359	164	7.0	42.6829268292683	0.1044776119402985	0.04093055555555555	11.0	67.07317073170732	0.16417910447761194	0.08202777777777776	3.0	18.29268292682927	0.04477611940298507	0.020722222222222222	4.0	24.390243902439025	0.05970149253731343	0.037375	9.0	54.8780487804878	0.13432835820895522	0.07372222222222222	4.0	24.390243902439025	0.05970149253731343	0.03156944444444445	20.0	121.95121951219512	0.29850746268656714	0.10608333333333335	9.0	54.8780487804878	0.13432835820895522	0.05451388888888889	10.0	60.97560975609756	10.0	60.97560975609756	0.5658877314814814	0.433599537037037	0.4433229166666666	0.0	72	44	0.43902439024390244	surprise	0.29850746268656714	wikivir.cleaned.xml	4622	Palček v čedri	Lojze Zupanc	20	pravljice				
