review_emotion	emotion_trust_per_1k	segment_id	doc_id	unit	_review_word_count	title	author	genre	century	year	text_preview_readable	token_count	lexical_token_count	emotion_anger_count	emotion_anger_per_1k	emotion_anger_prop	intensity_anger_mean	emotion_anticipation_count	emotion_anticipation_per_1k	emotion_anticipation_prop	intensity_anticipation_mean	emotion_disgust_count	emotion_disgust_per_1k	emotion_disgust_prop	intensity_disgust_mean	emotion_fear_count	emotion_fear_per_1k	emotion_fear_prop	intensity_fear_mean	emotion_joy_count	emotion_joy_per_1k	emotion_joy_prop	intensity_joy_mean	emotion_sadness_count	emotion_sadness_per_1k	emotion_sadness_prop	intensity_sadness_mean	emotion_surprise_count	emotion_surprise_per_1k	emotion_surprise_prop	intensity_surprise_mean	emotion_trust_count	emotion_trust_prop	intensity_trust_mean	sentiment_positive_count	sentiment_positive_per_1k	sentiment_negative_count	sentiment_negative_per_1k	vad_valence_mean	vad_arousal_mean	vad_dominance_mean	sentiment_balance	lexicon_hit_count	lexicon_unique_hit_count	lexicon_coverage	dominant_emotion	dominant_emotion_score	source_xml	xml_doc_index	publication	category	language	unit_segment	doc_id_segment	sent_ids	n_sent_ids	token_count_segment	word_token_count	lemma_token_count	text_preview	source_xml_segment	xml_doc_index_segment	title_segment	author_segment	century_segment	genre_segment	publication_segment	category_segment	year_segment	language_segment
emotion_anger_per_1k	95.23809523809524	wikivir-000985::window::1	wikivir-000985	window	94	Gospod	Srečko Kosovel	pesmi	20		"Gospod me zasleduje z drobnimi, hudobnimi očmi. Kaj me zasledujete, gospod, bi radi hrabrostno svetinjo, ker ste me ujeli ""Nevarnega?"" Človek je vedno jezen, če ima tako malenkostne skrbi, in če je plašan, se vsega boji in mu je vse nevarno. Kaj bi imeli vi, če bi ne imeli orožja? Plašljivci nosijo"	94	42	11.0	261.9047619047619	0.2444444444444444	0.25280952380952376	4.0	95.23809523809524	0.0888888888888888	0.08819047619047618	7.0	166.66666666666666	0.1555555555555555	0.12247619047619047	12.0	285.7142857142857	0.2666666666666666	0.31761904761904763	1.0	23.809523809523807	0.0222222222222222	0.0861904761904762	4.0	95.23809523809524	0.0888888888888888	0.13585714285714287	2.0	47.61904761904761	0.0444444444444444	0.03238095238095238	4.0	0.0888888888888888	0.12495238095238095	6.0	142.85714285714286	13.0	309.5238095238095	0.4170833333333333	0.5447539682539683	0.5758174603174604	-0.3684210526315789	21	15	0.5	fear	0.26666666666666666	wikivir.cleaned.xml	985	Integrali 26			window	wikivir-000985	wikivir-000985.s000001|wikivir-000985.s000002|wikivir-000985.s000003|wikivir-000985.s000004|wikivir-000985.s000005|wikivir-000985.s000006|wikivir-000985.s000007|wikivir-000985.s000008|wikivir-000985.s000009|wikivir-000985.s000010|wikivir-000985.s000011|wikivir-000985.s000012|wikivir-000985.s000013|wikivir-000985.s000014|wikivir-000985.s000015|wikivir-000985.s000016|wikivir-000985.s000017|wikivir-000985.s000018|wikivir-000985.s000019|wikivir-000985.s000020	20	94	76	41	"Gospod me zasleduje z drobnimi, hudobnimi očmi. Kaj me zasledujete, gospod, bi radi hrabrostno svetinjo, ker ste me ujeli ""Nevarnega?"" Človek je vedno jezen, če ima tako malenkostne skrbi, in če je plašan, se vsega boji in mu je vse nevarno. Kaj bi imeli vi, če bi ne imeli orožja? Plašljivci nosijo "	wikivir.cleaned.xml	985	Gospod	Srečko Kosovel	20	pesmi	Integrali 26			
emotion_anger_per_1k	95.23809523809524	wikivir-000985::document::1	wikivir-000985	document	95	Gospod	Srečko Kosovel	pesmi	20		"Gospod me zasleduje z drobnimi, hudobnimi očmi. Kaj me zasledujete, gospod, bi radi hrabrostno svetinjo, ker ste me ujeli ""Nevarnega?"" Človek je vedno jezen, če ima tako malenkostne skrbi, in če je plašan, se vsega boji in mu je vse nevarno. Kaj bi imeli vi, če bi ne imeli orožja? Plašljivci nosijo"	95	42	11.0	261.9047619047619	0.2444444444444444	0.25280952380952376	4.0	95.23809523809524	0.0888888888888888	0.08819047619047618	7.0	166.66666666666666	0.1555555555555555	0.12247619047619047	12.0	285.7142857142857	0.2666666666666666	0.31761904761904763	1.0	23.809523809523807	0.0222222222222222	0.0861904761904762	4.0	95.23809523809524	0.0888888888888888	0.13585714285714287	2.0	47.61904761904761	0.0444444444444444	0.03238095238095238	4.0	0.0888888888888888	0.12495238095238095	6.0	142.85714285714286	13.0	309.5238095238095	0.4170833333333333	0.5447539682539683	0.5758174603174604	-0.3684210526315789	21	15	0.5	fear	0.26666666666666666	wikivir.cleaned.xml	985	Integrali 26			document	wikivir-000985	wikivir-000985.s000001|wikivir-000985.s000002|wikivir-000985.s000003|wikivir-000985.s000004|wikivir-000985.s000005|wikivir-000985.s000006|wikivir-000985.s000007|wikivir-000985.s000008|wikivir-000985.s000009|wikivir-000985.s000010|wikivir-000985.s000011|wikivir-000985.s000012|wikivir-000985.s000013|wikivir-000985.s000014|wikivir-000985.s000015|wikivir-000985.s000016|wikivir-000985.s000017|wikivir-000985.s000018|wikivir-000985.s000019|wikivir-000985.s000020	20	95	76	41	"Gospod me zasleduje z drobnimi, hudobnimi očmi. Kaj me zasledujete, gospod, bi radi hrabrostno svetinjo, ker ste me ujeli ""Nevarnega?"" Človek je vedno jezen, če ima tako malenkostne skrbi, in če je plašan, se vsega boji in mu je vse nevarno. Kaj bi imeli vi, če bi ne imeli orožja? Plašljivci nosijo "	wikivir.cleaned.xml	985	Gospod	Srečko Kosovel	20	pesmi	Integrali 26			
emotion_anger_per_1k	102.04081632653062	wikivir-011686::window::36	wikivir-011686	window	124	Na mrtvi straži	Vitomir Feodor Jelenc	kratka proza	20	1921	mesto ... Komaj smo spoznali svojega druga ... odvojili smo njegovo truplo od drugih, izkopali mu grob ... ni bilo suhega očesa, ko smo izvršili žalosten obred, ko smo nad njegovim truplom nagomilili gomilo prsti ... Nad Kosovim poljem je grob našega komite; preko njegovega groba je divjala vojna, p	124	49	12.0	244.89795918367344	0.1904761904761904	0.19041666666666665	5.0	102.04081632653062	0.0793650793650793	0.06686111111111111	5.0	102.04081632653062	0.0793650793650793	0.08680555555555555	15.0	306.12244897959187	0.238095238095238	0.2555	3.0	61.224489795918366	0.0476190476190476	0.04677777777777778	13.0	265.30612244897964	0.2063492063492063	0.2746944444444444	5.0	102.04081632653062	0.0793650793650793	0.04816666666666667	5.0	0.0793650793650793	0.09047222222222223	5.0	102.04081632653062	17.0	346.9387755102041	0.4673819444444444	0.49239120370370365	0.48954861111111114	-0.5454545454545454	36	24	0.7346938775510204	fear	0.23809523809523808	wikivir.cleaned.xml	11686				window	wikivir-011686	wikivir-011686.s000187|wikivir-011686.s000188|wikivir-011686.s000189|wikivir-011686.s000190	4	124	93	49	mesto ... Komaj smo spoznali svojega druga ... odvojili smo njegovo truplo od drugih, izkopali mu grob ... ni bilo suhega očesa, ko smo izvršili žalosten obred, ko smo nad njegovim truplom nagomilili gomilo prsti ... Nad Kosovim poljem je grob našega komite; preko njegovega groba je divjala vojna, p	wikivir.cleaned.xml	11686	Na mrtvi straži	Vitomir Feodor Jelenc	20	kratka proza			1921	
emotion_anger_per_1k	23.809523809523807	wikivir-013253::window::25	wikivir-013253	window	101	Apokalipsa	Stanko Majcen	drame	20		petnajst let —Nasilni človek. Kdo govori? Petnajst let! Eno samo uro za tisoč smrti! Pop. In otel te bom iz rok asirskega kralja, tebe in tvoje mesto —Nasilni človek. In bom zadavil to godbo in jo davil ... davil ... (Se poloti popa, ga stisne k tlom in ga zadavi.)Glasovi. Vojak! Vojak! Nasilni človek	101	42	9.0	214.28571428571428	0.2368421052631578	0.25395652173913047	2.0	47.61904761904761	0.0526315789473684	0.03360869565217391	6.0	142.85714285714286	0.1578947368421052	0.1749130434782609	6.0	142.85714285714286	0.1578947368421052	0.2098695652173913	0.0	0.0	0.0	0.0	8.0	190.47619047619045	0.2105263157894736	0.21843478260869562	6.0	142.85714285714286	0.1578947368421052	0.1626086956521739	1.0	0.0263157894736842	0.017304347826086957	3.0	71.42857142857143	6.0	142.85714285714286	0.36974637681159417	0.4923550724637682	0.47929710144927545	-0.3333333333333333	23	15	0.5476190476190477	anger	0.23684210526315788	wikivir.cleaned.xml	13253				window	wikivir-013253	wikivir-013253.s000938|wikivir-013253.s000939|wikivir-013253.s000940|wikivir-013253.s000941|wikivir-013253.s000942|wikivir-013253.s000943|wikivir-013253.s000944|wikivir-013253.s000945|wikivir-013253.s000946|wikivir-013253.s000947|wikivir-013253.s000948|wikivir-013253.s000949|wikivir-013253.s000950|wikivir-013253.s000951	14	101	69	42	petnajst let —Nasilni človek. Kdo govori? Petnajst let! Eno samo uro za tisoč smrti!Pop. In otel te bom iz rok asirskega kralja, tebe in tvoje mesto —Nasilni človek. In bom zadavil to godbo in jo davil ... davil ... (Se poloti popa, ga stisne k tlom in ga zadavi.)Glasovi. Vojak! Vojak!Nasilni človek	wikivir.cleaned.xml	13253	Apokalipsa	Stanko Majcen	20	drame				
emotion_anger_per_1k	145.34883720930233	wikivir-014822::window::17	wikivir-014822	window	379	Kaj mora vedeti vsak Slovenec o Osvobodilni fronti		propagandne brosure	20	1944	nikdar ni oblast.105. Kaj so partizani? Partizani so po določbah mednarodnega, dražavnega in božjega prava samozvanci, nasilni uzurpatorji.106. Kaj pomeni, da so partizani nasilniki — uzurpatorji? Pomeni, da so oborožena roparska tolpa. Kar nam ne more nihče vzeti, če sami nočemo, je vera in ljubezen	379	172	36.0	209.30232558139537	0.2068965517241379	0.22715957446808507	18.0	104.65116279069768	0.1034482758620689	0.07840425531914894	10.0	58.13953488372093	0.057471264367816	0.06691489361702127	40.0	232.5581395348837	0.2298850574712643	0.20429787234042557	19.0	110.46511627906978	0.1091954022988505	0.09745744680851064	25.0	145.34883720930233	0.1436781609195402	0.10495744680851063	1.0	5.813953488372093	0.0057471264367816	0.006893617021276596	25.0	0.1436781609195402	0.18459574468085108	27.0	156.97674418604652	38.0	220.93023255813955	0.47693705673758874	0.5236547619047618	0.6148548632218845	-0.16923076923076924	94	49	0.5465116279069767	fear	0.22988505747126436	wikivir.cleaned.xml	14822				window	wikivir-014822	wikivir-014822.s000289|wikivir-014822.s000290|wikivir-014822.s000291|wikivir-014822.s000292|wikivir-014822.s000293|wikivir-014822.s000294|wikivir-014822.s000295|wikivir-014822.s000296|wikivir-014822.s000297|wikivir-014822.s000298|wikivir-014822.s000299|wikivir-014822.s000300|wikivir-014822.s000301|wikivir-014822.s000302|wikivir-014822.s000303|wikivir-014822.s000304|wikivir-014822.s000305|wikivir-014822.s000306|wikivir-014822.s000307|wikivir-014822.s000308	36	379	300	165	nikdar ni oblast.105. Kaj so partizani?Partizani so po določbah mednarodnega, dražavnega in božjega prava samozvanci, nasilni uzurpatorji.106. Kaj pomeni, da so partizani nasilniki — uzurpatorji? Pomeni, da so oborožena roparska tolpa. Kar nam ne more nihče vzeti, če sami nočemo, je vera in ljubezen	wikivir.cleaned.xml	14822	Kaj mora vedeti vsak Slovenec o Osvobodilni fronti		20	propagandne brosure			1944	
emotion_anger_per_1k	305.5555555555556	wikivir-010666::window::3	wikivir-010666	window	172	Pripovedka o treh bratih		ljudske pripovedke	19		vrata vzeli seboj. Prišli so v gozdu do nekega drevesa, kjer so se skrili. Ali komaj so nekoliko časa sedeli na drevesi, prišli so roparji pod drevo,pa so prinesli tri vreče denarja seboj. Ko so pa denar počeli šteti, je nekaj na drevesi zašumelo. Roparji so se prestrašili ter so vsi zbežali, samo j	172	72	15.0	208.33333333333331	0.1530612244897959	0.03435555555555555	17.0	236.11111111111111	0.173469387755102	0.15062222222222224	8.0	111.1111111111111	0.0816326530612244	0.006933333333333333	4.0	55.55555555555555	0.0408163265306122	0.05244444444444444	15.0	208.33333333333331	0.1530612244897959	0.13348888888888888	2.0	27.77777777777777	0.0204081632653061	0.025688888888888886	15.0	208.33333333333331	0.1530612244897959	0.0753111111111111	22.0	0.2244897959183673	0.21551111111111113	18.0	250.0	4.0	55.55555555555555	0.5961666666666666	0.4291111111111111	0.5162888888888889	0.6363636363636364	45	25	0.625	trust	0.22448979591836735	wikivir.cleaned.xml	10666				window	wikivir-010666	wikivir-010666.s000021|wikivir-010666.s000022|wikivir-010666.s000023|wikivir-010666.s000024|wikivir-010666.s000025|wikivir-010666.s000026|wikivir-010666.s000027|wikivir-010666.s000028|wikivir-010666.s000029|wikivir-010666.s000030	10	172	146	71	vrata vzeli seboj. Prišli so v gozdu do nekega drevesa, kjer so se skrili. Ali komaj so nekoliko časa sedeli na drevesi, prišli so roparji pod drevo,pa so prinesli tri vreče denarja seboj. Ko so pa denar počeli šteti, je nekaj na drevesi zašumelo. Roparji so se prestrašili ter so vsi zbežali, samo j	wikivir.cleaned.xml	10666	Pripovedka o treh bratih		19	ljudske pripovedke				
emotion_anger_per_1k	145.83333333333334	wikivir-010292::window::1	wikivir-010292	window	124	Povračilo	Pavlina Pajk	pesmi	19		Za tožnost, ki prestajem je obilo Od dne usodnega, ko sem spoznala te, Jedino to mi daješ povračilo, Da sovražiš me! Da tebi je srce se posvetilo In vse je tvoje, v njem kar lilazega cvete, Jedino to mi daješ povračilo, Da sovražiš me! Da upanje v bodočnost ostrupilo Za večni čas je tvoje mi ponašan	124	48	10.0	208.33333333333331	0.3333333333333333	0.3202380952380952	3.0	62.5	0.1	0.08	5.0	104.16666666666669	0.1666666666666666	0.1619047619047619	0.0	0.0	0.0	0.0	2.0	41.66666666666666	0.0666666666666666	0.1648095238095238	1.0	20.83333333333333	0.0333333333333333	0.07357142857142857	2.0	41.66666666666666	0.0666666666666666	0.03347619047619048	7.0	0.2333333333333333	0.1881904761904762	8.0	166.66666666666666	10.0	208.33333333333331	0.5040793650793651	0.5390396825396826	0.5240753968253968	-0.1111111111111111	21	11	0.4375	anger	0.3333333333333333	wikivir.cleaned.xml	10292				window	wikivir-010292	wikivir-010292.s000001|wikivir-010292.s000002|wikivir-010292.s000003|wikivir-010292.s000004|wikivir-010292.s000005|wikivir-010292.s000006|wikivir-010292.s000007|wikivir-010292.s000008|wikivir-010292.s000009|wikivir-010292.s000010|wikivir-010292.s000011|wikivir-010292.s000012|wikivir-010292.s000013|wikivir-010292.s000014|wikivir-010292.s000015|wikivir-010292.s000016|wikivir-010292.s000017|wikivir-010292.s000018|wikivir-010292.s000019|wikivir-010292.s000020	20	124	105	47	Za tožnost, ki prestajem je obilo Od dne usodnega, ko sem spoznala te, Jedino to mi daješ povračilo, Da sovražiš me! Da tebi je srce se posvetilo In vse je tvoje, v njem kar lilazega cvete, Jedino to mi daješ povračilo, Da sovražiš me! Da upanje v bodočnost ostrupilo Za večni čas je tvoje mi ponašan	wikivir.cleaned.xml	10292	Povračilo	Pavlina Pajk	19	pesmi				
emotion_anger_per_1k	145.83333333333334	wikivir-010292::document::1	wikivir-010292	document	125	Povračilo	Pavlina Pajk	pesmi	19		Za tožnost, ki prestajem je obilo Od dne usodnega, ko sem spoznala te, Jedino to mi daješ povračilo, Da sovražiš me! Da tebi je srce se posvetilo In vse je tvoje, v njem kar lilazega cvete, Jedino to mi daješ povračilo, Da sovražiš me! Da upanje v bodočnost ostrupilo Za večni čas je tvoje mi ponašan	125	48	10.0	208.33333333333331	0.3333333333333333	0.3202380952380952	3.0	62.5	0.1	0.08	5.0	104.16666666666669	0.1666666666666666	0.1619047619047619	0.0	0.0	0.0	0.0	2.0	41.66666666666666	0.0666666666666666	0.1648095238095238	1.0	20.83333333333333	0.0333333333333333	0.07357142857142857	2.0	41.66666666666666	0.0666666666666666	0.03347619047619048	7.0	0.2333333333333333	0.1881904761904762	8.0	166.66666666666666	10.0	208.33333333333331	0.5040793650793651	0.5390396825396826	0.5240753968253968	-0.1111111111111111	21	11	0.4375	anger	0.3333333333333333	wikivir.cleaned.xml	10292				document	wikivir-010292	wikivir-010292.s000001|wikivir-010292.s000002|wikivir-010292.s000003|wikivir-010292.s000004|wikivir-010292.s000005|wikivir-010292.s000006|wikivir-010292.s000007|wikivir-010292.s000008|wikivir-010292.s000009|wikivir-010292.s000010|wikivir-010292.s000011|wikivir-010292.s000012|wikivir-010292.s000013|wikivir-010292.s000014|wikivir-010292.s000015|wikivir-010292.s000016|wikivir-010292.s000017|wikivir-010292.s000018|wikivir-010292.s000019|wikivir-010292.s000020	20	125	105	47	Za tožnost, ki prestajem je obilo Od dne usodnega, ko sem spoznala te, Jedino to mi daješ povračilo, Da sovražiš me! Da tebi je srce se posvetilo In vse je tvoje, v njem kar lilazega cvete, Jedino to mi daješ povračilo, Da sovražiš me! Da upanje v bodočnost ostrupilo Za večni čas je tvoje mi ponašan	wikivir.cleaned.xml	10292	Povračilo	Pavlina Pajk	19	pesmi				
emotion_anger_per_1k	264.1509433962264	wikivir-002714::window::3	wikivir-002714	window	124	Trije bratje		ljudske pripovedke			trije bratje svojega gospoda, hudega duha. Ta jim reče: «V hudo skušnjavo sem vas spravil, a ker ste bili mož-beseda in ste mi pomagali, da tega krčmarja — ubijalca pred dobim v pekel, dobote zdaj plačo. Dal je vsakemu veliko mošnjo, polno rumenega zlata. Sodniku pa je naznanil, kdo je in tudi poved	124	53	11.0	207.5471698113208	0.171875	0.15123529411764708	3.0	56.60377358490566	0.046875	0.04711764705882353	5.0	94.33962264150944	0.078125	0.0636764705882353	12.0	226.41509433962264	0.1875	0.18338235294117647	5.0	94.33962264150944	0.078125	0.08241176470588236	9.0	169.81132075471697	0.140625	0.16026470588235295	5.0	94.33962264150944	0.078125	0.0686764705882353	14.0	0.21875	0.24400000000000002	15.0	283.0188679245283	10.0	188.67924528301887	0.5165532212885154	0.5424404761904762	0.5520658263305322	0.2	34	31	0.6415094339622641	trust	0.21875	wikivir.cleaned.xml	2714				window	wikivir-002714	wikivir-002714.s000019|wikivir-002714.s000020|wikivir-002714.s000021|wikivir-002714.s000022|wikivir-002714.s000023|wikivir-002714.s000024	6	124	103	53	trije bratje svojega gospoda, hudega duha. Ta jim reče: «V hudo skušnjavo sem vas spravil, a ker ste bili mož-beseda in ste mi pomagali, da tega krčmarja — ubijalca pred dobim v pekel, dobote zdaj plačo. Dal je vsakemu veliko mošnjo, polno rumenega zlata. Sodniku pa je naznanil, kdo je in tudi poved	wikivir.cleaned.xml	2714	Trije bratje			ljudske pripovedke				
emotion_anger_per_1k	130.43478260869566	wikivir-004344::document::1	wikivir-004344	document	86	MELANHOLIČNI SONG	Milan Dekleva	pesmi	20		MELANHOLIČNI SONG Če moški razmišlja o Roški, če noče ležati med joški, če raje, kot gnetel bi boke, politike vleče za roke: takrat me zgrabi melanholija, še hujša kakor monogamija, takrat me zgrabi melanholija, še hujša kakor televizija. Če moški erotični manko zamenja za tolar in banko, če gleda p	86	46	9.0	195.6521739130435	0.2368421052631578	0.16633333333333333	2.0	43.47826086956522	0.0526315789473684	0.053933333333333326	0.0	0.0	0.0	0.0	9.0	195.6521739130435	0.2368421052631578	0.1703666666666667	1.0	21.73913043478261	0.0263157894736842	0.016666666666666666	9.0	195.6521739130435	0.2368421052631578	0.19636666666666663	2.0	43.47826086956522	0.0526315789473684	0.037766666666666664	6.0	0.1578947368421052	0.10863333333333332	5.0	108.69565217391305	14.0	304.34782608695656	0.38938888888888906	0.4787777777777779	0.4666055555555556	-0.47368421052631576	30	18	0.6521739130434783	anger	0.23684210526315788	wikivir.cleaned.xml	4344				document	wikivir-004344	wikivir-004344.s000001|wikivir-004344.s000002|wikivir-004344.s000003|wikivir-004344.s000004|wikivir-004344.s000005|wikivir-004344.s000006|wikivir-004344.s000007|wikivir-004344.s000008|wikivir-004344.s000009|wikivir-004344.s000010|wikivir-004344.s000011|wikivir-004344.s000012|wikivir-004344.s000013|wikivir-004344.s000014|wikivir-004344.s000015|wikivir-004344.s000016|wikivir-004344.s000017|wikivir-004344.s000018|wikivir-004344.s000019|wikivir-004344.s000020	23	86	71	46	MELANHOLIČNI SONG Če moški razmišlja o Roški, če noče ležati med joški, če raje, kot gnetel bi boke, politike vleče za roke: takrat me zgrabi melanholija, še hujša kakor monogamija, takrat me zgrabi melanholija, še hujša kakor televizija. Če moški erotični manko zamenja za tolar in banko, če gleda p	wikivir.cleaned.xml	4344	MELANHOLIČNI SONG	Milan Dekleva	20	pesmi				
emotion_anger_per_1k	130.43478260869566	wikivir-004344::window::1	wikivir-004344	window	85	MELANHOLIČNI SONG	Milan Dekleva	pesmi	20		MELANHOLIČNI SONG Če moški razmišlja o Roški, če noče ležati med joški, če raje, kot gnetel bi boke, politike vleče za roke: takrat me zgrabi melanholija, še hujša kakor monogamija, takrat me zgrabi melanholija, še hujša kakor televizija. Če moški erotični manko zamenja za tolar in banko, če gleda p	85	46	9.0	195.6521739130435	0.2368421052631578	0.16633333333333333	2.0	43.47826086956522	0.0526315789473684	0.053933333333333326	0.0	0.0	0.0	0.0	9.0	195.6521739130435	0.2368421052631578	0.1703666666666667	1.0	21.73913043478261	0.0263157894736842	0.016666666666666666	9.0	195.6521739130435	0.2368421052631578	0.19636666666666663	2.0	43.47826086956522	0.0526315789473684	0.037766666666666664	6.0	0.1578947368421052	0.10863333333333332	5.0	108.69565217391305	14.0	304.34782608695656	0.38938888888888906	0.4787777777777779	0.4666055555555556	-0.47368421052631576	30	18	0.6521739130434783	anger	0.23684210526315788	wikivir.cleaned.xml	4344				window	wikivir-004344	wikivir-004344.s000001|wikivir-004344.s000002|wikivir-004344.s000003|wikivir-004344.s000004|wikivir-004344.s000005|wikivir-004344.s000006|wikivir-004344.s000007|wikivir-004344.s000008|wikivir-004344.s000009|wikivir-004344.s000010|wikivir-004344.s000011|wikivir-004344.s000012|wikivir-004344.s000013|wikivir-004344.s000014|wikivir-004344.s000015|wikivir-004344.s000016|wikivir-004344.s000017|wikivir-004344.s000018|wikivir-004344.s000019|wikivir-004344.s000020	23	85	71	46	MELANHOLIČNI SONG Če moški razmišlja o Roški, če noče ležati med joški, če raje, kot gnetel bi boke, politike vleče za roke: takrat me zgrabi melanholija, še hujša kakor monogamija, takrat me zgrabi melanholija, še hujša kakor televizija. Če moški erotični manko zamenja za tolar in banko, če gleda p	wikivir.cleaned.xml	4344	MELANHOLIČNI SONG	Milan Dekleva	20	pesmi				
emotion_anger_per_1k	146.34146341463415	wikivir-004958::document::1	wikivir-004958	document	89	Nesporazum	Vitomil Zupan	pesmi	20		Včasih smo govorili o spravi. Ko smo se vojne nažrli do grla ko smo se divjanja nasititi krvi nagledali svoje in tuje nam je zmanjkalo sovražnikov in sebe. Potem smo se spopadli s prijatelji naposled sami s seboj napovedali smo boj boju nebu in zemlji in lastnim ljubeznim. V vrtincu norosti smo prid	89	41	8.0	195.1219512195122	0.1739130434782608	0.17759259259259258	6.0	146.34146341463415	0.1304347826086956	0.10544444444444444	3.0	73.17073170731707	0.0652173913043478	0.06162962962962964	10.0	243.90243902439025	0.217391304347826	0.26355555555555554	6.0	146.34146341463415	0.1304347826086956	0.12811111111111112	7.0	170.7317073170732	0.1521739130434782	0.11751851851851852	0.0	0.0	0.0	0.0	6.0	0.1304347826086956	0.15892592592592591	9.0	219.5121951219512	11.0	268.2926829268293	0.4990981481481481	0.5833777777777777	0.5572623456790124	-0.1	27	22	0.6585365853658537	fear	0.21739130434782608	wikivir.cleaned.xml	4958				document	wikivir-004958	wikivir-004958.s000001|wikivir-004958.s000002|wikivir-004958.s000003|wikivir-004958.s000004|wikivir-004958.s000005|wikivir-004958.s000006|wikivir-004958.s000007|wikivir-004958.s000008|wikivir-004958.s000009|wikivir-004958.s000010|wikivir-004958.s000011|wikivir-004958.s000012|wikivir-004958.s000013|wikivir-004958.s000014|wikivir-004958.s000015|wikivir-004958.s000016|wikivir-004958.s000017|wikivir-004958.s000018|wikivir-004958.s000019	19	89	82	41	Včasih smo govorili o spravi. Ko smo se vojne nažrli do grla ko smo se divjanja nasititi krvi nagledali svoje in tuje nam je zmanjkalo sovražnikov in sebe. Potem smo se spopadli s prijatelji naposled sami s seboj napovedali smo boj boju nebu in zemlji in lastnim ljubeznim. V vrtincu norosti smo prid	wikivir.cleaned.xml	4958	Nesporazum	Vitomil Zupan	20	pesmi				
emotion_anger_per_1k	146.34146341463415	wikivir-004958::window::1	wikivir-004958	window	88	Nesporazum	Vitomil Zupan	pesmi	20		Včasih smo govorili o spravi. Ko smo se vojne nažrli do grla ko smo se divjanja nasititi krvi nagledali svoje in tuje nam je zmanjkalo sovražnikov in sebe. Potem smo se spopadli s prijatelji naposled sami s seboj napovedali smo boj boju nebu in zemlji in lastnim ljubeznim. V vrtincu norosti smo prid	88	41	8.0	195.1219512195122	0.1739130434782608	0.17759259259259258	6.0	146.34146341463415	0.1304347826086956	0.10544444444444444	3.0	73.17073170731707	0.0652173913043478	0.06162962962962964	10.0	243.90243902439025	0.217391304347826	0.26355555555555554	6.0	146.34146341463415	0.1304347826086956	0.12811111111111112	7.0	170.7317073170732	0.1521739130434782	0.11751851851851852	0.0	0.0	0.0	0.0	6.0	0.1304347826086956	0.15892592592592591	9.0	219.5121951219512	11.0	268.2926829268293	0.4990981481481481	0.5833777777777777	0.5572623456790124	-0.1	27	22	0.6585365853658537	fear	0.21739130434782608	wikivir.cleaned.xml	4958				window	wikivir-004958	wikivir-004958.s000001|wikivir-004958.s000002|wikivir-004958.s000003|wikivir-004958.s000004|wikivir-004958.s000005|wikivir-004958.s000006|wikivir-004958.s000007|wikivir-004958.s000008|wikivir-004958.s000009|wikivir-004958.s000010|wikivir-004958.s000011|wikivir-004958.s000012|wikivir-004958.s000013|wikivir-004958.s000014|wikivir-004958.s000015|wikivir-004958.s000016|wikivir-004958.s000017|wikivir-004958.s000018|wikivir-004958.s000019	19	88	82	41	Včasih smo govorili o spravi. Ko smo se vojne nažrli do grla ko smo se divjanja nasititi krvi nagledali svoje in tuje nam je zmanjkalo sovražnikov in sebe. Potem smo se spopadli s prijatelji naposled sami s seboj napovedali smo boj boju nebu in zemlji in lastnim ljubeznim. V vrtincu norosti smo prid	wikivir.cleaned.xml	4958	Nesporazum	Vitomil Zupan	20	pesmi				
emotion_anger_per_1k	55.55555555555555	wikivir-004560::window::56	wikivir-004560	window	89	Med gorami	Milan Pugelj	proza	20		nad krajino, izgubi se nemudoma kakor misel. „Ustrelil ga je!“ — hripavo kriči Lukež. „Poznam pok, ostri, tenki pok: z medeno pištolo ga je, s tisto, ki jo je kupil za svatbo.“ — Kljukar gleda z debelimi očmi, nič ne ve, kaj misli, Lukež sede na prag, stisne se v kot, zobje mu šklepečejo, trese se p	89	36	7.0	194.44444444444449	0.2258064516129032	0.140375	2.0	55.55555555555555	0.064516129032258	0.04004166666666667	4.0	111.1111111111111	0.1290322580645161	0.07329166666666666	7.0	194.44444444444449	0.2258064516129032	0.157875	1.0	27.77777777777777	0.032258064516129	0.019541666666666666	2.0	55.55555555555555	0.064516129032258	0.042416666666666665	6.0	166.66666666666666	0.1935483870967742	0.122125	2.0	0.064516129032258	0.04591666666666666	3.0	83.33333333333333	9.0	250.0	0.4975347222222222	0.5067152777777778	0.48798611111111106	-0.5	24	23	0.6666666666666666	anger	0.22580645161290322	wikivir.cleaned.xml	4560				window	wikivir-004560	wikivir-004560.s000609|wikivir-004560.s000610|wikivir-004560.s000611	3	89	63	36	nad krajino, izgubi se nemudoma kakor misel. „Ustrelil ga je!“ — hripavo kriči Lukež. „Poznam pok, ostri, tenki pok: z medeno pištolo ga je, s tisto, ki jo je kupil za svatbo.“ — Kljukar gleda z debelimi očmi, nič ne ve, kaj misli, Lukež sede na prag, stisne se v kot, zobje mu šklepečejo, trese se p	wikivir.cleaned.xml	4560	Med gorami	Milan Pugelj	20	proza				
emotion_anger_per_1k	161.29032258064515	wikivir-015211::window::7	wikivir-015211	window	87	Zgodovinske povestice	Ivan Steklasa	kratka proza	19		vojak, ki je imel grdo navado, da je rad klel. Ko je začel tudi pri tej priliki svoj govor z besedami: „Hudič naj me vzame!“ vstane sv. Vinko, prime ga rahlo za roko in reče smejé: „Ne, gospod, tega jaz ne dovolim, da bi vas ta vzel, predobri ste; jaz vas hočem obdržati za Boga.“ — To je presunilo v	87	31	6.0	193.54838709677415	0.24	0.17073333333333332	2.0	64.51612903225806	0.08	0.05046666666666667	5.0	161.29032258064515	0.2	0.15733333333333333	3.0	96.77419354838707	0.12	0.07086666666666666	1.0	32.25806451612903	0.04	0.057133333333333335	3.0	96.77419354838707	0.12	0.07479999999999999	0.0	0.0	0.0	0.0	5.0	0.2	0.1922	7.0	225.80645161290323	5.0	161.29032258064515	0.4632194444444445	0.5697444444444444	0.6144861111111111	0.16666666666666666	15	13	0.4838709677419355	anger	0.24	wikivir.cleaned.xml	15211				window	wikivir-015211	wikivir-015211.s000051|wikivir-015211.s000052	2	87	66	31	vojak, ki je imel grdo navado, da je rad klel. Ko je začel tudi pri tej priliki svoj govor z besedami: „Hudič naj me vzame!“ vstane sv. Vinko, prime ga rahlo za roko in reče smejé: „Ne, gospod, tega jaz ne dovolim, da bi vas ta vzel, predobri ste; jaz vas hočem obdržati za Boga.“ — To je presunilo v	wikivir.cleaned.xml	15211	Zgodovinske povestice	Ivan Steklasa	19	kratka proza				
emotion_anger_per_1k	41.66666666666666	wikivir-017573::window::8	wikivir-017573	window	98	Revolucijonar Štefan	anonimni avtor	kratka proza	20	1907	eksplozije. Toda kmalu so se zavedli strmeči tovariši. »Smrt mu, ki je prelomil prisego! Smrt revolucionarju!« je zaklical častnik, ki je zapovedal četi in je nameril svoj revolver proti Štefanu. Dva strela sta počila in Štefan je zadet omahnil. Še enkrat je skočil pokonci in zamahnil s puško proti	98	48	9.0	187.5	0.2142857142857142	0.267578947368421	4.0	83.33333333333333	0.0952380952380952	0.08831578947368421	3.0	62.5	0.0714285714285714	0.10357894736842105	11.0	229.16666666666663	0.2619047619047619	0.3899473684210526	0.0	0.0	0.0	0.0	7.0	145.83333333333334	0.1666666666666666	0.2834736842105263	6.0	125.0	0.1428571428571428	0.2512105263157895	2.0	0.0476190476190476	0.04357894736842106	1.0	20.83333333333333	11.0	229.16666666666663	0.3482280701754386	0.5881140350877193	0.511530701754386	-0.8333333333333334	19	16	0.3958333333333333	fear	0.2619047619047619	wikivir.cleaned.xml	17573				window	wikivir-017573	wikivir-017573.s000125|wikivir-017573.s000126|wikivir-017573.s000127|wikivir-017573.s000128|wikivir-017573.s000129|wikivir-017573.s000130|wikivir-017573.s000131|wikivir-017573.s000132|wikivir-017573.s000133|wikivir-017573.s000134	10	98	83	47	eksplozije. Toda kmalu so se zavedli strmeči tovariši. »Smrt mu, ki je prelomil prisego! Smrt revolucionarju!« je zaklical častnik, ki je zapovedal četi in je nameril svoj revolver proti Štefanu. Dva strela sta počila in Štefan je zadet omahnil. Še enkrat je skočil pokonci in zamahnil s puško proti 	wikivir.cleaned.xml	17573	Revolucijonar Štefan	anonimni avtor	20	kratka proza			1907	
emotion_anger_per_1k	255.8139534883721	wikivir-000308::window::1	wikivir-000308	window	106	Sebi	Srečko Kosovel	pesmi			Komu je mar, poet, tvojih sanj, tvojih iskanj in tvojih spoznanj? Svet išče denarja, denarja ... zlata ... in kakor pes sklanja glavo v tla. In kakor pes voha denar, denar mu je bog, denar mu je car, voha denar in mu sledi in sam je suženj svoje strasti. Le nekaj jih je, ki niso tako, le nekaj jih j	106	43	8.0	186.04651162790697	0.1538461538461538	0.05964285714285714	11.0	255.8139534883721	0.2115384615384615	0.21232142857142855	1.0	23.25581395348837	0.0192307692307692	0.02342857142857143	3.0	69.76744186046511	0.0576923076923076	0.05242857142857143	8.0	186.04651162790697	0.1538461538461538	0.1932857142857143	3.0	69.76744186046511	0.0576923076923076	0.07842857142857143	7.0	162.79069767441862	0.1346153846153846	0.06414285714285714	11.0	0.2115384615384615	0.19217857142857145	10.0	232.5581395348837	3.0	69.76744186046511	0.6234226190476191	0.5155654761904762	0.6101101190476189	0.5384615384615384	28	22	0.6511627906976745	anticipation	0.21153846153846154	wikivir.cleaned.xml	308				window	wikivir-000308	wikivir-000308.s000001|wikivir-000308.s000002|wikivir-000308.s000003|wikivir-000308.s000004|wikivir-000308.s000005|wikivir-000308.s000006|wikivir-000308.s000007|wikivir-000308.s000008|wikivir-000308.s000009|wikivir-000308.s000010|wikivir-000308.s000011|wikivir-000308.s000012|wikivir-000308.s000013|wikivir-000308.s000014	14	106	81	40	Komu je mar, poet, tvojih sanj, tvojih iskanj in tvojih spoznanj? Svet išče denarja, denarja ... zlata ... in kakor pes sklanja glavo v tla. In kakor pes voha denar, denar mu je bog, denar mu je car, voha denar in mu sledi in sam je suženj svoje strasti. Le nekaj jih je, ki niso tako, le nekaj jih j	wikivir.cleaned.xml	308	Sebi	Srečko Kosovel		pesmi				
emotion_anger_per_1k	255.8139534883721	wikivir-000308::document::1	wikivir-000308	document	107	Sebi	Srečko Kosovel	pesmi			Komu je mar, poet, tvojih sanj, tvojih iskanj in tvojih spoznanj? Svet išče denarja, denarja ... zlata ... in kakor pes sklanja glavo v tla. In kakor pes voha denar, denar mu je bog, denar mu je car, voha denar in mu sledi in sam je suženj svoje strasti. Le nekaj jih je, ki niso tako, le nekaj jih j	107	43	8.0	186.04651162790697	0.1538461538461538	0.05964285714285714	11.0	255.8139534883721	0.2115384615384615	0.21232142857142855	1.0	23.25581395348837	0.0192307692307692	0.02342857142857143	3.0	69.76744186046511	0.0576923076923076	0.05242857142857143	8.0	186.04651162790697	0.1538461538461538	0.1932857142857143	3.0	69.76744186046511	0.0576923076923076	0.07842857142857143	7.0	162.79069767441862	0.1346153846153846	0.06414285714285714	11.0	0.2115384615384615	0.19217857142857145	10.0	232.5581395348837	3.0	69.76744186046511	0.6234226190476191	0.5155654761904762	0.6101101190476189	0.5384615384615384	28	22	0.6511627906976745	anticipation	0.21153846153846154	wikivir.cleaned.xml	308				document	wikivir-000308	wikivir-000308.s000001|wikivir-000308.s000002|wikivir-000308.s000003|wikivir-000308.s000004|wikivir-000308.s000005|wikivir-000308.s000006|wikivir-000308.s000007|wikivir-000308.s000008|wikivir-000308.s000009|wikivir-000308.s000010|wikivir-000308.s000011|wikivir-000308.s000012|wikivir-000308.s000013|wikivir-000308.s000014	14	107	81	40	Komu je mar, poet, tvojih sanj, tvojih iskanj in tvojih spoznanj? Svet išče denarja, denarja ... zlata ... in kakor pes sklanja glavo v tla. In kakor pes voha denar, denar mu je bog, denar mu je car, voha denar in mu sledi in sam je suženj svoje strasti. Le nekaj jih je, ki niso tako, le nekaj jih j	wikivir.cleaned.xml	308	Sebi	Srečko Kosovel		pesmi				
emotion_anger_per_1k	114.28571428571428	wikivir-006202::window::12	wikivir-006202	window	349	Mula v prepad - mula iz prepada	Tone Seliškar	kratka proza	20		razmočeno prst, se je pod njo sprožil plaz zemlje in jo potegnil za seboj. Peter je še nekako odskočil in se zgrabil za drevo, mula pa je drčala s peklenskim hruščem v globino. Ves bataljon je obstal. Grenka resnica je šla šepetaje od borca do borca z nekakšno zamolklo grozo. Nihče ta hip ni pomisli	349	140	26.0	185.7142857142857	0.268041237113402	0.16656338028169015	3.0	21.428571428571427	0.0309278350515463	0.017056338028169013	8.0	57.14285714285714	0.0824742268041237	0.05387323943661972	21.0	150.0	0.2164948453608247	0.18943661971830986	4.0	28.57142857142857	0.0412371134020618	0.015887323943661973	12.0	85.71428571428571	0.1237113402061855	0.1178169014084507	7.0	50.0	0.0721649484536082	0.07053521126760563	16.0	0.1649484536082474	0.1121830985915493	14.0	100.0	27.0	192.8571428571429	0.4334589201877934	0.5625082159624412	0.5400692488262911	-0.3170731707317073	71	56	0.5071428571428571	anger	0.26804123711340205	wikivir.cleaned.xml	6202				window	wikivir-006202	wikivir-006202.s000107|wikivir-006202.s000108|wikivir-006202.s000109|wikivir-006202.s000110|wikivir-006202.s000111|wikivir-006202.s000112|wikivir-006202.s000113|wikivir-006202.s000114|wikivir-006202.s000115|wikivir-006202.s000116|wikivir-006202.s000117|wikivir-006202.s000118|wikivir-006202.s000119|wikivir-006202.s000120|wikivir-006202.s000121|wikivir-006202.s000122|wikivir-006202.s000123|wikivir-006202.s000124|wikivir-006202.s000125|wikivir-006202.s000126	21	349	300	137	razmočeno prst, se je pod njo sprožil plaz zemlje in jo potegnil za seboj. Peter je še nekako odskočil in se zgrabil za drevo, mula pa je drčala s peklenskim hruščem v globino. Ves bataljon je obstal. Grenka resnica je šla šepetaje od borca do borca z nekakšno zamolklo grozo. Nihče ta hip ni pomisli	wikivir.cleaned.xml	6202	Mula v prepad - mula iz prepada	Tone Seliškar	20	kratka proza				
emotion_anger_per_1k	18.51851851851852	wikivir-000201::document::1	wikivir-000201	document	113	Kons: 4	Srečko Kosovel	pesmi			Boston obsoja Einsteina. Einstein je prepovedan. Relativiteta nevarna? V Berlinu zapirajo kitajske študente. Kitajski študentje nevarni? SHS menja vlado. Dosti vlad je že menjala. Francija. Španija. Maroko. Frajtar terorizira. Žandar terorizira. Veliki ljudje živijo po svoje duše zakonih. Majhni po	113	54	10.0	185.1851851851852	0.238095238095238	0.18825714285714285	3.0	55.55555555555555	0.0714285714285714	0.04465714285714285	3.0	55.55555555555555	0.0714285714285714	0.047542857142857144	13.0	240.74074074074076	0.3095238095238095	0.2512	1.0	18.51851851851852	0.0238095238095238	0.0664	11.0	203.7037037037037	0.2619047619047619	0.22771428571428573	0.0	0.0	0.0	0.0	1.0	0.0238095238095238	0.018514285714285716	3.0	55.55555555555555	19.0	351.85185185185185	0.40196462585034015	0.5644673469387755	0.5223088435374148	-0.7272727272727273	35	29	0.6481481481481481	fear	0.30952380952380953	wikivir.cleaned.xml	201	Integrali 26			document	wikivir-000201	wikivir-000201.s000001|wikivir-000201.s000002|wikivir-000201.s000003|wikivir-000201.s000004|wikivir-000201.s000005|wikivir-000201.s000006|wikivir-000201.s000007|wikivir-000201.s000008|wikivir-000201.s000009|wikivir-000201.s000010|wikivir-000201.s000011|wikivir-000201.s000012|wikivir-000201.s000013|wikivir-000201.s000014|wikivir-000201.s000015|wikivir-000201.s000016|wikivir-000201.s000017|wikivir-000201.s000018|wikivir-000201.s000019|wikivir-000201.s000020	26	113	82	51	Boston obsoja Einsteina. Einstein je prepovedan. Relativiteta nevarna? V Berlinu zapirajo kitajske študente. Kitajski študentje nevarni? SHS menja vlado. Dosti vlad je že menjala. Francija. Španija. Maroko. Frajtar terorizira. Žandar terorizira. Veliki ljudje živijo po svoje duše zakonih. Majhni po 	wikivir.cleaned.xml	201	Kons: 4	Srečko Kosovel		pesmi	Integrali 26			
emotion_anger_per_1k	18.51851851851852	wikivir-000833::window::1	wikivir-000833	window	111	Kons 4	Srečko Kosovel	pesmi	20		Boston obsoja Einsteina. Einstein je prepovedan. Relativiteta nevarna? V Berlinu zapirajo kitajske študente. Kitajski študenti nevarni? SHS menja vlado. Dosti vlad je že menjala. Francija. Španija. Maroko. Frajtar terorizira. Žandar terorizira. Veliki ljudje živijo po svoje duše zakonih. Majhni po p	111	54	10.0	185.1851851851852	0.238095238095238	0.18825714285714285	3.0	55.55555555555555	0.0714285714285714	0.04465714285714285	3.0	55.55555555555555	0.0714285714285714	0.047542857142857144	13.0	240.74074074074076	0.3095238095238095	0.2512	1.0	18.51851851851852	0.0238095238095238	0.0664	11.0	203.7037037037037	0.2619047619047619	0.22771428571428573	0.0	0.0	0.0	0.0	1.0	0.0238095238095238	0.018514285714285716	3.0	55.55555555555555	19.0	351.85185185185185	0.40196462585034015	0.5644673469387755	0.5223088435374148	-0.7272727272727273	35	29	0.6481481481481481	fear	0.30952380952380953	wikivir.cleaned.xml	833				window	wikivir-000833	wikivir-000833.s000001|wikivir-000833.s000002|wikivir-000833.s000003|wikivir-000833.s000004|wikivir-000833.s000005|wikivir-000833.s000006|wikivir-000833.s000007|wikivir-000833.s000008|wikivir-000833.s000009|wikivir-000833.s000010|wikivir-000833.s000011|wikivir-000833.s000012|wikivir-000833.s000013|wikivir-000833.s000014|wikivir-000833.s000015|wikivir-000833.s000016|wikivir-000833.s000017|wikivir-000833.s000018|wikivir-000833.s000019|wikivir-000833.s000020	26	111	82	51	Boston obsoja Einsteina. Einstein je prepovedan. Relativiteta nevarna? V Berlinu zapirajo kitajske študente. Kitajski študenti nevarni? SHS menja vlado. Dosti vlad je že menjala. Francija. Španija. Maroko. Frajtar terorizira. Žandar terorizira. Veliki ljudje živijo po svoje duše zakonih. Majhni po p	wikivir.cleaned.xml	833	Kons 4	Srečko Kosovel	20	pesmi				
emotion_anger_per_1k	18.51851851851852	wikivir-000201::window::1	wikivir-000201	window	112	Kons: 4	Srečko Kosovel	pesmi			Boston obsoja Einsteina. Einstein je prepovedan. Relativiteta nevarna? V Berlinu zapirajo kitajske študente. Kitajski študentje nevarni? SHS menja vlado. Dosti vlad je že menjala. Francija. Španija. Maroko. Frajtar terorizira. Žandar terorizira. Veliki ljudje živijo po svoje duše zakonih. Majhni po	112	54	10.0	185.1851851851852	0.238095238095238	0.18825714285714285	3.0	55.55555555555555	0.0714285714285714	0.04465714285714285	3.0	55.55555555555555	0.0714285714285714	0.047542857142857144	13.0	240.74074074074076	0.3095238095238095	0.2512	1.0	18.51851851851852	0.0238095238095238	0.0664	11.0	203.7037037037037	0.2619047619047619	0.22771428571428573	0.0	0.0	0.0	0.0	1.0	0.0238095238095238	0.018514285714285716	3.0	55.55555555555555	19.0	351.85185185185185	0.40196462585034015	0.5644673469387755	0.5223088435374148	-0.7272727272727273	35	29	0.6481481481481481	fear	0.30952380952380953	wikivir.cleaned.xml	201	Integrali 26			window	wikivir-000201	wikivir-000201.s000001|wikivir-000201.s000002|wikivir-000201.s000003|wikivir-000201.s000004|wikivir-000201.s000005|wikivir-000201.s000006|wikivir-000201.s000007|wikivir-000201.s000008|wikivir-000201.s000009|wikivir-000201.s000010|wikivir-000201.s000011|wikivir-000201.s000012|wikivir-000201.s000013|wikivir-000201.s000014|wikivir-000201.s000015|wikivir-000201.s000016|wikivir-000201.s000017|wikivir-000201.s000018|wikivir-000201.s000019|wikivir-000201.s000020	26	112	82	51	Boston obsoja Einsteina. Einstein je prepovedan. Relativiteta nevarna? V Berlinu zapirajo kitajske študente. Kitajski študentje nevarni? SHS menja vlado. Dosti vlad je že menjala. Francija. Španija. Maroko. Frajtar terorizira. Žandar terorizira. Veliki ljudje živijo po svoje duše zakonih. Majhni po 	wikivir.cleaned.xml	201	Kons: 4	Srečko Kosovel		pesmi	Integrali 26			
emotion_anger_per_1k	18.51851851851852	wikivir-000833::document::1	wikivir-000833	document	112	Kons 4	Srečko Kosovel	pesmi	20		Boston obsoja Einsteina. Einstein je prepovedan. Relativiteta nevarna? V Berlinu zapirajo kitajske študente. Kitajski študenti nevarni? SHS menja vlado. Dosti vlad je že menjala. Francija. Španija. Maroko. Frajtar terorizira. Žandar terorizira. Veliki ljudje živijo po svoje duše zakonih. Majhni po p	112	54	10.0	185.1851851851852	0.238095238095238	0.18825714285714285	3.0	55.55555555555555	0.0714285714285714	0.04465714285714285	3.0	55.55555555555555	0.0714285714285714	0.047542857142857144	13.0	240.74074074074076	0.3095238095238095	0.2512	1.0	18.51851851851852	0.0238095238095238	0.0664	11.0	203.7037037037037	0.2619047619047619	0.22771428571428573	0.0	0.0	0.0	0.0	1.0	0.0238095238095238	0.018514285714285716	3.0	55.55555555555555	19.0	351.85185185185185	0.40196462585034015	0.5644673469387755	0.5223088435374148	-0.7272727272727273	35	29	0.6481481481481481	fear	0.30952380952380953	wikivir.cleaned.xml	833				document	wikivir-000833	wikivir-000833.s000001|wikivir-000833.s000002|wikivir-000833.s000003|wikivir-000833.s000004|wikivir-000833.s000005|wikivir-000833.s000006|wikivir-000833.s000007|wikivir-000833.s000008|wikivir-000833.s000009|wikivir-000833.s000010|wikivir-000833.s000011|wikivir-000833.s000012|wikivir-000833.s000013|wikivir-000833.s000014|wikivir-000833.s000015|wikivir-000833.s000016|wikivir-000833.s000017|wikivir-000833.s000018|wikivir-000833.s000019|wikivir-000833.s000020	26	112	82	51	Boston obsoja Einsteina. Einstein je prepovedan. Relativiteta nevarna? V Berlinu zapirajo kitajske študente. Kitajski študenti nevarni? SHS menja vlado. Dosti vlad je že menjala. Francija. Španija. Maroko. Frajtar terorizira. Žandar terorizira. Veliki ljudje živijo po svoje duše zakonih. Majhni po p	wikivir.cleaned.xml	833	Kons 4	Srečko Kosovel	20	pesmi				
emotion_anger_per_1k	259.25925925925924	wikivir-002314::window::3	wikivir-002314	window	126	Narodne pripovedke za mladino IV/Trije bratje	Fran Nedeljko	pripovedke			so trije bratje svojega gospoda, hudega duha, ta jim reče: V hudo skušnjavo sem vas spravil, a ker ste bili mož-beseda in ste mi pamagali, da tega krčmarja — ubijavca prej dobim v pekel. dobite zdaj plačo.” Dal je vsakemu veliko mošnjo, polno rumenga zlata, Sodniku pa je naznanil, kdo je, in tudi po	126	54	10.0	185.1851851851852	0.1639344262295081	0.13055882352941175	4.0	74.07407407407408	0.0655737704918032	0.06411764705882352	4.0	74.07407407407408	0.0655737704918032	0.04735294117647059	11.0	203.7037037037037	0.180327868852459	0.15855882352941175	6.0	111.1111111111111	0.0983606557377049	0.10629411764705882	8.0	148.14814814814815	0.1311475409836065	0.13773529411764707	4.0	74.07407407407408	0.0655737704918032	0.05397058823529412	14.0	0.2295081967213114	0.2391764705882353	15.0	277.77777777777777	9.0	166.66666666666666	0.5308473389355741	0.5387149859943978	0.553408963585434	0.25	34	30	0.6296296296296297	trust	0.22950819672131148	wikivir.cleaned.xml	2314				window	wikivir-002314	wikivir-002314.s000021|wikivir-002314.s000022|wikivir-002314.s000023|wikivir-002314.s000024	4	126	104	54	so trije bratje svojega gospoda, hudega duha, ta jim reče: V hudo skušnjavo sem vas spravil, a ker ste bili mož-beseda in ste mi pamagali, da tega krčmarja — ubijavca prej dobim v pekel. dobite zdaj plačo.” Dal je vsakemu veliko mošnjo, polno rumenga zlata, Sodniku pa je naznanil, kdo je, in tudi po	wikivir.cleaned.xml	2314	Narodne pripovedke za mladino IV/Trije bratje	Fran Nedeljko		pripovedke				
emotion_anger_per_1k	90.9090909090909	wikivir-020599::window::1	wikivir-020599	window	96	Spomin (Alojzij Merhar)	Alojzij Merhar	pesmi	20		RIM je mesto vseh rodov, vseh svetov in dob; pol je krasen vrt cvetov, pol je slaven grob. Vse se menja venomer: križ in obelisk, zorno jutro in večer, glasen jok in vrisk. Spomnil sem se, oče moj, daljnjih rodnih tal: Če ni križ na grobu tvoj tudi že razpal Kaj bi tebi v dnevih teh stal na grobu kr	96	44	8.0	181.8181818181818	0.2352941176470588	0.16633333333333336	3.0	68.18181818181817	0.088235294117647	0.0454074074074074	0.0	0.0	0.0	0.0	8.0	181.8181818181818	0.2352941176470588	0.10003703703703705	3.0	68.18181818181817	0.088235294117647	0.056740740740740744	8.0	181.8181818181818	0.2352941176470588	0.10966666666666665	0.0	0.0	0.0	0.0	4.0	0.1176470588235294	0.07174074074074073	5.0	113.63636363636364	9.0	204.54545454545456	0.5672592592592594	0.4430154320987654	0.5416543209876543	-0.2857142857142857	27	21	0.6136363636363636	anger	0.23529411764705882	wikivir.cleaned.xml	20599				window	wikivir-020599	wikivir-020599.s000001|wikivir-020599.s000002|wikivir-020599.s000003|wikivir-020599.s000004|wikivir-020599.s000005|wikivir-020599.s000006|wikivir-020599.s000007|wikivir-020599.s000008|wikivir-020599.s000009|wikivir-020599.s000010|wikivir-020599.s000011|wikivir-020599.s000012|wikivir-020599.s000013|wikivir-020599.s000014|wikivir-020599.s000015|wikivir-020599.s000016|wikivir-020599.s000017|wikivir-020599.s000018|wikivir-020599.s000019|wikivir-020599.s000020	20	96	83	43	RIM je mesto vseh rodov, vseh svetov in dob; pol je krasen vrt cvetov, pol je slaven grob. Vse se menja venomer: križ in obelisk, zorno jutro in večer, glasen jok in vrisk. Spomnil sem se, oče moj, daljnjih rodnih tal: Če ni križ na grobu tvoj tudi že razpal Kaj bi tebi v dnevih teh stal na grobu kr	wikivir.cleaned.xml	20599	Spomin (Alojzij Merhar)	Alojzij Merhar	20	pesmi				
emotion_anger_per_1k	0.0	wikivir-002440::document::1	wikivir-002440	document	85	Grad Turnska peč	Janko Orožen	proza	20		1. Grad nad »Hudičevim grabnom« Pod Tovstom je slikovita in ozka soteska, ki se imenuje »Hudičev graben«. Nad sotesko je velika skala »Turnska peč«, na kateri so nekake razvaline. Nekdaj, pravijo, je bil tu grad, v katerem je prebival graščak, ki je bil kakor razbojnik. S svojimi podložniki je ravna	85	33	6.0	181.8181818181818	0.2727272727272727	0.25081250000000005	1.0	30.303030303030305	0.0454545454545454	0.0170625	4.0	121.21212121212122	0.1818181818181818	0.17781249999999998	8.0	242.42424242424244	0.3636363636363636	0.3154375	1.0	30.303030303030305	0.0454545454545454	0.0635	2.0	60.60606060606061	0.0909090909090909	0.0691875	0.0	0.0	0.0	0.0	0.0	0.0	0.0	1.0	30.303030303030305	5.0	151.51515151515153	0.42040625	0.5880416666666667	0.5145729166666666	-0.6666666666666666	16	11	0.4848484848484848	fear	0.36363636363636365	wikivir.cleaned.xml	2440	Gradovi in graščine v narodnem izročilu I			document	wikivir-002440	wikivir-002440.s000001|wikivir-002440.s000002|wikivir-002440.s000003|wikivir-002440.s000004|wikivir-002440.s000005|wikivir-002440.s000006|wikivir-002440.s000007	7	85	65	32	1. Grad nad »Hudičevim grabnom« Pod Tovstom je slikovita in ozka soteska, ki se imenuje »Hudičev graben«. Nad sotesko je velika skala »Turnska peč«, na kateri so nekake razvaline. Nekdaj, pravijo, je bil tu grad, v katerem je prebival graščak, ki je bil kakor razbojnik. S svojimi podložniki je ravna	wikivir.cleaned.xml	2440	Grad Turnska peč	Janko Orožen	20	proza	Gradovi in graščine v narodnem izročilu I			
emotion_anger_per_1k	0.0	wikivir-002440::window::1	wikivir-002440	window	83	Grad Turnska peč	Janko Orožen	proza	20		1. Grad nad »Hudičevim grabnom« Pod Tovstom je slikovita in ozka soteska, ki se imenuje »Hudičev graben«. Nad sotesko je velika skala »Turnska peč«, na kateri so nekake razvaline. Nekdaj, pravijo, je bil tu grad, v katerem je prebival graščak, ki je bil kakor razbojnik. S svojimi podložniki je ravna	83	33	6.0	181.8181818181818	0.2727272727272727	0.25081250000000005	1.0	30.303030303030305	0.0454545454545454	0.0170625	4.0	121.21212121212122	0.1818181818181818	0.17781249999999998	8.0	242.42424242424244	0.3636363636363636	0.3154375	1.0	30.303030303030305	0.0454545454545454	0.0635	2.0	60.60606060606061	0.0909090909090909	0.0691875	0.0	0.0	0.0	0.0	0.0	0.0	0.0	1.0	30.303030303030305	5.0	151.51515151515153	0.42040625	0.5880416666666667	0.5145729166666666	-0.6666666666666666	16	11	0.4848484848484848	fear	0.36363636363636365	wikivir.cleaned.xml	2440	Gradovi in graščine v narodnem izročilu I			window	wikivir-002440	wikivir-002440.s000001|wikivir-002440.s000002|wikivir-002440.s000003|wikivir-002440.s000004|wikivir-002440.s000005|wikivir-002440.s000006|wikivir-002440.s000007	7	83	65	32	1. Grad nad »Hudičevim grabnom« Pod Tovstom je slikovita in ozka soteska, ki se imenuje »Hudičev graben«. Nad sotesko je velika skala »Turnska peč«, na kateri so nekake razvaline. Nekdaj, pravijo, je bil tu grad, v katerem je prebival graščak, ki je bil kakor razbojnik. S svojimi podložniki je ravna	wikivir.cleaned.xml	2440	Grad Turnska peč	Janko Orožen	20	proza	Gradovi in graščine v narodnem izročilu I			
emotion_anger_per_1k	90.9090909090909	wikivir-020599::document::1	wikivir-020599	document	97	Spomin (Alojzij Merhar)	Alojzij Merhar	pesmi	20		RIM je mesto vseh rodov, vseh svetov in dob; pol je krasen vrt cvetov, pol je slaven grob. Vse se menja venomer: križ in obelisk, zorno jutro in večer, glasen jok in vrisk. Spomnil sem se, oče moj, daljnjih rodnih tal: Če ni križ na grobu tvoj tudi že razpal Kaj bi tebi v dnevih teh stal na grobu kr	97	44	8.0	181.8181818181818	0.2352941176470588	0.16633333333333336	3.0	68.18181818181817	0.088235294117647	0.0454074074074074	0.0	0.0	0.0	0.0	8.0	181.8181818181818	0.2352941176470588	0.10003703703703705	3.0	68.18181818181817	0.088235294117647	0.056740740740740744	8.0	181.8181818181818	0.2352941176470588	0.10966666666666665	0.0	0.0	0.0	0.0	4.0	0.1176470588235294	0.07174074074074073	5.0	113.63636363636364	9.0	204.54545454545456	0.5672592592592594	0.4430154320987654	0.5416543209876543	-0.2857142857142857	27	21	0.6136363636363636	anger	0.23529411764705882	wikivir.cleaned.xml	20599				document	wikivir-020599	wikivir-020599.s000001|wikivir-020599.s000002|wikivir-020599.s000003|wikivir-020599.s000004|wikivir-020599.s000005|wikivir-020599.s000006|wikivir-020599.s000007|wikivir-020599.s000008|wikivir-020599.s000009|wikivir-020599.s000010|wikivir-020599.s000011|wikivir-020599.s000012|wikivir-020599.s000013|wikivir-020599.s000014|wikivir-020599.s000015|wikivir-020599.s000016|wikivir-020599.s000017|wikivir-020599.s000018|wikivir-020599.s000019|wikivir-020599.s000020	20	97	83	43	RIM je mesto vseh rodov, vseh svetov in dob; pol je krasen vrt cvetov, pol je slaven grob. Vse se menja venomer: križ in obelisk, zorno jutro in večer, glasen jok in vrisk. Spomnil sem se, oče moj, daljnjih rodnih tal: Če ni križ na grobu tvoj tudi že razpal Kaj bi tebi v dnevih teh stal na grobu kr	wikivir.cleaned.xml	20599	Spomin (Alojzij Merhar)	Alojzij Merhar	20	pesmi				
emotion_anger_per_1k	98.36065573770492	wikivir-007676::document::1	wikivir-007676	document	182	Ob drevje je treskal		ljudske pripovedke			Nekoč je bila neka gospodarica, coprnica, in imela je hlapca. Nekoč se je šla mazat in mazaje se, je govorila: »Ne po drevesu, ne po kamnu!« Hlapec je to videl, slišal pa ni dobro. Slišal je: »Po drevesu, po kamnu!« pa se je šel potem, ko je ona odšla, še sam mazat. Ko se je mazal, je govoril: »Po d	182	61	11.0	180.32786885245903	0.2291666666666666	0.05375757575757576	6.0	98.36065573770492	0.125	0.05472727272727273	7.0	114.75409836065576	0.1458333333333333	0.052575757575757574	4.0	65.57377049180329	0.0833333333333333	0.048939393939393935	6.0	98.36065573770492	0.125	0.04163636363636364	3.0	49.18032786885246	0.0625	0.028454545454545455	5.0	81.96721311475409	0.1041666666666666	0.016545454545454547	6.0	0.125	0.07903030303030303	11.0	180.32786885245903	9.0	147.54098360655738	0.5266969696969697	0.37008585858585863	0.4480050505050505	0.1	33	18	0.5409836065573771	anger	0.22916666666666666	wikivir.cleaned.xml	7676				document	wikivir-007676	wikivir-007676.s000001|wikivir-007676.s000002|wikivir-007676.s000003|wikivir-007676.s000004|wikivir-007676.s000005|wikivir-007676.s000006|wikivir-007676.s000007|wikivir-007676.s000008|wikivir-007676.s000009|wikivir-007676.s000010|wikivir-007676.s000011|wikivir-007676.s000012|wikivir-007676.s000013	13	182	140	60	Nekoč je bila neka gospodarica, coprnica, in imela je hlapca. Nekoč se je šla mazat in mazaje se, je govorila: »Ne po drevesu, ne po kamnu!« Hlapec je to videl, slišal pa ni dobro. Slišal je: »Po drevesu, po kamnu!« pa se je šel potem, ko je ona odšla, še sam mazat. Ko se je mazal, je govoril: »Po d	wikivir.cleaned.xml	7676	Ob drevje je treskal			ljudske pripovedke				
emotion_anger_per_1k	98.36065573770492	wikivir-007676::window::1	wikivir-007676	window	181	Ob drevje je treskal		ljudske pripovedke			Nekoč je bila neka gospodarica, coprnica, in imela je hlapca. Nekoč se je šla mazat in mazaje se, je govorila: »Ne po drevesu, ne po kamnu!« Hlapec je to videl, slišal pa ni dobro. Slišal je: »Po drevesu, po kamnu!« pa se je šel potem, ko je ona odšla, še sam mazat. Ko se je mazal, je govoril: »Po d	181	61	11.0	180.32786885245903	0.2291666666666666	0.05375757575757576	6.0	98.36065573770492	0.125	0.05472727272727273	7.0	114.75409836065576	0.1458333333333333	0.052575757575757574	4.0	65.57377049180329	0.0833333333333333	0.048939393939393935	6.0	98.36065573770492	0.125	0.04163636363636364	3.0	49.18032786885246	0.0625	0.028454545454545455	5.0	81.96721311475409	0.1041666666666666	0.016545454545454547	6.0	0.125	0.07903030303030303	11.0	180.32786885245903	9.0	147.54098360655738	0.5266969696969697	0.37008585858585863	0.4480050505050505	0.1	33	18	0.5409836065573771	anger	0.22916666666666666	wikivir.cleaned.xml	7676				window	wikivir-007676	wikivir-007676.s000001|wikivir-007676.s000002|wikivir-007676.s000003|wikivir-007676.s000004|wikivir-007676.s000005|wikivir-007676.s000006|wikivir-007676.s000007|wikivir-007676.s000008|wikivir-007676.s000009|wikivir-007676.s000010|wikivir-007676.s000011|wikivir-007676.s000012|wikivir-007676.s000013	13	181	140	60	Nekoč je bila neka gospodarica, coprnica, in imela je hlapca. Nekoč se je šla mazat in mazaje se, je govorila: »Ne po drevesu, ne po kamnu!« Hlapec je to videl, slišal pa ni dobro. Slišal je: »Po drevesu, po kamnu!« pa se je šel potem, ko je ona odšla, še sam mazat. Ko se je mazal, je govoril: »Po d	wikivir.cleaned.xml	7676	Ob drevje je treskal			ljudske pripovedke				
emotion_anger_per_1k	63.15789473684211	wikivir-013354::window::3	wikivir-013354	window	188	Zadnji mož		kratka proza	20		med padlimi tovariši, nameri puško enkrat na levo, drugič na desno, in zavaja sovražnika v misel, da leži pred njim cela četa. Strel mu razbije puško in izbije iz rok, ga vrže vznak. On vidi modrino neba, čudovito modrino. Misel o blaženstvu miru mu preleti dušo — ali kaj zdaj mir — dajte mi puško!	188	95	17.0	178.94736842105263	0.2575757575757575	0.15005172413793103	7.0	73.68421052631578	0.106060606060606	0.05860344827586207	4.0	42.10526315789473	0.0606060606060606	0.04808620689655172	19.0	200.0	0.2878787878787879	0.18386206896551724	4.0	42.10526315789473	0.0606060606060606	0.0605	6.0	63.15789473684211	0.0909090909090909	0.06134482758620689	3.0	31.57894736842105	0.0454545454545454	0.027482758620689652	6.0	0.0909090909090909	0.07005172413793105	12.0	126.31578947368422	22.0	231.57894736842104	0.4769468390804599	0.5420028735632184	0.5465689655172414	-0.29411764705882354	58	44	0.6105263157894737	fear	0.2878787878787879	wikivir.cleaned.xml	13354				window	wikivir-013354	wikivir-013354.s000065|wikivir-013354.s000066|wikivir-013354.s000067|wikivir-013354.s000068|wikivir-013354.s000069|wikivir-013354.s000070|wikivir-013354.s000071|wikivir-013354.s000072|wikivir-013354.s000073|wikivir-013354.s000074|wikivir-013354.s000075|wikivir-013354.s000076|wikivir-013354.s000077|wikivir-013354.s000078|wikivir-013354.s000079|wikivir-013354.s000080|wikivir-013354.s000081|wikivir-013354.s000082|wikivir-013354.s000083|wikivir-013354.s000084	34	188	145	94	med padlimi tovariši, nameri puško enkrat na levo, drugič na desno, in zavaja sovražnika v misel, da leži pred njim cela četa. Strel mu razbije puško in izbije iz rok, ga vrže vznak. On vidi modrino neba, čudovito modrino. Misel o blaženstvu miru mu preleti dušo — ali kaj zdaj mir — dajte mi puško! 	wikivir.cleaned.xml	13354	Zadnji mož		20	kratka proza				
emotion_anger_per_1k	142.85714285714286	wikivir-000278::document::1	wikivir-000278	document	89	Golobčki	Srečko Kosovel	pesmi			Golobčki, ne sedajte pred moja okna. Kaj bi sedali, kaj bi me gledali, beli golobčki? Vi me spominjate na mojo ljubico, a kaj bi z ljubico, z ljubico belo, moji golobčki? Moje srce, saj ni več veselo, moja ljubica morala umreti bi, če bi z mano živela, golobčki. Vi me spominjate ljubice moje, ki kak	89	28	5.0	178.57142857142858	0.2	0.06066666666666666	4.0	142.85714285714286	0.16	0.037000000000000005	5.0	178.57142857142858	0.2	0.17433333333333334	1.0	35.714285714285715	0.04	0.05106666666666667	4.0	142.85714285714286	0.16	0.1312	1.0	35.714285714285715	0.04	0.051533333333333334	1.0	35.714285714285715	0.04	0.028666666666666667	4.0	0.16	0.0406	9.0	321.42857142857144	6.0	214.28571428571428	0.5297555555555555	0.44738	0.44032	0.2	15	8	0.5357142857142857	anger	0.2	wikivir.cleaned.xml	278				document	wikivir-000278	wikivir-000278.s000001|wikivir-000278.s000002|wikivir-000278.s000003|wikivir-000278.s000004|wikivir-000278.s000005|wikivir-000278.s000006|wikivir-000278.s000007|wikivir-000278.s000008|wikivir-000278.s000009|wikivir-000278.s000010|wikivir-000278.s000011|wikivir-000278.s000012|wikivir-000278.s000013|wikivir-000278.s000014|wikivir-000278.s000015|wikivir-000278.s000016	16	89	70	28	Golobčki, ne sedajte pred moja okna. Kaj bi sedali, kaj bi me gledali, beli golobčki? Vi me spominjate na mojo ljubico, a kaj bi z ljubico, z ljubico belo, moji golobčki? Moje srce, saj ni več veselo, moja ljubica morala umreti bi, če bi z mano živela, golobčki. Vi me spominjate ljubice moje, ki kak	wikivir.cleaned.xml	278	Golobčki	Srečko Kosovel		pesmi				
emotion_anger_per_1k	142.85714285714286	wikivir-000278::window::1	wikivir-000278	window	88	Golobčki	Srečko Kosovel	pesmi			Golobčki, ne sedajte pred moja okna. Kaj bi sedali, kaj bi me gledali, beli golobčki? Vi me spominjate na mojo ljubico, a kaj bi z ljubico, z ljubico belo, moji golobčki? Moje srce, saj ni več veselo, moja ljubica morala umreti bi, če bi z mano živela, golobčki. Vi me spominjate ljubice moje, ki kak	88	28	5.0	178.57142857142858	0.2	0.06066666666666666	4.0	142.85714285714286	0.16	0.037000000000000005	5.0	178.57142857142858	0.2	0.17433333333333334	1.0	35.714285714285715	0.04	0.05106666666666667	4.0	142.85714285714286	0.16	0.1312	1.0	35.714285714285715	0.04	0.051533333333333334	1.0	35.714285714285715	0.04	0.028666666666666667	4.0	0.16	0.0406	9.0	321.42857142857144	6.0	214.28571428571428	0.5297555555555555	0.44738	0.44032	0.2	15	8	0.5357142857142857	anger	0.2	wikivir.cleaned.xml	278				window	wikivir-000278	wikivir-000278.s000001|wikivir-000278.s000002|wikivir-000278.s000003|wikivir-000278.s000004|wikivir-000278.s000005|wikivir-000278.s000006|wikivir-000278.s000007|wikivir-000278.s000008|wikivir-000278.s000009|wikivir-000278.s000010|wikivir-000278.s000011|wikivir-000278.s000012|wikivir-000278.s000013|wikivir-000278.s000014|wikivir-000278.s000015|wikivir-000278.s000016	16	88	70	28	Golobčki, ne sedajte pred moja okna. Kaj bi sedali, kaj bi me gledali, beli golobčki? Vi me spominjate na mojo ljubico, a kaj bi z ljubico, z ljubico belo, moji golobčki? Moje srce, saj ni več veselo, moja ljubica morala umreti bi, če bi z mano živela, golobčki. Vi me spominjate ljubice moje, ki kak	wikivir.cleaned.xml	278	Golobčki	Srečko Kosovel		pesmi				
emotion_anger_per_1k	23.391812865497077	wikivir-017977::window::4	wikivir-017977	window	354	Kaznovana izdaja	Josip Benkovič	kratka proza	19	1888	so bili pa francoski vojaki. General sam je kazal vso srčnost le z besedami; jezil se je in kričal. Kakor bi ga hud duh preganjal, tekal je semtertje, zapovedoval, zabavljal in grajal vse ob jednem. Tudi vojakom njegovim je upadlo srce. Nekteri so kar trepetali ne le pred pretečo smrtjo, temveč tudi	354	171	30.0	175.43859649122803	0.303030303030303	0.1890238095238095	7.0	40.93567251461988	0.0707070707070707	0.037500000000000006	9.0	52.63157894736842	0.0909090909090909	0.05720238095238095	26.0	152.046783625731	0.2626262626262626	0.18529761904761904	0.0	0.0	0.0	0.04426190476190476	16.0	93.56725146198828	0.1616161616161616	0.11042857142857143	7.0	40.93567251461988	0.0707070707070707	0.049940476190476195	4.0	0.0404040404040404	0.023535714285714285	14.0	81.87134502923976	29.0	169.5906432748538	0.45234265873015883	0.5658878968253968	0.5514581349206349	-0.3488372093023256	84	62	0.4912280701754385	anger	0.30303030303030304	wikivir.cleaned.xml	17977				window	wikivir-017977	wikivir-017977.s000070|wikivir-017977.s000071|wikivir-017977.s000072|wikivir-017977.s000073|wikivir-017977.s000074|wikivir-017977.s000075|wikivir-017977.s000076|wikivir-017977.s000077|wikivir-017977.s000078|wikivir-017977.s000079|wikivir-017977.s000080|wikivir-017977.s000081|wikivir-017977.s000082|wikivir-017977.s000083|wikivir-017977.s000084|wikivir-017977.s000085|wikivir-017977.s000086|wikivir-017977.s000087|wikivir-017977.s000088|wikivir-017977.s000089	48	354	300	166	so bili pa francoski vojaki. General sam je kazal vso srčnost le z besedami; jezil se je in kričal. Kakor bi ga hud duh preganjal, tekal je semtertje, zapovedoval, zabavljal in grajal vse ob jednem. Tudi vojakom njegovim je upadlo srce. Nekteri so kar trepetali ne le pred pretečo smrtjo, temveč tudi	wikivir.cleaned.xml	17977	Kaznovana izdaja	Josip Benkovič	19	kratka proza			1888	
emotion_anger_per_1k	58.44155844155844	wikivir-016177::window::223	wikivir-016177	window	363	Trebušnik na slovanskem jugu	Janko Mlakar	potopis	20	1910	pod desno pazduho top, z levo roko pa mulo, ter se jezil nad Turkom, ki mu je razbil s svojo bučo puško in na mulo, ki si je gotovo prav nalašč zlomila nogo, da ji ni bilo treba nositi potem več cevi. Dva dni potem je zadel bataljon zopet na sovražnika. Bilo ga je kakor listja in trave. Vojaki so st	363	154	27.0	175.32467532467533	0.375	0.12327160493827159	0.0	0.0	0.0	0.0	5.0	32.467532467532465	0.0694444444444444	0.01217283950617284	18.0	116.88311688311688	0.25	0.11112345679012345	2.0	12.987012987012989	0.0277777777777777	0.019814814814814813	7.0	45.45454545454545	0.0972222222222222	0.04638271604938272	4.0	25.974025974025977	0.0555555555555555	0.03154320987654321	9.0	0.125	0.05225925925925927	11.0	71.42857142857143	24.0	155.84415584415584	0.5145951646090534	0.4911765432098765	0.5373247942386832	-0.37142857142857144	81	57	0.525974025974026	anger	0.375	wikivir.cleaned.xml	16177				window	wikivir-016177	wikivir-016177.s002373|wikivir-016177.s002374|wikivir-016177.s002375|wikivir-016177.s002376|wikivir-016177.s002377|wikivir-016177.s002378|wikivir-016177.s002379|wikivir-016177.s002380|wikivir-016177.s002381|wikivir-016177.s002382|wikivir-016177.s002383|wikivir-016177.s002384|wikivir-016177.s002385|wikivir-016177.s002386|wikivir-016177.s002387|wikivir-016177.s002388|wikivir-016177.s002389|wikivir-016177.s002390|wikivir-016177.s002391|wikivir-016177.s002392	21	363	300	151	pod desno pazduho top, z levo roko pa mulo, ter se jezil nad Turkom, ki mu je razbil s svojo bučo puško in na mulo, ki si je gotovo prav nalašč zlomila nogo, da ji ni bilo treba nositi potem več cevi. Dva dni potem je zadel bataljon zopet na sovražnika. Bilo ga je kakor listja in trave. Vojaki so st	wikivir.cleaned.xml	16177	Trebušnik na slovanskem jugu	Janko Mlakar	20	potopis			1910	
emotion_anger_per_1k	154.83870967741936	wikivir-014085::window::164	wikivir-014085	window	381	Dom ob Soči	Joža Lovrenčič	povesti	20	1930	Krnu. Gospod je bral. Kakor bi bil kdo v viharni noči na Krnu in bi vse videl, je žolčno dolžil pastirje in pastirčke, da so se znesli nad spomenikom iz sovraštva do Italije in ga pokončali. V plamenečih bo sedah je klical list vse črne srajce na maščevalni pohod nad barbarsko pleme, ki po tem zloči	381	155	27.0	174.19354838709677	0.2195121951219512	0.13464634146341461	9.0	58.06451612903226	0.073170731707317	0.059000000000000004	14.0	90.32258064516128	0.1138211382113821	0.05512195121951219	22.0	141.93548387096774	0.1788617886178861	0.11353658536585365	6.0	38.70967741935484	0.048780487804878	0.10185365853658537	13.0	83.87096774193549	0.1056910569105691	0.07832926829268291	8.0	51.61290322580645	0.065040650406504	0.04668292682926829	24.0	0.1951219512195122	0.18414634146341463	29.0	187.0967741935484	34.0	219.35483870967744	0.510123475609756	0.47558780487804886	0.5290753048780487	-0.07936507936507936	82	65	0.5290322580645161	anger	0.21951219512195122	wikivir.cleaned.xml	14085	Amerikanski Slovenec			window	wikivir-014085	wikivir-014085.s004483|wikivir-014085.s004484|wikivir-014085.s004485|wikivir-014085.s004486|wikivir-014085.s004487|wikivir-014085.s004488|wikivir-014085.s004489|wikivir-014085.s004490|wikivir-014085.s004491|wikivir-014085.s004492|wikivir-014085.s004493|wikivir-014085.s004494|wikivir-014085.s004495|wikivir-014085.s004496|wikivir-014085.s004497|wikivir-014085.s004498|wikivir-014085.s004499|wikivir-014085.s004500|wikivir-014085.s004501|wikivir-014085.s004502	55	381	300	151	Krnu. Gospod je bral. Kakor bi bil kdo v viharni noči na Krnu in bi vse videl, je žolčno dolžil pastirje in pastirčke, da so se znesli nad spomenikom iz sovraštva do Italije in ga pokončali. V plamenečih bo sedah je klical list vse črne srajce na maščevalni pohod nad barbarsko pleme, ki po tem zloči	wikivir.cleaned.xml	14085	Dom ob Soči	Joža Lovrenčič	20	povesti	Amerikanski Slovenec		1930	
emotion_anger_per_1k	31.055900621118013	wikivir-013264::window::16	wikivir-013264	window	370	Ilustrirani glasnik	Matija Malešič	kratka proza	20		temi in mokroti, in kakor bi ta začaranost ležala nad nami in na sovražniku in nam branila podvzeti napad. A ko ni bila začaranost, je bila negotovost in dvom o razmerah pri sovražniku. Sedaj pa — ali je zadela naša poizvedovalna straža na sovražnika, ali se je zgodilo obratno; morda hoče naskočiti	370	161	28.0	173.91304347826087	0.2857142857142857	0.1697710843373494	5.0	31.055900621118013	0.0510204081632653	0.03173493975903614	6.0	37.267080745341616	0.0612244897959183	0.023530120481927708	30.0	186.33540372670805	0.3061224489795918	0.20426506024096386	3.0	18.633540372670808	0.0306122448979591	0.0264578313253012	11.0	68.32298136645963	0.1122448979591836	0.0742289156626506	10.0	62.11180124223603	0.1020408163265306	0.06551807228915663	5.0	0.0510204081632653	0.0311566265060241	16.0	99.37888198757764	38.0	236.0248447204969	0.432786546184739	0.5247259036144578	0.501518875502008	-0.4074074074074074	83	60	0.515527950310559	fear	0.30612244897959184	wikivir.cleaned.xml	13264				window	wikivir-013264	wikivir-013264.s000364|wikivir-013264.s000365|wikivir-013264.s000366|wikivir-013264.s000367|wikivir-013264.s000368|wikivir-013264.s000369|wikivir-013264.s000370|wikivir-013264.s000371|wikivir-013264.s000372|wikivir-013264.s000373|wikivir-013264.s000374|wikivir-013264.s000375|wikivir-013264.s000376|wikivir-013264.s000377|wikivir-013264.s000378|wikivir-013264.s000379|wikivir-013264.s000380|wikivir-013264.s000381|wikivir-013264.s000382|wikivir-013264.s000383	49	370	300	151	temi in mokroti, in kakor bi ta začaranost ležala nad nami in na sovražniku in nam branila podvzeti napad. A ko ni bila začaranost, je bila negotovost in dvom o razmerah pri sovražniku. Sedaj pa — ali je zadela naša poizvedovalna straža na sovražnika, ali se je zgodilo obratno; morda hoče naskočiti 	wikivir.cleaned.xml	13264	Ilustrirani glasnik	Matija Malešič	20	kratka proza				
emotion_anger_per_1k	113.0952380952381	wikivir-014822::window::16	wikivir-014822	window	376	Kaj mora vedeti vsak Slovenec o Osvobodilni fronti		propagandne brosure	20	1944	desettisočih, kakor da bi se pokoraval partizanom. Zbira se v oddelke, ki se z orožjem upirajo partizanskemu nasilju. Pa tudi partizani pričajo, da jih narod ne mara, sicer ne bi požigali vasi in pobijali ljudi. Vsako pogorišče in vsak grob sta živi priči, da narod komunizma ne mara.100. Kaj rabi Os	376	168	29.0	172.61904761904762	0.2248062015503876	0.20335526315789476	9.0	53.57142857142857	0.0697674418604651	0.050473684210526316	4.0	23.809523809523807	0.0310077519379844	0.03331578947368421	31.0	184.52380952380955	0.2403100775193798	0.24289473684210527	12.0	71.42857142857143	0.0930232558139534	0.08428947368421053	22.0	130.95238095238096	0.1705426356589147	0.1308815789473684	3.0	17.857142857142858	0.0232558139534883	0.024973684210526318	19.0	0.1472868217054263	0.15152631578947365	18.0	107.14285714285714	31.0	184.52380952380955	0.44945833333333335	0.5499633458646617	0.6280025062656641	-0.2653061224489796	76	52	0.4523809523809524	fear	0.24031007751937986	wikivir.cleaned.xml	14822				window	wikivir-014822	wikivir-014822.s000278|wikivir-014822.s000279|wikivir-014822.s000280|wikivir-014822.s000281|wikivir-014822.s000282|wikivir-014822.s000283|wikivir-014822.s000284|wikivir-014822.s000285|wikivir-014822.s000286|wikivir-014822.s000287|wikivir-014822.s000288|wikivir-014822.s000289|wikivir-014822.s000290|wikivir-014822.s000291|wikivir-014822.s000292|wikivir-014822.s000293|wikivir-014822.s000294|wikivir-014822.s000295|wikivir-014822.s000296|wikivir-014822.s000297	30	376	300	163	desettisočih, kakor da bi se pokoraval partizanom. Zbira se v oddelke, ki se z orožjem upirajo partizanskemu nasilju. Pa tudi partizani pričajo, da jih narod ne mara, sicer ne bi požigali vasi in pobijali ljudi. Vsako pogorišče in vsak grob sta živi priči, da narod komunizma ne mara.100. Kaj rabi Os	wikivir.cleaned.xml	14822	Kaj mora vedeti vsak Slovenec o Osvobodilni fronti		20	propagandne brosure			1944	
emotion_anger_per_1k	85.1063829787234	wikivir-020420::document::1	wikivir-020420	document	133	Grob (pesem NOB)		pesmi	20		Strel? ... Strel! ... Zategel jek, obnemel v vroči krvi ... Tovariš! Trpin! Beži, ne ječi spomin, saj ni zadnji ne prvi! In potem strašen molk, neskončno dolg iz njegovih oči ... In še iz groba njih smrt je zvestoba, klic:»Tudi ti, tudi ti!« Ne ti, ne jaz! Smrt in življenje sta čas, ki ni mrtev, kot	133	47	8.0	170.2127659574468	0.1568627450980392	0.19042307692307692	5.0	106.38297872340424	0.0980392156862745	0.08380769230769232	3.0	63.82978723404255	0.0588235294117647	0.07300000000000001	13.0	276.59574468085106	0.2549019607843137	0.35334615384615387	3.0	63.82978723404255	0.0588235294117647	0.10903846153846154	10.0	212.7659574468085	0.196078431372549	0.27776923076923077	5.0	106.38297872340424	0.0980392156862745	0.16015384615384615	4.0	0.0784313725490196	0.10396153846153847	4.0	85.1063829787234	12.0	255.3191489361702	0.44781730769230765	0.5322403846153846	0.5300320512820513	-0.5	26	23	0.5531914893617021	fear	0.2549019607843137	wikivir.cleaned.xml	20420				document	wikivir-020420	wikivir-020420.s000001|wikivir-020420.s000002|wikivir-020420.s000003|wikivir-020420.s000004|wikivir-020420.s000005|wikivir-020420.s000006|wikivir-020420.s000007|wikivir-020420.s000008|wikivir-020420.s000009|wikivir-020420.s000010|wikivir-020420.s000011|wikivir-020420.s000012|wikivir-020420.s000013|wikivir-020420.s000014|wikivir-020420.s000015|wikivir-020420.s000016|wikivir-020420.s000017|wikivir-020420.s000018|wikivir-020420.s000019|wikivir-020420.s000020	23	133	89	47	Strel? ... Strel! ... Zategel jek, obnemel v vroči krvi ... Tovariš! Trpin! Beži, ne ječi spomin, saj ni zadnji ne prvi! In potem strašen molk, neskončno dolg iz njegovih oči ... In še iz groba njih smrt je zvestoba, klic:»Tudi ti, tudi ti!« Ne ti, ne jaz! Smrt in življenje sta čas, ki ni mrtev, kot	wikivir.cleaned.xml	20420	Grob (pesem NOB)		20	pesmi				
emotion_anger_per_1k	106.38297872340424	wikivir-010679::document::1	wikivir-010679	document	91	Bele krizanteme	Jože Šerjak	pesmi	20		Sam je ostal na vrtu grm belih krizantem. V samotne sanje zatopljen čaka belih rok, tiho čaka kot otrok, od groze nem, ko matere ni več. A belih rok ni od nikoder, nihče ne pride ponj, zakaj njegov skrivnostni vonj je vonj grobov. A kdo bi sebi trgal smrt? Pa vendar, bele krizanteme, koliko grobovom	91	47	8.0	170.2127659574468	0.1538461538461538	0.11010344827586209	9.0	191.48936170212767	0.173076923076923	0.07051724137931034	5.0	106.38297872340424	0.0961538461538461	0.09127586206896551	7.0	148.93617021276594	0.1346153846153846	0.1490344827586207	8.0	170.2127659574468	0.1538461538461538	0.09503448275862068	6.0	127.6595744680851	0.1153846153846153	0.17148275862068968	4.0	85.1063829787234	0.0769230769230769	0.0859310344827586	5.0	0.0961538461538461	0.0	9.0	191.48936170212767	11.0	234.04255319148936	0.4207614942528735	0.3435028735632184	0.3599080459770115	-0.1	29	18	0.6170212765957447	anticipation	0.17307692307692307	wikivir.cleaned.xml	10679				document	wikivir-010679	wikivir-010679.s000001|wikivir-010679.s000002|wikivir-010679.s000003|wikivir-010679.s000004|wikivir-010679.s000005|wikivir-010679.s000006|wikivir-010679.s000007|wikivir-010679.s000008|wikivir-010679.s000009|wikivir-010679.s000010|wikivir-010679.s000011|wikivir-010679.s000012|wikivir-010679.s000013|wikivir-010679.s000014|wikivir-010679.s000015|wikivir-010679.s000016|wikivir-010679.s000017|wikivir-010679.s000018	18	91	76	45	Sam je ostal na vrtu grm belih krizantem. V samotne sanje zatopljen čaka belih rok, tiho čaka kot otrok, od groze nem, ko matere ni več. A belih rok ni od nikoder, nihče ne pride ponj, zakaj njegov skrivnostni vonj je vonj grobov. A kdo bi sebi trgal smrt? Pa vendar, bele krizanteme, koliko grobovom	wikivir.cleaned.xml	10679	Bele krizanteme	Jože Šerjak	20	pesmi				
emotion_anger_per_1k	85.1063829787234	wikivir-020420::window::1	wikivir-020420	window	132	Grob (pesem NOB)		pesmi	20		Strel? ... Strel! ... Zategel jek, obnemel v vroči krvi ... Tovariš! Trpin! Beži, ne ječi spomin, saj ni zadnji ne prvi! In potem strašen molk, neskončno dolg iz njegovih oči ... In še iz groba njih smrt je zvestoba, klic:»Tudi ti, tudi ti!« Ne ti, ne jaz! Smrt in življenje sta čas, ki ni mrtev, kot	132	47	8.0	170.2127659574468	0.1568627450980392	0.19042307692307692	5.0	106.38297872340424	0.0980392156862745	0.08380769230769232	3.0	63.82978723404255	0.0588235294117647	0.07300000000000001	13.0	276.59574468085106	0.2549019607843137	0.35334615384615387	3.0	63.82978723404255	0.0588235294117647	0.10903846153846154	10.0	212.7659574468085	0.196078431372549	0.27776923076923077	5.0	106.38297872340424	0.0980392156862745	0.16015384615384615	4.0	0.0784313725490196	0.10396153846153847	4.0	85.1063829787234	12.0	255.3191489361702	0.44781730769230765	0.5322403846153846	0.5300320512820513	-0.5	26	23	0.5531914893617021	fear	0.2549019607843137	wikivir.cleaned.xml	20420				window	wikivir-020420	wikivir-020420.s000001|wikivir-020420.s000002|wikivir-020420.s000003|wikivir-020420.s000004|wikivir-020420.s000005|wikivir-020420.s000006|wikivir-020420.s000007|wikivir-020420.s000008|wikivir-020420.s000009|wikivir-020420.s000010|wikivir-020420.s000011|wikivir-020420.s000012|wikivir-020420.s000013|wikivir-020420.s000014|wikivir-020420.s000015|wikivir-020420.s000016|wikivir-020420.s000017|wikivir-020420.s000018|wikivir-020420.s000019|wikivir-020420.s000020	23	132	89	47	Strel? ... Strel! ... Zategel jek, obnemel v vroči krvi ... Tovariš! Trpin! Beži, ne ječi spomin, saj ni zadnji ne prvi! In potem strašen molk, neskončno dolg iz njegovih oči ... In še iz groba njih smrt je zvestoba, klic:»Tudi ti, tudi ti!« Ne ti, ne jaz! Smrt in življenje sta čas, ki ni mrtev, kot	wikivir.cleaned.xml	20420	Grob (pesem NOB)		20	pesmi				
emotion_anger_per_1k	106.38297872340424	wikivir-010679::window::1	wikivir-010679	window	90	Bele krizanteme	Jože Šerjak	pesmi	20		Sam je ostal na vrtu grm belih krizantem. V samotne sanje zatopljen čaka belih rok, tiho čaka kot otrok, od groze nem, ko matere ni več. A belih rok ni od nikoder, nihče ne pride ponj, zakaj njegov skrivnostni vonj je vonj grobov. A kdo bi sebi trgal smrt? Pa vendar, bele krizanteme, koliko grobovom	90	47	8.0	170.2127659574468	0.1538461538461538	0.11010344827586209	9.0	191.48936170212767	0.173076923076923	0.07051724137931034	5.0	106.38297872340424	0.0961538461538461	0.09127586206896551	7.0	148.93617021276594	0.1346153846153846	0.1490344827586207	8.0	170.2127659574468	0.1538461538461538	0.09503448275862068	6.0	127.6595744680851	0.1153846153846153	0.17148275862068968	4.0	85.1063829787234	0.0769230769230769	0.0859310344827586	5.0	0.0961538461538461	0.0	9.0	191.48936170212767	11.0	234.04255319148936	0.4207614942528735	0.3435028735632184	0.3599080459770115	-0.1	29	18	0.6170212765957447	anticipation	0.17307692307692307	wikivir.cleaned.xml	10679				window	wikivir-010679	wikivir-010679.s000001|wikivir-010679.s000002|wikivir-010679.s000003|wikivir-010679.s000004|wikivir-010679.s000005|wikivir-010679.s000006|wikivir-010679.s000007|wikivir-010679.s000008|wikivir-010679.s000009|wikivir-010679.s000010|wikivir-010679.s000011|wikivir-010679.s000012|wikivir-010679.s000013|wikivir-010679.s000014|wikivir-010679.s000015|wikivir-010679.s000016|wikivir-010679.s000017|wikivir-010679.s000018	18	90	76	45	Sam je ostal na vrtu grm belih krizantem. V samotne sanje zatopljen čaka belih rok, tiho čaka kot otrok, od groze nem, ko matere ni več. A belih rok ni od nikoder, nihče ne pride ponj, zakaj njegov skrivnostni vonj je vonj grobov. A kdo bi sebi trgal smrt? Pa vendar, bele krizanteme, koliko grobovom	wikivir.cleaned.xml	10679	Bele krizanteme	Jože Šerjak	20	pesmi				
emotion_anger_per_1k	37.73584905660377	wikivir-014803::window::6	wikivir-014803	window	124	Na kresni večer	Ivo Česnik	kratka proza	20		pobledela, smrt jih je zaznamovala z ostro koso. Prehladila se je Milica in dva dni potem ni več vstala. Lepota in veselje ji je izginilo iz obraza, žalostne so poteze. Milanu je bila odvzeta. Zaspala je in on jo je gledal. Kakor otrok je mirno izdihnila. Poljub, poslednji poljub! Žalosten je bil Mi	124	53	9.0	169.81132075471697	0.2045454545454545	0.14403703703703702	4.0	75.47169811320754	0.0909090909090909	0.07403703703703704	7.0	132.0754716981132	0.1590909090909091	0.08218518518518518	6.0	113.20754716981132	0.1363636363636363	0.14525925925925925	4.0	75.47169811320754	0.0909090909090909	0.18537037037037038	8.0	150.94339622641508	0.1818181818181818	0.19240740740740744	4.0	75.47169811320754	0.0909090909090909	0.07462962962962962	2.0	0.0454545454545454	0.04714814814814815	4.0	75.47169811320754	10.0	188.67924528301887	0.5260690035273369	0.48978593474426807	0.49795348324515	-0.42857142857142855	27	21	0.5094339622641509	anger	0.20454545454545456	wikivir.cleaned.xml	14803				window	wikivir-014803	wikivir-014803.s000058|wikivir-014803.s000059|wikivir-014803.s000060|wikivir-014803.s000061|wikivir-014803.s000062|wikivir-014803.s000063|wikivir-014803.s000064|wikivir-014803.s000065|wikivir-014803.s000066|wikivir-014803.s000067|wikivir-014803.s000068|wikivir-014803.s000069|wikivir-014803.s000070	13	124	97	53	pobledela, smrt jih je zaznamovala z ostro koso. Prehladila se je Milica in dva dni potem ni več vstala. Lepota in veselje ji je izginilo iz obraza, žalostne so poteze. Milanu je bila odvzeta. Zaspala je in on jo je gledal. Kakor otrok je mirno izdihnila. Poljub, poslednji poljub! Žalosten je bil Mi	wikivir.cleaned.xml	14803	Na kresni večer	Ivo Česnik	20	kratka proza				
emotion_anger_per_1k	64.93506493506493	wikivir-016177::window::222	wikivir-016177	window	357	Trebušnik na slovanskem jugu	Janko Mlakar	potopis	20	1910	in jo pobrale po svojih potih. Po dolgem iskanju so naposled vendar ujeli dve. Ena je imela na hrbtu municijo, to je krogle in smodnik, druga pa topovo cev. Ker je imela ta mula zlomljeno nogo, so jo morali ustreliti. Major je kaj kislo gledal, ko je videl, da vsa njegova gorska baterija obstoji v e	357	154	26.0	168.83116883116884	0.3291139240506329	0.12610714285714286	4.0	25.974025974025977	0.050632911392405	0.022976190476190476	2.0	12.987012987012989	0.0253164556962025	0.007726190476190477	21.0	136.36363636363637	0.2658227848101265	0.1432261904761905	6.0	38.96103896103896	0.0759493670886076	0.04588095238095238	4.0	25.974025974025977	0.050632911392405	0.02073809523809524	6.0	38.96103896103896	0.0759493670886076	0.03386904761904762	10.0	0.1265822784810126	0.05289285714285715	8.0	51.94805194805196	26.0	168.83116883116884	0.4901845238095238	0.4760734126984127	0.4907267857142858	-0.5294117647058824	84	55	0.5454545454545454	anger	0.3291139240506329	wikivir.cleaned.xml	16177				window	wikivir-016177	wikivir-016177.s002362|wikivir-016177.s002363|wikivir-016177.s002364|wikivir-016177.s002365|wikivir-016177.s002366|wikivir-016177.s002367|wikivir-016177.s002368|wikivir-016177.s002369|wikivir-016177.s002370|wikivir-016177.s002371|wikivir-016177.s002372|wikivir-016177.s002373|wikivir-016177.s002374|wikivir-016177.s002375|wikivir-016177.s002376|wikivir-016177.s002377|wikivir-016177.s002378|wikivir-016177.s002379|wikivir-016177.s002380|wikivir-016177.s002381	22	357	300	150	in jo pobrale po svojih potih. Po dolgem iskanju so naposled vendar ujeli dve. Ena je imela na hrbtu municijo, to je krogle in smodnik, druga pa topovo cev. Ker je imela ta mula zlomljeno nogo, so jo morali ustreliti. Major je kaj kislo gledal, ko je videl, da vsa njegova gorska baterija obstoji v e	wikivir.cleaned.xml	16177	Trebušnik na slovanskem jugu	Janko Mlakar	20	potopis			1910	
emotion_anger_per_1k	198.7951807228916	wikivir-004441::window::130	wikivir-004441	window	354	Kupčija in obrtnija	Ferdo Kočevar		19		in sicer zato, da je v stanu, vsak čas vse svoje bankovce s kovanim denarjem spet nazaj zameniti, kajti na vsakem njenem bankovcu stoji zapisano, da ga bo banka tistemu, ki bo bankovec na banko zmenit prinesel, s kovanim srebrnim denarjem izmenila. Navadno imajo pa banke samo tretjino kovanega denar	354	166	28.0	168.67469879518072	0.1866666666666666	0.0578	27.0	162.65060240963854	0.18	0.20522666666666664	5.0	30.120481927710845	0.0333333333333333	0.030426666666666668	3.0	18.072289156626507	0.02	0.026040000000000004	24.0	144.57831325301206	0.16	0.18990666666666667	5.0	30.120481927710845	0.0333333333333333	0.039799999999999995	25.0	150.60240963855424	0.1666666666666666	0.08789333333333334	33.0	0.22	0.17477333333333334	31.0	186.74698795180723	7.0	42.16867469879518	0.6430627777777778	0.49458555555555556	0.6279783333333333	0.631578947368421	75	41	0.4518072289156626	trust	0.22	wikivir.cleaned.xml	4441				window	wikivir-004441	wikivir-004441.s002404|wikivir-004441.s002405|wikivir-004441.s002406|wikivir-004441.s002407|wikivir-004441.s002408|wikivir-004441.s002409|wikivir-004441.s002410|wikivir-004441.s002411|wikivir-004441.s002412|wikivir-004441.s002413|wikivir-004441.s002414|wikivir-004441.s002415|wikivir-004441.s002416|wikivir-004441.s002417|wikivir-004441.s002418|wikivir-004441.s002419|wikivir-004441.s002420|wikivir-004441.s002421|wikivir-004441.s002422|wikivir-004441.s002423	41	354	300	154	in sicer zato, da je v stanu, vsak čas vse svoje bankovce s kovanim denarjem spet nazaj zameniti, kajti na vsakem njenem bankovcu stoji zapisano, da ga bo banka tistemu, ki bo bankovec na banko zmenit prinesel, s kovanim srebrnim denarjem izmenila. Navadno imajo pa banke samo tretjino kovanega denar	wikivir.cleaned.xml	4441	Kupčija in obrtnija	Ferdo Kočevar	19					
emotion_anger_per_1k	69.76744186046511	wikivir-018608::window::8	wikivir-018608	window	386	Eden	Valentina Iovovna Dimitrijeva	kratka proza	20	1913	luč — vse je bilo kakor izmrto. Gosta tema je ležala črno v globini zaprtih vrat, skrivajoč tajinstva in oznanjajoč nesrečo. Po hišah, kjer je še pred kratkim kipelo življenje, veselje in svetloba, je vladala globoka tišina; za okni so se motno svetlikali spuščeni zastori. Bilo je, kakor da bi gleda	386	172	29.0	168.6046511627907	0.2164179104477611	0.15382608695652175	16.0	93.02325581395348	0.1194029850746268	0.0817608695652174	13.0	75.5813953488372	0.0970149253731343	0.07556521739130435	25.0	145.34883720930233	0.1865671641791045	0.17713043478260868	9.0	52.32558139534884	0.0671641791044776	0.08409782608695653	19.0	110.46511627906978	0.1417910447761194	0.10801086956521741	11.0	63.95348837209303	0.0820895522388059	0.06445652173913043	12.0	0.0895522388059701	0.07070652173913043	21.0	122.09302325581396	31.0	180.2325581395349	0.4652349249482402	0.5136459627329192	0.513163703416149	-0.19230769230769232	92	71	0.5348837209302325	anger	0.21641791044776118	wikivir.cleaned.xml	18608				window	wikivir-018608	wikivir-018608.s000074|wikivir-018608.s000075|wikivir-018608.s000076|wikivir-018608.s000077|wikivir-018608.s000078|wikivir-018608.s000079|wikivir-018608.s000080|wikivir-018608.s000081|wikivir-018608.s000082|wikivir-018608.s000083|wikivir-018608.s000084|wikivir-018608.s000085|wikivir-018608.s000086|wikivir-018608.s000087|wikivir-018608.s000088|wikivir-018608.s000089|wikivir-018608.s000090|wikivir-018608.s000091|wikivir-018608.s000092|wikivir-018608.s000093	27	386	300	171	luč — vse je bilo kakor izmrto. Gosta tema je ležala črno v globini zaprtih vrat, skrivajoč tajinstva in oznanjajoč nesrečo. Po hišah, kjer je še pred kratkim kipelo življenje, veselje in svetloba, je vladala globoka tišina; za okni so se motno svetlikali spuščeni zastori. Bilo je, kakor da bi gleda	wikivir.cleaned.xml	18608	Eden	Valentina Iovovna Dimitrijeva	20	kratka proza			1913	
emotion_anger_per_1k	187.91946308724832	wikivir-016130::window::10	wikivir-016130	window	373	Sveto pismo (Anton Alojzij Wolf)/Bukve Psalmov		psalmi			svojim zdihovanji, vse noči perem svojo posteljo; s svojimi solzami močim svoje ležiše. 8. Od žalosti so moje oči otemnele; postaral sim se med vsimi svojimi sovražniki. 9. Poberite se spred mene vsi, ki hudo delate; zakaj Gospod je glas mojiga joka uslišal. 10. Gospod je mojo prošnjo uslišal; Gospo	373	149	25.0	167.78523489932886	0.1984126984126984	0.09982926829268293	10.0	67.11409395973155	0.0793650793650793	0.05863414634146341	12.0	80.53691275167785	0.0952380952380952	0.03246341463414634	31.0	208.05369127516775	0.246031746031746	0.13384146341463413	11.0	73.8255033557047	0.0873015873015873	0.14587804878048782	7.0	46.97986577181208	0.0555555555555555	0.05131707317073171	2.0	13.422818791946307	0.0158730158730158	0.014865853658536583	28.0	0.2222222222222222	0.21353658536585368	34.0	228.18791946308724	29.0	194.63087248322148	0.5618318089430895	0.5078628048780488	0.5877901422764228	0.07936507936507936	82	48	0.5503355704697986	fear	0.24603174603174602	wikivir.cleaned.xml	16130				window	wikivir-016130	wikivir-016130.s000146|wikivir-016130.s000147|wikivir-016130.s000148|wikivir-016130.s000149|wikivir-016130.s000150|wikivir-016130.s000151|wikivir-016130.s000152|wikivir-016130.s000153|wikivir-016130.s000154|wikivir-016130.s000155|wikivir-016130.s000156|wikivir-016130.s000157|wikivir-016130.s000158|wikivir-016130.s000159|wikivir-016130.s000160|wikivir-016130.s000161|wikivir-016130.s000162|wikivir-016130.s000163|wikivir-016130.s000164|wikivir-016130.s000165	35	373	300	147	svojim zdihovanji, vse noči perem svojo posteljo; s svojimi solzami močim svoje ležiše. 8. Od žalosti so moje oči otemnele; postaral sim se med vsimi svojimi sovražniki. 9. Poberite se spred mene vsi, ki hudo delate; zakaj Gospod je glas mojiga joka uslišal. 10. Gospod je mojo prošnjo uslišal; Gospo	wikivir.cleaned.xml	16130	Sveto pismo (Anton Alojzij Wolf)/Bukve Psalmov			psalmi				
emotion_anger_per_1k	23.12138728323699	wikivir-001846::window::4	wikivir-001846	window	400	Medena pravljica	Svetlana Makarovič	pravljice			naprej. To je čebelo tako razjarilo, da je namerila ostro želo naravnost v njegov smrček in ga pičila. »Auvaaa!« je zavpil medved, planil pokonci in si začel s šapo drgniti pekoči smrček, »nesramna čebela, kakšen način pa je to! Pa kar v smrček, tja, kjer najbolj boli! Le čakaj!« Začel je loviti čeb	400	173	29.0	167.63005780346822	0.3020833333333333	0.09989743589743591	6.0	34.68208092485549	0.0625	0.025551282051282053	6.0	34.68208092485549	0.0625	0.026641025641025638	28.0	161.84971098265896	0.2916666666666667	0.16787179487179488	5.0	28.90173410404624	0.0520833333333333	0.01467948717948718	8.0	46.24277456647398	0.0833333333333333	0.04416666666666667	10.0	57.80346820809248	0.1041666666666666	0.05948717948717949	4.0	0.0416666666666666	0.024230769230769233	11.0	63.58381502890173	24.0	138.72832369942196	0.4601818681318681	0.5059288766788766	0.43165354090354097	-0.37142857142857144	78	44	0.4508670520231214	anger	0.3020833333333333	wikivir.cleaned.xml	1846				window	wikivir-001846	wikivir-001846.s000044|wikivir-001846.s000045|wikivir-001846.s000046|wikivir-001846.s000047|wikivir-001846.s000048|wikivir-001846.s000049|wikivir-001846.s000050|wikivir-001846.s000051|wikivir-001846.s000052|wikivir-001846.s000053|wikivir-001846.s000054|wikivir-001846.s000055|wikivir-001846.s000056|wikivir-001846.s000057|wikivir-001846.s000058|wikivir-001846.s000059|wikivir-001846.s000060|wikivir-001846.s000061|wikivir-001846.s000062|wikivir-001846.s000063	31	400	300	168	naprej. To je čebelo tako razjarilo, da je namerila ostro želo naravnost v njegov smrček in ga pičila. »Auvaaa!« je zavpil medved, planil pokonci in si začel s šapo drgniti pekoči smrček, »nesramna čebela, kakšen način pa je to! Pa kar v smrček, tja, kjer najbolj boli! Le čakaj!« Začel je loviti čeb	wikivir.cleaned.xml	1846	Medena pravljica	Svetlana Makarovič		pravljice				
emotion_anger_per_1k	23.809523809523807	wikivir-000187::window::1	wikivir-000187	window	108	Kratko je življenje	Srečko Kosovel	pesmi			Strašnó je nositi v srcu smrt in vendar, ljubica, tebe ljubiti; ah, ljubica, dajmo vse pozabiti, težko živi, kdor je potrt! Če svet je teman, krut in teman, mar nas potrtost pred njim obvaruje? Ah, zasmejal se bom, ko bo najhuje, blazen bo smeh ta, bolesti pijan. Vino bo krvavelo iz čaše in z vinom	108	42	7.0	166.66666666666666	0.2692307692307692	0.13004347826086954	2.0	47.61904761904761	0.0769230769230769	0.03156521739130435	6.0	142.85714285714286	0.2307692307692307	0.15347826086956526	3.0	71.42857142857143	0.1153846153846153	0.08691304347826087	0.0	0.0	0.0	0.07673913043478262	6.0	142.85714285714286	0.2307692307692307	0.1617391304347826	1.0	23.809523809523807	0.0384615384615384	0.025130434782608693	1.0	0.0384615384615384	0.02582608695652174	5.0	119.04761904761904	10.0	238.09523809523807	0.47273188405797106	0.5443478260869565	0.47981521739130434	-0.3333333333333333	23	19	0.5476190476190477	anger	0.2692307692307692	wikivir.cleaned.xml	187				window	wikivir-000187	wikivir-000187.s000001|wikivir-000187.s000002|wikivir-000187.s000003|wikivir-000187.s000004|wikivir-000187.s000005|wikivir-000187.s000006|wikivir-000187.s000007|wikivir-000187.s000008|wikivir-000187.s000009|wikivir-000187.s000010|wikivir-000187.s000011|wikivir-000187.s000012|wikivir-000187.s000013|wikivir-000187.s000014	14	108	85	41	Strašnó je nositi v srcu smrt in vendar, ljubica, tebe ljubiti; ah, ljubica, dajmo vse pozabiti, težko živi, kdor je potrt! Če svet je teman, krut in teman, mar nas potrtost pred njim obvaruje? Ah, zasmejal se bom, ko bo najhuje, blazen bo smeh ta, bolesti pijan. Vino bo krvavelo iz čaše in z vinom 	wikivir.cleaned.xml	187	Kratko je življenje	Srečko Kosovel		pesmi				
emotion_anger_per_1k	23.809523809523807	wikivir-000187::document::1	wikivir-000187	document	109	Kratko je življenje	Srečko Kosovel	pesmi			Strašnó je nositi v srcu smrt in vendar, ljubica, tebe ljubiti; ah, ljubica, dajmo vse pozabiti, težko živi, kdor je potrt! Če svet je teman, krut in teman, mar nas potrtost pred njim obvaruje? Ah, zasmejal se bom, ko bo najhuje, blazen bo smeh ta, bolesti pijan. Vino bo krvavelo iz čaše in z vinom	109	42	7.0	166.66666666666666	0.2692307692307692	0.13004347826086954	2.0	47.61904761904761	0.0769230769230769	0.03156521739130435	6.0	142.85714285714286	0.2307692307692307	0.15347826086956526	3.0	71.42857142857143	0.1153846153846153	0.08691304347826087	0.0	0.0	0.0	0.07673913043478262	6.0	142.85714285714286	0.2307692307692307	0.1617391304347826	1.0	23.809523809523807	0.0384615384615384	0.025130434782608693	1.0	0.0384615384615384	0.02582608695652174	5.0	119.04761904761904	10.0	238.09523809523807	0.47273188405797106	0.5443478260869565	0.47981521739130434	-0.3333333333333333	23	19	0.5476190476190477	anger	0.2692307692307692	wikivir.cleaned.xml	187				document	wikivir-000187	wikivir-000187.s000001|wikivir-000187.s000002|wikivir-000187.s000003|wikivir-000187.s000004|wikivir-000187.s000005|wikivir-000187.s000006|wikivir-000187.s000007|wikivir-000187.s000008|wikivir-000187.s000009|wikivir-000187.s000010|wikivir-000187.s000011|wikivir-000187.s000012|wikivir-000187.s000013|wikivir-000187.s000014	14	109	85	41	Strašnó je nositi v srcu smrt in vendar, ljubica, tebe ljubiti; ah, ljubica, dajmo vse pozabiti, težko živi, kdor je potrt! Če svet je teman, krut in teman, mar nas potrtost pred njim obvaruje? Ah, zasmejal se bom, ko bo najhuje, blazen bo smeh ta, bolesti pijan. Vino bo krvavelo iz čaše in z vinom 	wikivir.cleaned.xml	187	Kratko je življenje	Srečko Kosovel		pesmi				
emotion_anticipation_per_1k	442.30769230769226	wikivir-004967::document::1	wikivir-004967	document	96	Potem so peli	Vitomil Zupan	pesmi	20		Potem so peli in peli po notah zelo stare pesmi so peli in peli pesmi brez razumljivih besed. Šli smo spat in dež je pel in pel po strehi montažne hišice pel in pel pesmi brez vsakih besed. Zadremali smo in se nenadoma prebuditi v dežju ki je pel in pel in pel žuborel in šumel pel in pel in zakaj na	96	52	0.0	0.0	0.0	0.0	20.0	384.61538461538464	0.2352941176470588	0.21631578947368418	1.0	19.230769230769237	0.0117647058823529	0.008210526315789474	0.0	0.0	0.0	0.0	20.0	384.61538461538464	0.2352941176470588	0.3836842105263157	20.0	384.61538461538464	0.2352941176470588	0.01752631578947369	1.0	19.230769230769237	0.0117647058823529	0.021789473684210525	23.0	0.2705882352941176	0.2597631578947369	23.0	442.30769230769226	1.0	19.230769230769237	0.7396052631578949	0.5149605263157896	0.4533552631578947	0.9166666666666666	38	13	0.7307692307692307	trust	0.27058823529411763	wikivir.cleaned.xml	4967				document	wikivir-004967	wikivir-004967.s000001|wikivir-004967.s000002|wikivir-004967.s000003|wikivir-004967.s000004|wikivir-004967.s000005|wikivir-004967.s000006|wikivir-004967.s000007|wikivir-004967.s000008|wikivir-004967.s000009|wikivir-004967.s000010|wikivir-004967.s000011|wikivir-004967.s000012|wikivir-004967.s000013|wikivir-004967.s000014|wikivir-004967.s000015|wikivir-004967.s000016|wikivir-004967.s000017	17	96	91	51	Potem so peli in peli po notah zelo stare pesmi so peli in peli pesmi brez razumljivih besed. Šli smo spat in dež je pel in pel po strehi montažne hišice pel in pel pesmi brez vsakih besed. Zadremali smo in se nenadoma prebuditi v dežju ki je pel in pel in pel žuborel in šumel pel in pel in zakaj na	wikivir.cleaned.xml	4967	Potem so peli	Vitomil Zupan	20	pesmi				
emotion_anticipation_per_1k	442.30769230769226	wikivir-004967::window::1	wikivir-004967	window	95	Potem so peli	Vitomil Zupan	pesmi	20		Potem so peli in peli po notah zelo stare pesmi so peli in peli pesmi brez razumljivih besed. Šli smo spat in dež je pel in pel po strehi montažne hišice pel in pel pesmi brez vsakih besed. Zadremali smo in se nenadoma prebuditi v dežju ki je pel in pel in pel žuborel in šumel pel in pel in zakaj na	95	52	0.0	0.0	0.0	0.0	20.0	384.61538461538464	0.2352941176470588	0.21631578947368418	1.0	19.230769230769237	0.0117647058823529	0.008210526315789474	0.0	0.0	0.0	0.0	20.0	384.61538461538464	0.2352941176470588	0.3836842105263157	20.0	384.61538461538464	0.2352941176470588	0.01752631578947369	1.0	19.230769230769237	0.0117647058823529	0.021789473684210525	23.0	0.2705882352941176	0.2597631578947369	23.0	442.30769230769226	1.0	19.230769230769237	0.7396052631578949	0.5149605263157896	0.4533552631578947	0.9166666666666666	38	13	0.7307692307692307	trust	0.27058823529411763	wikivir.cleaned.xml	4967				window	wikivir-004967	wikivir-004967.s000001|wikivir-004967.s000002|wikivir-004967.s000003|wikivir-004967.s000004|wikivir-004967.s000005|wikivir-004967.s000006|wikivir-004967.s000007|wikivir-004967.s000008|wikivir-004967.s000009|wikivir-004967.s000010|wikivir-004967.s000011|wikivir-004967.s000012|wikivir-004967.s000013|wikivir-004967.s000014|wikivir-004967.s000015|wikivir-004967.s000016|wikivir-004967.s000017	17	95	91	51	Potem so peli in peli po notah zelo stare pesmi so peli in peli pesmi brez razumljivih besed. Šli smo spat in dež je pel in pel po strehi montažne hišice pel in pel pesmi brez vsakih besed. Zadremali smo in se nenadoma prebuditi v dežju ki je pel in pel in pel žuborel in šumel pel in pel in zakaj na	wikivir.cleaned.xml	4967	Potem so peli	Vitomil Zupan	20	pesmi				
emotion_anticipation_per_1k	62.5	wikivir-009541::window::1	wikivir-009541	window	81	Tebi	Anica Černej	pesmi	20		Ti nisi razumel v tistih dneh sončnega žarka v mojih očeh, ki je bil, kakor iz teme poslan, da bi iskal tvoj beli dan. V življenje si mimo mene hitel in nisi moje ljubezni vzel, a vzel si mi žarek zlat, ki je hotel tebe iskat. Zdaj izzvenel je tvoj zadnji korak v ritmu življenja, in spet je mrak, a	81	32	1.0	31.25	0.0344827586206896	0.009458333333333334	10.0	312.5	0.3448275862068966	0.18425000000000002	3.0	93.75	0.1034482758620689	0.107375	1.0	31.25	0.0344827586206896	0.041666666666666664	7.0	218.75	0.2413793103448276	0.19025000000000003	1.0	31.25	0.0344827586206896	0.017041666666666667	4.0	125.0	0.1379310344827586	0.0375	2.0	0.0689655172413793	0.03158333333333333	9.0	281.25	4.0	125.0	0.5897743055555557	0.4247222222222222	0.4490590277777778	0.38461538461538464	24	16	0.75	anticipation	0.3448275862068966	wikivir.cleaned.xml	9541				window	wikivir-009541	wikivir-009541.s000001|wikivir-009541.s000002|wikivir-009541.s000003|wikivir-009541.s000004|wikivir-009541.s000005|wikivir-009541.s000006|wikivir-009541.s000007|wikivir-009541.s000008|wikivir-009541.s000009|wikivir-009541.s000010|wikivir-009541.s000011|wikivir-009541.s000012	12	81	71	31	Ti nisi razumel v tistih dneh sončnega žarka v mojih očeh, ki je bil, kakor iz teme poslan, da bi iskal tvoj beli dan. V življenje si mimo mene hitel in nisi moje ljubezni vzel, a vzel si mi žarek zlat, ki je hotel tebe iskat. Zdaj izzvenel je tvoj zadnji korak v ritmu življenja, in spet je mrak, a 	wikivir.cleaned.xml	9541	Tebi	Anica Černej	20	pesmi				
emotion_anticipation_per_1k	62.5	wikivir-009541::document::1	wikivir-009541	document	82	Tebi	Anica Černej	pesmi	20		Ti nisi razumel v tistih dneh sončnega žarka v mojih očeh, ki je bil, kakor iz teme poslan, da bi iskal tvoj beli dan. V življenje si mimo mene hitel in nisi moje ljubezni vzel, a vzel si mi žarek zlat, ki je hotel tebe iskat. Zdaj izzvenel je tvoj zadnji korak v ritmu življenja, in spet je mrak, a	82	32	1.0	31.25	0.0344827586206896	0.009458333333333334	10.0	312.5	0.3448275862068966	0.18425000000000002	3.0	93.75	0.1034482758620689	0.107375	1.0	31.25	0.0344827586206896	0.041666666666666664	7.0	218.75	0.2413793103448276	0.19025000000000003	1.0	31.25	0.0344827586206896	0.017041666666666667	4.0	125.0	0.1379310344827586	0.0375	2.0	0.0689655172413793	0.03158333333333333	9.0	281.25	4.0	125.0	0.5897743055555557	0.4247222222222222	0.4490590277777778	0.38461538461538464	24	16	0.75	anticipation	0.3448275862068966	wikivir.cleaned.xml	9541				document	wikivir-009541	wikivir-009541.s000001|wikivir-009541.s000002|wikivir-009541.s000003|wikivir-009541.s000004|wikivir-009541.s000005|wikivir-009541.s000006|wikivir-009541.s000007|wikivir-009541.s000008|wikivir-009541.s000009|wikivir-009541.s000010|wikivir-009541.s000011|wikivir-009541.s000012	12	82	71	31	Ti nisi razumel v tistih dneh sončnega žarka v mojih očeh, ki je bil, kakor iz teme poslan, da bi iskal tvoj beli dan. V življenje si mimo mene hitel in nisi moje ljubezni vzel, a vzel si mi žarek zlat, ki je hotel tebe iskat. Zdaj izzvenel je tvoj zadnji korak v ritmu življenja, in spet je mrak, a 	wikivir.cleaned.xml	9541	Tebi	Anica Černej	20	pesmi				
emotion_anticipation_per_1k	308.51063829787233	wikivir-006245::document::1	wikivir-006245	document	479	Lep je	Mojiceja Podgoršek	pesmi	21		LEP JE OBLAK, ker nam podari dež. Beautiful is a cloud, it gives us rain. LEP JE DEŽ, ker napoji zemljo. Beautiful is the rain, it waters our soil. LEP JE MOJ DEŽNIK, ker poskrbi, da se ne zmočim. Beautiful is my umbrella, it keeps me dry. LEP JE MOST, ker mi pomaga prečkati reko. Beautiful is the b	479	94	0.0	0.0	0.0	0.0	29.0	308.51063829787233	0.3052631578947368	0.18616666666666665	0.0	0.0	0.0	0.0	0.0	0.0	0.0	0.001893939393939394	31.0	329.7872340425532	0.3263157894736842	0.23478787878787877	0.0	0.0	0.0	0.00493939393939394	6.0	63.82978723404255	0.0631578947368421	0.03245454545454545	29.0	0.3052631578947368	0.18128787878787878	34.0	361.7021276595745	1.0	10.638297872340424	0.7397651515151515	0.4426666666666667	0.5097285353535354	0.9428571428571428	66	43	0.7021276595744681	joy	0.3263157894736842	wikivir.cleaned.xml	6245				document	wikivir-006245	wikivir-006245.s000001|wikivir-006245.s000002|wikivir-006245.s000003|wikivir-006245.s000004|wikivir-006245.s000005|wikivir-006245.s000006|wikivir-006245.s000007|wikivir-006245.s000008|wikivir-006245.s000009|wikivir-006245.s000010|wikivir-006245.s000011|wikivir-006245.s000012|wikivir-006245.s000013|wikivir-006245.s000014|wikivir-006245.s000015|wikivir-006245.s000016|wikivir-006245.s000017|wikivir-006245.s000018|wikivir-006245.s000019|wikivir-006245.s000020	44	479	187	92	LEP JE OBLAK, ker nam podari dež. Beautiful is a cloud, it gives us rain. LEP JE DEŽ, ker napoji zemljo. Beautiful is the rain, it waters our soil. LEP JE MOJ DEŽNIK, ker poskrbi, da se ne zmočim. Beautiful is my umbrella, it keeps me dry. LEP JE MOST, ker mi pomaga prečkati reko. Beautiful is the b	wikivir.cleaned.xml	6245	Lep je	Mojiceja Podgoršek	21	pesmi				
emotion_anticipation_per_1k	308.51063829787233	wikivir-006245::window::1	wikivir-006245	window	468	Lep je	Mojiceja Podgoršek	pesmi	21		LEP JE OBLAK, ker nam podari dež. Beautiful is a cloud, it gives us rain. LEP JE DEŽ, ker napoji zemljo. Beautiful is the rain, it waters our soil. LEP JE MOJ DEŽNIK, ker poskrbi, da se ne zmočim. Beautiful is my umbrella, it keeps me dry. LEP JE MOST, ker mi pomaga prečkati reko. Beautiful is the b	468	94	0.0	0.0	0.0	0.0	29.0	308.51063829787233	0.3052631578947368	0.18616666666666665	0.0	0.0	0.0	0.0	0.0	0.0	0.0	0.001893939393939394	31.0	329.7872340425532	0.3263157894736842	0.23478787878787877	0.0	0.0	0.0	0.00493939393939394	6.0	63.82978723404255	0.0631578947368421	0.03245454545454545	29.0	0.3052631578947368	0.18128787878787878	34.0	361.7021276595745	1.0	10.638297872340424	0.7397651515151515	0.4426666666666667	0.5097285353535354	0.9428571428571428	66	43	0.7021276595744681	joy	0.3263157894736842	wikivir.cleaned.xml	6245				window	wikivir-006245	wikivir-006245.s000001|wikivir-006245.s000003|wikivir-006245.s000005|wikivir-006245.s000007|wikivir-006245.s000009|wikivir-006245.s000011|wikivir-006245.s000013|wikivir-006245.s000014|wikivir-006245.s000015|wikivir-006245.s000016|wikivir-006245.s000017|wikivir-006245.s000019|wikivir-006245.s000021|wikivir-006245.s000023|wikivir-006245.s000024|wikivir-006245.s000025|wikivir-006245.s000027|wikivir-006245.s000029|wikivir-006245.s000031|wikivir-006245.s000033	26	468	187	92	LEP JE OBLAK, ker nam podari dež. Beautiful is a cloud, it gives us rain. LEP JE DEŽ, ker napoji zemljo. Beautiful is the rain, it waters our soil. LEP JE MOJ DEŽNIK, ker poskrbi, da se ne zmočim. Beautiful is my umbrella, it keeps me dry. LEP JE MOST, ker mi pomaga prečkati reko. Beautiful is the b	wikivir.cleaned.xml	6245	Lep je	Mojiceja Podgoršek	21	pesmi				
emotion_anticipation_per_1k	227.27272727272725	wikivir-000410::window::1	wikivir-000410	window	81	Pesmi in romance	Josip Murn Aleksandrov	pesmi			Jate splašenih golobov čez ravno polje letijo, hitri svatovski vozovi mimo polja pa drčijo. V soncu bliskajo peruti mi golobov, golobic se, oj, kako blešči s komatov svetli, medeni nakit se! V soncu bliskajo peruti mi golobov, golobic se, oj, kako blešče tam v grivi traki mi izpod cvetlic se! Lepi,	81	44	1.0	22.727272727272727	0.0256410256410256	0.00188	12.0	272.7272727272727	0.3076923076923077	0.21244	0.0	0.0	0.0	0.0	0.0	0.0	0.0	0.0	12.0	272.7272727272727	0.3076923076923077	0.19891999999999999	0.0	0.0	0.0	0.0	4.0	90.9090909090909	0.1025641025641025	0.0472	10.0	0.2564102564102564	0.17032	13.0	295.4545454545455	3.0	68.18181818181817	0.7244426666666668	0.4391213333333333	0.4692946666666667	0.625	25	17	0.5681818181818182	anticipation	0.3076923076923077	wikivir.cleaned.xml	410				window	wikivir-000410	wikivir-000410.s000001|wikivir-000410.s000002|wikivir-000410.s000003|wikivir-000410.s000004|wikivir-000410.s000005|wikivir-000410.s000006|wikivir-000410.s000007|wikivir-000410.s000008|wikivir-000410.s000009|wikivir-000410.s000010|wikivir-000410.s000011|wikivir-000410.s000012|wikivir-000410.s000013|wikivir-000410.s000014|wikivir-000410.s000015|wikivir-000410.s000016	16	81	67	42	Jate splašenih golobov čez ravno polje letijo, hitri svatovski vozovi mimo polja pa drčijo. V soncu bliskajo peruti mi golobov, golobic se, oj, kako blešči s komatov svetli, medeni nakit se! V soncu bliskajo peruti mi golobov, golobic se, oj, kako blešče tam v grivi traki mi izpod cvetlic se! Lepi, 	wikivir.cleaned.xml	410	Pesmi in romance	Josip Murn Aleksandrov		pesmi				
emotion_anticipation_per_1k	227.27272727272725	wikivir-000410::document::1	wikivir-000410	document	82	Pesmi in romance	Josip Murn Aleksandrov	pesmi			Jate splašenih golobov čez ravno polje letijo, hitri svatovski vozovi mimo polja pa drčijo. V soncu bliskajo peruti mi golobov, golobic se, oj, kako blešči s komatov svetli, medeni nakit se! V soncu bliskajo peruti mi golobov, golobic se, oj, kako blešče tam v grivi traki mi izpod cvetlic se! Lepi,	82	44	1.0	22.727272727272727	0.0256410256410256	0.00188	12.0	272.7272727272727	0.3076923076923077	0.21244	0.0	0.0	0.0	0.0	0.0	0.0	0.0	0.0	12.0	272.7272727272727	0.3076923076923077	0.19891999999999999	0.0	0.0	0.0	0.0	4.0	90.9090909090909	0.1025641025641025	0.0472	10.0	0.2564102564102564	0.17032	13.0	295.4545454545455	3.0	68.18181818181817	0.7244426666666668	0.4391213333333333	0.4692946666666667	0.625	25	17	0.5681818181818182	anticipation	0.3076923076923077	wikivir.cleaned.xml	410				document	wikivir-000410	wikivir-000410.s000001|wikivir-000410.s000002|wikivir-000410.s000003|wikivir-000410.s000004|wikivir-000410.s000005|wikivir-000410.s000006|wikivir-000410.s000007|wikivir-000410.s000008|wikivir-000410.s000009|wikivir-000410.s000010|wikivir-000410.s000011|wikivir-000410.s000012|wikivir-000410.s000013|wikivir-000410.s000014|wikivir-000410.s000015|wikivir-000410.s000016	16	82	67	42	Jate splašenih golobov čez ravno polje letijo, hitri svatovski vozovi mimo polja pa drčijo. V soncu bliskajo peruti mi golobov, golobic se, oj, kako blešči s komatov svetli, medeni nakit se! V soncu bliskajo peruti mi golobov, golobic se, oj, kako blešče tam v grivi traki mi izpod cvetlic se! Lepi, 	wikivir.cleaned.xml	410	Pesmi in romance	Josip Murn Aleksandrov		pesmi				
emotion_anticipation_per_1k	280.4232804232804	wikivir-002819::window::14	wikivir-002819	window	437	Krajnska pismenost	Valentin Vodnik	neleposlovje	19		tepka je sladka, tele je kislo tako tudi ljubi oče, huba mati, ljubo dete. Perlog se spozna, če se mu lahko perstavi ime človek ali reč, postavim: vesel je perlog, ker se lahko reče: vesel človek. §. 17. Vsi perlogi imajo troji spol, troje število, šest padežev in troje sklanjanje, to je, za vsaki s	437	189	1.0	5.291005291005291	0.0060975609756097	0.004269230769230769	51.0	269.8412698412698	0.3109756097560975	0.2747051282051282	1.0	5.291005291005291	0.0060975609756097	0.00741025641025641	3.0	15.873015873015872	0.0182926829268292	0.022384615384615385	52.0	275.13227513227514	0.3170731707317073	0.32157692307692304	1.0	5.291005291005291	0.0060975609756097	0.007615384615384615	2.0	10.582010582010582	0.0121951219512195	0.011025641025641025	53.0	0.3231707317073171	0.25958974358974357	53.0	280.4232804232804	3.0	15.873015873015872	0.7389861111111111	0.4764805555555556	0.5228260683760684	0.8928571428571429	78	21	0.4126984126984127	trust	0.3231707317073171	wikivir.cleaned.xml	2819				window	wikivir-002819	wikivir-002819.s000279|wikivir-002819.s000280|wikivir-002819.s000282|wikivir-002819.s000283|wikivir-002819.s000284|wikivir-002819.s000285|wikivir-002819.s000286|wikivir-002819.s000287|wikivir-002819.s000288|wikivir-002819.s000289|wikivir-002819.s000290|wikivir-002819.s000291|wikivir-002819.s000292|wikivir-002819.s000293|wikivir-002819.s000294|wikivir-002819.s000295|wikivir-002819.s000296|wikivir-002819.s000297|wikivir-002819.s000298|wikivir-002819.s000299	44	437	300	184	tepka je sladka, tele je kislo tako tudi ljubi oče, huba mati, ljubo dete. Perlog se spozna, če se mu lahko perstavi ime človek ali reč, postavim: vesel je perlog, ker se lahko reče: vesel človek. §. 17. Vsi perlogi imajo troji spol, troje število, šest padežev in troje sklanjanje, to je, za vsaki s	wikivir.cleaned.xml	2819	Krajnska pismenost	Valentin Vodnik	19	neleposlovje				
emotion_anticipation_per_1k	16.666666666666668	wikivir-004354::document::1	wikivir-004354	document	89	Sosed gora/Ura	Svetlana Makarovič	pesmi	20		Ura Prva ura bije, smrt še ni prišla, druga ura bije, zunaj je megla, tretja ura bije, tiha lakota, četrta ura bije, huda pestrna, peta ura bije, tenka sled solza, šesta ura bije, dver zaklenjena, sedma ura bije, zver priklenjena, osma ura bije, kriki do neba, deveta ura bije, torklja ropota, deseta	89	60	4.0	66.66666666666667	0.1025641025641025	0.06607692307692307	16.0	266.6666666666667	0.4102564102564102	0.15594871794871795	2.0	33.333333333333336	0.0512820512820512	0.03364102564102564	6.0	100.0	0.1538461538461538	0.08748717948717949	1.0	16.666666666666668	0.0256410256410256	0.029923076923076924	6.0	100.0	0.1538461538461538	0.10546153846153845	3.0	50.0	0.0769230769230769	0.04607692307692307	1.0	0.0256410256410256	0.01082051282051282	4.0	66.66666666666667	8.0	133.33333333333334	0.5291752136752137	0.356974358974359	0.3811452991452991	-0.3333333333333333	39	26	0.65	anticipation	0.41025641025641024	wikivir.cleaned.xml	4354	Sosed gora			document	wikivir-004354	wikivir-004354.s000001|wikivir-004354.s000002|wikivir-004354.s000003|wikivir-004354.s000004|wikivir-004354.s000005|wikivir-004354.s000006|wikivir-004354.s000007|wikivir-004354.s000008|wikivir-004354.s000009|wikivir-004354.s000010|wikivir-004354.s000011|wikivir-004354.s000012|wikivir-004354.s000013|wikivir-004354.s000014|wikivir-004354.s000015|wikivir-004354.s000016|wikivir-004354.s000017|wikivir-004354.s000018|wikivir-004354.s000019|wikivir-004354.s000020	24	89	66	48	Ura Prva ura bije, smrt še ni prišla, druga ura bije, zunaj je megla, tretja ura bije, tiha lakota, četrta ura bije, huda pestrna, peta ura bije, tenka sled solza, šesta ura bije, dver zaklenjena, sedma ura bije, zver priklenjena, osma ura bije, kriki do neba, deveta ura bije, torklja ropota, deseta	wikivir.cleaned.xml	4354	Sosed gora/Ura	Svetlana Makarovič	20	pesmi	Sosed gora			
emotion_anticipation_per_1k	16.666666666666668	wikivir-004354::window::1	wikivir-004354	window	88	Sosed gora/Ura	Svetlana Makarovič	pesmi	20		Ura Prva ura bije, smrt še ni prišla, druga ura bije, zunaj je megla, tretja ura bije, tiha lakota, četrta ura bije, huda pestrna, peta ura bije, tenka sled solza, šesta ura bije, dver zaklenjena, sedma ura bije, zver priklenjena, osma ura bije, kriki do neba, deveta ura bije, torklja ropota, deseta	88	60	4.0	66.66666666666667	0.1025641025641025	0.06607692307692307	16.0	266.6666666666667	0.4102564102564102	0.15594871794871795	2.0	33.333333333333336	0.0512820512820512	0.03364102564102564	6.0	100.0	0.1538461538461538	0.08748717948717949	1.0	16.666666666666668	0.0256410256410256	0.029923076923076924	6.0	100.0	0.1538461538461538	0.10546153846153845	3.0	50.0	0.0769230769230769	0.04607692307692307	1.0	0.0256410256410256	0.01082051282051282	4.0	66.66666666666667	8.0	133.33333333333334	0.5291752136752137	0.356974358974359	0.3811452991452991	-0.3333333333333333	39	26	0.65	anticipation	0.41025641025641024	wikivir.cleaned.xml	4354	Sosed gora			window	wikivir-004354	wikivir-004354.s000001|wikivir-004354.s000002|wikivir-004354.s000003|wikivir-004354.s000004|wikivir-004354.s000005|wikivir-004354.s000006|wikivir-004354.s000007|wikivir-004354.s000008|wikivir-004354.s000009|wikivir-004354.s000010|wikivir-004354.s000011|wikivir-004354.s000012|wikivir-004354.s000013|wikivir-004354.s000014|wikivir-004354.s000015|wikivir-004354.s000016|wikivir-004354.s000017|wikivir-004354.s000018|wikivir-004354.s000019|wikivir-004354.s000020	24	88	66	48	Ura Prva ura bije, smrt še ni prišla, druga ura bije, zunaj je megla, tretja ura bije, tiha lakota, četrta ura bije, huda pestrna, peta ura bije, tenka sled solza, šesta ura bije, dver zaklenjena, sedma ura bije, zver priklenjena, osma ura bije, kriki do neba, deveta ura bije, torklja ropota, deseta	wikivir.cleaned.xml	4354	Sosed gora/Ura	Svetlana Makarovič	20	pesmi	Sosed gora			
emotion_anticipation_per_1k	247.05882352941177	wikivir-020787::window::225	wikivir-020787	window	201	Milica, otrok bolesti	Slavko Savinšek	romani	20		gorskih jezer, ki se je večer potopil vanji. Upanje po tuzemski sreči, po sreči skupnega življenja z dragim, čeprav samo kratek mesec, to upanje je minilo v njej in zrastlo je drugo, lepše upanje. Ker brez upanja človek ne more živeti niti tega življenja, kako bi šele v onega, v večnega stopil brez	201	85	3.0	35.294117647058826	0.032258064516129	0.02086206896551724	22.0	258.82352941176475	0.2365591397849462	0.22874137931034483	3.0	35.294117647058826	0.032258064516129	0.028017241379310345	7.0	82.3529411764706	0.075268817204301	0.04662068965517241	19.0	223.52941176470588	0.2043010752688172	0.25317241379310346	5.0	58.8235294117647	0.053763440860215	0.044758620689655165	13.0	152.94117647058826	0.1397849462365591	0.09589655172413794	21.0	0.2258064516129032	0.23750000000000002	27.0	317.6470588235294	7.0	82.3529411764706	0.6641752873563218	0.4330632183908046	0.5761077586206897	0.5882352941176471	58	39	0.6823529411764706	anticipation	0.23655913978494625	wikivir.cleaned.xml	20787				window	wikivir-020787	wikivir-020787.s002996|wikivir-020787.s002997|wikivir-020787.s002998|wikivir-020787.s002999|wikivir-020787.s003000|wikivir-020787.s003001|wikivir-020787.s003002|wikivir-020787.s003003|wikivir-020787.s003004|wikivir-020787.s003005|wikivir-020787.s003006|wikivir-020787.s003007	12	201	166	83	gorskih jezer, ki se je večer potopil vanji. Upanje po tuzemski sreči, po sreči skupnega življenja z dragim, čeprav samo kratek mesec, to upanje je minilo v njej in zrastlo je drugo, lepše upanje. Ker brez upanja človek ne more živeti niti tega življenja, kako bi šele v onega, v večnega stopil brez 	wikivir.cleaned.xml	20787	Milica, otrok bolesti	Slavko Savinšek	20	romani				
emotion_anticipation_per_1k	344.82758620689657	wikivir-004530::window::141	wikivir-004530	window	128	A) Basni in prilike (A. M. Slomšek)	Anton Martin Slomšek	prilike in povesti	19		"sem se, ljudi izveličat; in kdor mene najde, življenje najde, in bo izveličanstvo od Gospoda Boga prejel. Juterna, kojo tebi prinesem, je svete vednosti čisto zlato, in moja lastina je vesela večnost v svetem raji Najvišega."" To izgovorila in zginila je; njegovemu sercu pa je sveto željo zapustila p"	128	58	1.0	17.241379310344826	0.0188679245283018	0.002	15.0	258.62068965517244	0.2830188679245283	0.18278947368421053	1.0	17.241379310344826	0.0188679245283018	0.004947368421052632	2.0	34.48275862068965	0.0377358490566037	0.0061842105263157894	10.0	172.41379310344828	0.1886792452830188	0.24102631578947364	1.0	17.241379310344826	0.0188679245283018	0.023342105263157897	3.0	51.72413793103448	0.0566037735849056	0.034736842105263156	20.0	0.3773584905660377	0.3289473684210526	22.0	379.31034482758616	2.0	34.48275862068965	0.7502091165413534	0.45497048872180446	0.6511415100250626	0.8333333333333334	38	31	0.6551724137931034	trust	0.37735849056603776	wikivir.cleaned.xml	4530				window	wikivir-004530	wikivir-004530.s001531|wikivir-004530.s001532|wikivir-004530.s001533|wikivir-004530.s001534|wikivir-004530.s001535|wikivir-004530.s001536|wikivir-004530.s001537	7	128	105	58	"sem se, ljudi izveličat; in kdor mene najde, življenje najde, in bo izveličanstvo od Gospoda Boga prejel. Juterna, kojo tebi prinesem, je svete vednosti čisto zlato, in moja lastina je vesela večnost v svetem raji Najvišega."" To izgovorila in zginila je; njegovemu sercu pa je sveto željo zapustila p"	wikivir.cleaned.xml	4530	A) Basni in prilike (A. M. Slomšek)	Anton Martin Slomšek	19	prilike in povesti				
emotion_anticipation_per_1k	255.8139534883721	wikivir-000308::window::1	wikivir-000308	window	106	Sebi	Srečko Kosovel	pesmi			Komu je mar, poet, tvojih sanj, tvojih iskanj in tvojih spoznanj? Svet išče denarja, denarja ... zlata ... in kakor pes sklanja glavo v tla. In kakor pes voha denar, denar mu je bog, denar mu je car, voha denar in mu sledi in sam je suženj svoje strasti. Le nekaj jih je, ki niso tako, le nekaj jih j	106	43	8.0	186.04651162790697	0.1538461538461538	0.05964285714285714	11.0	255.8139534883721	0.2115384615384615	0.21232142857142855	1.0	23.25581395348837	0.0192307692307692	0.02342857142857143	3.0	69.76744186046511	0.0576923076923076	0.05242857142857143	8.0	186.04651162790697	0.1538461538461538	0.1932857142857143	3.0	69.76744186046511	0.0576923076923076	0.07842857142857143	7.0	162.79069767441862	0.1346153846153846	0.06414285714285714	11.0	0.2115384615384615	0.19217857142857145	10.0	232.5581395348837	3.0	69.76744186046511	0.6234226190476191	0.5155654761904762	0.6101101190476189	0.5384615384615384	28	22	0.6511627906976745	anticipation	0.21153846153846154	wikivir.cleaned.xml	308				window	wikivir-000308	wikivir-000308.s000001|wikivir-000308.s000002|wikivir-000308.s000003|wikivir-000308.s000004|wikivir-000308.s000005|wikivir-000308.s000006|wikivir-000308.s000007|wikivir-000308.s000008|wikivir-000308.s000009|wikivir-000308.s000010|wikivir-000308.s000011|wikivir-000308.s000012|wikivir-000308.s000013|wikivir-000308.s000014	14	106	81	40	Komu je mar, poet, tvojih sanj, tvojih iskanj in tvojih spoznanj? Svet išče denarja, denarja ... zlata ... in kakor pes sklanja glavo v tla. In kakor pes voha denar, denar mu je bog, denar mu je car, voha denar in mu sledi in sam je suženj svoje strasti. Le nekaj jih je, ki niso tako, le nekaj jih j	wikivir.cleaned.xml	308	Sebi	Srečko Kosovel		pesmi				
emotion_anticipation_per_1k	255.8139534883721	wikivir-000308::document::1	wikivir-000308	document	107	Sebi	Srečko Kosovel	pesmi			Komu je mar, poet, tvojih sanj, tvojih iskanj in tvojih spoznanj? Svet išče denarja, denarja ... zlata ... in kakor pes sklanja glavo v tla. In kakor pes voha denar, denar mu je bog, denar mu je car, voha denar in mu sledi in sam je suženj svoje strasti. Le nekaj jih je, ki niso tako, le nekaj jih j	107	43	8.0	186.04651162790697	0.1538461538461538	0.05964285714285714	11.0	255.8139534883721	0.2115384615384615	0.21232142857142855	1.0	23.25581395348837	0.0192307692307692	0.02342857142857143	3.0	69.76744186046511	0.0576923076923076	0.05242857142857143	8.0	186.04651162790697	0.1538461538461538	0.1932857142857143	3.0	69.76744186046511	0.0576923076923076	0.07842857142857143	7.0	162.79069767441862	0.1346153846153846	0.06414285714285714	11.0	0.2115384615384615	0.19217857142857145	10.0	232.5581395348837	3.0	69.76744186046511	0.6234226190476191	0.5155654761904762	0.6101101190476189	0.5384615384615384	28	22	0.6511627906976745	anticipation	0.21153846153846154	wikivir.cleaned.xml	308				document	wikivir-000308	wikivir-000308.s000001|wikivir-000308.s000002|wikivir-000308.s000003|wikivir-000308.s000004|wikivir-000308.s000005|wikivir-000308.s000006|wikivir-000308.s000007|wikivir-000308.s000008|wikivir-000308.s000009|wikivir-000308.s000010|wikivir-000308.s000011|wikivir-000308.s000012|wikivir-000308.s000013|wikivir-000308.s000014	14	107	81	40	Komu je mar, poet, tvojih sanj, tvojih iskanj in tvojih spoznanj? Svet išče denarja, denarja ... zlata ... in kakor pes sklanja glavo v tla. In kakor pes voha denar, denar mu je bog, denar mu je car, voha denar in mu sledi in sam je suženj svoje strasti. Le nekaj jih je, ki niso tako, le nekaj jih j	wikivir.cleaned.xml	308	Sebi	Srečko Kosovel		pesmi				
emotion_anticipation_per_1k	160.49382716049382	wikivir-017142::document::1	wikivir-017142	document	156	Svetlo je življenje	Črtomir Šinkovec	pesmi	20	1948	Svetlo je življenje Svetlo je življenje in zlat je naš čas, hej! K soncu naj pne naše pesmi se glas. Že sklenjene, dvignjene naše roke zajemajo srečo v oči in srce. In zrastel nov svet bo iz velikih sanj, velika v množicah vera je vanj! Svetlo je življenje in zlat je naš čas, hej! K soncu naj pne na	156	81	2.0	24.69135802469136	0.0327868852459016	0.029079999999999998	20.0	246.9135802469136	0.3278688524590163	0.20048000000000002	2.0	24.69135802469136	0.0327868852459016	0.01936	2.0	24.69135802469136	0.0327868852459016	0.02936	11.0	135.80246913580245	0.180327868852459	0.26189999999999997	3.0	37.03703703703704	0.0491803278688524	0.00102	8.0	98.76543209876544	0.1311475409836065	0.05888	13.0	0.2131147540983606	0.15958	15.0	185.1851851851852	2.0	24.69135802469136	0.7147233333333333	0.45788999999999996	0.6002366666666666	0.7647058823529411	50	22	0.6172839506172839	anticipation	0.32786885245901637	wikivir.cleaned.xml	17142				document	wikivir-017142	wikivir-017142.s000001|wikivir-017142.s000002|wikivir-017142.s000003|wikivir-017142.s000004|wikivir-017142.s000005|wikivir-017142.s000006|wikivir-017142.s000007|wikivir-017142.s000008|wikivir-017142.s000009|wikivir-017142.s000010|wikivir-017142.s000011|wikivir-017142.s000012|wikivir-017142.s000013|wikivir-017142.s000014|wikivir-017142.s000015|wikivir-017142.s000016|wikivir-017142.s000017	17	156	128	79	Svetlo je življenje Svetlo je življenje in zlat je naš čas, hej! K soncu naj pne naše pesmi se glas. Že sklenjene, dvignjene naše roke zajemajo srečo v oči in srce. In zrastel nov svet bo iz velikih sanj, velika v množicah vera je vanj! Svetlo je življenje in zlat je naš čas, hej! K soncu naj pne na	wikivir.cleaned.xml	17142	Svetlo je življenje	Črtomir Šinkovec	20	pesmi			1948	
emotion_anticipation_per_1k	160.49382716049382	wikivir-017142::window::1	wikivir-017142	window	155	Svetlo je življenje	Črtomir Šinkovec	pesmi	20	1948	Svetlo je življenje Svetlo je življenje in zlat je naš čas, hej! K soncu naj pne naše pesmi se glas. Že sklenjene, dvignjene naše roke zajemajo srečo v oči in srce. In zrastel nov svet bo iz velikih sanj, velika v množicah vera je vanj! Svetlo je življenje in zlat je naš čas, hej! K soncu naj pne na	155	81	2.0	24.69135802469136	0.0327868852459016	0.029079999999999998	20.0	246.9135802469136	0.3278688524590163	0.20048000000000002	2.0	24.69135802469136	0.0327868852459016	0.01936	2.0	24.69135802469136	0.0327868852459016	0.02936	11.0	135.80246913580245	0.180327868852459	0.26189999999999997	3.0	37.03703703703704	0.0491803278688524	0.00102	8.0	98.76543209876544	0.1311475409836065	0.05888	13.0	0.2131147540983606	0.15958	15.0	185.1851851851852	2.0	24.69135802469136	0.7147233333333333	0.45788999999999996	0.6002366666666666	0.7647058823529411	50	22	0.6172839506172839	anticipation	0.32786885245901637	wikivir.cleaned.xml	17142				window	wikivir-017142	wikivir-017142.s000001|wikivir-017142.s000002|wikivir-017142.s000003|wikivir-017142.s000004|wikivir-017142.s000005|wikivir-017142.s000006|wikivir-017142.s000007|wikivir-017142.s000008|wikivir-017142.s000009|wikivir-017142.s000010|wikivir-017142.s000011|wikivir-017142.s000012|wikivir-017142.s000013|wikivir-017142.s000014|wikivir-017142.s000015|wikivir-017142.s000016|wikivir-017142.s000017	17	155	128	79	Svetlo je življenje Svetlo je življenje in zlat je naš čas, hej! K soncu naj pne naše pesmi se glas. Že sklenjene, dvignjene naše roke zajemajo srečo v oči in srce. In zrastel nov svet bo iz velikih sanj, velika v množicah vera je vanj! Svetlo je življenje in zlat je naš čas, hej! K soncu naj pne na	wikivir.cleaned.xml	17142	Svetlo je življenje	Črtomir Šinkovec	20	pesmi			1948	
emotion_anticipation_per_1k	28.98550724637681	wikivir-000168::window::1	wikivir-000168	window	126	Poezije	France Prešeren	pesmi			Med otróci si igrala, draga! lani – čas hiti; letos že unemaš srca po Ljubljani – čas hiti. Koder hodiš, te mladenči spremljajo z očmi povsod, satelitov trop nam zvezde kraj oznani – čas hiti. Zdéj je Hanibal pri Kanah, premagavec tvoj obraz, naše sŕca Rim ostrášen, ne ustrahváni – čas hiti. Deklica	126	69	1.0	14.492753623188406	0.0333333333333333	0.015513513513513513	17.0	246.3768115942029	0.5666666666666667	0.23413513513513515	1.0	14.492753623188406	0.0333333333333333	0.01772972972972973	3.0	43.47826086956522	0.1	0.03672972972972973	3.0	43.47826086956522	0.1	0.18832432432432433	2.0	28.98550724637681	0.0666666666666666	0.03905405405405406	1.0	14.492753623188406	0.0333333333333333	0.015621621621621621	2.0	0.0666666666666666	0.043297297297297296	5.0	72.46376811594203	2.0	28.98550724637681	0.5609234234234233	0.47449099099099107	0.5057162162162163	0.42857142857142855	37	25	0.5362318840579711	anticipation	0.5666666666666667	wikivir.cleaned.xml	168				window	wikivir-000168	wikivir-000168.s000001|wikivir-000168.s000002|wikivir-000168.s000003|wikivir-000168.s000004|wikivir-000168.s000005|wikivir-000168.s000006|wikivir-000168.s000007|wikivir-000168.s000008|wikivir-000168.s000009|wikivir-000168.s000010|wikivir-000168.s000011|wikivir-000168.s000012	12	126	97	69	Med otróci si igrala, draga! lani – čas hiti; letos že unemaš srca po Ljubljani – čas hiti. Koder hodiš, te mladenči spremljajo z očmi povsod, satelitov trop nam zvezde kraj oznani – čas hiti. Zdéj je Hanibal pri Kanah, premagavec tvoj obraz, naše sŕca Rim ostrášen, ne ustrahváni – čas hiti. Deklica	wikivir.cleaned.xml	168	Poezije	France Prešeren		pesmi				
emotion_anticipation_per_1k	28.98550724637681	wikivir-000168::document::1	wikivir-000168	document	127	Poezije	France Prešeren	pesmi			Med otróci si igrala, draga! lani – čas hiti; letos že unemaš srca po Ljubljani – čas hiti. Koder hodiš, te mladenči spremljajo z očmi povsod, satelitov trop nam zvezde kraj oznani – čas hiti. Zdéj je Hanibal pri Kanah, premagavec tvoj obraz, naše sŕca Rim ostrášen, ne ustrahváni – čas hiti. Deklica	127	69	1.0	14.492753623188406	0.0333333333333333	0.015513513513513513	17.0	246.3768115942029	0.5666666666666667	0.23413513513513515	1.0	14.492753623188406	0.0333333333333333	0.01772972972972973	3.0	43.47826086956522	0.1	0.03672972972972973	3.0	43.47826086956522	0.1	0.18832432432432433	2.0	28.98550724637681	0.0666666666666666	0.03905405405405406	1.0	14.492753623188406	0.0333333333333333	0.015621621621621621	2.0	0.0666666666666666	0.043297297297297296	5.0	72.46376811594203	2.0	28.98550724637681	0.5609234234234233	0.47449099099099107	0.5057162162162163	0.42857142857142855	37	25	0.5362318840579711	anticipation	0.5666666666666667	wikivir.cleaned.xml	168				document	wikivir-000168	wikivir-000168.s000001|wikivir-000168.s000002|wikivir-000168.s000003|wikivir-000168.s000004|wikivir-000168.s000005|wikivir-000168.s000006|wikivir-000168.s000007|wikivir-000168.s000008|wikivir-000168.s000009|wikivir-000168.s000010|wikivir-000168.s000011|wikivir-000168.s000012	12	127	97	69	Med otróci si igrala, draga! lani – čas hiti; letos že unemaš srca po Ljubljani – čas hiti. Koder hodiš, te mladenči spremljajo z očmi povsod, satelitov trop nam zvezde kraj oznani – čas hiti. Zdéj je Hanibal pri Kanah, premagavec tvoj obraz, naše sŕca Rim ostrášen, ne ustrahváni – čas hiti. Deklica	wikivir.cleaned.xml	168	Poezije	France Prešeren		pesmi				
emotion_anticipation_per_1k	176.87074829931973	wikivir-016474::window::334	wikivir-016474	window	372	Sida Silanova	Radivoj Rehar	romani	20	1935	ampak kot grenke pilule zdravila.« »Počakaj! Nisem ti še povedala najvažnejšega. Tudi to mi je razodela šele umirajoča mati. Dejala je, da se boji zame, ker je našla v „Svetem pismu“ citat, da kaznuje Bog grehe očetov nad otroci in njihovih otrok otroci, vse do četrtega kolena. Kaj neki brigajo otro	372	147	13.0	88.43537414965986	0.0942028985507246	0.08033695652173913	36.0	244.89795918367344	0.2608695652173913	0.19545652173913042	4.0	27.21088435374149	0.0289855072463768	0.020467391304347826	21.0	142.85714285714286	0.1521739130434782	0.08759782608695653	28.0	190.47619047619045	0.2028985507246377	0.17777173913043476	6.0	40.81632653061224	0.0434782608695652	0.04109782608695652	4.0	27.21088435374149	0.0289855072463768	0.03268478260869565	26.0	0.1884057971014492	0.16241304347826088	40.0	272.108843537415	15.0	102.04081632653062	0.5900259575569359	0.48584976708074523	0.5890715838509317	0.45454545454545453	92	62	0.6258503401360545	anticipation	0.2608695652173913	wikivir.cleaned.xml	16474				window	wikivir-016474	wikivir-016474.s004888|wikivir-016474.s004889|wikivir-016474.s004890|wikivir-016474.s004891|wikivir-016474.s004892|wikivir-016474.s004893|wikivir-016474.s004894|wikivir-016474.s004895|wikivir-016474.s004896|wikivir-016474.s004897|wikivir-016474.s004898|wikivir-016474.s004899|wikivir-016474.s004900|wikivir-016474.s004901|wikivir-016474.s004902|wikivir-016474.s004903|wikivir-016474.s004904|wikivir-016474.s004905|wikivir-016474.s004906|wikivir-016474.s004907	27	372	300	142	ampak kot grenke pilule zdravila.« »Počakaj! Nisem ti še povedala najvažnejšega. Tudi to mi je razodela šele umirajoča mati. Dejala je, da se boji zame, ker je našla v „Svetem pismu“ citat, da kaznuje Bog grehe očetov nad otroci in njihovih otrok otroci, vse do četrtega kolena. Kaj neki brigajo otro	wikivir.cleaned.xml	16474	Sida Silanova	Radivoj Rehar	20	romani			1935	
emotion_anticipation_per_1k	260.8695652173913	wikivir-004539::window::11	wikivir-004539	window	366	Preprosto pismo v raj	Berta Golob	črtice	21		tvoje, posvečeno bodi tvoje ime, pridi k nam tvoje kraljestvo ki je ... zaradi ki je zaradi nje mami jokala Zgodi se tvoja volja mami je zmeraj samo žalostna ne zgodi se tvoja volja, kakor v nebesih zakaj mu je rekla, da nima človeškega ne volja kakor v nebesih, tako srca, slišala sem tako na zemlji	366	184	5.0	27.17391304347826	0.0271739130434782	0.018218181818181817	45.0	244.56521739130437	0.2445652173913043	0.1886909090909091	1.0	5.434782608695652	0.0054347826086956	0.0019181818181818182	13.0	70.65217391304347	0.0706521739130434	0.029227272727272727	46.0	250.0	0.25	0.3236727272727273	6.0	32.608695652173914	0.0326086956521739	0.029945454545454542	20.0	108.69565217391305	0.108695652173913	0.06842727272727273	48.0	0.2608695652173913	0.2092363636363636	51.0	277.17391304347825	10.0	54.34782608695652	0.704774891774892	0.4661637445887446	0.5781965367965368	0.6721311475409836	110	63	0.5978260869565217	trust	0.2608695652173913	wikivir.cleaned.xml	4539				window	wikivir-004539	wikivir-004539.s000231|wikivir-004539.s000232|wikivir-004539.s000233|wikivir-004539.s000234|wikivir-004539.s000235|wikivir-004539.s000236|wikivir-004539.s000237|wikivir-004539.s000238|wikivir-004539.s000239|wikivir-004539.s000240|wikivir-004539.s000241|wikivir-004539.s000242|wikivir-004539.s000243|wikivir-004539.s000244|wikivir-004539.s000245|wikivir-004539.s000246|wikivir-004539.s000247|wikivir-004539.s000248|wikivir-004539.s000249|wikivir-004539.s000250	43	366	300	181	tvoje, posvečeno bodi tvoje ime, pridi k nam tvoje kraljestvo ki je ... zaradi ki je zaradi nje mami jokala Zgodi se tvoja volja mami je zmeraj samo žalostna ne zgodi se tvoja volja, kakor v nebesih zakaj mu je rekla, da nima človeškega ne volja kakor v nebesih, tako srca, slišala sem tako na zemlji	wikivir.cleaned.xml	4539	Preprosto pismo v raj	Berta Golob	21	črtice				
emotion_anticipation_per_1k	243.90243902439025	wikivir-006832::window::31	wikivir-006832	window	397	Pod zvezdo	Branko Rudolf	dramska besedila	20		vero in moč. Posamezni: Zvezda! Kako lepa je! Zbor trpečih ljudi: Zvezda! Zvezda! Naj nam vstaja nova vera iz sijaja. Zvezda: V trpljenju — okovani ste le izbrani, da vam sveti moj soj skozi noč. Le čujte melodije, moj svit od daleč sije, moj pozdrav je vroč. Naj vam upanje sije, v upanju je moč. Lj	397	164	8.0	48.78048780487805	0.0512820512820512	0.04655445544554456	40.0	243.90243902439025	0.2564102564102564	0.20495049504950494	2.0	12.195121951219512	0.0128205128205128	0.01098019801980198	10.0	60.97560975609756	0.0641025641025641	0.06715841584158416	34.0	207.3170731707317	0.2179487179487179	0.18960396039603958	7.0	42.6829268292683	0.0448717948717948	0.03586138613861386	15.0	91.46341463414636	0.0961538461538461	0.05829702970297031	40.0	0.2564102564102564	0.23301980198019803	50.0	304.8780487804878	12.0	73.17073170731707	0.6542475247524753	0.4398597359735974	0.5599884488448845	0.6129032258064516	101	60	0.6158536585365854	anticipation	0.2564102564102564	wikivir.cleaned.xml	6832				window	wikivir-006832	wikivir-006832.s000565|wikivir-006832.s000566|wikivir-006832.s000567|wikivir-006832.s000568|wikivir-006832.s000569|wikivir-006832.s000570|wikivir-006832.s000571|wikivir-006832.s000572|wikivir-006832.s000573|wikivir-006832.s000574|wikivir-006832.s000575|wikivir-006832.s000576|wikivir-006832.s000577|wikivir-006832.s000578|wikivir-006832.s000579|wikivir-006832.s000580|wikivir-006832.s000581|wikivir-006832.s000582|wikivir-006832.s000583|wikivir-006832.s000584	42	397	300	158	vero in moč. Posamezni: Zvezda! Kako lepa je! Zbor trpečih ljudi: Zvezda! Zvezda! Naj nam vstaja nova vera iz sijaja. Zvezda: V trpljenju — okovani ste le izbrani, da vam sveti moj soj skozi noč. Le čujte melodije, moj svit od daleč sije, moj pozdrav je vroč. Naj vam upanje sije, v upanju je moč. Lj	wikivir.cleaned.xml	6832	Pod zvezdo	Branko Rudolf	20	dramska besedila				
emotion_anticipation_per_1k	28.57142857142857	wikivir-015815::document::1	wikivir-015815	document	134	Med otroki si igrala, draga, lani. Čas hiti	France Prešeren	pesmi	19		5. Med otroki si igrala, draga, lani. Čas hiti. Letos že unemaš srca po Ljubljani. Čas hiti. Koder hodiš, te mladenči spremljajo z očmi povsod; satelítov trop nam zvezde kraj oznani. Čas hiti. Zdaj je Hanibal pri Kanah, premagavec tvoj obraz, naša srca Rim, ostrašen, ne vstrah’vani. Čas hiti. Deklic	134	70	1.0	14.285714285714285	0.0344827586206896	0.01594444444444444	17.0	242.8571428571429	0.5862068965517241	0.2406388888888889	1.0	14.285714285714285	0.0344827586206896	0.018222222222222223	3.0	42.85714285714285	0.1034482758620689	0.03775	2.0	28.57142857142857	0.0689655172413793	0.19366666666666665	2.0	28.57142857142857	0.0689655172413793	0.04013888888888889	1.0	14.285714285714285	0.0344827586206896	0.016055555555555556	2.0	0.0689655172413793	0.0445	4.0	57.14285714285714	2.0	28.57142857142857	0.558375	0.47411574074074075	0.49765277777777783	0.3333333333333333	36	23	0.5142857142857142	anticipation	0.5862068965517241	wikivir.cleaned.xml	15815				document	wikivir-015815	wikivir-015815.s000001|wikivir-015815.s000002|wikivir-015815.s000003|wikivir-015815.s000004|wikivir-015815.s000005|wikivir-015815.s000006|wikivir-015815.s000007|wikivir-015815.s000008|wikivir-015815.s000009|wikivir-015815.s000010|wikivir-015815.s000011|wikivir-015815.s000012|wikivir-015815.s000013|wikivir-015815.s000014|wikivir-015815.s000015|wikivir-015815.s000016|wikivir-015815.s000017|wikivir-015815.s000018|wikivir-015815.s000019|wikivir-015815.s000020	21	134	102	70	5. Med otroki si igrala, draga, lani. Čas hiti. Letos že unemaš srca po Ljubljani. Čas hiti. Koder hodiš, te mladenči spremljajo z očmi povsod; satelítov trop nam zvezde kraj oznani. Čas hiti. Zdaj je Hanibal pri Kanah, premagavec tvoj obraz, naša srca Rim, ostrašen, ne vstrah’vani. Čas hiti. Deklic	wikivir.cleaned.xml	15815	Med otroki si igrala, draga, lani. Čas hiti	France Prešeren	19	pesmi				
emotion_anticipation_per_1k	28.57142857142857	wikivir-015815::window::1	wikivir-015815	window	133	Med otroki si igrala, draga, lani. Čas hiti	France Prešeren	pesmi	19		5. Med otroki si igrala, draga, lani. Čas hiti. Letos že unemaš srca po Ljubljani. Čas hiti. Koder hodiš, te mladenči spremljajo z očmi povsod; satelítov trop nam zvezde kraj oznani. Čas hiti. Zdaj je Hanibal pri Kanah, premagavec tvoj obraz, naša srca Rim, ostrašen, ne vstrah’vani. Čas hiti. Deklic	133	70	1.0	14.285714285714285	0.0344827586206896	0.01594444444444444	17.0	242.8571428571429	0.5862068965517241	0.2406388888888889	1.0	14.285714285714285	0.0344827586206896	0.018222222222222223	3.0	42.85714285714285	0.1034482758620689	0.03775	2.0	28.57142857142857	0.0689655172413793	0.19366666666666665	2.0	28.57142857142857	0.0689655172413793	0.04013888888888889	1.0	14.285714285714285	0.0344827586206896	0.016055555555555556	2.0	0.0689655172413793	0.0445	4.0	57.14285714285714	2.0	28.57142857142857	0.558375	0.47411574074074075	0.49765277777777783	0.3333333333333333	36	23	0.5142857142857142	anticipation	0.5862068965517241	wikivir.cleaned.xml	15815				window	wikivir-015815	wikivir-015815.s000001|wikivir-015815.s000002|wikivir-015815.s000003|wikivir-015815.s000004|wikivir-015815.s000005|wikivir-015815.s000006|wikivir-015815.s000007|wikivir-015815.s000008|wikivir-015815.s000009|wikivir-015815.s000010|wikivir-015815.s000011|wikivir-015815.s000012|wikivir-015815.s000013|wikivir-015815.s000014|wikivir-015815.s000015|wikivir-015815.s000016|wikivir-015815.s000017|wikivir-015815.s000018|wikivir-015815.s000019|wikivir-015815.s000020	21	133	102	70	5. Med otroki si igrala, draga, lani. Čas hiti. Letos že unemaš srca po Ljubljani. Čas hiti. Koder hodiš, te mladenči spremljajo z očmi povsod; satelítov trop nam zvezde kraj oznani. Čas hiti. Zdaj je Hanibal pri Kanah, premagavec tvoj obraz, naša srca Rim, ostrašen, ne vstrah’vani. Čas hiti. Deklic	wikivir.cleaned.xml	15815	Med otroki si igrala, draga, lani. Čas hiti	France Prešeren	19	pesmi				
emotion_anticipation_per_1k	250.0	wikivir-012143::window::21	wikivir-012143	window	380	Narodopisne slike iz našega naroda II. Slovenska vas			19	1869	vsim dve barvi, naime belo in pa pisano. Vsem stvarem, ki se našemu vaščanu prijetno vidijo, vsemu kar mu je koristno, vsemu kar mu jo milo in drago, vsemu kar za lepo poznava, vsemu temu prilastuje belo barvo, in res sta izraza l e p o in b e l o v narodni frazeologiji mnogokrat sinonima. V naših n	380	212	1.0	4.716981132075471	0.00625	0.005171171171171171	51.0	240.56603773584905	0.31875	0.01928828828828829	1.0	4.716981132075471	0.00625	0.00590990990990991	1.0	4.716981132075471	0.00625	0.01054954954954955	49.0	231.13207547169813	0.30625	0.023009009009009013	1.0	4.716981132075471	0.00625	0.020063063063063064	3.0	14.150943396226417	0.01875	0.012954954954954955	53.0	0.33125	0.03265765765765766	53.0	250.0	3.0	14.150943396226417	0.3535054054054054	0.22274204204204204	0.26138033033033037	0.8928571428571429	111	53	0.5235849056603774	trust	0.33125	wikivir.cleaned.xml	12143				window	wikivir-012143	wikivir-012143.s000155|wikivir-012143.s000156|wikivir-012143.s000157|wikivir-012143.s000158|wikivir-012143.s000159|wikivir-012143.s000160|wikivir-012143.s000161|wikivir-012143.s000162|wikivir-012143.s000163|wikivir-012143.s000164|wikivir-012143.s000165|wikivir-012143.s000166|wikivir-012143.s000167|wikivir-012143.s000168|wikivir-012143.s000169	15	380	300	199	vsim dve barvi, naime belo in pa pisano. Vsem stvarem, ki se našemu vaščanu prijetno vidijo, vsemu kar mu je koristno, vsemu kar mu jo milo in drago, vsemu kar za lepo poznava, vsemu temu prilastuje belo barvo, in res sta izraza l e p o in b e l o v narodni frazeologiji mnogokrat sinonima. V naših n	wikivir.cleaned.xml	12143	Narodopisne slike iz našega naroda II. Slovenska vas		19				1869	
emotion_anticipation_per_1k	220.0	wikivir-000483::document::1	wikivir-000483	document	106	Pesmi in romance	Josip Murn Aleksandrov	pesmi			Moja ljubica je stara petnajst let, oj, petnajst mladih, lepih let; obraz, oči, svetli lasje o teh mi letih govore. Moja ljubica ima petnajst let, oj petnajst lepih, mladih let; nje hoja, smeh, bele roke o teh mi letih govore. Poživi bog teh petnajst let, njih prvi čas, njih nežni cvet! Tako pogleda	106	50	3.0	60.0	0.0625	0.014742857142857143	12.0	240.0	0.25	0.0975142857142857	2.0	40.0	0.0416666666666666	0.029885714285714286	3.0	60.0	0.0625	0.012057142857142858	11.0	220.0	0.2291666666666666	0.12360000000000002	0.0	0.0	0.0	0.0	6.0	120.0	0.125	0.033485714285714285	11.0	0.2291666666666666	0.1488857142857143	16.0	320.0	3.0	60.0	0.5908404761904761	0.3711547619047619	0.5062642857142857	0.6842105263157895	35	19	0.7	anticipation	0.25	wikivir.cleaned.xml	483				document	wikivir-000483	wikivir-000483.s000001|wikivir-000483.s000002|wikivir-000483.s000003|wikivir-000483.s000004|wikivir-000483.s000005|wikivir-000483.s000006|wikivir-000483.s000007|wikivir-000483.s000008|wikivir-000483.s000009|wikivir-000483.s000010|wikivir-000483.s000011|wikivir-000483.s000012|wikivir-000483.s000013|wikivir-000483.s000014|wikivir-000483.s000015|wikivir-000483.s000016	16	106	83	50	Moja ljubica je stara petnajst let, oj, petnajst mladih, lepih let; obraz, oči, svetli lasje o teh mi letih govore. Moja ljubica ima petnajst let, oj petnajst lepih, mladih let; nje hoja, smeh, bele roke o teh mi letih govore. Poživi bog teh petnajst let, njih prvi čas, njih nežni cvet! Tako pogleda	wikivir.cleaned.xml	483	Pesmi in romance	Josip Murn Aleksandrov		pesmi				
emotion_anticipation_per_1k	220.0	wikivir-000483::window::1	wikivir-000483	window	105	Pesmi in romance	Josip Murn Aleksandrov	pesmi			Moja ljubica je stara petnajst let, oj, petnajst mladih, lepih let; obraz, oči, svetli lasje o teh mi letih govore. Moja ljubica ima petnajst let, oj petnajst lepih, mladih let; nje hoja, smeh, bele roke o teh mi letih govore. Poživi bog teh petnajst let, njih prvi čas, njih nežni cvet! Tako pogleda	105	50	3.0	60.0	0.0625	0.014742857142857143	12.0	240.0	0.25	0.0975142857142857	2.0	40.0	0.0416666666666666	0.029885714285714286	3.0	60.0	0.0625	0.012057142857142858	11.0	220.0	0.2291666666666666	0.12360000000000002	0.0	0.0	0.0	0.0	6.0	120.0	0.125	0.033485714285714285	11.0	0.2291666666666666	0.1488857142857143	16.0	320.0	3.0	60.0	0.5908404761904761	0.3711547619047619	0.5062642857142857	0.6842105263157895	35	19	0.7	anticipation	0.25	wikivir.cleaned.xml	483				window	wikivir-000483	wikivir-000483.s000001|wikivir-000483.s000002|wikivir-000483.s000003|wikivir-000483.s000004|wikivir-000483.s000005|wikivir-000483.s000006|wikivir-000483.s000007|wikivir-000483.s000008|wikivir-000483.s000009|wikivir-000483.s000010|wikivir-000483.s000011|wikivir-000483.s000012|wikivir-000483.s000013|wikivir-000483.s000014|wikivir-000483.s000015|wikivir-000483.s000016	16	105	83	50	Moja ljubica je stara petnajst let, oj, petnajst mladih, lepih let; obraz, oči, svetli lasje o teh mi letih govore. Moja ljubica ima petnajst let, oj petnajst lepih, mladih let; nje hoja, smeh, bele roke o teh mi letih govore. Poživi bog teh petnajst let, njih prvi čas, njih nežni cvet! Tako pogleda	wikivir.cleaned.xml	483	Pesmi in romance	Josip Murn Aleksandrov		pesmi				
emotion_anticipation_per_1k	239.58333333333331	wikivir-008935::document::1	wikivir-008935	document	188	Slovenske vecernice 1865/78		pesmi			4. Kraljica najbolj sveta, Brez madeža spočeta, Pred Taboj tu klečim, Slaviti Te želim! Slaviti vred Te z materjo, Svetó kato’ško cerkevjo, In pa z družino njeno vso! 5. Kraljica najbolj sveta, Brez madeža spočeta, Pred Taboj tu klečim, Slaviti Te želim! Slaviti ž njimi, k’ se veselé, Slaviti ž njim	188	96	1.0	10.416666666666666	0.0113636363636363	0.014822222222222223	23.0	239.58333333333331	0.2613636363636363	0.22791111111111112	5.0	52.083333333333336	0.0568181818181818	0.022555555555555558	1.0	10.416666666666666	0.0113636363636363	0.016177777777777777	18.0	187.5	0.2045454545454545	0.2964888888888889	1.0	10.416666666666666	0.0113636363636363	0.013622222222222221	16.0	166.66666666666666	0.1818181818181818	0.12231111111111112	23.0	0.2613636363636363	0.23344444444444445	24.0	250.0	6.0	62.5	0.7223777777777778	0.4920888888888888	0.5910666666666667	0.6	45	13	0.46875	anticipation	0.26136363636363635	wikivir.cleaned.xml	8935				document	wikivir-008935	wikivir-008935.s000001|wikivir-008935.s000002|wikivir-008935.s000003|wikivir-008935.s000004|wikivir-008935.s000005|wikivir-008935.s000006|wikivir-008935.s000007|wikivir-008935.s000008|wikivir-008935.s000009|wikivir-008935.s000010|wikivir-008935.s000011|wikivir-008935.s000012|wikivir-008935.s000013|wikivir-008935.s000014|wikivir-008935.s000015|wikivir-008935.s000016|wikivir-008935.s000017|wikivir-008935.s000018|wikivir-008935.s000019|wikivir-008935.s000020	42	188	145	87	4. Kraljica najbolj sveta, Brez madeža spočeta, Pred Taboj tu klečim, Slaviti Te želim! Slaviti vred Te z materjo, Svetó kato’ško cerkevjo, In pa z družino njeno vso! 5. Kraljica najbolj sveta, Brez madeža spočeta, Pred Taboj tu klečim, Slaviti Te želim! Slaviti ž njimi, k’ se veselé, Slaviti ž njim	wikivir.cleaned.xml	8935	Slovenske vecernice 1865/78			pesmi				
emotion_anticipation_per_1k	239.58333333333331	wikivir-008935::window::1	wikivir-008935	window	187	Slovenske vecernice 1865/78		pesmi			4. Kraljica najbolj sveta, Brez madeža spočeta, Pred Taboj tu klečim, Slaviti Te želim! Slaviti vred Te z materjo, Svetó kato’ško cerkevjo, In pa z družino njeno vso! 5. Kraljica najbolj sveta, Brez madeža spočeta, Pred Taboj tu klečim, Slaviti Te želim! Slaviti ž njimi, k’ se veselé, Slaviti ž njim	187	96	1.0	10.416666666666666	0.0113636363636363	0.014822222222222223	23.0	239.58333333333331	0.2613636363636363	0.22791111111111112	5.0	52.083333333333336	0.0568181818181818	0.022555555555555558	1.0	10.416666666666666	0.0113636363636363	0.016177777777777777	18.0	187.5	0.2045454545454545	0.2964888888888889	1.0	10.416666666666666	0.0113636363636363	0.013622222222222221	16.0	166.66666666666666	0.1818181818181818	0.12231111111111112	23.0	0.2613636363636363	0.23344444444444445	24.0	250.0	6.0	62.5	0.7223777777777778	0.4920888888888888	0.5910666666666667	0.6	45	13	0.46875	anticipation	0.26136363636363635	wikivir.cleaned.xml	8935				window	wikivir-008935	wikivir-008935.s000001|wikivir-008935.s000002|wikivir-008935.s000003|wikivir-008935.s000004|wikivir-008935.s000005|wikivir-008935.s000006|wikivir-008935.s000007|wikivir-008935.s000008|wikivir-008935.s000009|wikivir-008935.s000010|wikivir-008935.s000011|wikivir-008935.s000012|wikivir-008935.s000013|wikivir-008935.s000014|wikivir-008935.s000015|wikivir-008935.s000016|wikivir-008935.s000017|wikivir-008935.s000018|wikivir-008935.s000019|wikivir-008935.s000020	42	187	145	87	4. Kraljica najbolj sveta, Brez madeža spočeta, Pred Taboj tu klečim, Slaviti Te želim! Slaviti vred Te z materjo, Svetó kato’ško cerkevjo, In pa z družino njeno vso! 5. Kraljica najbolj sveta, Brez madeža spočeta, Pred Taboj tu klečim, Slaviti Te želim! Slaviti ž njimi, k’ se veselé, Slaviti ž njim	wikivir.cleaned.xml	8935	Slovenske vecernice 1865/78			pesmi				
emotion_anticipation_per_1k	244.7552447552448	wikivir-002819::window::18	wikivir-002819	window	444	Krajnska pismenost	Valentin Vodnik	neleposlovje	19		višjo stopnjo povzdignemo., takti de druge .v tem preseže. De presežno stopnjo storimo, predstavimo sodnji stopnji besedico nar ali naj, kakor: nar lepši, naj rajši. Presežno stopnjo tudi storimo, kadar k stavni stopnji predstavljamo besede: prav, clo, silno, močno, postavim: prav lep, clo star, sil	444	143	0.0	0.0	0.0	0.0	34.0	237.76223776223776	0.3333333333333333	0.2269032258064516	0.0	0.0	0.0	0.0	0.0	0.0	0.0	0.0	33.0	230.7692307692308	0.3235294117647059	0.254758064516129	0.0	0.0	0.0	0.00967741935483871	0.0	0.0	0.0	0.0	35.0	0.3431372549019608	0.20996774193548387	45.0	314.68531468531467	1.0	6.993006993006993	0.7175255376344086	0.42810349462365593	0.5152298387096774	0.9565217391304348	62	17	0.4335664335664335	trust	0.3431372549019608	wikivir.cleaned.xml	2819				window	wikivir-002819	wikivir-002819.s000353|wikivir-002819.s000354|wikivir-002819.s000355|wikivir-002819.s000356|wikivir-002819.s000357|wikivir-002819.s000358|wikivir-002819.s000359|wikivir-002819.s000360|wikivir-002819.s000361|wikivir-002819.s000362|wikivir-002819.s000363|wikivir-002819.s000364|wikivir-002819.s000365|wikivir-002819.s000366|wikivir-002819.s000367|wikivir-002819.s000368|wikivir-002819.s000369|wikivir-002819.s000370|wikivir-002819.s000371|wikivir-002819.s000372	59	444	300	135	višjo stopnjo povzdignemo., takti de druge .v tem preseže. De presežno stopnjo storimo, predstavimo sodnji stopnji besedico nar ali naj, kakor: nar lepši, naj rajši. Presežno stopnjo tudi storimo, kadar k stavni stopnji predstavljamo besede: prav, clo, silno, močno, postavim: prav lep, clo star, sil	wikivir.cleaned.xml	2819	Krajnska pismenost	Valentin Vodnik	19	neleposlovje				
emotion_anticipation_per_1k	131.57894736842104	wikivir-014574::window::17	wikivir-014574	window	90	Pol ure na Limbarski gori	Alojzij Merhar	črtice	20	1911	zasluži svoj trdi kruh. Odkril sem se in jo v slovo toplo pozdravil v spoštovanju do skrivnosti težkega križa, ki ga žena tako vdano nosi. Sveta vsaka zemlja, kjer stoje taki križi! Čez dvakrat pol ure smo bili pod goro. In čez šestkrat pol ure pa že doma, z veselo mislijo: »Kdaj pojdemo zopet na Li	90	38	3.0	78.94736842105263	0.1071428571428571	0.05643478260869565	9.0	236.8421052631579	0.3214285714285714	0.18143478260869567	0.0	0.0	0.0	0.0	3.0	78.94736842105263	0.1071428571428571	0.0332608695652174	3.0	78.94736842105263	0.1071428571428571	0.07743478260869566	2.0	52.63157894736842	0.0714285714285714	0.03260869565217391	3.0	78.94736842105263	0.1071428571428571	0.07030434782608695	5.0	0.1785714285714285	0.12260869565217393	6.0	157.89473684210526	4.0	105.26315789473684	0.6210652173913043	0.44513188405797094	0.536208695652174	0.2	23	20	0.6052631578947368	anticipation	0.32142857142857145	wikivir.cleaned.xml	14574				window	wikivir-014574	wikivir-014574.s000237|wikivir-014574.s000238|wikivir-014574.s000239|wikivir-014574.s000240|wikivir-014574.s000241|wikivir-014574.s000242|wikivir-014574.s000243	7	90	77	38	zasluži svoj trdi kruh. Odkril sem se in jo v slovo toplo pozdravil v spoštovanju do skrivnosti težkega križa, ki ga žena tako vdano nosi. Sveta vsaka zemlja, kjer stoje taki križi! Čez dvakrat pol ure smo bili pod goro. In čez šestkrat pol ure pa že doma, z veselo mislijo: »Kdaj pojdemo zopet na Li	wikivir.cleaned.xml	14574	Pol ure na Limbarski gori	Alojzij Merhar	20	črtice			1911	
emotion_anticipation_per_1k	290.32258064516134	wikivir-015618::window::1	wikivir-015618	window	252	O Bog, o Bog, kak' srečen sem!	Jožef Muršec	pesmi	19		1. O Bog, o Bog, kak’ srečen sem, Ker v Te verujem ino vem, Da vse ’z ničesar si ustvaril, Obilno širni svet obdaril; Vsezmožen ga držiš, mladiš, Očetovsko za vse skrbiš. 2. O Bog, o Bog, kak’ srečen sem, Ker v Te verujem, za Te vem, Objemam Te kot stvarnika, Očeta milostljivega, Neskončnega dobrotn	252	93	2.0	21.505376344086024	0.0175438596491228	0.013720000000000001	22.0	236.55913978494624	0.1929824561403508	0.20632	0.0	0.0	0.0	0.0	17.0	182.7956989247312	0.1491228070175438	0.04038	34.0	365.5913978494624	0.2982456140350877	0.4174	3.0	32.25806451612903	0.0263157894736842	0.02112	9.0	96.77419354838707	0.0789473684210526	0.08516	27.0	0.2368421052631578	0.38358	41.0	440.86021505376345	4.0	43.01075268817205	0.7635579999999998	0.4999433333333333	0.7490516666666668	0.8222222222222222	50	27	0.5376344086021505	joy	0.2982456140350877	wikivir.cleaned.xml	15618				window	wikivir-015618	wikivir-015618.s000001|wikivir-015618.s000002|wikivir-015618.s000003|wikivir-015618.s000004|wikivir-015618.s000005|wikivir-015618.s000006|wikivir-015618.s000007|wikivir-015618.s000008|wikivir-015618.s000009|wikivir-015618.s000010|wikivir-015618.s000011|wikivir-015618.s000012|wikivir-015618.s000013|wikivir-015618.s000014|wikivir-015618.s000015|wikivir-015618.s000016|wikivir-015618.s000017|wikivir-015618.s000018|wikivir-015618.s000019|wikivir-015618.s000020	44	252	188	93	1. O Bog, o Bog, kak’ srečen sem, Ker v Te verujem ino vem, Da vse ’z ničesar si ustvaril, Obilno širni svet obdaril; Vsezmožen ga držiš, mladiš, Očetovsko za vse skrbiš. 2. O Bog, o Bog, kak’ srečen sem, Ker v Te verujem, za Te vem, Objemam Te kot stvarnika, Očeta milostljivega, Neskončnega dobrotn	wikivir.cleaned.xml	15618	O Bog, o Bog, kak' srečen sem!	Jožef Muršec	19	pesmi				
emotion_anticipation_per_1k	290.32258064516134	wikivir-015618::document::1	wikivir-015618	document	253	O Bog, o Bog, kak' srečen sem!	Jožef Muršec	pesmi	19		1. O Bog, o Bog, kak’ srečen sem, Ker v Te verujem ino vem, Da vse ’z ničesar si ustvaril, Obilno širni svet obdaril; Vsezmožen ga držiš, mladiš, Očetovsko za vse skrbiš. 2. O Bog, o Bog, kak’ srečen sem, Ker v Te verujem, za Te vem, Objemam Te kot stvarnika, Očeta milostljivega, Neskončnega dobrotn	253	93	2.0	21.505376344086024	0.0175438596491228	0.013720000000000001	22.0	236.55913978494624	0.1929824561403508	0.20632	0.0	0.0	0.0	0.0	17.0	182.7956989247312	0.1491228070175438	0.04038	34.0	365.5913978494624	0.2982456140350877	0.4174	3.0	32.25806451612903	0.0263157894736842	0.02112	9.0	96.77419354838707	0.0789473684210526	0.08516	27.0	0.2368421052631578	0.38358	41.0	440.86021505376345	4.0	43.01075268817205	0.7635579999999998	0.4999433333333333	0.7490516666666668	0.8222222222222222	50	27	0.5376344086021505	joy	0.2982456140350877	wikivir.cleaned.xml	15618				document	wikivir-015618	wikivir-015618.s000001|wikivir-015618.s000002|wikivir-015618.s000003|wikivir-015618.s000004|wikivir-015618.s000005|wikivir-015618.s000006|wikivir-015618.s000007|wikivir-015618.s000008|wikivir-015618.s000009|wikivir-015618.s000010|wikivir-015618.s000011|wikivir-015618.s000012|wikivir-015618.s000013|wikivir-015618.s000014|wikivir-015618.s000015|wikivir-015618.s000016|wikivir-015618.s000017|wikivir-015618.s000018|wikivir-015618.s000019|wikivir-015618.s000020	44	253	188	93	1. O Bog, o Bog, kak’ srečen sem, Ker v Te verujem ino vem, Da vse ’z ničesar si ustvaril, Obilno širni svet obdaril; Vsezmožen ga držiš, mladiš, Očetovsko za vse skrbiš. 2. O Bog, o Bog, kak’ srečen sem, Ker v Te verujem, za Te vem, Objemam Te kot stvarnika, Očeta milostljivega, Neskončnega dobrotn	wikivir.cleaned.xml	15618	O Bog, o Bog, kak' srečen sem!	Jožef Muršec	19	pesmi				
emotion_anticipation_per_1k	305.5555555555556	wikivir-010666::window::3	wikivir-010666	window	172	Pripovedka o treh bratih		ljudske pripovedke	19		vrata vzeli seboj. Prišli so v gozdu do nekega drevesa, kjer so se skrili. Ali komaj so nekoliko časa sedeli na drevesi, prišli so roparji pod drevo,pa so prinesli tri vreče denarja seboj. Ko so pa denar počeli šteti, je nekaj na drevesi zašumelo. Roparji so se prestrašili ter so vsi zbežali, samo j	172	72	15.0	208.33333333333331	0.1530612244897959	0.03435555555555555	17.0	236.11111111111111	0.173469387755102	0.15062222222222224	8.0	111.1111111111111	0.0816326530612244	0.006933333333333333	4.0	55.55555555555555	0.0408163265306122	0.05244444444444444	15.0	208.33333333333331	0.1530612244897959	0.13348888888888888	2.0	27.77777777777777	0.0204081632653061	0.025688888888888886	15.0	208.33333333333331	0.1530612244897959	0.0753111111111111	22.0	0.2244897959183673	0.21551111111111113	18.0	250.0	4.0	55.55555555555555	0.5961666666666666	0.4291111111111111	0.5162888888888889	0.6363636363636364	45	25	0.625	trust	0.22448979591836735	wikivir.cleaned.xml	10666				window	wikivir-010666	wikivir-010666.s000021|wikivir-010666.s000022|wikivir-010666.s000023|wikivir-010666.s000024|wikivir-010666.s000025|wikivir-010666.s000026|wikivir-010666.s000027|wikivir-010666.s000028|wikivir-010666.s000029|wikivir-010666.s000030	10	172	146	71	vrata vzeli seboj. Prišli so v gozdu do nekega drevesa, kjer so se skrili. Ali komaj so nekoliko časa sedeli na drevesi, prišli so roparji pod drevo,pa so prinesli tri vreče denarja seboj. Ko so pa denar počeli šteti, je nekaj na drevesi zašumelo. Roparji so se prestrašili ter so vsi zbežali, samo j	wikivir.cleaned.xml	10666	Pripovedka o treh bratih		19	ljudske pripovedke				
emotion_anticipation_per_1k	209.30232558139537	wikivir-000440::document::1	wikivir-000440	document	94	Pesmi in romance	Josip Murn Aleksandrov	pesmi			Bela polja so, gozdovi, bela cesta je in gaz, belo lice ima dekle, ki iz vseh jo ljubim jaz. Bele gore so, domovi, svetel, bel je njih nakras, bele roke ima dekle, ki iz vseh jo ljubim jaz. Bele prsi, bele roke, lice nje prebelo je, sredi zime še globoke mi srce veselo je! Truden, mračen, neprijazen	94	43	1.0	23.25581395348837	0.0263157894736842	0.019074074074074073	10.0	232.5581395348837	0.2631578947368421	0.037037037037037035	2.0	46.51162790697674	0.0526315789473684	0.03270370370370371	4.0	93.02325581395348	0.1052631578947368	0.039259259259259265	9.0	209.30232558139537	0.2368421052631578	0.11003703703703704	3.0	69.76744186046511	0.0789473684210526	0.04455555555555556	0.0	0.0	0.0	0.011555555555555555	9.0	0.2368421052631578	0.022851851851851852	10.0	232.5581395348837	3.0	69.76744186046511	0.41546913580246914	0.28078395061728395	0.34060493827160493	0.5384615384615384	27	18	0.627906976744186	anticipation	0.2631578947368421	wikivir.cleaned.xml	440				document	wikivir-000440	wikivir-000440.s000001|wikivir-000440.s000002|wikivir-000440.s000003|wikivir-000440.s000004|wikivir-000440.s000005|wikivir-000440.s000006|wikivir-000440.s000007|wikivir-000440.s000008|wikivir-000440.s000009|wikivir-000440.s000010|wikivir-000440.s000011|wikivir-000440.s000012|wikivir-000440.s000013|wikivir-000440.s000014|wikivir-000440.s000015|wikivir-000440.s000016	16	94	72	42	Bela polja so, gozdovi, bela cesta je in gaz, belo lice ima dekle, ki iz vseh jo ljubim jaz. Bele gore so, domovi, svetel, bel je njih nakras, bele roke ima dekle, ki iz vseh jo ljubim jaz. Bele prsi, bele roke, lice nje prebelo je, sredi zime še globoke mi srce veselo je! Truden, mračen, neprijazen	wikivir.cleaned.xml	440	Pesmi in romance	Josip Murn Aleksandrov		pesmi				
emotion_anticipation_per_1k	209.30232558139537	wikivir-000440::window::1	wikivir-000440	window	93	Pesmi in romance	Josip Murn Aleksandrov	pesmi			Bela polja so, gozdovi, bela cesta je in gaz, belo lice ima dekle, ki iz vseh jo ljubim jaz. Bele gore so, domovi, svetel, bel je njih nakras, bele roke ima dekle, ki iz vseh jo ljubim jaz. Bele prsi, bele roke, lice nje prebelo je, sredi zime še globoke mi srce veselo je! Truden, mračen, neprijazen	93	43	1.0	23.25581395348837	0.0263157894736842	0.019074074074074073	10.0	232.5581395348837	0.2631578947368421	0.037037037037037035	2.0	46.51162790697674	0.0526315789473684	0.03270370370370371	4.0	93.02325581395348	0.1052631578947368	0.039259259259259265	9.0	209.30232558139537	0.2368421052631578	0.11003703703703704	3.0	69.76744186046511	0.0789473684210526	0.04455555555555556	0.0	0.0	0.0	0.011555555555555555	9.0	0.2368421052631578	0.022851851851851852	10.0	232.5581395348837	3.0	69.76744186046511	0.41546913580246914	0.28078395061728395	0.34060493827160493	0.5384615384615384	27	18	0.627906976744186	anticipation	0.2631578947368421	wikivir.cleaned.xml	440				window	wikivir-000440	wikivir-000440.s000001|wikivir-000440.s000002|wikivir-000440.s000003|wikivir-000440.s000004|wikivir-000440.s000005|wikivir-000440.s000006|wikivir-000440.s000007|wikivir-000440.s000008|wikivir-000440.s000009|wikivir-000440.s000010|wikivir-000440.s000011|wikivir-000440.s000012|wikivir-000440.s000013|wikivir-000440.s000014|wikivir-000440.s000015|wikivir-000440.s000016	16	93	72	42	Bela polja so, gozdovi, bela cesta je in gaz, belo lice ima dekle, ki iz vseh jo ljubim jaz. Bele gore so, domovi, svetel, bel je njih nakras, bele roke ima dekle, ki iz vseh jo ljubim jaz. Bele prsi, bele roke, lice nje prebelo je, sredi zime še globoke mi srce veselo je! Truden, mračen, neprijazen	wikivir.cleaned.xml	440	Pesmi in romance	Josip Murn Aleksandrov		pesmi				
emotion_anticipation_per_1k	115.3846153846154	wikivir-016173::window::24	wikivir-016173	window	142	Goljuf	Pavel Perko	črtice	20	1915	Glejte si!« so se čudili drug za drugim. »Takšen je bil, da je vedno kaj premišljeval in tuhtal. Jaz mislim: prej ali slej bi se mu bilo itak zmešalo,« je pristavil sosed. Bende je izvedel o Janezovi smrti, ko je bil že v Ameriki. Ženi je odpisal dolgo pismo, kjer pravi: »Bog mu daj dobro; hud nisem	142	52	2.0	38.46153846153847	0.0571428571428571	0.050249999999999996	12.0	230.7692307692308	0.3428571428571428	0.22516666666666665	1.0	19.230769230769237	0.0285714285714285	0.027333333333333334	4.0	76.92307692307693	0.1142857142857142	0.06445833333333333	4.0	76.92307692307693	0.1142857142857142	0.14429166666666668	3.0	57.69230769230769	0.0857142857142857	0.087625	3.0	57.69230769230769	0.0857142857142857	0.07616666666666666	6.0	0.1714285714285714	0.13083333333333333	7.0	134.6153846153846	3.0	57.69230769230769	0.6037166666666667	0.4369569444444445	0.5312798611111111	0.4	24	20	0.4615384615384615	anticipation	0.34285714285714286	wikivir.cleaned.xml	16173				window	wikivir-016173	wikivir-016173.s000349|wikivir-016173.s000350|wikivir-016173.s000351|wikivir-016173.s000352|wikivir-016173.s000353|wikivir-016173.s000354|wikivir-016173.s000355|wikivir-016173.s000356|wikivir-016173.s000357|wikivir-016173.s000358	10	142	115	48	Glejte si!« so se čudili drug za drugim. »Takšen je bil, da je vedno kaj premišljeval in tuhtal. Jaz mislim: prej ali slej bi se mu bilo itak zmešalo,« je pristavil sosed. Bende je izvedel o Janezovi smrti, ko je bil že v Ameriki. Ženi je odpisal dolgo pismo, kjer pravi: »Bog mu daj dobro; hud nisem	wikivir.cleaned.xml	16173	Goljuf	Pavel Perko	20	črtice			1915	
emotion_anticipation_per_1k	262.29508196721315	wikivir-001334::document::1	wikivir-001334	document	130	K zmagi	Srečko Kosovel	pesmi	20		Večkrat sem premišljeval o zmagi. In slišal sem zmago v zvoku fanfar, videl sem zmago v pisanih praporih, videl sem zmago v mirnih očeh, ki so gledale morje. In morje se je pomirilo. Videl sem zmago: z duhom, vojsko in silo. A zmaga s silo ni zmaga, to je nasilje. Bobni so peli, vojaki kričali, ljud	130	61	6.0	98.36065573770492	0.0845070422535211	0.09351282051282052	14.0	229.5081967213115	0.1971830985915492	0.21002564102564106	3.0	49.18032786885246	0.0422535211267605	0.04956410256410256	6.0	98.36065573770492	0.0845070422535211	0.1081794871794872	14.0	229.5081967213115	0.1971830985915492	0.2966923076923077	6.0	98.36065573770492	0.0845070422535211	0.07323076923076922	6.0	98.36065573770492	0.0845070422535211	0.08053846153846153	16.0	0.2253521126760563	0.2344102564102564	24.0	393.44262295081967	7.0	114.75409836065576	0.6794743589743589	0.5447606837606839	0.60367094017094	0.5483870967741935	39	25	0.639344262295082	trust	0.22535211267605634	wikivir.cleaned.xml	1334				document	wikivir-001334	wikivir-001334.s000001|wikivir-001334.s000002|wikivir-001334.s000003|wikivir-001334.s000004|wikivir-001334.s000005|wikivir-001334.s000006|wikivir-001334.s000007|wikivir-001334.s000008|wikivir-001334.s000009|wikivir-001334.s000010|wikivir-001334.s000011|wikivir-001334.s000012|wikivir-001334.s000013|wikivir-001334.s000014|wikivir-001334.s000015|wikivir-001334.s000016|wikivir-001334.s000017|wikivir-001334.s000018|wikivir-001334.s000019	19	130	106	59	Večkrat sem premišljeval o zmagi. In slišal sem zmago v zvoku fanfar, videl sem zmago v pisanih praporih, videl sem zmago v mirnih očeh, ki so gledale morje. In morje se je pomirilo. Videl sem zmago: z duhom, vojsko in silo. A zmaga s silo ni zmaga, to je nasilje. Bobni so peli, vojaki kričali, ljud	wikivir.cleaned.xml	1334	K zmagi	Srečko Kosovel	20	pesmi				
emotion_anticipation_per_1k	131.14754098360658	wikivir-019824::window::1	wikivir-019824	window	108	Himna sončnemu žarku	Zoran Božič	pesmi			Biti brez sonca je smrt za človeka, živali, rastline, več tisočletij nazaj vedel je že Akenaton. Ko v temini noči pojavi se žarek svetlobe, upanje spet se rodi, da prišel bo nov dan. Novo življenje dreves prihaja z enakonočjem, v brste iz korenin uporno pretaka se sok. Sonce dviguje svoj lok in topl	108	61	3.0	49.18032786885246	0.0545454545454545	0.023419354838709678	14.0	229.5081967213115	0.2545454545454545	0.23409677419354838	6.0	98.36065573770492	0.109090909090909	0.11512903225806453	3.0	49.18032786885246	0.0545454545454545	0.0377741935483871	11.0	180.32786885245903	0.2	0.26590322580645165	1.0	16.393442622950822	0.0181818181818181	0.029516129032258066	9.0	147.54098360655738	0.1636363636363636	0.07764516129032258	8.0	0.1454545454545454	0.13683870967741935	11.0	180.32786885245903	5.0	81.96721311475409	0.6577540322580645	0.4042352150537634	0.5065497311827957	0.375	31	26	0.5081967213114754	anticipation	0.2545454545454545	wikivir.cleaned.xml	19824				window	wikivir-019824	wikivir-019824.s000001|wikivir-019824.s000002|wikivir-019824.s000003|wikivir-019824.s000004|wikivir-019824.s000005|wikivir-019824.s000006|wikivir-019824.s000007|wikivir-019824.s000008|wikivir-019824.s000009|wikivir-019824.s000010|wikivir-019824.s000011|wikivir-019824.s000012	12	108	91	61	Biti brez sonca je smrt za človeka, živali, rastline, več tisočletij nazaj vedel je že Akenaton. Ko v temini noči pojavi se žarek svetlobe, upanje spet se rodi, da prišel bo nov dan. Novo življenje dreves prihaja z enakonočjem, v brste iz korenin uporno pretaka se sok. Sonce dviguje svoj lok in topl	wikivir.cleaned.xml	19824	Himna sončnemu žarku	Zoran Božič		pesmi				
emotion_anticipation_per_1k	262.29508196721315	wikivir-001334::window::1	wikivir-001334	window	129	K zmagi	Srečko Kosovel	pesmi	20		Večkrat sem premišljeval o zmagi. In slišal sem zmago v zvoku fanfar, videl sem zmago v pisanih praporih, videl sem zmago v mirnih očeh, ki so gledale morje. In morje se je pomirilo. Videl sem zmago: z duhom, vojsko in silo. A zmaga s silo ni zmaga, to je nasilje. Bobni so peli, vojaki kričali, ljud	129	61	6.0	98.36065573770492	0.0845070422535211	0.09351282051282052	14.0	229.5081967213115	0.1971830985915492	0.21002564102564106	3.0	49.18032786885246	0.0422535211267605	0.04956410256410256	6.0	98.36065573770492	0.0845070422535211	0.1081794871794872	14.0	229.5081967213115	0.1971830985915492	0.2966923076923077	6.0	98.36065573770492	0.0845070422535211	0.07323076923076922	6.0	98.36065573770492	0.0845070422535211	0.08053846153846153	16.0	0.2253521126760563	0.2344102564102564	24.0	393.44262295081967	7.0	114.75409836065576	0.6794743589743589	0.5447606837606839	0.60367094017094	0.5483870967741935	39	25	0.639344262295082	trust	0.22535211267605634	wikivir.cleaned.xml	1334				window	wikivir-001334	wikivir-001334.s000001|wikivir-001334.s000002|wikivir-001334.s000003|wikivir-001334.s000004|wikivir-001334.s000005|wikivir-001334.s000006|wikivir-001334.s000007|wikivir-001334.s000008|wikivir-001334.s000009|wikivir-001334.s000010|wikivir-001334.s000011|wikivir-001334.s000012|wikivir-001334.s000013|wikivir-001334.s000014|wikivir-001334.s000015|wikivir-001334.s000016|wikivir-001334.s000017|wikivir-001334.s000018|wikivir-001334.s000019	19	129	106	59	Večkrat sem premišljeval o zmagi. In slišal sem zmago v zvoku fanfar, videl sem zmago v pisanih praporih, videl sem zmago v mirnih očeh, ki so gledale morje. In morje se je pomirilo. Videl sem zmago: z duhom, vojsko in silo. A zmaga s silo ni zmaga, to je nasilje. Bobni so peli, vojaki kričali, ljud	wikivir.cleaned.xml	1334	K zmagi	Srečko Kosovel	20	pesmi				
emotion_anticipation_per_1k	131.14754098360658	wikivir-019824::document::1	wikivir-019824	document	109	Himna sončnemu žarku	Zoran Božič	pesmi			Biti brez sonca je smrt za človeka, živali, rastline, več tisočletij nazaj vedel je že Akenaton. Ko v temini noči pojavi se žarek svetlobe, upanje spet se rodi, da prišel bo nov dan. Novo življenje dreves prihaja z enakonočjem, v brste iz korenin uporno pretaka se sok. Sonce dviguje svoj lok in topl	109	61	3.0	49.18032786885246	0.0545454545454545	0.023419354838709678	14.0	229.5081967213115	0.2545454545454545	0.23409677419354838	6.0	98.36065573770492	0.109090909090909	0.11512903225806453	3.0	49.18032786885246	0.0545454545454545	0.0377741935483871	11.0	180.32786885245903	0.2	0.26590322580645165	1.0	16.393442622950822	0.0181818181818181	0.029516129032258066	9.0	147.54098360655738	0.1636363636363636	0.07764516129032258	8.0	0.1454545454545454	0.13683870967741935	11.0	180.32786885245903	5.0	81.96721311475409	0.6577540322580645	0.4042352150537634	0.5065497311827957	0.375	31	26	0.5081967213114754	anticipation	0.2545454545454545	wikivir.cleaned.xml	19824				document	wikivir-019824	wikivir-019824.s000001|wikivir-019824.s000002|wikivir-019824.s000003|wikivir-019824.s000004|wikivir-019824.s000005|wikivir-019824.s000006|wikivir-019824.s000007|wikivir-019824.s000008|wikivir-019824.s000009|wikivir-019824.s000010|wikivir-019824.s000011|wikivir-019824.s000012	12	109	91	61	Biti brez sonca je smrt za človeka, živali, rastline, več tisočletij nazaj vedel je že Akenaton. Ko v temini noči pojavi se žarek svetlobe, upanje spet se rodi, da prišel bo nov dan. Novo življenje dreves prihaja z enakonočjem, v brste iz korenin uporno pretaka se sok. Sonce dviguje svoj lok in topl	wikivir.cleaned.xml	19824	Himna sončnemu žarku	Zoran Božič		pesmi				
emotion_anticipation_per_1k	142.85714285714286	wikivir-000365::window::1	wikivir-000365	window	81	Pesem	Josip Murn Aleksandrov	pesmi			Lep, prelep je šopek ta, zlate v njem so niti, kdo do smrti zdrav, vesel bi ne hotel biti? Dolga, dolga pesem ta, ki tako začenja, tiha pesem iz srca, pesem hrepenenja. Ptička mi jo žvrgoli, starci zanjo vneti, z gore so višarske šli, težko jim umreti... Brez ljubezni hodim jaz in brez nad po sveti	81	35	1.0	28.57142857142857	0.03125	0.023916666666666666	8.0	228.57142857142856	0.25	0.15558333333333332	1.0	28.57142857142857	0.03125	0.027333333333333334	4.0	114.28571428571428	0.125	0.10187500000000001	6.0	171.42857142857142	0.1875	0.219625	5.0	142.85714285714286	0.15625	0.13120833333333334	2.0	57.14285714285714	0.0625	0.042	5.0	0.15625	0.12920833333333334	8.0	228.57142857142856	5.0	142.85714285714286	0.6328125	0.45102916666666665	0.5106756944444445	0.23076923076923078	24	20	0.6857142857142857	anticipation	0.25	wikivir.cleaned.xml	365	Pesmi in romance			window	wikivir-000365	wikivir-000365.s000001|wikivir-000365.s000002|wikivir-000365.s000003|wikivir-000365.s000004|wikivir-000365.s000005|wikivir-000365.s000006|wikivir-000365.s000007|wikivir-000365.s000008|wikivir-000365.s000009|wikivir-000365.s000010|wikivir-000365.s000011|wikivir-000365.s000012|wikivir-000365.s000013|wikivir-000365.s000014|wikivir-000365.s000015|wikivir-000365.s000016	16	81	63	35	Lep, prelep je šopek ta, zlate v njem so niti, kdo do smrti zdrav, vesel bi ne hotel biti? Dolga, dolga pesem ta, ki tako začenja, tiha pesem iz srca, pesem hrepenenja. Ptička mi jo žvrgoli, starci zanjo vneti, z gore so višarske šli, težko jim umreti... Brez ljubezni hodim jaz in brez nad po sveti 	wikivir.cleaned.xml	365	Pesem	Josip Murn Aleksandrov		pesmi	Pesmi in romance			
emotion_anticipation_per_1k	142.85714285714286	wikivir-000365::document::1	wikivir-000365	document	82	Pesem	Josip Murn Aleksandrov	pesmi			Lep, prelep je šopek ta, zlate v njem so niti, kdo do smrti zdrav, vesel bi ne hotel biti? Dolga, dolga pesem ta, ki tako začenja, tiha pesem iz srca, pesem hrepenenja. Ptička mi jo žvrgoli, starci zanjo vneti, z gore so višarske šli, težko jim umreti... Brez ljubezni hodim jaz in brez nad po sveti	82	35	1.0	28.57142857142857	0.03125	0.023916666666666666	8.0	228.57142857142856	0.25	0.15558333333333332	1.0	28.57142857142857	0.03125	0.027333333333333334	4.0	114.28571428571428	0.125	0.10187500000000001	6.0	171.42857142857142	0.1875	0.219625	5.0	142.85714285714286	0.15625	0.13120833333333334	2.0	57.14285714285714	0.0625	0.042	5.0	0.15625	0.12920833333333334	8.0	228.57142857142856	5.0	142.85714285714286	0.6328125	0.45102916666666665	0.5106756944444445	0.23076923076923078	24	20	0.6857142857142857	anticipation	0.25	wikivir.cleaned.xml	365	Pesmi in romance			document	wikivir-000365	wikivir-000365.s000001|wikivir-000365.s000002|wikivir-000365.s000003|wikivir-000365.s000004|wikivir-000365.s000005|wikivir-000365.s000006|wikivir-000365.s000007|wikivir-000365.s000008|wikivir-000365.s000009|wikivir-000365.s000010|wikivir-000365.s000011|wikivir-000365.s000012|wikivir-000365.s000013|wikivir-000365.s000014|wikivir-000365.s000015|wikivir-000365.s000016	16	82	63	35	Lep, prelep je šopek ta, zlate v njem so niti, kdo do smrti zdrav, vesel bi ne hotel biti? Dolga, dolga pesem ta, ki tako začenja, tiha pesem iz srca, pesem hrepenenja. Ptička mi jo žvrgoli, starci zanjo vneti, z gore so višarske šli, težko jim umreti... Brez ljubezni hodim jaz in brez nad po sveti 	wikivir.cleaned.xml	365	Pesem	Josip Murn Aleksandrov		pesmi	Pesmi in romance			
emotion_anticipation_per_1k	271.6049382716049	wikivir-014584::window::121	wikivir-014584	window	423	Žrtev razmer	Miroslav Malovrh	proza	20	1903	Da, gospod.« — »Ali pa tudi Vi ljubite svojega nebeškega ženina, ki Vam je tako naklonjen, da Vas je poljubil?« — »Od vsega srca, gospod.« — »Nikdar ga ne morete zadosti ljubiti, ker njegova ljubezen je neskončna in če ste je vredni, ne ostane samo pri poljubih. Ali se spominjate, da prosi verna duš	423	162	7.0	43.20987654320987	0.0463576158940397	0.0094	37.0	228.39506172839504	0.2450331125827814	0.25237647058823526	6.0	37.03703703703704	0.0397350993377483	0.013270588235294119	9.0	55.55555555555555	0.0596026490066225	0.0254	39.0	240.74074074074076	0.2582781456953642	0.3376235294117647	5.0	30.8641975308642	0.0331125827814569	0.02309411764705882	4.0	24.69135802469136	0.0264900662251655	0.0182	44.0	0.2913907284768212	0.29887058823529405	54.0	333.3333333333333	11.0	67.90123456790123	0.735578543417367	0.5016693277310923	0.590802801120448	0.6615384615384615	85	43	0.5246913580246914	trust	0.2913907284768212	wikivir.cleaned.xml	14584				window	wikivir-014584	wikivir-014584.s001191|wikivir-014584.s001192|wikivir-014584.s001193|wikivir-014584.s001194|wikivir-014584.s001195|wikivir-014584.s001196|wikivir-014584.s001197|wikivir-014584.s001198|wikivir-014584.s001199|wikivir-014584.s001200|wikivir-014584.s001201|wikivir-014584.s001202|wikivir-014584.s001203|wikivir-014584.s001204|wikivir-014584.s001205|wikivir-014584.s001206|wikivir-014584.s001207|wikivir-014584.s001208|wikivir-014584.s001209|wikivir-014584.s001210	24	423	300	156	Da, gospod.« — »Ali pa tudi Vi ljubite svojega nebeškega ženina, ki Vam je tako naklonjen, da Vas je poljubil?« — »Od vsega srca, gospod.« — »Nikdar ga ne morete zadosti ljubiti, ker njegova ljubezen je neskončna in če ste je vredni, ne ostane samo pri poljubih. Ali se spominjate, da prosi verna duš	wikivir.cleaned.xml	14584	Žrtev razmer	Miroslav Malovrh	20	proza			1903	
emotion_anticipation_per_1k	218.75	wikivir-016142::window::164	wikivir-016142	window	245	Veliki dnevi	Lojze Zupanc	proza	20		dalje, vse do zmage, dokler ne bomo ponesli svobode v slednjo slovensko vas. Zapojte, pionirji!« Objeli so se in objeti so stoječ drug poleg drugega zapeli veselo pesem: »Hej brigade, hitite ...« Večerilo se jo. Sonce je tonilo za Rogom, za gorovjem, kjer so se v času fašističnih hajk razvijale najv	245	128	2.0	15.625	0.0172413793103448	0.013191176470588236	29.0	226.5625	0.25	0.22366176470588234	1.0	7.8125	0.0086206896551724	0.003676470588235294	5.0	39.0625	0.043103448275862	0.04182352941176471	27.0	210.9375	0.2327586206896551	0.25004411764705886	5.0	39.0625	0.043103448275862	0.030073529411764704	19.0	148.4375	0.1637931034482758	0.09222058823529411	28.0	0.2413793103448276	0.21267647058823524	34.0	265.625	8.0	62.5	0.6652205882352941	0.48942843137254904	0.5648990196078432	0.6190476190476191	68	48	0.53125	anticipation	0.25	wikivir.cleaned.xml	16142				window	wikivir-016142	wikivir-016142.s002175|wikivir-016142.s002176|wikivir-016142.s002177|wikivir-016142.s002178|wikivir-016142.s002179|wikivir-016142.s002180|wikivir-016142.s002181|wikivir-016142.s002182|wikivir-016142.s002183|wikivir-016142.s002184|wikivir-016142.s002185|wikivir-016142.s002186|wikivir-016142.s002188|wikivir-016142.s002189|wikivir-016142.s002190|wikivir-016142.s002191	16	245	206	127	dalje, vse do zmage, dokler ne bomo ponesli svobode v slednjo slovensko vas. Zapojte, pionirji!« Objeli so se in objeti so stoječ drug poleg drugega zapeli veselo pesem: »Hej brigade, hitite ...« Večerilo se jo. Sonce je tonilo za Rogom, za gorovjem, kjer so se v času fašističnih hajk razvijale najv	wikivir.cleaned.xml	16142	Veliki dnevi	Lojze Zupanc	20	proza				
emotion_anticipation_per_1k	37.73584905660377	wikivir-004823::window::38	wikivir-004823	window	117	Jaslice	Zdravko Duša	dramska besedila	20		Ani: Ni še. Majda: Kaj pa čaka? Zbor ljudskih pevk poje staro pesem: Šla bom na goro visoko, visoko, šla bom na goro visoko, visoko, šla bom na goro visoko, visoko, vrgla bom sinka v Donavo. Plavaj mi, plavaj, sinko moj, sinko moj, plavaj mi, plavaj, sinko moj, sinko moj, plavaj mi, plavaj, sinko mo	117	53	0.0	0.0	0.0	0.0	12.0	226.41509433962264	0.3076923076923077	0.29555	0.0	0.0	0.0	0.0	11.0	207.5471698113208	0.282051282051282	0.06875	13.0	245.2830188679245	0.3333333333333333	0.20615	1.0	18.867924528301884	0.0256410256410256	0.0008500000000000001	0.0	0.0	0.0	0.0	2.0	0.0512820512820512	0.0418	13.0	245.2830188679245	1.0	18.867924528301884	0.6097750000000002	0.47325	0.48847500000000005	0.8571428571428571	20	8	0.3773584905660377	joy	0.3333333333333333	wikivir.cleaned.xml	4823				window	wikivir-004823	wikivir-004823.s001116|wikivir-004823.s001117|wikivir-004823.s001118|wikivir-004823.s001119|wikivir-004823.s001120|wikivir-004823.s001121|wikivir-004823.s001122|wikivir-004823.s001123|wikivir-004823.s001124|wikivir-004823.s001125|wikivir-004823.s001126|wikivir-004823.s001127|wikivir-004823.s001128|wikivir-004823.s001129|wikivir-004823.s001130|wikivir-004823.s001131|wikivir-004823.s001132|wikivir-004823.s001133|wikivir-004823.s001134|wikivir-004823.s001135	24	117	86	52	Ani: Ni še. Majda: Kaj pa čaka? Zbor ljudskih pevk poje staro pesem: Šla bom na goro visoko, visoko, šla bom na goro visoko, visoko, šla bom na goro visoko, visoko, vrgla bom sinka v Donavo. Plavaj mi, plavaj, sinko moj, sinko moj, plavaj mi, plavaj, sinko moj, sinko moj, plavaj mi, plavaj, sinko mo	wikivir.cleaned.xml	4823	Jaslice	Zdravko Duša	20	dramska besedila				
emotion_anticipation_per_1k	209.4240837696335	wikivir-004539::window::12	wikivir-004539	window	362	Preprosto pismo v raj	Berta Golob	črtice	21		To je dan in to le luč. Dan kliče dnevu: »Lepo je biti svetloba.« Zato vse, kar je svetlo, kar sveti in kar se sveti, slavi Boga. Slavijo ga bliski, ki začrtajo nebo na dvoje. Slavi ga mavrica. Slavi ga drobna kresnica. Slavita ga električna in plinska razsvetljava. Slavi ga svetilnik na morju. Tudi	362	191	4.0	20.942408376963357	0.0238095238095238	0.012492187500000002	43.0	225.130890052356	0.2559523809523809	0.157921875	4.0	20.942408376963357	0.0238095238095238	0.013554687499999999	11.0	57.59162303664921	0.0654761904761904	0.015507812499999999	40.0	209.4240837696335	0.238095238095238	0.23184375000000002	7.0	36.64921465968586	0.0416666666666666	0.0227734375	19.0	99.47643979057592	0.1130952380952381	0.0522734375	40.0	0.238095238095238	0.1589609375	48.0	251.3089005235602	9.0	47.12041884816754	0.6722687872023809	0.4539161086309524	0.5518010602678571	0.6842105263157895	128	78	0.6701570680628273	anticipation	0.25595238095238093	wikivir.cleaned.xml	4539				window	wikivir-004539	wikivir-004539.s000250|wikivir-004539.s000251|wikivir-004539.s000252|wikivir-004539.s000253|wikivir-004539.s000254|wikivir-004539.s000255|wikivir-004539.s000256|wikivir-004539.s000257|wikivir-004539.s000258|wikivir-004539.s000259|wikivir-004539.s000260|wikivir-004539.s000261|wikivir-004539.s000262|wikivir-004539.s000263|wikivir-004539.s000264|wikivir-004539.s000265|wikivir-004539.s000266|wikivir-004539.s000267|wikivir-004539.s000268|wikivir-004539.s000269	46	362	300	187	To je dan in to le luč. Dan kliče dnevu: »Lepo je biti svetloba.« Zato vse, kar je svetlo, kar sveti in kar se sveti, slavi Boga. Slavijo ga bliski, ki začrtajo nebo na dvoje. Slavi ga mavrica. Slavi ga drobna kresnica. Slavita ga električna in plinska razsvetljava. Slavi ga svetilnik na morju. Tudi	wikivir.cleaned.xml	4539	Preprosto pismo v raj	Berta Golob	21	črtice				
emotion_anticipation_per_1k	125.0	wikivir-019091::window::4	wikivir-019091	window	355	Romanca o beli cesti	Franc Ksaver Meško	kratka proza	20	1903	in vesel, in oči so mu z žarkim zanosom in drhtečim pričakovanjem zrle tja po beli cesti, družici njegovih lepih potov . . . Draga mu je bila nekdaj ta bela cesta, ker je poznala veliko skrivnost njegove duše: njegovo ljubezen. Ljuba mu je bila, ker je na tej cesti prvikrat videl njo!- Pomlad je bil	355	160	2.0	12.5	0.018018018018018	0.006690476190476191	36.0	225.0	0.3243243243243243	0.19798809523809524	3.0	18.75	0.027027027027027	0.02139285714285714	7.0	43.75	0.063063063063063	0.03494047619047619	27.0	168.75	0.2432432432432432	0.2114761904761905	4.0	25.0	0.036036036036036	0.01976190476190476	12.0	75.0	0.1081081081081081	0.056273809523809525	20.0	0.1801801801801801	0.11903571428571427	31.0	193.75	11.0	68.75	0.6236306689342404	0.45659195011337855	0.4840431122448979	0.47619047619047616	84	53	0.525	anticipation	0.32432432432432434	wikivir.cleaned.xml	19091				window	wikivir-019091	wikivir-019091.s000029|wikivir-019091.s000030|wikivir-019091.s000031|wikivir-019091.s000032|wikivir-019091.s000033|wikivir-019091.s000034|wikivir-019091.s000035|wikivir-019091.s000036|wikivir-019091.s000037|wikivir-019091.s000038|wikivir-019091.s000039|wikivir-019091.s000040|wikivir-019091.s000041|wikivir-019091.s000042|wikivir-019091.s000043	15	355	300	159	in vesel, in oči so mu z žarkim zanosom in drhtečim pričakovanjem zrle tja po beli cesti, družici njegovih lepih potov . . . Draga mu je bila nekdaj ta bela cesta, ker je poznala veliko skrivnost njegove duše: njegovo ljubezen. Ljuba mu je bila, ker je na tej cesti prvikrat videl njo!- Pomlad je bil	wikivir.cleaned.xml	19091	Romanca o beli cesti	Franc Ksaver Meško	20	kratka proza			1903	
emotion_anticipation_per_1k	125.0	wikivir-020325::window::1	wikivir-020325	window	89	Na nebo prišla megla je	Anica Žemlja	pesmi			Milo je nebo blestelo, milo vse pod njim cvetelo, jaz pa v jutra zlatej zori, zrla sem pojoč navzgori: “Le nebo mi jasno blesti - mladej ti žariš nevesti, in nebo ljubezni moje jasno je kot lice tvoje!” Pa ko sem tako vesela v jutra zlatej zori pela: na nebo prišla megla je, ter ostala tam tema je!	89	40	1.0	25.0	0.0357142857142857	0.009458333333333334	9.0	225.0	0.3214285714285714	0.19291666666666665	0.0	0.0	0.0	0.0	2.0	50.0	0.0714285714285714	0.025416666666666667	6.0	150.0	0.2142857142857142	0.19425	3.0	75.0	0.1071428571428571	0.03791666666666666	2.0	50.0	0.0714285714285714	0.03908333333333333	5.0	0.1785714285714285	0.13833333333333334	12.0	300.0	2.0	50.0	0.7262916666666667	0.3830152777777778	0.5172347222222222	0.7142857142857143	24	19	0.6	anticipation	0.32142857142857145	wikivir.cleaned.xml	20325				window	wikivir-020325	wikivir-020325.s000001|wikivir-020325.s000002|wikivir-020325.s000003|wikivir-020325.s000004|wikivir-020325.s000005|wikivir-020325.s000006|wikivir-020325.s000007|wikivir-020325.s000008|wikivir-020325.s000009|wikivir-020325.s000010|wikivir-020325.s000011|wikivir-020325.s000012|wikivir-020325.s000013|wikivir-020325.s000014|wikivir-020325.s000015|wikivir-020325.s000016	16	89	76	40	Milo je nebo blestelo, milo vse pod njim cvetelo, jaz pa v jutra zlatej zori, zrla sem pojoč navzgori: “Le nebo mi jasno blesti - mladej ti žariš nevesti, in nebo ljubezni moje jasno je kot lice tvoje!” Pa ko sem tako vesela v jutra zlatej zori pela: na nebo prišla megla je, ter ostala tam tema je! 	wikivir.cleaned.xml	20325	Na nebo prišla megla je	Anica Žemlja		pesmi				
emotion_anticipation_per_1k	125.0	wikivir-020325::document::1	wikivir-020325	document	90	Na nebo prišla megla je	Anica Žemlja	pesmi			Milo je nebo blestelo, milo vse pod njim cvetelo, jaz pa v jutra zlatej zori, zrla sem pojoč navzgori: “Le nebo mi jasno blesti - mladej ti žariš nevesti, in nebo ljubezni moje jasno je kot lice tvoje!” Pa ko sem tako vesela v jutra zlatej zori pela: na nebo prišla megla je, ter ostala tam tema je!	90	40	1.0	25.0	0.0357142857142857	0.009458333333333334	9.0	225.0	0.3214285714285714	0.19291666666666665	0.0	0.0	0.0	0.0	2.0	50.0	0.0714285714285714	0.025416666666666667	6.0	150.0	0.2142857142857142	0.19425	3.0	75.0	0.1071428571428571	0.03791666666666666	2.0	50.0	0.0714285714285714	0.03908333333333333	5.0	0.1785714285714285	0.13833333333333334	12.0	300.0	2.0	50.0	0.7262916666666667	0.3830152777777778	0.5172347222222222	0.7142857142857143	24	19	0.6	anticipation	0.32142857142857145	wikivir.cleaned.xml	20325				document	wikivir-020325	wikivir-020325.s000001|wikivir-020325.s000002|wikivir-020325.s000003|wikivir-020325.s000004|wikivir-020325.s000005|wikivir-020325.s000006|wikivir-020325.s000007|wikivir-020325.s000008|wikivir-020325.s000009|wikivir-020325.s000010|wikivir-020325.s000011|wikivir-020325.s000012|wikivir-020325.s000013|wikivir-020325.s000014|wikivir-020325.s000015|wikivir-020325.s000016	16	90	76	40	Milo je nebo blestelo, milo vse pod njim cvetelo, jaz pa v jutra zlatej zori, zrla sem pojoč navzgori: “Le nebo mi jasno blesti - mladej ti žariš nevesti, in nebo ljubezni moje jasno je kot lice tvoje!” Pa ko sem tako vesela v jutra zlatej zori pela: na nebo prišla megla je, ter ostala tam tema je! 	wikivir.cleaned.xml	20325	Na nebo prišla megla je	Anica Žemlja		pesmi				
emotion_disgust_per_1k	0.0	wikivir-019777::window::1	wikivir-019777	window	112	Na pot	Karel Destovnik Kajuh	pesmi	20		Kreni, bratec, na pot odrešenja! Kreni po poti življenja! Varuj se poti trpljenja! Vsegá, vsegá imaš, o bratec, luči imaš za na pot, z njo osvetlil si pota boš svoja. In tème imaš za na pot, z njo skrival boš svoje slabosti. Ne straši se poti, o bratec, vsakdo, ki je hodil po poti življenja, je naše	112	47	1.0	21.27659574468085	0.0416666666666666	0.01576470588235294	0.0	0.0	0.0	0.0	14.0	297.8723404255319	0.5833333333333334	0.21858823529411764	5.0	106.38297872340424	0.2083333333333333	0.16961764705882354	0.0	0.0	0.0	0.13576470588235293	4.0	85.1063829787234	0.1666666666666666	0.09929411764705882	0.0	0.0	0.0	0.0	0.0	0.0	0.12811764705882353	2.0	42.5531914893617	5.0	106.38297872340424	0.5260588235294118	0.5167867647058824	0.5113382352941176	-0.42857142857142855	34	13	0.723404255319149	disgust	0.5833333333333334	wikivir.cleaned.xml	19777				window	wikivir-019777	wikivir-019777.s000001|wikivir-019777.s000002|wikivir-019777.s000003|wikivir-019777.s000004|wikivir-019777.s000005|wikivir-019777.s000006|wikivir-019777.s000007|wikivir-019777.s000008|wikivir-019777.s000009|wikivir-019777.s000010|wikivir-019777.s000011|wikivir-019777.s000012|wikivir-019777.s000013|wikivir-019777.s000014|wikivir-019777.s000015|wikivir-019777.s000016|wikivir-019777.s000017|wikivir-019777.s000018	18	112	88	47	Kreni, bratec, na pot odrešenja! Kreni po poti življenja! Varuj se poti trpljenja! Vsegá, vsegá imaš, o bratec, luči imaš za na pot, z njo osvetlil si pota boš svoja. In tème imaš za na pot, z njo skrival boš svoje slabosti. Ne straši se poti, o bratec, vsakdo, ki je hodil po poti življenja, je naše	wikivir.cleaned.xml	19777	Na pot	Karel Destovnik Kajuh	20	pesmi				
emotion_disgust_per_1k	0.0	wikivir-019777::document::1	wikivir-019777	document	115	Na pot	Karel Destovnik Kajuh	pesmi	20		Kreni, bratec, na pot odrešenja! Kreni po poti življenja! Varuj se poti trpljenja! Vsegá, vsegá imaš, o bratec, luči imaš za na pot, z njo osvetlil si pota boš svoja. In tème imaš za na pot, z njo skrival boš svoje slabosti. Ne straši se poti, o bratec, vsakdo, ki je hodil po poti življenja, je naše	115	47	1.0	21.27659574468085	0.0416666666666666	0.01576470588235294	0.0	0.0	0.0	0.0	14.0	297.8723404255319	0.5833333333333334	0.21858823529411764	5.0	106.38297872340424	0.2083333333333333	0.16961764705882354	0.0	0.0	0.0	0.13576470588235293	4.0	85.1063829787234	0.1666666666666666	0.09929411764705882	0.0	0.0	0.0	0.0	0.0	0.0	0.12811764705882353	2.0	42.5531914893617	5.0	106.38297872340424	0.5260588235294118	0.5167867647058824	0.5113382352941176	-0.42857142857142855	34	13	0.723404255319149	disgust	0.5833333333333334	wikivir.cleaned.xml	19777				document	wikivir-019777	wikivir-019777.s000001|wikivir-019777.s000002|wikivir-019777.s000003|wikivir-019777.s000004|wikivir-019777.s000005|wikivir-019777.s000006|wikivir-019777.s000007|wikivir-019777.s000008|wikivir-019777.s000009|wikivir-019777.s000010|wikivir-019777.s000011|wikivir-019777.s000012|wikivir-019777.s000013|wikivir-019777.s000014|wikivir-019777.s000015|wikivir-019777.s000016|wikivir-019777.s000017|wikivir-019777.s000018	18	115	88	47	Kreni, bratec, na pot odrešenja! Kreni po poti življenja! Varuj se poti trpljenja! Vsegá, vsegá imaš, o bratec, luči imaš za na pot, z njo osvetlil si pota boš svoja. In tème imaš za na pot, z njo skrival boš svoje slabosti. Ne straši se poti, o bratec, vsakdo, ki je hodil po poti življenja, je naše	wikivir.cleaned.xml	19777	Na pot	Karel Destovnik Kajuh	20	pesmi				
emotion_disgust_per_1k	76.92307692307693	wikivir-004045::window::1	wikivir-004045	window	99	Bodi moj	Tanja Nežmah Dolinšek	pesmi	21		Ko bi smela, a ne smem, le besedo ali dve izreči, rekla bi ti: ljubim te. Kaj vse bi dala za en tvoj poljub, dotik, ki bi me grel, razveselil srce. Ko bi smela, a ne smem, saj nisem tvoja, ti ne moj, bi ti rekla: želim si te. Kaj vse bi dala za večnost tvojega pogleda čeprav vem, da tvoja pot ni moj	99	26	0.0	0.0	0.0	0.0	1.0	38.46153846153847	0.0555555555555555	0.034846153846153846	7.0	269.2307692307692	0.3888888888888889	0.36792307692307696	0.0	0.0	0.0	0.0	1.0	38.46153846153847	0.0555555555555555	0.12023076923076922	6.0	230.7692307692308	0.3333333333333333	0.12846153846153846	1.0	38.46153846153847	0.0555555555555555	0.02346153846153846	2.0	0.1111111111111111	0.1616923076923077	3.0	115.3846153846154	6.0	230.7692307692308	0.46524358974358976	0.4850256410256411	0.4128974358974359	-0.3333333333333333	13	8	0.5	disgust	0.3888888888888889	wikivir.cleaned.xml	4045	Angel brez kril			window	wikivir-004045	wikivir-004045.s000001|wikivir-004045.s000002|wikivir-004045.s000003|wikivir-004045.s000004|wikivir-004045.s000005|wikivir-004045.s000006|wikivir-004045.s000007|wikivir-004045.s000008|wikivir-004045.s000009|wikivir-004045.s000010|wikivir-004045.s000011|wikivir-004045.s000012|wikivir-004045.s000013	13	99	79	26	Ko bi smela, a ne smem, le besedo ali dve izreči, rekla bi ti: ljubim te. Kaj vse bi dala za en tvoj poljub, dotik, ki bi me grel, razveselil srce. Ko bi smela, a ne smem, saj nisem tvoja, ti ne moj, bi ti rekla: želim si te. Kaj vse bi dala za večnost tvojega pogleda čeprav vem, da tvoja pot ni moj	wikivir.cleaned.xml	4045	Bodi moj	Tanja Nežmah Dolinšek	21	pesmi	Angel brez kril			
emotion_disgust_per_1k	76.92307692307693	wikivir-004045::document::1	wikivir-004045	document	100	Bodi moj	Tanja Nežmah Dolinšek	pesmi	21		Ko bi smela, a ne smem, le besedo ali dve izreči, rekla bi ti: ljubim te. Kaj vse bi dala za en tvoj poljub, dotik, ki bi me grel, razveselil srce. Ko bi smela, a ne smem, saj nisem tvoja, ti ne moj, bi ti rekla: želim si te. Kaj vse bi dala za večnost tvojega pogleda čeprav vem, da tvoja pot ni moj	100	26	0.0	0.0	0.0	0.0	1.0	38.46153846153847	0.0555555555555555	0.034846153846153846	7.0	269.2307692307692	0.3888888888888889	0.36792307692307696	0.0	0.0	0.0	0.0	1.0	38.46153846153847	0.0555555555555555	0.12023076923076922	6.0	230.7692307692308	0.3333333333333333	0.12846153846153846	1.0	38.46153846153847	0.0555555555555555	0.02346153846153846	2.0	0.1111111111111111	0.1616923076923077	3.0	115.3846153846154	6.0	230.7692307692308	0.46524358974358976	0.4850256410256411	0.4128974358974359	-0.3333333333333333	13	8	0.5	disgust	0.3888888888888889	wikivir.cleaned.xml	4045	Angel brez kril			document	wikivir-004045	wikivir-004045.s000001|wikivir-004045.s000002|wikivir-004045.s000003|wikivir-004045.s000004|wikivir-004045.s000005|wikivir-004045.s000006|wikivir-004045.s000007|wikivir-004045.s000008|wikivir-004045.s000009|wikivir-004045.s000010|wikivir-004045.s000011|wikivir-004045.s000012|wikivir-004045.s000013	13	100	79	26	Ko bi smela, a ne smem, le besedo ali dve izreči, rekla bi ti: ljubim te. Kaj vse bi dala za en tvoj poljub, dotik, ki bi me grel, razveselil srce. Ko bi smela, a ne smem, saj nisem tvoja, ti ne moj, bi ti rekla: želim si te. Kaj vse bi dala za večnost tvojega pogleda čeprav vem, da tvoja pot ni moj	wikivir.cleaned.xml	4045	Bodi moj	Tanja Nežmah Dolinšek	21	pesmi	Angel brez kril			
emotion_disgust_per_1k	30.612244897959183	wikivir-004373::document::1	wikivir-004373	document	241	Sosed gora/Plesen	Svetlana Makarovič	pesmi	20		Plesen Hlebec kruha belega je predolgo čakal nate. Kaj se v mraku lesketa s sijem motnega srebra – je to plesen? To je plesen. Tisto v kotu, tisto belo – to ni ona. Nje več ni. Ona je takrat umrla, ko je vzela kruh iz peči – je to plesen? To je plesen. Hiša se je okrasila s kapo sivega snega, sive v	241	98	2.0	20.40816326530612	0.05	0.015999999999999997	3.0	30.612244897959183	0.075	0.007392857142857143	21.0	214.28571428571428	0.525	0.20166071428571428	1.0	10.20408163265306	0.025	0.013678571428571429	4.0	40.81632653061224	0.1	0.026267857142857145	5.0	51.02040816326531	0.125	0.0375	1.0	10.20408163265306	0.025	0.009625	3.0	0.075	0.006553571428571429	4.0	40.81632653061224	21.0	214.28571428571428	0.4817261904761905	0.2887910714285714	0.34183214285714286	-0.68	56	34	0.5714285714285714	disgust	0.525	wikivir.cleaned.xml	4373	Sosed gora			document	wikivir-004373	wikivir-004373.s000001|wikivir-004373.s000002|wikivir-004373.s000003|wikivir-004373.s000004|wikivir-004373.s000005|wikivir-004373.s000006|wikivir-004373.s000007|wikivir-004373.s000008|wikivir-004373.s000009|wikivir-004373.s000010|wikivir-004373.s000011|wikivir-004373.s000012|wikivir-004373.s000013|wikivir-004373.s000014|wikivir-004373.s000015|wikivir-004373.s000016|wikivir-004373.s000017|wikivir-004373.s000018|wikivir-004373.s000019|wikivir-004373.s000020	50	241	190	94	Plesen Hlebec kruha belega je predolgo čakal nate. Kaj se v mraku lesketa s sijem motnega srebra – je to plesen? To je plesen. Tisto v kotu, tisto belo – to ni ona. Nje več ni. Ona je takrat umrla, ko je vzela kruh iz peči – je to plesen? To je plesen. Hiša se je okrasila s kapo sivega snega, sive v	wikivir.cleaned.xml	4373	Sosed gora/Plesen	Svetlana Makarovič	20	pesmi	Sosed gora			
emotion_disgust_per_1k	30.612244897959183	wikivir-004373::window::1	wikivir-004373	window	240	Sosed gora/Plesen	Svetlana Makarovič	pesmi	20		Plesen Hlebec kruha belega je predolgo čakal nate. Kaj se v mraku lesketa s sijem motnega srebra – je to plesen? To je plesen. Tisto v kotu, tisto belo – to ni ona. Nje več ni. Ona je takrat umrla, ko je vzela kruh iz peči – je to plesen? To je plesen. Hiša se je okrasila s kapo sivega snega, sive v	240	98	2.0	20.40816326530612	0.05	0.015999999999999997	3.0	30.612244897959183	0.075	0.007392857142857143	21.0	214.28571428571428	0.525	0.20166071428571428	1.0	10.20408163265306	0.025	0.013678571428571429	4.0	40.81632653061224	0.1	0.026267857142857145	5.0	51.02040816326531	0.125	0.0375	1.0	10.20408163265306	0.025	0.009625	3.0	0.075	0.006553571428571429	4.0	40.81632653061224	21.0	214.28571428571428	0.4817261904761905	0.2887910714285714	0.34183214285714286	-0.68	56	34	0.5714285714285714	disgust	0.525	wikivir.cleaned.xml	4373	Sosed gora			window	wikivir-004373	wikivir-004373.s000001|wikivir-004373.s000002|wikivir-004373.s000003|wikivir-004373.s000004|wikivir-004373.s000005|wikivir-004373.s000006|wikivir-004373.s000007|wikivir-004373.s000008|wikivir-004373.s000009|wikivir-004373.s000010|wikivir-004373.s000011|wikivir-004373.s000012|wikivir-004373.s000013|wikivir-004373.s000014|wikivir-004373.s000015|wikivir-004373.s000016|wikivir-004373.s000017|wikivir-004373.s000018|wikivir-004373.s000019|wikivir-004373.s000020	50	240	190	94	Plesen Hlebec kruha belega je predolgo čakal nate. Kaj se v mraku lesketa s sijem motnega srebra – je to plesen? To je plesen. Tisto v kotu, tisto belo – to ni ona. Nje več ni. Ona je takrat umrla, ko je vzela kruh iz peči – je to plesen? To je plesen. Hiša se je okrasila s kapo sivega snega, sive v	wikivir.cleaned.xml	4373	Sosed gora/Plesen	Svetlana Makarovič	20	pesmi	Sosed gora			
emotion_disgust_per_1k	70.42253521126761	wikivir-002053::window::1	wikivir-002053	window	164	Kačja jama	Ivan Tušek	pripovedke	19		In tedaj se privali kača in ga požre. Nekoč je šel neki fant od doma. Spotoma ja padel v kačjo jamo in je tam s kačami vred demant lizal, da ni umrl od lakote. Potlej se ga je usmilila kačja kraljica in ga je trikrat z repom ven vrgla. Šele tretjič ga je do vrha jame, da je lahko vstal in bežal. Dru	164	71	3.0	42.25352112676056	0.073170731707317	0.03373809523809524	3.0	42.25352112676056	0.073170731707317	0.021380952380952382	14.0	197.18309859154928	0.3414634146341463	0.1134285714285714	9.0	126.76056338028168	0.2195121951219512	0.15440476190476188	2.0	28.169014084507044	0.048780487804878	0.033523809523809525	3.0	42.25352112676056	0.073170731707317	0.05614285714285715	2.0	28.169014084507044	0.048780487804878	0.005571428571428571	5.0	0.1219512195121951	0.05283333333333334	3.0	42.25352112676056	16.0	225.35211267605635	0.44456547619047615	0.4901210317460317	0.4629980158730159	-0.6842105263157895	42	28	0.5915492957746479	disgust	0.34146341463414637	wikivir.cleaned.xml	2053				window	wikivir-002053	wikivir-002053.s000001|wikivir-002053.s000002|wikivir-002053.s000003|wikivir-002053.s000004|wikivir-002053.s000005|wikivir-002053.s000006|wikivir-002053.s000007|wikivir-002053.s000008|wikivir-002053.s000009	9	164	149	71	In tedaj se privali kača in ga požre. Nekoč je šel neki fant od doma. Spotoma ja padel v kačjo jamo in je tam s kačami vred demant lizal, da ni umrl od lakote. Potlej se ga je usmilila kačja kraljica in ga je trikrat z repom ven vrgla. Šele tretjič ga je do vrha jame, da je lahko vstal in bežal. Dru	wikivir.cleaned.xml	2053	Kačja jama	Ivan Tušek	19	pripovedke				
emotion_disgust_per_1k	70.42253521126761	wikivir-002053::document::1	wikivir-002053	document	165	Kačja jama	Ivan Tušek	pripovedke	19		In tedaj se privali kača in ga požre. Nekoč je šel neki fant od doma. Spotoma ja padel v kačjo jamo in je tam s kačami vred demant lizal, da ni umrl od lakote. Potlej se ga je usmilila kačja kraljica in ga je trikrat z repom ven vrgla. Šele tretjič ga je do vrha jame, da je lahko vstal in bežal. Dru	165	71	3.0	42.25352112676056	0.073170731707317	0.03373809523809524	3.0	42.25352112676056	0.073170731707317	0.021380952380952382	14.0	197.18309859154928	0.3414634146341463	0.1134285714285714	9.0	126.76056338028168	0.2195121951219512	0.15440476190476188	2.0	28.169014084507044	0.048780487804878	0.033523809523809525	3.0	42.25352112676056	0.073170731707317	0.05614285714285715	2.0	28.169014084507044	0.048780487804878	0.005571428571428571	5.0	0.1219512195121951	0.05283333333333334	3.0	42.25352112676056	16.0	225.35211267605635	0.44456547619047615	0.4901210317460317	0.4629980158730159	-0.6842105263157895	42	28	0.5915492957746479	disgust	0.34146341463414637	wikivir.cleaned.xml	2053				document	wikivir-002053	wikivir-002053.s000001|wikivir-002053.s000002|wikivir-002053.s000003|wikivir-002053.s000004|wikivir-002053.s000005|wikivir-002053.s000006|wikivir-002053.s000007|wikivir-002053.s000008|wikivir-002053.s000009	9	165	149	71	In tedaj se privali kača in ga požre. Nekoč je šel neki fant od doma. Spotoma ja padel v kačjo jamo in je tam s kačami vred demant lizal, da ni umrl od lakote. Potlej se ga je usmilila kačja kraljica in ga je trikrat z repom ven vrgla. Šele tretjič ga je do vrha jame, da je lahko vstal in bežal. Dru	wikivir.cleaned.xml	2053	Kačja jama	Ivan Tušek	19	pripovedke				
emotion_disgust_per_1k	46.51162790697674	wikivir-004996::window::1	wikivir-004996	window	82	Preden sneg zapade	Lili Novy	pesmi	20		PREDEN SNEG ZAPADE Preden sneg zapade skrite sreče kraj, pota, gaj, livade, mi srcé zajoče kot otrok in hoče še enkrat nazaj. Saj bo dolga zima, saj bo bridka smrt. - Črna vrana kima, prazna, vlažna njiva, mègla se preriva, log je že zastrt. Nič ti ne pomaga, če greš tja nazaj! Tvoja pota draga žalo	82	43	4.0	93.02325581395348	0.1333333333333333	0.06125	6.0	139.53488372093022	0.2	0.105375	8.0	186.04651162790697	0.2666666666666666	0.12958333333333333	1.0	23.25581395348837	0.0333333333333333	0.035124999999999997	2.0	46.51162790697674	0.0666666666666666	0.05329166666666666	3.0	69.76744186046511	0.1	0.08712500000000001	4.0	93.02325581395348	0.1333333333333333	0.058249999999999996	2.0	0.0666666666666666	0.063125	3.0	69.76744186046511	7.0	162.79069767441862	0.44831249999999995	0.3976041666666667	0.4060972222222223	-0.4	24	21	0.5581395348837209	disgust	0.26666666666666666	wikivir.cleaned.xml	4996				window	wikivir-004996	wikivir-004996.s000001|wikivir-004996.s000002|wikivir-004996.s000003|wikivir-004996.s000004|wikivir-004996.s000005|wikivir-004996.s000006|wikivir-004996.s000007|wikivir-004996.s000008|wikivir-004996.s000009|wikivir-004996.s000011|wikivir-004996.s000012|wikivir-004996.s000013|wikivir-004996.s000014|wikivir-004996.s000015|wikivir-004996.s000016|wikivir-004996.s000017|wikivir-004996.s000018|wikivir-004996.s000019|wikivir-004996.s000020	19	82	64	43	PREDEN SNEG ZAPADE Preden sneg zapade skrite sreče kraj, pota, gaj, livade, mi srcé zajoče kot otrok in hoče še enkrat nazaj. Saj bo dolga zima, saj bo bridka smrt. - Črna vrana kima, prazna, vlažna njiva, mègla se preriva, log je že zastrt. Nič ti ne pomaga, če greš tja nazaj! Tvoja pota draga žalo	wikivir.cleaned.xml	4996	Preden sneg zapade	Lili Novy	20	pesmi				
emotion_disgust_per_1k	46.51162790697674	wikivir-004996::document::1	wikivir-004996	document	84	Preden sneg zapade	Lili Novy	pesmi	20		PREDEN SNEG ZAPADE Preden sneg zapade skrite sreče kraj, pota, gaj, livade, mi srcé zajoče kot otrok in hoče še enkrat nazaj. Saj bo dolga zima, saj bo bridka smrt. - Črna vrana kima, prazna, vlažna njiva, mègla se preriva, log je že zastrt. Nič ti ne pomaga, če greš tja nazaj! Tvoja pota draga žalo	84	43	4.0	93.02325581395348	0.1333333333333333	0.06125	6.0	139.53488372093022	0.2	0.105375	8.0	186.04651162790697	0.2666666666666666	0.12958333333333333	1.0	23.25581395348837	0.0333333333333333	0.035124999999999997	2.0	46.51162790697674	0.0666666666666666	0.05329166666666666	3.0	69.76744186046511	0.1	0.08712500000000001	4.0	93.02325581395348	0.1333333333333333	0.058249999999999996	2.0	0.0666666666666666	0.063125	3.0	69.76744186046511	7.0	162.79069767441862	0.44831249999999995	0.3976041666666667	0.4060972222222223	-0.4	24	21	0.5581395348837209	disgust	0.26666666666666666	wikivir.cleaned.xml	4996				document	wikivir-004996	wikivir-004996.s000001|wikivir-004996.s000002|wikivir-004996.s000003|wikivir-004996.s000004|wikivir-004996.s000005|wikivir-004996.s000006|wikivir-004996.s000007|wikivir-004996.s000008|wikivir-004996.s000009|wikivir-004996.s000010|wikivir-004996.s000011|wikivir-004996.s000012|wikivir-004996.s000013|wikivir-004996.s000014|wikivir-004996.s000015|wikivir-004996.s000016|wikivir-004996.s000017|wikivir-004996.s000018|wikivir-004996.s000019|wikivir-004996.s000020	21	84	64	43	PREDEN SNEG ZAPADE Preden sneg zapade skrite sreče kraj, pota, gaj, livade, mi srcé zajoče kot otrok in hoče še enkrat nazaj. Saj bo dolga zima, saj bo bridka smrt. - Črna vrana kima, prazna, vlažna njiva, mègla se preriva, log je že zastrt. Nič ti ne pomaga, če greš tja nazaj! Tvoja pota draga žalo	wikivir.cleaned.xml	4996	Preden sneg zapade	Lili Novy	20	pesmi				
emotion_disgust_per_1k	26.31578947368421	wikivir-002089::document::1	wikivir-002089	document	93	Mihec in škrat	Andrej Kokot	pesmi	20		Mihec in škrat Čisto po tihem kot zna samo škrat, prišel je v hišo, kjer Mihec gre spat, da ga pocuka za nos, napravi kup zdrah, mu osle pokaže, malo zacvili, da Mihca bilo bi strah . . . A šment, tudi Mihec je sklenil, da ne bo zaspal, da bo kakor škrat, vso noč buden ostal. Zato nihče ne ve kako s	93	38	6.0	157.89473684210526	0.2307692307692307	0.09000000000000001	1.0	26.31578947368421	0.0384615384615384	0.0395	7.0	184.21052631578945	0.2692307692307692	0.0955	6.0	157.89473684210526	0.2307692307692307	0.09305555555555554	0.0	0.0	0.0	0.010444444444444444	2.0	52.63157894736842	0.0769230769230769	0.03822222222222222	3.0	78.94736842105263	0.1153846153846153	0.1146111111111111	1.0	0.0384615384615384	0.016944444444444443	2.0	52.63157894736842	8.0	210.52631578947367	0.46421296296296294	0.4416481481481481	0.4288055555555556	-0.6	18	14	0.4736842105263157	disgust	0.2692307692307692	wikivir.cleaned.xml	2089				document	wikivir-002089	wikivir-002089.s000001|wikivir-002089.s000002|wikivir-002089.s000003|wikivir-002089.s000004|wikivir-002089.s000005|wikivir-002089.s000006|wikivir-002089.s000007|wikivir-002089.s000008|wikivir-002089.s000009|wikivir-002089.s000010|wikivir-002089.s000011|wikivir-002089.s000012|wikivir-002089.s000013|wikivir-002089.s000014|wikivir-002089.s000015|wikivir-002089.s000016|wikivir-002089.s000017	17	93	75	36	Mihec in škrat Čisto po tihem kot zna samo škrat, prišel je v hišo, kjer Mihec gre spat, da ga pocuka za nos, napravi kup zdrah, mu osle pokaže, malo zacvili, da Mihca bilo bi strah . . . A šment, tudi Mihec je sklenil, da ne bo zaspal, da bo kakor škrat, vso noč buden ostal. Zato nihče ne ve kako s	wikivir.cleaned.xml	2089	Mihec in škrat	Andrej Kokot	20	pesmi				
emotion_disgust_per_1k	26.31578947368421	wikivir-002089::window::1	wikivir-002089	window	92	Mihec in škrat	Andrej Kokot	pesmi	20		Mihec in škrat Čisto po tihem kot zna samo škrat, prišel je v hišo, kjer Mihec gre spat, da ga pocuka za nos, napravi kup zdrah, mu osle pokaže, malo zacvili, da Mihca bilo bi strah . . . A šment, tudi Mihec je sklenil, da ne bo zaspal, da bo kakor škrat, vso noč buden ostal. Zato nihče ne ve kako s	92	38	6.0	157.89473684210526	0.2307692307692307	0.09000000000000001	1.0	26.31578947368421	0.0384615384615384	0.0395	7.0	184.21052631578945	0.2692307692307692	0.0955	6.0	157.89473684210526	0.2307692307692307	0.09305555555555554	0.0	0.0	0.0	0.010444444444444444	2.0	52.63157894736842	0.0769230769230769	0.03822222222222222	3.0	78.94736842105263	0.1153846153846153	0.1146111111111111	1.0	0.0384615384615384	0.016944444444444443	2.0	52.63157894736842	8.0	210.52631578947367	0.46421296296296294	0.4416481481481481	0.4288055555555556	-0.6	18	14	0.4736842105263157	disgust	0.2692307692307692	wikivir.cleaned.xml	2089				window	wikivir-002089	wikivir-002089.s000001|wikivir-002089.s000002|wikivir-002089.s000003|wikivir-002089.s000004|wikivir-002089.s000005|wikivir-002089.s000006|wikivir-002089.s000007|wikivir-002089.s000008|wikivir-002089.s000009|wikivir-002089.s000010|wikivir-002089.s000011|wikivir-002089.s000012|wikivir-002089.s000013|wikivir-002089.s000014|wikivir-002089.s000015|wikivir-002089.s000016|wikivir-002089.s000017	17	92	75	36	Mihec in škrat Čisto po tihem kot zna samo škrat, prišel je v hišo, kjer Mihec gre spat, da ga pocuka za nos, napravi kup zdrah, mu osle pokaže, malo zacvili, da Mihca bilo bi strah . . . A šment, tudi Mihec je sklenil, da ne bo zaspal, da bo kakor škrat, vso noč buden ostal. Zato nihče ne ve kako s	wikivir.cleaned.xml	2089	Mihec in škrat	Andrej Kokot	20	pesmi				
emotion_disgust_per_1k	142.85714285714286	wikivir-000278::document::1	wikivir-000278	document	89	Golobčki	Srečko Kosovel	pesmi			Golobčki, ne sedajte pred moja okna. Kaj bi sedali, kaj bi me gledali, beli golobčki? Vi me spominjate na mojo ljubico, a kaj bi z ljubico, z ljubico belo, moji golobčki? Moje srce, saj ni več veselo, moja ljubica morala umreti bi, če bi z mano živela, golobčki. Vi me spominjate ljubice moje, ki kak	89	28	5.0	178.57142857142858	0.2	0.06066666666666666	4.0	142.85714285714286	0.16	0.037000000000000005	5.0	178.57142857142858	0.2	0.17433333333333334	1.0	35.714285714285715	0.04	0.05106666666666667	4.0	142.85714285714286	0.16	0.1312	1.0	35.714285714285715	0.04	0.051533333333333334	1.0	35.714285714285715	0.04	0.028666666666666667	4.0	0.16	0.0406	9.0	321.42857142857144	6.0	214.28571428571428	0.5297555555555555	0.44738	0.44032	0.2	15	8	0.5357142857142857	anger	0.2	wikivir.cleaned.xml	278				document	wikivir-000278	wikivir-000278.s000001|wikivir-000278.s000002|wikivir-000278.s000003|wikivir-000278.s000004|wikivir-000278.s000005|wikivir-000278.s000006|wikivir-000278.s000007|wikivir-000278.s000008|wikivir-000278.s000009|wikivir-000278.s000010|wikivir-000278.s000011|wikivir-000278.s000012|wikivir-000278.s000013|wikivir-000278.s000014|wikivir-000278.s000015|wikivir-000278.s000016	16	89	70	28	Golobčki, ne sedajte pred moja okna. Kaj bi sedali, kaj bi me gledali, beli golobčki? Vi me spominjate na mojo ljubico, a kaj bi z ljubico, z ljubico belo, moji golobčki? Moje srce, saj ni več veselo, moja ljubica morala umreti bi, če bi z mano živela, golobčki. Vi me spominjate ljubice moje, ki kak	wikivir.cleaned.xml	278	Golobčki	Srečko Kosovel		pesmi				
emotion_disgust_per_1k	142.85714285714286	wikivir-000278::window::1	wikivir-000278	window	88	Golobčki	Srečko Kosovel	pesmi			Golobčki, ne sedajte pred moja okna. Kaj bi sedali, kaj bi me gledali, beli golobčki? Vi me spominjate na mojo ljubico, a kaj bi z ljubico, z ljubico belo, moji golobčki? Moje srce, saj ni več veselo, moja ljubica morala umreti bi, če bi z mano živela, golobčki. Vi me spominjate ljubice moje, ki kak	88	28	5.0	178.57142857142858	0.2	0.06066666666666666	4.0	142.85714285714286	0.16	0.037000000000000005	5.0	178.57142857142858	0.2	0.17433333333333334	1.0	35.714285714285715	0.04	0.05106666666666667	4.0	142.85714285714286	0.16	0.1312	1.0	35.714285714285715	0.04	0.051533333333333334	1.0	35.714285714285715	0.04	0.028666666666666667	4.0	0.16	0.0406	9.0	321.42857142857144	6.0	214.28571428571428	0.5297555555555555	0.44738	0.44032	0.2	15	8	0.5357142857142857	anger	0.2	wikivir.cleaned.xml	278				window	wikivir-000278	wikivir-000278.s000001|wikivir-000278.s000002|wikivir-000278.s000003|wikivir-000278.s000004|wikivir-000278.s000005|wikivir-000278.s000006|wikivir-000278.s000007|wikivir-000278.s000008|wikivir-000278.s000009|wikivir-000278.s000010|wikivir-000278.s000011|wikivir-000278.s000012|wikivir-000278.s000013|wikivir-000278.s000014|wikivir-000278.s000015|wikivir-000278.s000016	16	88	70	28	Golobčki, ne sedajte pred moja okna. Kaj bi sedali, kaj bi me gledali, beli golobčki? Vi me spominjate na mojo ljubico, a kaj bi z ljubico, z ljubico belo, moji golobčki? Moje srce, saj ni več veselo, moja ljubica morala umreti bi, če bi z mano živela, golobčki. Vi me spominjate ljubice moje, ki kak	wikivir.cleaned.xml	278	Golobčki	Srečko Kosovel		pesmi				
emotion_disgust_per_1k	0.0	wikivir-002697::window::1	wikivir-002697	window	105	Zakaj je kača vedno mrzla?	Anton Brezovnik	pripovedke	19		Ko je šel Kristus v puščavo, nameril se je na zmrzlo kačo. Kača se mu usmili, pa jo vzdigne, ogreje in oživi. Hudobna kača pa se ovije Kristusu okolo roke in ga piči. Ker je zagovoril vsak strup, ni mu škodila, ali nehvaležnost ga je tako unevoljila, da je kačo uklel in obsodil, da ne bode nikdar ve	105	45	3.0	66.66666666666667	0.1153846153846153	0.11807692307692307	1.0	22.22222222222222	0.0384615384615384	0.04207692307692308	8.0	177.77777777777777	0.3076923076923077	0.35138461538461535	9.0	200.0	0.3461538461538461	0.45407692307692304	1.0	22.22222222222222	0.0384615384615384	0.04076923076923077	3.0	66.66666666666667	0.1153846153846153	0.1323076923076923	1.0	22.22222222222222	0.0384615384615384	0.02046153846153846	0.0	0.0	0.0	1.0	22.22222222222222	9.0	200.0	0.3069807692307692	0.5933076923076922	0.5242115384615385	-0.8	13	9	0.2888888888888888	fear	0.34615384615384615	wikivir.cleaned.xml	2697	Zakaj? Zato!			window	wikivir-002697	wikivir-002697.s000001|wikivir-002697.s000002|wikivir-002697.s000003|wikivir-002697.s000004|wikivir-002697.s000005|wikivir-002697.s000006|wikivir-002697.s000007	7	105	90	45	Ko je šel Kristus v puščavo, nameril se je na zmrzlo kačo. Kača se mu usmili, pa jo vzdigne, ogreje in oživi. Hudobna kača pa se ovije Kristusu okolo roke in ga piči. Ker je zagovoril vsak strup, ni mu škodila, ali nehvaležnost ga je tako unevoljila, da je kačo uklel in obsodil, da ne bode nikdar ve	wikivir.cleaned.xml	2697	Zakaj je kača vedno mrzla?	Anton Brezovnik	19	pripovedke	Zakaj? Zato!			
emotion_disgust_per_1k	0.0	wikivir-002697::document::1	wikivir-002697	document	106	Zakaj je kača vedno mrzla?	Anton Brezovnik	pripovedke	19		Ko je šel Kristus v puščavo, nameril se je na zmrzlo kačo. Kača se mu usmili, pa jo vzdigne, ogreje in oživi. Hudobna kača pa se ovije Kristusu okolo roke in ga piči. Ker je zagovoril vsak strup, ni mu škodila, ali nehvaležnost ga je tako unevoljila, da je kačo uklel in obsodil, da ne bode nikdar ve	106	45	3.0	66.66666666666667	0.1153846153846153	0.11807692307692307	1.0	22.22222222222222	0.0384615384615384	0.04207692307692308	8.0	177.77777777777777	0.3076923076923077	0.35138461538461535	9.0	200.0	0.3461538461538461	0.45407692307692304	1.0	22.22222222222222	0.0384615384615384	0.04076923076923077	3.0	66.66666666666667	0.1153846153846153	0.1323076923076923	1.0	22.22222222222222	0.0384615384615384	0.02046153846153846	0.0	0.0	0.0	1.0	22.22222222222222	9.0	200.0	0.3069807692307692	0.5933076923076922	0.5242115384615385	-0.8	13	9	0.2888888888888888	fear	0.34615384615384615	wikivir.cleaned.xml	2697	Zakaj? Zato!			document	wikivir-002697	wikivir-002697.s000001|wikivir-002697.s000002|wikivir-002697.s000003|wikivir-002697.s000004|wikivir-002697.s000005|wikivir-002697.s000006|wikivir-002697.s000007	7	106	90	45	Ko je šel Kristus v puščavo, nameril se je na zmrzlo kačo. Kača se mu usmili, pa jo vzdigne, ogreje in oživi. Hudobna kača pa se ovije Kristusu okolo roke in ga piči. Ker je zagovoril vsak strup, ni mu škodila, ali nehvaležnost ga je tako unevoljila, da je kačo uklel in obsodil, da ne bode nikdar ve	wikivir.cleaned.xml	2697	Zakaj je kača vedno mrzla?	Anton Brezovnik	19	pripovedke	Zakaj? Zato!			
emotion_disgust_per_1k	44.44444444444444	wikivir-019597::window::34	wikivir-019597	window	114	Pot v domovino	Fran Albreht	kratka proza	20	1917	drznega moža da bom s ponosnim korakom in neupognjenim hrbtom šel preko takih – lapalij. Jaz ljubim moč, silo in upor! Pravijo, da je tujina mačeha. Da, hladna je in sovražna in trda in kruta; toda v njej, v njej, ni razočaranja. In to je dobro « Molčali smo. Čudna čuvstva so se menjavala v nas: ne	114	45	6.0	133.33333333333334	0.1875	0.16254166666666667	2.0	44.44444444444444	0.0625	0.02829166666666667	8.0	177.77777777777777	0.25	0.16408333333333333	6.0	133.33333333333334	0.1875	0.13499999999999998	2.0	44.44444444444444	0.0625	0.10679166666666666	5.0	111.1111111111111	0.15625	0.13329166666666667	1.0	22.22222222222222	0.03125	0.0065	2.0	0.0625	0.11691666666666668	4.0	88.88888888888889	10.0	222.2222222222222	0.4720729166666667	0.5606687499999999	0.5180354166666666	-0.42857142857142855	24	24	0.5333333333333333	disgust	0.25	wikivir.cleaned.xml	19597				window	wikivir-019597	wikivir-019597.s000340|wikivir-019597.s000341|wikivir-019597.s000342|wikivir-019597.s000343|wikivir-019597.s000344|wikivir-019597.s000345|wikivir-019597.s000346|wikivir-019597.s000347|wikivir-019597.s000349	9	114	90	44	drznega moža da bom s ponosnim korakom in neupognjenim hrbtom šel preko takih – lapalij. Jaz ljubim moč, silo in upor! Pravijo, da je tujina mačeha. Da, hladna je in sovražna in trda in kruta; toda v njej, v njej, ni razočaranja. In to je dobro « Molčali smo. Čudna čuvstva so se menjavala v nas: ne 	wikivir.cleaned.xml	19597	Pot v domovino	Fran Albreht	20	kratka proza			1917	
emotion_disgust_per_1k	96.15384615384616	wikivir-002188::window::3	wikivir-002188	window	133	Gospod volk		ljudske pravljice			Seveda,« se je razjezil rep, »seveda, prav nič nisem storil zate. Samo tu zadaj sem visel in psom kazal pravo pot. Še klical sem jih: le sem, le sem, le brž za gospodom volkom! To sem delal.« O, kako se je gospod volk razjezil! »Izgini! Ti ničvredni rep! Izgini od tod!« je kričal. In ga je pahnil iz	133	52	8.0	153.84615384615387	0.2105263157894736	0.1045	1.0	19.230769230769237	0.0263157894736842	0.008029411764705882	9.0	173.07692307692307	0.2368421052631578	0.07823529411764707	8.0	153.84615384615387	0.2105263157894736	0.06670588235294117	0.0	0.0	0.0	0.05141176470588235	2.0	38.46153846153847	0.0526315789473684	0.025941176470588235	5.0	96.15384615384616	0.131578947368421	0.07788235294117647	5.0	0.131578947368421	0.1107058823529412	6.0	115.3846153846154	10.0	192.30769230769232	0.4497134803921568	0.5007911764705882	0.5036075980392157	-0.25	34	19	0.6538461538461539	disgust	0.23684210526315788	wikivir.cleaned.xml	2188				window	wikivir-002188	wikivir-002188.s000052|wikivir-002188.s000053|wikivir-002188.s000054|wikivir-002188.s000055|wikivir-002188.s000056|wikivir-002188.s000057|wikivir-002188.s000058|wikivir-002188.s000059|wikivir-002188.s000060|wikivir-002188.s000061|wikivir-002188.s000062|wikivir-002188.s000063|wikivir-002188.s000064|wikivir-002188.s000065	14	133	103	49	Seveda,« se je razjezil rep, »seveda, prav nič nisem storil zate. Samo tu zadaj sem visel in psom kazal pravo pot. Še klical sem jih: le sem, le sem, le brž za gospodom volkom! To sem delal.« O, kako se je gospod volk razjezil! »Izgini! Ti ničvredni rep! Izgini od tod!« je kričal. In ga je pahnil iz	wikivir.cleaned.xml	2188	Gospod volk			ljudske pravljice				
emotion_disgust_per_1k	0.0	wikivir-000334::document::1	wikivir-000334	document	90	Padati	Srečko Kosovel	pesmi			O zatajeno poslanstvo človeka! Kot žična mreža je palo na moj obraz in ga raztrgalo. Kakor zobovje koles, zobovje zveri. Drevje v dolini, vas v tišini, ptica v sinjini. Ti pa si ves krvav — mučenik, ozdravi! Na strašno bolniško posteljo žalostne onemoglosti si prikovan. Smrti si želiš? Smrt, samo sm	90	42	6.0	142.85714285714286	0.1714285714285714	0.12141666666666666	6.0	142.85714285714286	0.1714285714285714	0.09858333333333331	7.0	166.66666666666666	0.2	0.14745833333333333	7.0	166.66666666666666	0.2	0.19816666666666669	0.0	0.0	0.0	0.013125	5.0	119.04761904761904	0.1428571428571428	0.17137500000000003	4.0	95.23809523809524	0.1142857142857142	0.07874999999999999	0.0	0.0	0.020166666666666666	1.0	23.809523809523807	11.0	261.9047619047619	0.42340555555555554	0.4514888888888889	0.4301652777777778	-0.8333333333333334	24	21	0.5714285714285714	disgust	0.2	wikivir.cleaned.xml	334				document	wikivir-000334	wikivir-000334.s000001|wikivir-000334.s000002|wikivir-000334.s000003|wikivir-000334.s000004|wikivir-000334.s000005|wikivir-000334.s000006|wikivir-000334.s000007|wikivir-000334.s000008|wikivir-000334.s000009|wikivir-000334.s000010|wikivir-000334.s000011|wikivir-000334.s000012|wikivir-000334.s000013|wikivir-000334.s000014|wikivir-000334.s000015|wikivir-000334.s000016|wikivir-000334.s000017|wikivir-000334.s000018|wikivir-000334.s000019|wikivir-000334.s000020	22	90	70	42	O zatajeno poslanstvo človeka! Kot žična mreža je palo na moj obraz in ga raztrgalo. Kakor zobovje koles, zobovje zveri. Drevje v dolini, vas v tišini, ptica v sinjini. Ti pa si ves krvav — mučenik, ozdravi! Na strašno bolniško posteljo žalostne onemoglosti si prikovan. Smrti si želiš? Smrt, samo sm	wikivir.cleaned.xml	334	Padati	Srečko Kosovel		pesmi				
emotion_disgust_per_1k	0.0	wikivir-000334::window::1	wikivir-000334	window	89	Padati	Srečko Kosovel	pesmi			O zatajeno poslanstvo človeka! Kot žična mreža je palo na moj obraz in ga raztrgalo. Kakor zobovje koles, zobovje zveri. Drevje v dolini, vas v tišini, ptica v sinjini. Ti pa si ves krvav — mučenik, ozdravi! Na strašno bolniško posteljo žalostne onemoglosti si prikovan. Smrti si želiš? Smrt, samo sm	89	42	6.0	142.85714285714286	0.1714285714285714	0.12141666666666666	6.0	142.85714285714286	0.1714285714285714	0.09858333333333331	7.0	166.66666666666666	0.2	0.14745833333333333	7.0	166.66666666666666	0.2	0.19816666666666669	0.0	0.0	0.0	0.013125	5.0	119.04761904761904	0.1428571428571428	0.17137500000000003	4.0	95.23809523809524	0.1142857142857142	0.07874999999999999	0.0	0.0	0.020166666666666666	1.0	23.809523809523807	11.0	261.9047619047619	0.42340555555555554	0.4514888888888889	0.4301652777777778	-0.8333333333333334	24	21	0.5714285714285714	disgust	0.2	wikivir.cleaned.xml	334				window	wikivir-000334	wikivir-000334.s000001|wikivir-000334.s000002|wikivir-000334.s000003|wikivir-000334.s000004|wikivir-000334.s000005|wikivir-000334.s000006|wikivir-000334.s000007|wikivir-000334.s000008|wikivir-000334.s000009|wikivir-000334.s000010|wikivir-000334.s000011|wikivir-000334.s000012|wikivir-000334.s000013|wikivir-000334.s000014|wikivir-000334.s000015|wikivir-000334.s000016|wikivir-000334.s000017|wikivir-000334.s000018|wikivir-000334.s000019|wikivir-000334.s000020	22	89	70	42	O zatajeno poslanstvo človeka! Kot žična mreža je palo na moj obraz in ga raztrgalo. Kakor zobovje koles, zobovje zveri. Drevje v dolini, vas v tišini, ptica v sinjini. Ti pa si ves krvav — mučenik, ozdravi! Na strašno bolniško posteljo žalostne onemoglosti si prikovan. Smrti si želiš? Smrt, samo sm	wikivir.cleaned.xml	334	Padati	Srečko Kosovel		pesmi				
emotion_disgust_per_1k	95.23809523809524	wikivir-000985::document::1	wikivir-000985	document	95	Gospod	Srečko Kosovel	pesmi	20		"Gospod me zasleduje z drobnimi, hudobnimi očmi. Kaj me zasledujete, gospod, bi radi hrabrostno svetinjo, ker ste me ujeli ""Nevarnega?"" Človek je vedno jezen, če ima tako malenkostne skrbi, in če je plašan, se vsega boji in mu je vse nevarno. Kaj bi imeli vi, če bi ne imeli orožja? Plašljivci nosijo"	95	42	11.0	261.9047619047619	0.2444444444444444	0.25280952380952376	4.0	95.23809523809524	0.0888888888888888	0.08819047619047618	7.0	166.66666666666666	0.1555555555555555	0.12247619047619047	12.0	285.7142857142857	0.2666666666666666	0.31761904761904763	1.0	23.809523809523807	0.0222222222222222	0.0861904761904762	4.0	95.23809523809524	0.0888888888888888	0.13585714285714287	2.0	47.61904761904761	0.0444444444444444	0.03238095238095238	4.0	0.0888888888888888	0.12495238095238095	6.0	142.85714285714286	13.0	309.5238095238095	0.4170833333333333	0.5447539682539683	0.5758174603174604	-0.3684210526315789	21	15	0.5	fear	0.26666666666666666	wikivir.cleaned.xml	985	Integrali 26			document	wikivir-000985	wikivir-000985.s000001|wikivir-000985.s000002|wikivir-000985.s000003|wikivir-000985.s000004|wikivir-000985.s000005|wikivir-000985.s000006|wikivir-000985.s000007|wikivir-000985.s000008|wikivir-000985.s000009|wikivir-000985.s000010|wikivir-000985.s000011|wikivir-000985.s000012|wikivir-000985.s000013|wikivir-000985.s000014|wikivir-000985.s000015|wikivir-000985.s000016|wikivir-000985.s000017|wikivir-000985.s000018|wikivir-000985.s000019|wikivir-000985.s000020	20	95	76	41	"Gospod me zasleduje z drobnimi, hudobnimi očmi. Kaj me zasledujete, gospod, bi radi hrabrostno svetinjo, ker ste me ujeli ""Nevarnega?"" Človek je vedno jezen, če ima tako malenkostne skrbi, in če je plašan, se vsega boji in mu je vse nevarno. Kaj bi imeli vi, če bi ne imeli orožja? Plašljivci nosijo "	wikivir.cleaned.xml	985	Gospod	Srečko Kosovel	20	pesmi	Integrali 26			
emotion_disgust_per_1k	95.23809523809524	wikivir-000985::window::1	wikivir-000985	window	94	Gospod	Srečko Kosovel	pesmi	20		"Gospod me zasleduje z drobnimi, hudobnimi očmi. Kaj me zasledujete, gospod, bi radi hrabrostno svetinjo, ker ste me ujeli ""Nevarnega?"" Človek je vedno jezen, če ima tako malenkostne skrbi, in če je plašan, se vsega boji in mu je vse nevarno. Kaj bi imeli vi, če bi ne imeli orožja? Plašljivci nosijo"	94	42	11.0	261.9047619047619	0.2444444444444444	0.25280952380952376	4.0	95.23809523809524	0.0888888888888888	0.08819047619047618	7.0	166.66666666666666	0.1555555555555555	0.12247619047619047	12.0	285.7142857142857	0.2666666666666666	0.31761904761904763	1.0	23.809523809523807	0.0222222222222222	0.0861904761904762	4.0	95.23809523809524	0.0888888888888888	0.13585714285714287	2.0	47.61904761904761	0.0444444444444444	0.03238095238095238	4.0	0.0888888888888888	0.12495238095238095	6.0	142.85714285714286	13.0	309.5238095238095	0.4170833333333333	0.5447539682539683	0.5758174603174604	-0.3684210526315789	21	15	0.5	fear	0.26666666666666666	wikivir.cleaned.xml	985	Integrali 26			window	wikivir-000985	wikivir-000985.s000001|wikivir-000985.s000002|wikivir-000985.s000003|wikivir-000985.s000004|wikivir-000985.s000005|wikivir-000985.s000006|wikivir-000985.s000007|wikivir-000985.s000008|wikivir-000985.s000009|wikivir-000985.s000010|wikivir-000985.s000011|wikivir-000985.s000012|wikivir-000985.s000013|wikivir-000985.s000014|wikivir-000985.s000015|wikivir-000985.s000016|wikivir-000985.s000017|wikivir-000985.s000018|wikivir-000985.s000019|wikivir-000985.s000020	20	94	76	41	"Gospod me zasleduje z drobnimi, hudobnimi očmi. Kaj me zasledujete, gospod, bi radi hrabrostno svetinjo, ker ste me ujeli ""Nevarnega?"" Človek je vedno jezen, če ima tako malenkostne skrbi, in če je plašan, se vsega boji in mu je vse nevarno. Kaj bi imeli vi, če bi ne imeli orožja? Plašljivci nosijo "	wikivir.cleaned.xml	985	Gospod	Srečko Kosovel	20	pesmi	Integrali 26			
emotion_disgust_per_1k	0.0	wikivir-015188::window::1	wikivir-015188	window	357	Trojni strup za naše ljudstvo	Frančišek Lampe	neleposlovje	19		Vsi veste, kaj je strup: to namreč, kar pokonča ali vsaj pokvari zdravje, kadar pride v kri ali v želodec. Gotovo, da ne poznate vseh strupov, pa slišali ste že, da jih je prav veliko. Eni so kapljičasti, kakor voda, ki obstoji iz kapljic, drugi so droben prašek, nekateri pa so podobni koščeku soli	357	147	23.0	156.4625850340136	0.2169811320754717	0.18036144578313248	6.0	40.81632653061224	0.0566037735849056	0.03821686746987952	24.0	163.26530612244898	0.2264150943396226	0.18437349397590364	25.0	170.06802721088434	0.2358490566037736	0.253	0.0	0.0	0.0	0.027481927710843373	25.0	170.06802721088434	0.2358490566037736	0.21307228915662654	3.0	20.40816326530612	0.0283018867924528	0.03125301204819277	0.0	0.0	0.013831325301204822	8.0	54.42176870748299	27.0	183.67346938775512	0.4135873493975904	0.4863062248995983	0.45576807228915656	-0.5428571428571428	83	42	0.564625850340136	fear	0.2358490566037736	wikivir.cleaned.xml	15188				window	wikivir-015188	wikivir-015188.s000001|wikivir-015188.s000002|wikivir-015188.s000003|wikivir-015188.s000004|wikivir-015188.s000005|wikivir-015188.s000006|wikivir-015188.s000007|wikivir-015188.s000008|wikivir-015188.s000009|wikivir-015188.s000010|wikivir-015188.s000011|wikivir-015188.s000012|wikivir-015188.s000013|wikivir-015188.s000014|wikivir-015188.s000015|wikivir-015188.s000016|wikivir-015188.s000017|wikivir-015188.s000018	18	357	300	141	Vsi veste, kaj je strup: to namreč, kar pokonča ali vsaj pokvari zdravje, kadar pride v kri ali v želodec. Gotovo, da ne poznate vseh strupov, pa slišali ste že, da jih je prav veliko. Eni so kapljičasti, kakor voda, ki obstoji iz kapljic, drugi so droben prašek, nekateri pa so podobni koščeku soli 	wikivir.cleaned.xml	15188	Trojni strup za naše ljudstvo	Frančišek Lampe	19	neleposlovje				
emotion_disgust_per_1k	61.224489795918366	wikivir-020307::document::1	wikivir-020307	document	110	To je razžaljeni protest	Srečko Kosovel	pesmi	20		To je razžaljeni protest in naše dobe žig sramoten, kaj je življenje, kaj bolest, to vse trenutek je begoten. A ta protest bo v pesmi ostal, obsodba krivde in nasilja, in pravil in dokazoval, kako sta ubijala, morila. Že čutim množic valovanje, krvavo sonce že gori, o ve ponosne moje sanje! Mogoče b	110	49	8.0	163.26530612244898	0.1666666666666666	0.17973076923076922	4.0	81.63265306122449	0.0833333333333333	0.06880769230769232	8.0	163.26530612244898	0.1666666666666666	0.16826923076923078	10.0	204.08163265306123	0.2083333333333333	0.22003846153846152	3.0	61.224489795918366	0.0625	0.11946153846153848	8.0	163.26530612244898	0.1666666666666666	0.24446153846153845	4.0	81.63265306122449	0.0833333333333333	0.07276923076923077	3.0	0.0625	0.05442307692307692	4.0	81.63265306122449	11.0	224.48979591836732	0.46485897435897433	0.6001698717948718	0.5476634615384616	-0.4666666666666667	26	24	0.5306122448979592	fear	0.20833333333333334	wikivir.cleaned.xml	20307				document	wikivir-020307	wikivir-020307.s000001|wikivir-020307.s000002|wikivir-020307.s000003|wikivir-020307.s000004|wikivir-020307.s000005|wikivir-020307.s000006|wikivir-020307.s000007|wikivir-020307.s000008|wikivir-020307.s000009|wikivir-020307.s000010|wikivir-020307.s000011|wikivir-020307.s000012|wikivir-020307.s000013|wikivir-020307.s000014|wikivir-020307.s000015|wikivir-020307.s000016|wikivir-020307.s000017|wikivir-020307.s000018|wikivir-020307.s000019	19	110	91	47	To je razžaljeni protest in naše dobe žig sramoten, kaj je življenje, kaj bolest, to vse trenutek je begoten. A ta protest bo v pesmi ostal, obsodba krivde in nasilja, in pravil in dokazoval, kako sta ubijala, morila. Že čutim množic valovanje, krvavo sonce že gori, o ve ponosne moje sanje! Mogoče b	wikivir.cleaned.xml	20307	To je razžaljeni protest	Srečko Kosovel	20	pesmi				
emotion_disgust_per_1k	61.224489795918366	wikivir-020307::window::1	wikivir-020307	window	109	To je razžaljeni protest	Srečko Kosovel	pesmi	20		To je razžaljeni protest in naše dobe žig sramoten, kaj je življenje, kaj bolest, to vse trenutek je begoten. A ta protest bo v pesmi ostal, obsodba krivde in nasilja, in pravil in dokazoval, kako sta ubijala, morila. Že čutim množic valovanje, krvavo sonce že gori, o ve ponosne moje sanje! Mogoče b	109	49	8.0	163.26530612244898	0.1666666666666666	0.17973076923076922	4.0	81.63265306122449	0.0833333333333333	0.06880769230769232	8.0	163.26530612244898	0.1666666666666666	0.16826923076923078	10.0	204.08163265306123	0.2083333333333333	0.22003846153846152	3.0	61.224489795918366	0.0625	0.11946153846153848	8.0	163.26530612244898	0.1666666666666666	0.24446153846153845	4.0	81.63265306122449	0.0833333333333333	0.07276923076923077	3.0	0.0625	0.05442307692307692	4.0	81.63265306122449	11.0	224.48979591836732	0.46485897435897433	0.6001698717948718	0.5476634615384616	-0.4666666666666667	26	24	0.5306122448979592	fear	0.20833333333333334	wikivir.cleaned.xml	20307				window	wikivir-020307	wikivir-020307.s000001|wikivir-020307.s000002|wikivir-020307.s000003|wikivir-020307.s000004|wikivir-020307.s000005|wikivir-020307.s000006|wikivir-020307.s000007|wikivir-020307.s000008|wikivir-020307.s000009|wikivir-020307.s000010|wikivir-020307.s000011|wikivir-020307.s000012|wikivir-020307.s000013|wikivir-020307.s000014|wikivir-020307.s000015|wikivir-020307.s000016|wikivir-020307.s000017|wikivir-020307.s000018|wikivir-020307.s000019	19	109	91	47	To je razžaljeni protest in naše dobe žig sramoten, kaj je življenje, kaj bolest, to vse trenutek je begoten. A ta protest bo v pesmi ostal, obsodba krivde in nasilja, in pravil in dokazoval, kako sta ubijala, morila. Že čutim množic valovanje, krvavo sonce že gori, o ve ponosne moje sanje! Mogoče b	wikivir.cleaned.xml	20307	To je razžaljeni protest	Srečko Kosovel	20	pesmi				
emotion_disgust_per_1k	161.29032258064515	wikivir-015211::window::7	wikivir-015211	window	87	Zgodovinske povestice	Ivan Steklasa	kratka proza	19		vojak, ki je imel grdo navado, da je rad klel. Ko je začel tudi pri tej priliki svoj govor z besedami: „Hudič naj me vzame!“ vstane sv. Vinko, prime ga rahlo za roko in reče smejé: „Ne, gospod, tega jaz ne dovolim, da bi vas ta vzel, predobri ste; jaz vas hočem obdržati za Boga.“ — To je presunilo v	87	31	6.0	193.54838709677415	0.24	0.17073333333333332	2.0	64.51612903225806	0.08	0.05046666666666667	5.0	161.29032258064515	0.2	0.15733333333333333	3.0	96.77419354838707	0.12	0.07086666666666666	1.0	32.25806451612903	0.04	0.057133333333333335	3.0	96.77419354838707	0.12	0.07479999999999999	0.0	0.0	0.0	0.0	5.0	0.2	0.1922	7.0	225.80645161290323	5.0	161.29032258064515	0.4632194444444445	0.5697444444444444	0.6144861111111111	0.16666666666666666	15	13	0.4838709677419355	anger	0.24	wikivir.cleaned.xml	15211				window	wikivir-015211	wikivir-015211.s000051|wikivir-015211.s000052	2	87	66	31	vojak, ki je imel grdo navado, da je rad klel. Ko je začel tudi pri tej priliki svoj govor z besedami: „Hudič naj me vzame!“ vstane sv. Vinko, prime ga rahlo za roko in reče smejé: „Ne, gospod, tega jaz ne dovolim, da bi vas ta vzel, predobri ste; jaz vas hočem obdržati za Boga.“ — To je presunilo v	wikivir.cleaned.xml	15211	Zgodovinske povestice	Ivan Steklasa	19	kratka proza				
emotion_disgust_per_1k	34.48275862068965	wikivir-000671::window::98	wikivir-000671	window	351	Naše škodljive rastline/Bakterije	Martin Cilenšek	neleposlovje	19		zdravih, in da ostanejo bolne kakor zdrave v hlevu. Zadnje smeš pa tudi goniti na pašo, ako se ni bati, da bi okužile kako sosedno čredo. Sploh se ti to dovoli, ali pa tudi ne. Ovac, ki morajo biti v hlevu, ne smeš goniti na vkupno napajališče in tujih, nepoklicanih oseb ne spuščati v okužene ovčjak	351	174	13.0	74.71264367816093	0.1326530612244898	0.06176842105263157	4.0	22.988505747126435	0.0408163265306122	0.020494736842105264	28.0	160.91954022988506	0.2857142857142857	0.16553684210526318	21.0	120.6896551724138	0.2142857142857142	0.1441578947368421	3.0	17.241379310344826	0.0306122448979591	0.020305263157894736	22.0	126.43678160919542	0.2244897959183673	0.12326315789473684	1.0	5.747126436781609	0.010204081632653	0.003126315789473684	6.0	0.0612244897959183	0.033473684210526315	9.0	51.72413793103448	31.0	178.16091954022988	0.43028403508771923	0.4663943609022556	0.4268472681704261	-0.55	95	60	0.5459770114942529	disgust	0.2857142857142857	wikivir.cleaned.xml	671				window	wikivir-000671	wikivir-000671.s000814|wikivir-000671.s000815|wikivir-000671.s000816|wikivir-000671.s000817|wikivir-000671.s000818|wikivir-000671.s000819|wikivir-000671.s000820|wikivir-000671.s000821|wikivir-000671.s000822|wikivir-000671.s000823|wikivir-000671.s000824|wikivir-000671.s000825|wikivir-000671.s000826|wikivir-000671.s000827|wikivir-000671.s000828|wikivir-000671.s000829|wikivir-000671.s000830|wikivir-000671.s000831	18	351	300	169	zdravih, in da ostanejo bolne kakor zdrave v hlevu. Zadnje smeš pa tudi goniti na pašo, ako se ni bati, da bi okužile kako sosedno čredo. Sploh se ti to dovoli, ali pa tudi ne. Ovac, ki morajo biti v hlevu, ne smeš goniti na vkupno napajališče in tujih, nepoklicanih oseb ne spuščati v okužene ovčjak	wikivir.cleaned.xml	671	Naše škodljive rastline/Bakterije	Martin Cilenšek	19	neleposlovje				
emotion_disgust_per_1k	117.6470588235294	wikivir-007629::window::1	wikivir-007629	window	368	Hlapec je izplačal gospoda		ljudske pripovedke			Živel je mož, ki je imel tri sinove. Ta mož je bil kmet pri gospodu, graščaku. Nekoč mu je njegov gospod ukazal, naj mu da svojega sina v službo. Mož reče tedaj graščaku: »Imam le te tri sinove, kako naj jih dam.« Na to mu gospod reče: »Dva sinova imaš dovolj, meni pa zadošča eden.« In tako je moral	368	153	18.0	117.6470588235294	0.225	0.09090804597701149	0.0	0.0	0.0	0.0	24.0	156.86274509803923	0.3	0.06385057471264367	16.0	104.5751633986928	0.2	0.04460919540229885	0.0	0.0	0.0	0.06314942528735631	4.0	26.1437908496732	0.05	0.031965517241379304	0.0	0.0	0.0	0.0	18.0	0.225	0.13222988505747127	17.0	111.1111111111111	29.0	189.5424836601307	0.5567083333333334	0.4457739463601533	0.488470785440613	-0.2608695652173913	87	35	0.5686274509803921	disgust	0.3	wikivir.cleaned.xml	7629				window	wikivir-007629	wikivir-007629.s000001|wikivir-007629.s000002|wikivir-007629.s000003|wikivir-007629.s000004|wikivir-007629.s000005|wikivir-007629.s000006|wikivir-007629.s000007|wikivir-007629.s000008|wikivir-007629.s000009|wikivir-007629.s000010|wikivir-007629.s000011|wikivir-007629.s000012|wikivir-007629.s000013|wikivir-007629.s000014|wikivir-007629.s000015|wikivir-007629.s000016|wikivir-007629.s000017|wikivir-007629.s000018|wikivir-007629.s000019|wikivir-007629.s000020	27	368	300	149	Živel je mož, ki je imel tri sinove. Ta mož je bil kmet pri gospodu, graščaku. Nekoč mu je njegov gospod ukazal, naj mu da svojega sina v službo. Mož reče tedaj graščaku: »Imam le te tri sinove, kako naj jih dam.« Na to mu gospod reče: »Dva sinova imaš dovolj, meni pa zadošča eden.« In tako je moral	wikivir.cleaned.xml	7629	Hlapec je izplačal gospoda			ljudske pripovedke				
emotion_disgust_per_1k	53.763440860215056	wikivir-003495::window::48	wikivir-003495	window	428	Modra vrtnica za princesko	Kristina Brenkova	dramska besedila	20		na piščal. VRTNARICA In zdaj te prosim, posedi in počakaj, da se princeska vrne. FANT: Princeska? VRTNARICA: Da, princeska, ki na snubca čaka. FANT: Princeska, ki na snubca čaka? VRTNARICA: Mene še čaka delo tam na gredah. FANT: Prav, tetka. Jaz počakam. Si popravi krono, vzame piščalko. VRTNARICA:	428	186	0.0	0.0	0.0	0.0	12.0	64.51612903225806	0.1481481481481481	0.06863414634146342	29.0	155.91397849462365	0.3580246913580246	0.01924390243902439	0.0	0.0	0.0	0.005902439024390244	14.0	75.26881720430107	0.1728395061728395	0.07908536585365852	6.0	32.25806451612903	0.074074074074074	0.02470731707317073	10.0	53.763440860215056	0.1234567901234567	0.03668292682926829	10.0	0.1234567901234567	0.05004878048780487	20.0	107.52688172043013	32.0	172.0430107526882	0.5179928861788617	0.3423109756097561	0.41133231707317075	-0.23076923076923078	82	43	0.4408602150537634	disgust	0.35802469135802467	wikivir.cleaned.xml	3495				window	wikivir-003495	wikivir-003495.s001282|wikivir-003495.s001283|wikivir-003495.s001284|wikivir-003495.s001285|wikivir-003495.s001286|wikivir-003495.s001287|wikivir-003495.s001288|wikivir-003495.s001289|wikivir-003495.s001290|wikivir-003495.s001291|wikivir-003495.s001292|wikivir-003495.s001293|wikivir-003495.s001294|wikivir-003495.s001295|wikivir-003495.s001296|wikivir-003495.s001297|wikivir-003495.s001298|wikivir-003495.s001299|wikivir-003495.s001300|wikivir-003495.s001301	62	428	300	185	na piščal. VRTNARICA In zdaj te prosim, posedi in počakaj, da se princeska vrne. FANT: Princeska? VRTNARICA: Da, princeska, ki na snubca čaka. FANT: Princeska, ki na snubca čaka? VRTNARICA: Mene še čaka delo tam na gredah. FANT: Prav, tetka. Jaz počakam. Si popravi krono, vzame piščalko. VRTNARICA: 	wikivir.cleaned.xml	3495	Modra vrtnica za princesko	Kristina Brenkova	20	dramska besedila				
emotion_disgust_per_1k	179.48717948717947	wikivir-021179::window::14	wikivir-021179	window	117	Lavrin	Ivan Cankar	kratka proza	19	1897	hitela po gospoda. — — — — — — — — — — — — — — Gospod adjunkt in gospod poštar sta se bila sprla; kateri je bil vzrok temu znamenitemu dogodku, ni zapisano v lesnobrdski kroniki. „Vi ste ga pogubili; drezali ste ga toliko časa, da ste ga popolnoma utopili v neumne fantazije in ga odvrnili od dela; V	117	39	6.0	153.84615384615387	0.1935483870967742	0.062	2.0	51.28205128205128	0.064516129032258	0.049476190476190486	6.0	153.84615384615387	0.1935483870967742	0.0838095238095238	7.0	179.48717948717947	0.2258064516129032	0.09233333333333334	1.0	25.64102564102564	0.032258064516129	0.1316190476190476	2.0	51.28205128205128	0.064516129032258	0.0678095238095238	0.0	0.0	0.0	0.0	7.0	0.2258064516129032	0.20457142857142857	9.0	230.7692307692308	8.0	205.1282051282051	0.573763888888889	0.48821031746031746	0.5514226190476191	0.058823529411764705	21	16	0.5384615384615384	fear	0.22580645161290322	wikivir.cleaned.xml	21179				window	wikivir-021179	wikivir-021179.s000170|wikivir-021179.s000172|wikivir-021179.s000173|wikivir-021179.s000174|wikivir-021179.s000175	5	117	85	39	hitela po gospoda. — — — — — — — — — — — — — — Gospod adjunkt in gospod poštar sta se bila sprla; kateri je bil vzrok temu znamenitemu dogodku, ni zapisano v lesnobrdski kroniki. „Vi ste ga pogubili; drezali ste ga toliko časa, da ste ga popolnoma utopili v neumne fantazije in ga odvrnili od dela; V	wikivir.cleaned.xml	21179	Lavrin	Ivan Cankar	19	kratka proza			1897	
emotion_disgust_per_1k	142.85714285714286	wikivir-003493::window::90	wikivir-003493	window	408	Učenjak	Fran Detela	dramska besedila	20		frenologija, veda vseh ved! Oči se motijo, ušesa se motijo; frenologija se ne moti. Jakob. Zopet nov bebec, zopet nov bebec! Kar s seboj ga vzemimo. Blažič. Krulec je. Mojo suknjo ima in moj klobuk. Krulec. Frenologija preiskuje lobanje in rešuje svetovne probleme. Blažič. Nesramnež! Vzemite mu klob	408	189	20.0	105.8201058201058	0.1398601398601398	0.0697439024390244	11.0	58.2010582010582	0.0769230769230769	0.06545121951219512	29.0	153.43915343915344	0.2027972027972027	0.1266219512195122	18.0	95.23809523809524	0.1258741258741259	0.063	8.0	42.32804232804233	0.0559440559440559	0.09880487804878046	21.0	111.1111111111111	0.1468531468531468	0.12296341463414634	9.0	47.61904761904761	0.0629370629370629	0.04675609756097562	27.0	0.1888111888111888	0.20291463414634145	26.0	137.56613756613757	33.0	174.60317460317458	0.4777733739837398	0.48470680894308943	0.5014898373983739	-0.11864406779661017	82	47	0.4338624338624338	disgust	0.20279720279720279	wikivir.cleaned.xml	3493				window	wikivir-003493	wikivir-003493.s001685|wikivir-003493.s001686|wikivir-003493.s001687|wikivir-003493.s001688|wikivir-003493.s001689|wikivir-003493.s001690|wikivir-003493.s001691|wikivir-003493.s001692|wikivir-003493.s001693|wikivir-003493.s001694|wikivir-003493.s001695|wikivir-003493.s001696|wikivir-003493.s001697|wikivir-003493.s001698|wikivir-003493.s001699|wikivir-003493.s001700|wikivir-003493.s001701|wikivir-003493.s001702|wikivir-003493.s001703|wikivir-003493.s001704	48	408	300	183	frenologija, veda vseh ved! Oči se motijo, ušesa se motijo; frenologija se ne moti. Jakob. Zopet nov bebec, zopet nov bebec! Kar s seboj ga vzemimo. Blažič. Krulec je. Mojo suknjo ima in moj klobuk. Krulec. Frenologija preiskuje lobanje in rešuje svetovne probleme. Blažič. Nesramnež! Vzemite mu klob	wikivir.cleaned.xml	3493	Učenjak	Fran Detela	20	dramska besedila				
emotion_disgust_per_1k	19.108280254777068	wikivir-004184::window::58	wikivir-004184	window	347	Domači zdravnik/Kaj konča - umori človeka?	Janez Volčič	prirocniki	19		Monakova, kjer je tedaj kolera hudo morila, zdrav domu. Slučajno razboli na koleri ravno tedaj, ko se je mudil v tujej hiši in morali so ga bolnega v njegovo stanovanje nesti. V tej hiši so pospravili iztrebke, ktere je izbljuval in izmetal, brez vsega v zahod ali skret. In kaj se dogodi? Malo dni p	347	157	11.0	70.06369426751593	0.1294117647058823	0.06336111111111112	1.0	6.369426751592357	0.0117647058823529	0.00965277777777778	24.0	152.86624203821654	0.2823529411764706	0.21916666666666668	21.0	133.7579617834395	0.2470588235294117	0.19302777777777777	5.0	31.84713375796178	0.0588235294117647	0.043791666666666666	19.0	121.01910828025478	0.2235294117647059	0.163875	1.0	6.369426751592357	0.0117647058823529	0.00836111111111111	3.0	0.0352941176470588	0.035902777777777777	10.0	63.69426751592356	29.0	184.71337579617835	0.4459981481481481	0.4232122685185185	0.4343287037037037	-0.48717948717948717	72	41	0.4585987261146497	disgust	0.2823529411764706	wikivir.cleaned.xml	4184				window	wikivir-004184	wikivir-004184.s001051|wikivir-004184.s001052|wikivir-004184.s001053|wikivir-004184.s001054|wikivir-004184.s001055|wikivir-004184.s001056|wikivir-004184.s001057|wikivir-004184.s001058|wikivir-004184.s001059|wikivir-004184.s001060|wikivir-004184.s001061|wikivir-004184.s001062|wikivir-004184.s001063|wikivir-004184.s001064|wikivir-004184.s001065|wikivir-004184.s001066|wikivir-004184.s001067|wikivir-004184.s001068|wikivir-004184.s001069|wikivir-004184.s001070	38	347	300	154	Monakova, kjer je tedaj kolera hudo morila, zdrav domu. Slučajno razboli na koleri ravno tedaj, ko se je mudil v tujej hiši in morali so ga bolnega v njegovo stanovanje nesti. V tej hiši so pospravili iztrebke, ktere je izbljuval in izmetal, brez vsega v zahod ali skret. In kaj se dogodi? Malo dni p	wikivir.cleaned.xml	4184	Domači zdravnik/Kaj konča - umori človeka?	Janez Volčič	19	prirocniki				
emotion_disgust_per_1k	18.75	wikivir-020081::window::149	wikivir-020081	window	344	Trojno gorje	Januš Golec	povesti	20	1932	naglico ter se spustil nazaj, ne naprej proti Klanjcu, ker je že bil videl, vohal in preizkusil živalsko grabežljivost in neusmiljenost kuge. Šele pod Majko božjo na Risvici se Je ozrl, če mu ni kuga za petami, saj njen vzduh ga je spremljal, kakor bi si zrla v oči. Bil je zopet čisto sam, le brez b	344	160	12.0	75.0	0.1224489795918367	0.08123809523809525	8.0	50.0	0.0816326530612244	0.04360714285714286	24.0	150.0	0.2448979591836734	0.1751904761904762	23.0	143.75	0.2346938775510204	0.16872619047619047	3.0	18.75	0.0306122448979591	0.049988095238095234	20.0	125.0	0.2040816326530612	0.16001190476190474	5.0	31.25	0.0510204081632653	0.03320238095238095	3.0	0.0306122448979591	0.044726190476190475	8.0	50.0	31.0	193.75	0.4557420634920635	0.5294632936507936	0.47951686507936514	-0.5897435897435898	84	67	0.525	disgust	0.24489795918367346	wikivir.cleaned.xml	20081				window	wikivir-020081	wikivir-020081.s001089|wikivir-020081.s001090|wikivir-020081.s001091|wikivir-020081.s001092|wikivir-020081.s001093|wikivir-020081.s001094|wikivir-020081.s001095|wikivir-020081.s001096|wikivir-020081.s001097|wikivir-020081.s001098|wikivir-020081.s001099|wikivir-020081.s001100|wikivir-020081.s001101|wikivir-020081.s001102|wikivir-020081.s001103|wikivir-020081.s001104	16	344	300	159	naglico ter se spustil nazaj, ne naprej proti Klanjcu, ker je že bil videl, vohal in preizkusil živalsko grabežljivost in neusmiljenost kuge. Šele pod Majko božjo na Risvici se Je ozrl, če mu ni kuga za petami, saj njen vzduh ga je spremljal, kakor bi si zrla v oči. Bil je zopet čisto sam, le brez b	wikivir.cleaned.xml	20081	Trojno gorje	Januš Golec	20	povesti			1932	
emotion_disgust_per_1k	0.0	wikivir-001514::document::1	wikivir-001514	document	90	Žalostna pesem bajtarja Drejca	Karel Destovnik Kajuh	pesmi	20		Dež, dež, vse noči po strehah lije ... Dež, dež, vse noči po šipah bije. Polja in vrtovi, vse je, vse je pod vodó, in po njivah vsi plodovi v dežju gnijejo in mro. Groza, groza, temna groza se budi. Groza, groza, temna groza je zajela vse ljudi. Roke, roke, žuljave in pridne roke, roke naših žen in	90	40	6.0	150.0	0.1666666666666666	0.16071428571428573	2.0	50.0	0.0555555555555555	0.03596428571428572	6.0	150.0	0.1666666666666666	0.14057142857142857	6.0	150.0	0.1666666666666666	0.1977857142857143	2.0	50.0	0.0555555555555555	0.02975	8.0	200.0	0.2222222222222222	0.22210714285714284	6.0	150.0	0.1666666666666666	0.159	0.0	0.0	0.0	2.0	50.0	6.0	150.0	0.4478392857142858	0.4755416666666668	0.4206904761904761	-0.5	28	13	0.7	sadness	0.2222222222222222	wikivir.cleaned.xml	1514				document	wikivir-001514	wikivir-001514.s000001|wikivir-001514.s000002|wikivir-001514.s000003|wikivir-001514.s000004|wikivir-001514.s000005|wikivir-001514.s000006|wikivir-001514.s000007|wikivir-001514.s000008|wikivir-001514.s000009|wikivir-001514.s000010|wikivir-001514.s000011|wikivir-001514.s000012|wikivir-001514.s000013|wikivir-001514.s000014|wikivir-001514.s000015|wikivir-001514.s000016	16	90	64	38	Dež, dež, vse noči po strehah lije ... Dež, dež, vse noči po šipah bije. Polja in vrtovi, vse je, vse je pod vodó, in po njivah vsi plodovi v dežju gnijejo in mro. Groza, groza, temna groza se budi. Groza, groza, temna groza je zajela vse ljudi. Roke, roke, žuljave in pridne roke, roke naših žen in 	wikivir.cleaned.xml	1514	Žalostna pesem bajtarja Drejca	Karel Destovnik Kajuh	20	pesmi				
emotion_disgust_per_1k	16.666666666666668	wikivir-007024::document::1	wikivir-007024	document	140	Žabja nezgoda	Anica Černej	pesmi	20		Žabja nezgoda Žabica je žejna bila - kvak, kvak, kvak, sredi blatnih mlak ... In je vode se napila - kvak, kvak, kvak, sredi blatnih mlak ... Pa ji je trebušček počil - kvak, kvak, kvak, sredi blatnih mlak ... Mož je po zdravnika skočil - kvak, kvak, kvak, sredi blatnih mlak ... Ko sta k žabici pris	140	60	1.0	16.666666666666668	0.0714285714285714	0.02022222222222222	1.0	16.666666666666668	0.0714285714285714	0.033	9.0	150.0	0.6428571428571429	0.21661111111111112	0.0	0.0	0.0	0.0	0.0	0.0	0.0	0.017333333333333333	2.0	33.333333333333336	0.1428571428571428	0.0755	0.0	0.0	0.0	0.0	1.0	0.0714285714285714	0.0595	1.0	16.666666666666668	11.0	183.3333333333333	0.4305740740740741	0.45376851851851857	0.3988796296296297	-0.8333333333333334	18	11	0.3	disgust	0.6428571428571429	wikivir.cleaned.xml	7024				document	wikivir-007024	wikivir-007024.s000001|wikivir-007024.s000002|wikivir-007024.s000003|wikivir-007024.s000004|wikivir-007024.s000005|wikivir-007024.s000006|wikivir-007024.s000007|wikivir-007024.s000008|wikivir-007024.s000009|wikivir-007024.s000010|wikivir-007024.s000011|wikivir-007024.s000012|wikivir-007024.s000013|wikivir-007024.s000014|wikivir-007024.s000015|wikivir-007024.s000016|wikivir-007024.s000017|wikivir-007024.s000018|wikivir-007024.s000019|wikivir-007024.s000020	25	140	86	60	Žabja nezgoda Žabica je žejna bila - kvak, kvak, kvak, sredi blatnih mlak ... In je vode se napila - kvak, kvak, kvak, sredi blatnih mlak ... Pa ji je trebušček počil - kvak, kvak, kvak, sredi blatnih mlak ... Mož je po zdravnika skočil - kvak, kvak, kvak, sredi blatnih mlak ... Ko sta k žabici pris	wikivir.cleaned.xml	7024	Žabja nezgoda	Anica Černej	20	pesmi				
emotion_disgust_per_1k	16.666666666666668	wikivir-007024::window::1	wikivir-007024	window	139	Žabja nezgoda	Anica Černej	pesmi	20		Žabja nezgoda Žabica je žejna bila - kvak, kvak, kvak, sredi blatnih mlak ... In je vode se napila - kvak, kvak, kvak, sredi blatnih mlak ... Pa ji je trebušček počil - kvak, kvak, kvak, sredi blatnih mlak ... Mož je po zdravnika skočil - kvak, kvak, kvak, sredi blatnih mlak ... Ko sta k žabici pris	139	60	1.0	16.666666666666668	0.0714285714285714	0.02022222222222222	1.0	16.666666666666668	0.0714285714285714	0.033	9.0	150.0	0.6428571428571429	0.21661111111111112	0.0	0.0	0.0	0.0	0.0	0.0	0.0	0.017333333333333333	2.0	33.333333333333336	0.1428571428571428	0.0755	0.0	0.0	0.0	0.0	1.0	0.0714285714285714	0.0595	1.0	16.666666666666668	11.0	183.3333333333333	0.4305740740740741	0.45376851851851857	0.3988796296296297	-0.8333333333333334	18	11	0.3	disgust	0.6428571428571429	wikivir.cleaned.xml	7024				window	wikivir-007024	wikivir-007024.s000001|wikivir-007024.s000002|wikivir-007024.s000003|wikivir-007024.s000004|wikivir-007024.s000005|wikivir-007024.s000006|wikivir-007024.s000007|wikivir-007024.s000008|wikivir-007024.s000009|wikivir-007024.s000010|wikivir-007024.s000011|wikivir-007024.s000012|wikivir-007024.s000013|wikivir-007024.s000014|wikivir-007024.s000015|wikivir-007024.s000016|wikivir-007024.s000017|wikivir-007024.s000018|wikivir-007024.s000019|wikivir-007024.s000020	25	139	86	60	Žabja nezgoda Žabica je žejna bila - kvak, kvak, kvak, sredi blatnih mlak ... In je vode se napila - kvak, kvak, kvak, sredi blatnih mlak ... Pa ji je trebušček počil - kvak, kvak, kvak, sredi blatnih mlak ... Mož je po zdravnika skočil - kvak, kvak, kvak, sredi blatnih mlak ... Ko sta k žabici pris	wikivir.cleaned.xml	7024	Žabja nezgoda	Anica Černej	20	pesmi				
emotion_disgust_per_1k	16.666666666666668	wikivir-007295::window::1	wikivir-007295	window	115	Žabica	Anica Černej	pesmi	20		ŽABICA ŽABICA JE ŽEJNA BILA. KVAK, KVAK, VAK SREDI BLATNIH MLAK IN JE VODE SE NAPILA, KVAK, KVAK, KVAK, SREDI BLATNIH MLAK PA JI JE TREBUŠČEK POČIL, KVAK, KVAK, KVAK SREDI BLATNIH MLAK MOŽ JE PO ZDRAVNIKA SKOČIL, KVAK, KVAK, KVAK, SREDI BLATNIH MLAK KO STA K ŽABICI PRISPELA, KVAK, KVAK, KVAK, SREDI	115	60	1.0	16.666666666666668	0.0714285714285714	0.021411764705882352	1.0	16.666666666666668	0.0714285714285714	0.03494117647058823	9.0	150.0	0.6428571428571429	0.2293529411764706	0.0	0.0	0.0	0.0	0.0	0.0	0.0	0.01835294117647059	2.0	33.333333333333336	0.1428571428571428	0.07994117647058824	0.0	0.0	0.0	0.0	1.0	0.0714285714285714	0.063	1.0	16.666666666666668	11.0	183.3333333333333	0.42649019607843136	0.44751960784313727	0.39734313725490195	-0.8333333333333334	17	10	0.2833333333333333	disgust	0.6428571428571429	wikivir.cleaned.xml	7295				window	wikivir-007295	wikivir-007295.s000001|wikivir-007295.s000002|wikivir-007295.s000003|wikivir-007295.s000004|wikivir-007295.s000005|wikivir-007295.s000006|wikivir-007295.s000007|wikivir-007295.s000008|wikivir-007295.s000009|wikivir-007295.s000010|wikivir-007295.s000011|wikivir-007295.s000012|wikivir-007295.s000013|wikivir-007295.s000014|wikivir-007295.s000015|wikivir-007295.s000016|wikivir-007295.s000017|wikivir-007295.s000018|wikivir-007295.s000019|wikivir-007295.s000020	25	115	85	59	ŽABICA ŽABICA JE ŽEJNA BILA. KVAK, KVAK, VAK SREDI BLATNIH MLAK IN JE VODE SE NAPILA, KVAK, KVAK, KVAK, SREDI BLATNIH MLAK PA JI JE TREBUŠČEK POČIL, KVAK, KVAK, KVAK SREDI BLATNIH MLAK MOŽ JE PO ZDRAVNIKA SKOČIL, KVAK, KVAK, KVAK, SREDI BLATNIH MLAK KO STA K ŽABICI PRISPELA, KVAK, KVAK, KVAK, SREDI 	wikivir.cleaned.xml	7295	Žabica	Anica Černej	20	pesmi				
emotion_disgust_per_1k	16.666666666666668	wikivir-007295::document::1	wikivir-007295	document	116	Žabica	Anica Černej	pesmi	20		ŽABICA ŽABICA JE ŽEJNA BILA. KVAK, KVAK, VAK SREDI BLATNIH MLAK IN JE VODE SE NAPILA, KVAK, KVAK, KVAK, SREDI BLATNIH MLAK PA JI JE TREBUŠČEK POČIL, KVAK, KVAK, KVAK SREDI BLATNIH MLAK MOŽ JE PO ZDRAVNIKA SKOČIL, KVAK, KVAK, KVAK, SREDI BLATNIH MLAK KO STA K ŽABICI PRISPELA, KVAK, KVAK, KVAK, SREDI	116	60	1.0	16.666666666666668	0.0714285714285714	0.021411764705882352	1.0	16.666666666666668	0.0714285714285714	0.03494117647058823	9.0	150.0	0.6428571428571429	0.2293529411764706	0.0	0.0	0.0	0.0	0.0	0.0	0.0	0.01835294117647059	2.0	33.333333333333336	0.1428571428571428	0.07994117647058824	0.0	0.0	0.0	0.0	1.0	0.0714285714285714	0.063	1.0	16.666666666666668	11.0	183.3333333333333	0.42649019607843136	0.44751960784313727	0.39734313725490195	-0.8333333333333334	17	10	0.2833333333333333	disgust	0.6428571428571429	wikivir.cleaned.xml	7295				document	wikivir-007295	wikivir-007295.s000001|wikivir-007295.s000002|wikivir-007295.s000003|wikivir-007295.s000004|wikivir-007295.s000005|wikivir-007295.s000006|wikivir-007295.s000007|wikivir-007295.s000008|wikivir-007295.s000009|wikivir-007295.s000010|wikivir-007295.s000011|wikivir-007295.s000012|wikivir-007295.s000013|wikivir-007295.s000014|wikivir-007295.s000015|wikivir-007295.s000016|wikivir-007295.s000017|wikivir-007295.s000018|wikivir-007295.s000019|wikivir-007295.s000020	25	116	85	59	ŽABICA ŽABICA JE ŽEJNA BILA. KVAK, KVAK, VAK SREDI BLATNIH MLAK IN JE VODE SE NAPILA, KVAK, KVAK, KVAK, SREDI BLATNIH MLAK PA JI JE TREBUŠČEK POČIL, KVAK, KVAK, KVAK SREDI BLATNIH MLAK MOŽ JE PO ZDRAVNIKA SKOČIL, KVAK, KVAK, KVAK, SREDI BLATNIH MLAK KO STA K ŽABICI PRISPELA, KVAK, KVAK, KVAK, SREDI 	wikivir.cleaned.xml	7295	Žabica	Anica Černej	20	pesmi				
emotion_disgust_per_1k	0.0	wikivir-001514::window::1	wikivir-001514	window	86	Žalostna pesem bajtarja Drejca	Karel Destovnik Kajuh	pesmi	20		Dež, dež, vse noči po strehah lije ... Dež, dež, vse noči po šipah bije. Polja in vrtovi, vse je, vse je pod vodó, in po njivah vsi plodovi v dežju gnijejo in mro. Groza, groza, temna groza se budi. Groza, groza, temna groza je zajela vse ljudi. Roke, roke, žuljave in pridne roke, roke naših žen in	86	40	6.0	150.0	0.1666666666666666	0.16071428571428573	2.0	50.0	0.0555555555555555	0.03596428571428572	6.0	150.0	0.1666666666666666	0.14057142857142857	6.0	150.0	0.1666666666666666	0.1977857142857143	2.0	50.0	0.0555555555555555	0.02975	8.0	200.0	0.2222222222222222	0.22210714285714284	6.0	150.0	0.1666666666666666	0.159	0.0	0.0	0.0	2.0	50.0	6.0	150.0	0.4478392857142858	0.4755416666666668	0.4206904761904761	-0.5	28	13	0.7	sadness	0.2222222222222222	wikivir.cleaned.xml	1514				window	wikivir-001514	wikivir-001514.s000001|wikivir-001514.s000002|wikivir-001514.s000003|wikivir-001514.s000004|wikivir-001514.s000005|wikivir-001514.s000006|wikivir-001514.s000007|wikivir-001514.s000008|wikivir-001514.s000009|wikivir-001514.s000010|wikivir-001514.s000011|wikivir-001514.s000012|wikivir-001514.s000013|wikivir-001514.s000014|wikivir-001514.s000015|wikivir-001514.s000016	16	86	64	38	Dež, dež, vse noči po strehah lije ... Dež, dež, vse noči po šipah bije. Polja in vrtovi, vse je, vse je pod vodó, in po njivah vsi plodovi v dežju gnijejo in mro. Groza, groza, temna groza se budi. Groza, groza, temna groza je zajela vse ljudi. Roke, roke, žuljave in pridne roke, roke naših žen in 	wikivir.cleaned.xml	1514	Žalostna pesem bajtarja Drejca	Karel Destovnik Kajuh	20	pesmi				
emotion_disgust_per_1k	93.75	wikivir-004225::window::128	wikivir-004225	window	390	Nesrečno zlato!	Matija Prelesnik	povesti	20		ga ni doma; pa to nič ne de, naj kar sami gredó z njim, da bodo le izpovedali umirajočega, ker zdajzdaj bo umrl. Gospodu se je malo čudno zdelo, pa vendar se niso obotavljali. Prekrižali so se in šli za možem. Dolgo sta hodila. Naposled sta prišla do temnega gozda. Na parobku gozda pa je rekel tujec	390	160	15.0	93.75	0.1530612244897959	0.034432432432432436	4.0	25.0	0.0408163265306122	0.02195945945945946	24.0	150.0	0.2448979591836734	0.09431081081081082	27.0	168.75	0.2755102040816326	0.12652702702702703	1.0	6.25	0.010204081632653	0.05740540540540541	8.0	50.0	0.0816326530612244	0.07356756756756756	4.0	25.0	0.0408163265306122	0.03674324324324324	15.0	0.1530612244897959	0.13033783783783787	13.0	81.25	33.0	206.25	0.5187780405405407	0.4485137387387388	0.48785822072072066	-0.43478260869565216	74	40	0.4625	fear	0.2755102040816326	wikivir.cleaned.xml	4225				window	wikivir-004225	wikivir-004225.s003825|wikivir-004225.s003826|wikivir-004225.s003827|wikivir-004225.s003828|wikivir-004225.s003829|wikivir-004225.s003830|wikivir-004225.s003831|wikivir-004225.s003832|wikivir-004225.s003833|wikivir-004225.s003834|wikivir-004225.s003835|wikivir-004225.s003836|wikivir-004225.s003837|wikivir-004225.s003838|wikivir-004225.s003839|wikivir-004225.s003840|wikivir-004225.s003841|wikivir-004225.s003842|wikivir-004225.s003843|wikivir-004225.s003844	57	390	300	153	ga ni doma; pa to nič ne de, naj kar sami gredó z njim, da bodo le izpovedali umirajočega, ker zdajzdaj bo umrl. Gospodu se je malo čudno zdelo, pa vendar se niso obotavljali. Prekrižali so se in šli za možem. Dolgo sta hodila. Naposled sta prišla do temnega gozda. Na parobku gozda pa je rekel tujec	wikivir.cleaned.xml	4225	Nesrečno zlato!	Matija Prelesnik	20	povesti				
emotion_disgust_per_1k	74.32432432432432	wikivir-007629::window::2	wikivir-007629	window	366	Hlapec je izplačal gospoda		ljudske pripovedke			gospod in da natočiti poln sod vina ter ga ukaže naložiti na voz. In koderkoli je šel cucek, tam je fant vozil vino. Ko pa ni mogel več peljati za psom, se je razjezil in se z vinom obrnil nazaj domov. Gospod ga vpraša: »Kam si peljal vino? Ali si bil jezen?« Fant, še vedno jezen, odgovori: »Kako, v	366	148	17.0	114.86486486486488	0.2328767123287671	0.14400000000000002	0.0	0.0	0.0	0.0	22.0	148.64864864864865	0.3013698630136986	0.06936842105263157	15.0	101.35135135135135	0.2054794520547945	0.0705921052631579	0.0	0.0	0.0	0.05093421052631579	8.0	54.054054054054056	0.1095890410958904	0.07318421052631578	0.0	0.0	0.0	0.0	11.0	0.1506849315068493	0.09721052631578946	13.0	87.83783783783784	30.0	202.7027027027027	0.5010871710526315	0.4802478070175438	0.4607516447368421	-0.3953488372093023	76	29	0.5135135135135135	disgust	0.3013698630136986	wikivir.cleaned.xml	7629				window	wikivir-007629	wikivir-007629.s000016|wikivir-007629.s000017|wikivir-007629.s000018|wikivir-007629.s000019|wikivir-007629.s000020|wikivir-007629.s000021|wikivir-007629.s000022|wikivir-007629.s000023|wikivir-007629.s000024|wikivir-007629.s000025|wikivir-007629.s000026|wikivir-007629.s000027|wikivir-007629.s000028|wikivir-007629.s000029|wikivir-007629.s000030|wikivir-007629.s000031|wikivir-007629.s000032|wikivir-007629.s000033|wikivir-007629.s000034|wikivir-007629.s000035	22	366	300	143	gospod in da natočiti poln sod vina ter ga ukaže naložiti na voz. In koderkoli je šel cucek, tam je fant vozil vino. Ko pa ni mogel več peljati za psom, se je razjezil in se z vinom obrnil nazaj domov. Gospod ga vpraša: »Kam si peljal vino? Ali si bil jezen?« Fant, še vedno jezen, odgovori: »Kako, v	wikivir.cleaned.xml	7629	Hlapec je izplačal gospoda			ljudske pripovedke				
emotion_disgust_per_1k	44.55445544554456	wikivir-003495::window::49	wikivir-003495	window	436	Modra vrtnica za princesko	Kristina Brenkova	dramska besedila	20		ti? PRINCESKA: Princeska. FANT: Lepo ime - princeska. PRINCESKA: Kdo te je peti učil? FANT: Bile so zvezde, trave, dež in rosa. PRINCESKA: Kdo si? FANT: Veter z gore. PRINCESKA: Kdo si? FANT: Na tej piščalki sončni žarek. PRINCESKA: Od kod si le prišel? FANT: Nikoli ne bom vedel. PRINCESKA: Povej mi	436	202	0.0	0.0	0.0	0.0	10.0	49.50495049504951	0.1176470588235294	0.046533980582524274	30.0	148.5148514851485	0.3529411764705882	0.029281553398058248	0.0	0.0	0.0	0.004699029126213592	11.0	54.45544554455446	0.1294117647058823	0.07320388349514564	19.0	94.05940594059406	0.2235294117647059	0.06167961165048543	6.0	29.7029702970297	0.0705882352941176	0.02192233009708738	9.0	0.1058823529411764	0.03421359223300971	26.0	128.7128712871287	31.0	153.46534653465346	0.5624894822006474	0.32709870550161807	0.42830825242718457	-0.08771929824561403	103	41	0.5099009900990099	disgust	0.35294117647058826	wikivir.cleaned.xml	3495				window	wikivir-003495	wikivir-003495.s001311|wikivir-003495.s001312|wikivir-003495.s001313|wikivir-003495.s001314|wikivir-003495.s001315|wikivir-003495.s001316|wikivir-003495.s001317|wikivir-003495.s001318|wikivir-003495.s001319|wikivir-003495.s001320|wikivir-003495.s001321|wikivir-003495.s001322|wikivir-003495.s001323|wikivir-003495.s001324|wikivir-003495.s001325|wikivir-003495.s001326|wikivir-003495.s001327|wikivir-003495.s001328|wikivir-003495.s001329|wikivir-003495.s001330	59	436	300	200	ti? PRINCESKA: Princeska. FANT: Lepo ime - princeska. PRINCESKA: Kdo te je peti učil? FANT: Bile so zvezde, trave, dež in rosa. PRINCESKA: Kdo si? FANT: Veter z gore. PRINCESKA: Kdo si? FANT: Na tej piščalki sončni žarek. PRINCESKA: Od kod si le prišel? FANT: Nikoli ne bom vedel. PRINCESKA: Povej mi	wikivir.cleaned.xml	3495	Modra vrtnica za princesko	Kristina Brenkova	20	dramska besedila				
emotion_disgust_per_1k	32.25806451612903	wikivir-004482::window::50	wikivir-004482	window	340	Verske bajke na Dolenjskem	Janez Trdina	ljudske pripovedi	19		okolo roke in ga vpičila. Ker je znal vsak strup zagovoriti, mu ni mogla škoditi ali nehvaležnost ga je tako unevoljila, da je kačo preklel in obsodil, da ne bo nikdar več nobene gorkote občutila v svojem truplu. Ta sodba se izvršuje še dan denašnji. Kače se ne prime nobeden žarek poletnega solnca.	340	155	21.0	135.48387096774195	0.1981132075471698	0.200453125	7.0	45.16129032258064	0.0660377358490566	0.034140625	23.0	148.38709677419354	0.2169811320754717	0.216984375	26.0	167.74193548387098	0.2452830188679245	0.27168749999999997	1.0	6.451612903225806	0.0094339622641509	0.00828125	20.0	129.03225806451613	0.1886792452830188	0.18959375	3.0	19.35483870967742	0.0283018867924528	0.01478125	5.0	0.0471698113207547	0.05578125	11.0	70.96774193548387	33.0	212.9032258064516	0.44420703125	0.5746249999999999	0.55294921875	-0.5	64	44	0.4129032258064516	fear	0.24528301886792453	wikivir.cleaned.xml	4482				window	wikivir-004482	wikivir-004482.s000480|wikivir-004482.s000481|wikivir-004482.s000482|wikivir-004482.s000483|wikivir-004482.s000484|wikivir-004482.s000485|wikivir-004482.s000486|wikivir-004482.s000487|wikivir-004482.s000488|wikivir-004482.s000489|wikivir-004482.s000490|wikivir-004482.s000491|wikivir-004482.s000492|wikivir-004482.s000493|wikivir-004482.s000494|wikivir-004482.s000495|wikivir-004482.s000496|wikivir-004482.s000497	18	340	300	151	okolo roke in ga vpičila. Ker je znal vsak strup zagovoriti, mu ni mogla škoditi ali nehvaležnost ga je tako unevoljila, da je kačo preklel in obsodil, da ne bo nikdar več nobene gorkote občutila v svojem truplu. Ta sodba se izvršuje še dan denašnji. Kače se ne prime nobeden žarek poletnega solnca. 	wikivir.cleaned.xml	4482	Verske bajke na Dolenjskem	Janez Trdina	19	ljudske pripovedi				
emotion_disgust_per_1k	32.786885245901644	wikivir-016125::window::50	wikivir-016125	window	390	Žganje - naš sovražnik	Jurij Matej Trunk	neleposlovje	19	1900	na žganje!« Posledice alkohola so bolezni v želodcu: oslabljenje, izprijeni soki, neprebavnost, vnetje čreves, rak, krvavenje. Naravnost nespametno je, kar se pogostoma dogaja, če kdo te bolezni zdravi zopet z — žganjem! V jetrih povzroči žoltenico ali zlatenico, oteklino in skrčenje. Ledvice začnej	390	183	23.0	125.6830601092896	0.1965811965811965	0.10178571428571428	2.0	10.92896174863388	0.017094017094017	0.010448979591836735	27.0	147.54098360655738	0.2307692307692307	0.1634183673469388	29.0	158.46994535519127	0.2478632478632478	0.18761224489795922	2.0	10.92896174863388	0.017094017094017	0.02051020408163265	28.0	153.0054644808743	0.2393162393162393	0.17165306122448976	0.0	0.0	0.0	0.0	6.0	0.0512820512820512	0.040183673469387754	12.0	65.57377049180329	48.0	262.29508196721315	0.3981318027210885	0.566173469387755	0.4606071428571428	-0.6	98	72	0.5355191256830601	fear	0.24786324786324787	wikivir.cleaned.xml	16125				window	wikivir-016125	wikivir-016125.s000468|wikivir-016125.s000469|wikivir-016125.s000470|wikivir-016125.s000471|wikivir-016125.s000472|wikivir-016125.s000473|wikivir-016125.s000474|wikivir-016125.s000475|wikivir-016125.s000476|wikivir-016125.s000477|wikivir-016125.s000478|wikivir-016125.s000479|wikivir-016125.s000480|wikivir-016125.s000481|wikivir-016125.s000482|wikivir-016125.s000483|wikivir-016125.s000484|wikivir-016125.s000485|wikivir-016125.s000486|wikivir-016125.s000487	27	390	300	181	na žganje!« Posledice alkohola so bolezni v želodcu: oslabljenje, izprijeni soki, neprebavnost, vnetje čreves, rak, krvavenje. Naravnost nespametno je, kar se pogostoma dogaja, če kdo te bolezni zdravi zopet z — žganjem! V jetrih povzroči žoltenico ali zlatenico, oteklino in skrčenje. Ledvice začnej	wikivir.cleaned.xml	16125	Žganje - naš sovražnik	Jurij Matej Trunk	19	neleposlovje			1900	
emotion_disgust_per_1k	49.079754601227	wikivir-014640::window::96	wikivir-014640	window	349	Domače in tuje živali v podobah, 5: Golazen	Fran Erjavec	prirocniki	19		Kedar boš hodil mimo mene, oglasi se, dala ti bom mleka, če ga bom le imela.“ Druga žena je pritrdila, da je taka kača res mrtva na mleko. Vedela je povedati, da je enkrat v spečega človeka kača zlezla, in je nij bilo mogoče ven spraviti, dokler nij moder berač prišel in nasvetoval, naj se nesrečni	349	163	9.0	55.214723926380366	0.0927835051546391	0.07363636363636364	8.0	49.079754601227	0.0824742268041237	0.04157954545454546	24.0	147.23926380368098	0.2474226804123711	0.1529090909090909	28.0	171.7791411042945	0.2886597938144329	0.21511363636363637	3.0	18.404907975460123	0.0309278350515463	0.040045454545454544	14.0	85.88957055214725	0.1443298969072164	0.10348863636363635	3.0	18.404907975460123	0.0309278350515463	0.029829545454545456	8.0	0.0824742268041237	0.04873863636363636	12.0	73.61963190184049	33.0	202.45398773006136	0.4531714015151515	0.48826420454545455	0.48234659090909093	-0.4666666666666667	88	57	0.5398773006134969	fear	0.28865979381443296	wikivir.cleaned.xml	14640				window	wikivir-014640	wikivir-014640.s000780|wikivir-014640.s000781|wikivir-014640.s000782|wikivir-014640.s000783|wikivir-014640.s000784|wikivir-014640.s000785|wikivir-014640.s000786|wikivir-014640.s000787|wikivir-014640.s000788|wikivir-014640.s000789|wikivir-014640.s000790|wikivir-014640.s000791|wikivir-014640.s000792|wikivir-014640.s000793|wikivir-014640.s000794|wikivir-014640.s000795	16	349	300	161	Kedar boš hodil mimo mene, oglasi se, dala ti bom mleka, če ga bom le imela.“ Druga žena je pritrdila, da je taka kača res mrtva na mleko. Vedela je povedati, da je enkrat v spečega človeka kača zlezla, in je nij bilo mogoče ven spraviti, dokler nij moder berač prišel in nasvetoval, naj se nesrečni 	wikivir.cleaned.xml	14640	Domače in tuje živali v podobah, 5: Golazen	Fran Erjavec	19	prirocniki				
emotion_disgust_per_1k	97.5609756097561	wikivir-002059::document::1	wikivir-002059	document	111	Tri rojenice prerokujejo	Ivan Tušek	pripovedke	19		Rojenice so nekemu fantiču ob rojstvu prerokovale, kako bo umrl. Prva pravi, da ga bo pičila kača, druga, da se bo ubil, tretja pa, da bo utonil... Fant je dorasel in nekoč splezal na drevo, kjer je bilo v votlini ptičje gnezdo. Segel je v votlino, ne da bi prej vanjo pogledal - a v njej je bila kač	111	41	2.0	48.78048780487805	0.074074074074074	0.0	3.0	73.17073170731707	0.1111111111111111	0.059399999999999994	6.0	146.34146341463415	0.2222222222222222	0.06089999999999999	5.0	121.95121951219512	0.1851851851851851	0.17415	3.0	73.17073170731707	0.1111111111111111	0.03165	2.0	48.78048780487805	0.074074074074074	0.0785	2.0	48.78048780487805	0.074074074074074	0.0078	4.0	0.1481481481481481	0.08549999999999999	3.0	73.17073170731707	6.0	146.34146341463415	0.47485	0.41212499999999996	0.4544	-0.3333333333333333	20	16	0.4878048780487805	disgust	0.2222222222222222	wikivir.cleaned.xml	2059				document	wikivir-002059	wikivir-002059.s000001|wikivir-002059.s000002|wikivir-002059.s000003|wikivir-002059.s000004|wikivir-002059.s000005|wikivir-002059.s000006	6	111	91	40	Rojenice so nekemu fantiču ob rojstvu prerokovale, kako bo umrl. Prva pravi, da ga bo pičila kača, druga, da se bo ubil, tretja pa, da bo utonil... Fant je dorasel in nekoč splezal na drevo, kjer je bilo v votlini ptičje gnezdo. Segel je v votlino, ne da bi prej vanjo pogledal - a v njej je bila kač	wikivir.cleaned.xml	2059	Tri rojenice prerokujejo	Ivan Tušek	19	pripovedke				
emotion_disgust_per_1k	97.5609756097561	wikivir-002059::window::1	wikivir-002059	window	110	Tri rojenice prerokujejo	Ivan Tušek	pripovedke	19		Rojenice so nekemu fantiču ob rojstvu prerokovale, kako bo umrl. Prva pravi, da ga bo pičila kača, druga, da se bo ubil, tretja pa, da bo utonil... Fant je dorasel in nekoč splezal na drevo, kjer je bilo v votlini ptičje gnezdo. Segel je v votlino, ne da bi prej vanjo pogledal - a v njej je bila kač	110	41	2.0	48.78048780487805	0.074074074074074	0.0	3.0	73.17073170731707	0.1111111111111111	0.059399999999999994	6.0	146.34146341463415	0.2222222222222222	0.06089999999999999	5.0	121.95121951219512	0.1851851851851851	0.17415	3.0	73.17073170731707	0.1111111111111111	0.03165	2.0	48.78048780487805	0.074074074074074	0.0785	2.0	48.78048780487805	0.074074074074074	0.0078	4.0	0.1481481481481481	0.08549999999999999	3.0	73.17073170731707	6.0	146.34146341463415	0.47485	0.41212499999999996	0.4544	-0.3333333333333333	20	16	0.4878048780487805	disgust	0.2222222222222222	wikivir.cleaned.xml	2059				window	wikivir-002059	wikivir-002059.s000001|wikivir-002059.s000002|wikivir-002059.s000003|wikivir-002059.s000004|wikivir-002059.s000005|wikivir-002059.s000006	6	110	91	40	Rojenice so nekemu fantiču ob rojstvu prerokovale, kako bo umrl. Prva pravi, da ga bo pičila kača, druga, da se bo ubil, tretja pa, da bo utonil... Fant je dorasel in nekoč splezal na drevo, kjer je bilo v votlini ptičje gnezdo. Segel je v votlino, ne da bi prej vanjo pogledal - a v njej je bila kač	wikivir.cleaned.xml	2059	Tri rojenice prerokujejo	Ivan Tušek	19	pripovedke				
emotion_disgust_per_1k	157.89473684210526	wikivir-002855::window::62	wikivir-002855	window	365	Blage duše	Fran Detela	drame	20		Milostljiva, to se da vse poravnati. KATARINA Nikoli, in če pade na kolena pred moje noge, mu jaz ne dam več svoje hčere. LEŠNIK Gospod Čuren in gospod doktor, prosim, da se te besede zabeležijo; zakaj jaz se bom nanje skliceval. Siliti jaz nočem nikogar; to mi brani moja narava, moja psiha. STOPAR	365	171	23.0	134.50292397660817	0.1916666666666666	0.039253333333333335	4.0	23.391812865497077	0.0333333333333333	0.034480000000000004	25.0	146.19883040935673	0.2083333333333333	0.08559999999999998	26.0	152.046783625731	0.2166666666666666	0.07717333333333333	7.0	40.93567251461988	0.0583333333333333	0.16510666666666665	4.0	23.391812865497077	0.0333333333333333	0.029733333333333334	4.0	23.391812865497077	0.0333333333333333	0.026666666666666665	27.0	0.225	0.2434666666666667	36.0	210.52631578947367	29.0	169.5906432748538	0.6055144444444444	0.4344033333333333	0.5464299999999999	0.1076923076923077	75	53	0.4385964912280701	trust	0.225	wikivir.cleaned.xml	2855				window	wikivir-002855	wikivir-002855.s001809|wikivir-002855.s001810|wikivir-002855.s001811|wikivir-002855.s001812|wikivir-002855.s001813|wikivir-002855.s001814|wikivir-002855.s001815|wikivir-002855.s001816|wikivir-002855.s001817|wikivir-002855.s001818|wikivir-002855.s001819|wikivir-002855.s001820|wikivir-002855.s001821|wikivir-002855.s001822|wikivir-002855.s001823|wikivir-002855.s001824|wikivir-002855.s001825|wikivir-002855.s001826|wikivir-002855.s001827|wikivir-002855.s001828	62	365	300	170	Milostljiva, to se da vse poravnati. KATARINA Nikoli, in če pade na kolena pred moje noge, mu jaz ne dam več svoje hčere. LEŠNIK Gospod Čuren in gospod doktor, prosim, da se te besede zabeležijo; zakaj jaz se bom nanje skliceval. Siliti jaz nočem nikogar; to mi brani moja narava, moja psiha. STOPAR 	wikivir.cleaned.xml	2855	Blage duše	Fran Detela	20	drame				
emotion_disgust_per_1k	33.70786516853933	wikivir-000671::window::97	wikivir-000671	window	352	Naše škodljive rastline/Bakterije	Martin Cilenšek	neleposlovje	19		utegneš shajati s temi pomočki. Ako se je pa pokazala bolezen v hujši podobi, treba ti pomisliti, da skoro ne moreš zdraviti posameznih živalij, da bi ne prišel z zdravimi v dotiko in jih okužil. Tu najpametneje ravnaš, ako takoj v začetku pobiješ tiste ovce, od kterih preti čredi nevarnost. Osepnic	352	178	8.0	44.9438202247191	0.0930232558139534	0.03369473684210526	3.0	16.853932584269664	0.0348837209302325	0.01571578947368421	26.0	146.06741573033707	0.3023255813953488	0.16224210526315788	17.0	95.50561797752808	0.1976744186046511	0.1165578947368421	8.0	44.9438202247191	0.0930232558139534	0.03888421052631579	18.0	101.12359550561796	0.2093023255813953	0.0992	0.0	0.0	0.0	0.0	6.0	0.0697674418604651	0.03429473684210526	13.0	73.03370786516854	28.0	157.30337078651684	0.45080771929824565	0.4419254385964912	0.4221619298245613	-0.36585365853658536	95	57	0.5337078651685393	disgust	0.3023255813953488	wikivir.cleaned.xml	671				window	wikivir-000671	wikivir-000671.s000807|wikivir-000671.s000808|wikivir-000671.s000809|wikivir-000671.s000810|wikivir-000671.s000811|wikivir-000671.s000812|wikivir-000671.s000813|wikivir-000671.s000814|wikivir-000671.s000815|wikivir-000671.s000816|wikivir-000671.s000817|wikivir-000671.s000818|wikivir-000671.s000819|wikivir-000671.s000820|wikivir-000671.s000821	15	352	300	174	utegneš shajati s temi pomočki. Ako se je pa pokazala bolezen v hujši podobi, treba ti pomisliti, da skoro ne moreš zdraviti posameznih živalij, da bi ne prišel z zdravimi v dotiko in jih okužil. Tu najpametneje ravnaš, ako takoj v začetku pobiješ tiste ovce, od kterih preti čredi nevarnost. Osepnic	wikivir.cleaned.xml	671	Naše škodljive rastline/Bakterije	Martin Cilenšek	19	neleposlovje				
emotion_disgust_per_1k	125.0	wikivir-018549::window::8	wikivir-018549	window	116	Domovina!	Vladimir Levstik	kratka proza	20	1907	Strašna rana, strašna, strašna. Jo že po njem ... Ali veš, kaj je vzkliknil preden je umrl? »Domovina!« je zaječal, slišal sem z lastnimi ušesi ...« In ko so drugo jutro poročali polkovniku o smrti poročnika Sava, se je ugriznil v sive brke, pokazal hudo ginjenost in dejal s svojim žagajočim vojaški	116	48	5.0	104.16666666666669	0.1162790697674418	0.0833548387096774	4.0	83.33333333333333	0.0930232558139534	0.055161290322580644	7.0	145.83333333333334	0.1627906976744186	0.10938709677419355	10.0	208.33333333333331	0.2325581395348837	0.1844193548387097	1.0	20.83333333333333	0.0232558139534883	0.036258064516129035	5.0	104.16666666666669	0.1162790697674418	0.11574193548387098	5.0	104.16666666666669	0.1162790697674418	0.08519354838709677	6.0	0.1395348837209302	0.13432258064516128	5.0	104.16666666666669	9.0	187.5	0.47203629032258065	0.5296935483870968	0.4997943548387096	-0.2857142857142857	31	28	0.6458333333333334	fear	0.23255813953488372	wikivir.cleaned.xml	18549				window	wikivir-018549	wikivir-018549.s000056|wikivir-018549.s000057|wikivir-018549.s000058|wikivir-018549.s000059|wikivir-018549.s000060|wikivir-018549.s000061|wikivir-018549.s000062|wikivir-018549.s000063|wikivir-018549.s000064	9	116	88	47	Strašna rana, strašna, strašna. Jo že po njem ... Ali veš, kaj je vzkliknil preden je umrl? »Domovina!« je zaječal, slišal sem z lastnimi ušesi ...« In ko so drugo jutro poročali polkovniku o smrti poročnika Sava, se je ugriznil v sive brke, pokazal hudo ginjenost in dejal s svojim žagajočim vojaški	wikivir.cleaned.xml	18549	Domovina!	Vladimir Levstik	20	kratka proza			1907	
emotion_fear_per_1k	102.04081632653062	wikivir-011686::window::36	wikivir-011686	window	124	Na mrtvi straži	Vitomir Feodor Jelenc	kratka proza	20	1921	mesto ... Komaj smo spoznali svojega druga ... odvojili smo njegovo truplo od drugih, izkopali mu grob ... ni bilo suhega očesa, ko smo izvršili žalosten obred, ko smo nad njegovim truplom nagomilili gomilo prsti ... Nad Kosovim poljem je grob našega komite; preko njegovega groba je divjala vojna, p	124	49	12.0	244.89795918367344	0.1904761904761904	0.19041666666666665	5.0	102.04081632653062	0.0793650793650793	0.06686111111111111	5.0	102.04081632653062	0.0793650793650793	0.08680555555555555	15.0	306.12244897959187	0.238095238095238	0.2555	3.0	61.224489795918366	0.0476190476190476	0.04677777777777778	13.0	265.30612244897964	0.2063492063492063	0.2746944444444444	5.0	102.04081632653062	0.0793650793650793	0.04816666666666667	5.0	0.0793650793650793	0.09047222222222223	5.0	102.04081632653062	17.0	346.9387755102041	0.4673819444444444	0.49239120370370365	0.48954861111111114	-0.5454545454545454	36	24	0.7346938775510204	fear	0.23809523809523808	wikivir.cleaned.xml	11686				window	wikivir-011686	wikivir-011686.s000187|wikivir-011686.s000188|wikivir-011686.s000189|wikivir-011686.s000190	4	124	93	49	mesto ... Komaj smo spoznali svojega druga ... odvojili smo njegovo truplo od drugih, izkopali mu grob ... ni bilo suhega očesa, ko smo izvršili žalosten obred, ko smo nad njegovim truplom nagomilili gomilo prsti ... Nad Kosovim poljem je grob našega komite; preko njegovega groba je divjala vojna, p	wikivir.cleaned.xml	11686	Na mrtvi straži	Vitomir Feodor Jelenc	20	kratka proza			1921	
emotion_fear_per_1k	95.23809523809524	wikivir-000985::window::1	wikivir-000985	window	94	Gospod	Srečko Kosovel	pesmi	20		"Gospod me zasleduje z drobnimi, hudobnimi očmi. Kaj me zasledujete, gospod, bi radi hrabrostno svetinjo, ker ste me ujeli ""Nevarnega?"" Človek je vedno jezen, če ima tako malenkostne skrbi, in če je plašan, se vsega boji in mu je vse nevarno. Kaj bi imeli vi, če bi ne imeli orožja? Plašljivci nosijo"	94	42	11.0	261.9047619047619	0.2444444444444444	0.25280952380952376	4.0	95.23809523809524	0.0888888888888888	0.08819047619047618	7.0	166.66666666666666	0.1555555555555555	0.12247619047619047	12.0	285.7142857142857	0.2666666666666666	0.31761904761904763	1.0	23.809523809523807	0.0222222222222222	0.0861904761904762	4.0	95.23809523809524	0.0888888888888888	0.13585714285714287	2.0	47.61904761904761	0.0444444444444444	0.03238095238095238	4.0	0.0888888888888888	0.12495238095238095	6.0	142.85714285714286	13.0	309.5238095238095	0.4170833333333333	0.5447539682539683	0.5758174603174604	-0.3684210526315789	21	15	0.5	fear	0.26666666666666666	wikivir.cleaned.xml	985	Integrali 26			window	wikivir-000985	wikivir-000985.s000001|wikivir-000985.s000002|wikivir-000985.s000003|wikivir-000985.s000004|wikivir-000985.s000005|wikivir-000985.s000006|wikivir-000985.s000007|wikivir-000985.s000008|wikivir-000985.s000009|wikivir-000985.s000010|wikivir-000985.s000011|wikivir-000985.s000012|wikivir-000985.s000013|wikivir-000985.s000014|wikivir-000985.s000015|wikivir-000985.s000016|wikivir-000985.s000017|wikivir-000985.s000018|wikivir-000985.s000019|wikivir-000985.s000020	20	94	76	41	"Gospod me zasleduje z drobnimi, hudobnimi očmi. Kaj me zasledujete, gospod, bi radi hrabrostno svetinjo, ker ste me ujeli ""Nevarnega?"" Človek je vedno jezen, če ima tako malenkostne skrbi, in če je plašan, se vsega boji in mu je vse nevarno. Kaj bi imeli vi, če bi ne imeli orožja? Plašljivci nosijo "	wikivir.cleaned.xml	985	Gospod	Srečko Kosovel	20	pesmi	Integrali 26			
emotion_fear_per_1k	95.23809523809524	wikivir-000985::document::1	wikivir-000985	document	95	Gospod	Srečko Kosovel	pesmi	20		"Gospod me zasleduje z drobnimi, hudobnimi očmi. Kaj me zasledujete, gospod, bi radi hrabrostno svetinjo, ker ste me ujeli ""Nevarnega?"" Človek je vedno jezen, če ima tako malenkostne skrbi, in če je plašan, se vsega boji in mu je vse nevarno. Kaj bi imeli vi, če bi ne imeli orožja? Plašljivci nosijo"	95	42	11.0	261.9047619047619	0.2444444444444444	0.25280952380952376	4.0	95.23809523809524	0.0888888888888888	0.08819047619047618	7.0	166.66666666666666	0.1555555555555555	0.12247619047619047	12.0	285.7142857142857	0.2666666666666666	0.31761904761904763	1.0	23.809523809523807	0.0222222222222222	0.0861904761904762	4.0	95.23809523809524	0.0888888888888888	0.13585714285714287	2.0	47.61904761904761	0.0444444444444444	0.03238095238095238	4.0	0.0888888888888888	0.12495238095238095	6.0	142.85714285714286	13.0	309.5238095238095	0.4170833333333333	0.5447539682539683	0.5758174603174604	-0.3684210526315789	21	15	0.5	fear	0.26666666666666666	wikivir.cleaned.xml	985	Integrali 26			document	wikivir-000985	wikivir-000985.s000001|wikivir-000985.s000002|wikivir-000985.s000003|wikivir-000985.s000004|wikivir-000985.s000005|wikivir-000985.s000006|wikivir-000985.s000007|wikivir-000985.s000008|wikivir-000985.s000009|wikivir-000985.s000010|wikivir-000985.s000011|wikivir-000985.s000012|wikivir-000985.s000013|wikivir-000985.s000014|wikivir-000985.s000015|wikivir-000985.s000016|wikivir-000985.s000017|wikivir-000985.s000018|wikivir-000985.s000019|wikivir-000985.s000020	20	95	76	41	"Gospod me zasleduje z drobnimi, hudobnimi očmi. Kaj me zasledujete, gospod, bi radi hrabrostno svetinjo, ker ste me ujeli ""Nevarnega?"" Človek je vedno jezen, če ima tako malenkostne skrbi, in če je plašan, se vsega boji in mu je vse nevarno. Kaj bi imeli vi, če bi ne imeli orožja? Plašljivci nosijo "	wikivir.cleaned.xml	985	Gospod	Srečko Kosovel	20	pesmi	Integrali 26			
emotion_fear_per_1k	85.1063829787234	wikivir-020420::document::1	wikivir-020420	document	133	Grob (pesem NOB)		pesmi	20		Strel? ... Strel! ... Zategel jek, obnemel v vroči krvi ... Tovariš! Trpin! Beži, ne ječi spomin, saj ni zadnji ne prvi! In potem strašen molk, neskončno dolg iz njegovih oči ... In še iz groba njih smrt je zvestoba, klic:»Tudi ti, tudi ti!« Ne ti, ne jaz! Smrt in življenje sta čas, ki ni mrtev, kot	133	47	8.0	170.2127659574468	0.1568627450980392	0.19042307692307692	5.0	106.38297872340424	0.0980392156862745	0.08380769230769232	3.0	63.82978723404255	0.0588235294117647	0.07300000000000001	13.0	276.59574468085106	0.2549019607843137	0.35334615384615387	3.0	63.82978723404255	0.0588235294117647	0.10903846153846154	10.0	212.7659574468085	0.196078431372549	0.27776923076923077	5.0	106.38297872340424	0.0980392156862745	0.16015384615384615	4.0	0.0784313725490196	0.10396153846153847	4.0	85.1063829787234	12.0	255.3191489361702	0.44781730769230765	0.5322403846153846	0.5300320512820513	-0.5	26	23	0.5531914893617021	fear	0.2549019607843137	wikivir.cleaned.xml	20420				document	wikivir-020420	wikivir-020420.s000001|wikivir-020420.s000002|wikivir-020420.s000003|wikivir-020420.s000004|wikivir-020420.s000005|wikivir-020420.s000006|wikivir-020420.s000007|wikivir-020420.s000008|wikivir-020420.s000009|wikivir-020420.s000010|wikivir-020420.s000011|wikivir-020420.s000012|wikivir-020420.s000013|wikivir-020420.s000014|wikivir-020420.s000015|wikivir-020420.s000016|wikivir-020420.s000017|wikivir-020420.s000018|wikivir-020420.s000019|wikivir-020420.s000020	23	133	89	47	Strel? ... Strel! ... Zategel jek, obnemel v vroči krvi ... Tovariš! Trpin! Beži, ne ječi spomin, saj ni zadnji ne prvi! In potem strašen molk, neskončno dolg iz njegovih oči ... In še iz groba njih smrt je zvestoba, klic:»Tudi ti, tudi ti!« Ne ti, ne jaz! Smrt in življenje sta čas, ki ni mrtev, kot	wikivir.cleaned.xml	20420	Grob (pesem NOB)		20	pesmi				
emotion_fear_per_1k	85.1063829787234	wikivir-020420::window::1	wikivir-020420	window	132	Grob (pesem NOB)		pesmi	20		Strel? ... Strel! ... Zategel jek, obnemel v vroči krvi ... Tovariš! Trpin! Beži, ne ječi spomin, saj ni zadnji ne prvi! In potem strašen molk, neskončno dolg iz njegovih oči ... In še iz groba njih smrt je zvestoba, klic:»Tudi ti, tudi ti!« Ne ti, ne jaz! Smrt in življenje sta čas, ki ni mrtev, kot	132	47	8.0	170.2127659574468	0.1568627450980392	0.19042307692307692	5.0	106.38297872340424	0.0980392156862745	0.08380769230769232	3.0	63.82978723404255	0.0588235294117647	0.07300000000000001	13.0	276.59574468085106	0.2549019607843137	0.35334615384615387	3.0	63.82978723404255	0.0588235294117647	0.10903846153846154	10.0	212.7659574468085	0.196078431372549	0.27776923076923077	5.0	106.38297872340424	0.0980392156862745	0.16015384615384615	4.0	0.0784313725490196	0.10396153846153847	4.0	85.1063829787234	12.0	255.3191489361702	0.44781730769230765	0.5322403846153846	0.5300320512820513	-0.5	26	23	0.5531914893617021	fear	0.2549019607843137	wikivir.cleaned.xml	20420				window	wikivir-020420	wikivir-020420.s000001|wikivir-020420.s000002|wikivir-020420.s000003|wikivir-020420.s000004|wikivir-020420.s000005|wikivir-020420.s000006|wikivir-020420.s000007|wikivir-020420.s000008|wikivir-020420.s000009|wikivir-020420.s000010|wikivir-020420.s000011|wikivir-020420.s000012|wikivir-020420.s000013|wikivir-020420.s000014|wikivir-020420.s000015|wikivir-020420.s000016|wikivir-020420.s000017|wikivir-020420.s000018|wikivir-020420.s000019|wikivir-020420.s000020	23	132	89	47	Strel? ... Strel! ... Zategel jek, obnemel v vroči krvi ... Tovariš! Trpin! Beži, ne ječi spomin, saj ni zadnji ne prvi! In potem strašen molk, neskončno dolg iz njegovih oči ... In še iz groba njih smrt je zvestoba, klic:»Tudi ti, tudi ti!« Ne ti, ne jaz! Smrt in življenje sta čas, ki ni mrtev, kot	wikivir.cleaned.xml	20420	Grob (pesem NOB)		20	pesmi				
emotion_fear_per_1k	62.5	wikivir-000879::window::18	wikivir-000879	window	363	Malikovanje zločina	Narte Velikonja	proza	20		nad domovino, zakaj so morale pogoreti hiše v moji rojstni vasi, zakaj je pogorela moja rojstna hiša: Za žrtve morda, za žrtve maliku, za žrtve maliku zločinu? Zakaj so morali umreti moji zapeljani znanci, s katerimi sem pasel in ptičja gnezda iskal in polhe podkajal? Zakaj sta žrtvi dva moja lastna	363	160	26.0	162.5	0.1954887218045112	0.21287179487179492	8.0	50.0	0.0601503759398496	0.047871794871794875	15.0	93.75	0.112781954887218	0.1095	40.0	250.0	0.3007518796992481	0.29407692307692307	7.0	43.75	0.0526315789473684	0.05952564102564102	20.0	125.0	0.150375939849624	0.17958974358974358	7.0	43.75	0.0526315789473684	0.04897435897435897	10.0	0.075187969924812	0.09785897435897435	15.0	93.75	39.0	243.75	0.40748824786324794	0.5576705128205128	0.5011412393162394	-0.4444444444444444	78	52	0.4875	fear	0.3007518796992481	wikivir.cleaned.xml	879				window	wikivir-000879	wikivir-000879.s000287|wikivir-000879.s000288|wikivir-000879.s000289|wikivir-000879.s000290|wikivir-000879.s000291|wikivir-000879.s000292|wikivir-000879.s000293|wikivir-000879.s000294|wikivir-000879.s000295|wikivir-000879.s000296|wikivir-000879.s000297|wikivir-000879.s000298|wikivir-000879.s000299|wikivir-000879.s000300|wikivir-000879.s000301|wikivir-000879.s000302|wikivir-000879.s000303|wikivir-000879.s000304|wikivir-000879.s000305	19	363	300	159	nad domovino, zakaj so morale pogoreti hiše v moji rojstni vasi, zakaj je pogorela moja rojstna hiša: Za žrtve morda, za žrtve maliku, za žrtve maliku zločinu? Zakaj so morali umreti moji zapeljani znanci, s katerimi sem pasel in ptičja gnezda iskal in polhe podkajal? Zakaj sta žrtvi dva moja lastna	wikivir.cleaned.xml	879	Malikovanje zločina	Narte Velikonja	20	proza				
emotion_fear_per_1k	146.34146341463415	wikivir-004958::document::1	wikivir-004958	document	89	Nesporazum	Vitomil Zupan	pesmi	20		Včasih smo govorili o spravi. Ko smo se vojne nažrli do grla ko smo se divjanja nasititi krvi nagledali svoje in tuje nam je zmanjkalo sovražnikov in sebe. Potem smo se spopadli s prijatelji naposled sami s seboj napovedali smo boj boju nebu in zemlji in lastnim ljubeznim. V vrtincu norosti smo prid	89	41	8.0	195.1219512195122	0.1739130434782608	0.17759259259259258	6.0	146.34146341463415	0.1304347826086956	0.10544444444444444	3.0	73.17073170731707	0.0652173913043478	0.06162962962962964	10.0	243.90243902439025	0.217391304347826	0.26355555555555554	6.0	146.34146341463415	0.1304347826086956	0.12811111111111112	7.0	170.7317073170732	0.1521739130434782	0.11751851851851852	0.0	0.0	0.0	0.0	6.0	0.1304347826086956	0.15892592592592591	9.0	219.5121951219512	11.0	268.2926829268293	0.4990981481481481	0.5833777777777777	0.5572623456790124	-0.1	27	22	0.6585365853658537	fear	0.21739130434782608	wikivir.cleaned.xml	4958				document	wikivir-004958	wikivir-004958.s000001|wikivir-004958.s000002|wikivir-004958.s000003|wikivir-004958.s000004|wikivir-004958.s000005|wikivir-004958.s000006|wikivir-004958.s000007|wikivir-004958.s000008|wikivir-004958.s000009|wikivir-004958.s000010|wikivir-004958.s000011|wikivir-004958.s000012|wikivir-004958.s000013|wikivir-004958.s000014|wikivir-004958.s000015|wikivir-004958.s000016|wikivir-004958.s000017|wikivir-004958.s000018|wikivir-004958.s000019	19	89	82	41	Včasih smo govorili o spravi. Ko smo se vojne nažrli do grla ko smo se divjanja nasititi krvi nagledali svoje in tuje nam je zmanjkalo sovražnikov in sebe. Potem smo se spopadli s prijatelji naposled sami s seboj napovedali smo boj boju nebu in zemlji in lastnim ljubeznim. V vrtincu norosti smo prid	wikivir.cleaned.xml	4958	Nesporazum	Vitomil Zupan	20	pesmi				
emotion_fear_per_1k	146.34146341463415	wikivir-004958::window::1	wikivir-004958	window	88	Nesporazum	Vitomil Zupan	pesmi	20		Včasih smo govorili o spravi. Ko smo se vojne nažrli do grla ko smo se divjanja nasititi krvi nagledali svoje in tuje nam je zmanjkalo sovražnikov in sebe. Potem smo se spopadli s prijatelji naposled sami s seboj napovedali smo boj boju nebu in zemlji in lastnim ljubeznim. V vrtincu norosti smo prid	88	41	8.0	195.1219512195122	0.1739130434782608	0.17759259259259258	6.0	146.34146341463415	0.1304347826086956	0.10544444444444444	3.0	73.17073170731707	0.0652173913043478	0.06162962962962964	10.0	243.90243902439025	0.217391304347826	0.26355555555555554	6.0	146.34146341463415	0.1304347826086956	0.12811111111111112	7.0	170.7317073170732	0.1521739130434782	0.11751851851851852	0.0	0.0	0.0	0.0	6.0	0.1304347826086956	0.15892592592592591	9.0	219.5121951219512	11.0	268.2926829268293	0.4990981481481481	0.5833777777777777	0.5572623456790124	-0.1	27	22	0.6585365853658537	fear	0.21739130434782608	wikivir.cleaned.xml	4958				window	wikivir-004958	wikivir-004958.s000001|wikivir-004958.s000002|wikivir-004958.s000003|wikivir-004958.s000004|wikivir-004958.s000005|wikivir-004958.s000006|wikivir-004958.s000007|wikivir-004958.s000008|wikivir-004958.s000009|wikivir-004958.s000010|wikivir-004958.s000011|wikivir-004958.s000012|wikivir-004958.s000013|wikivir-004958.s000014|wikivir-004958.s000015|wikivir-004958.s000016|wikivir-004958.s000017|wikivir-004958.s000018|wikivir-004958.s000019	19	88	82	41	Včasih smo govorili o spravi. Ko smo se vojne nažrli do grla ko smo se divjanja nasititi krvi nagledali svoje in tuje nam je zmanjkalo sovražnikov in sebe. Potem smo se spopadli s prijatelji naposled sami s seboj napovedali smo boj boju nebu in zemlji in lastnim ljubeznim. V vrtincu norosti smo prid	wikivir.cleaned.xml	4958	Nesporazum	Vitomil Zupan	20	pesmi				
emotion_fear_per_1k	0.0	wikivir-002440::window::1	wikivir-002440	window	83	Grad Turnska peč	Janko Orožen	proza	20		1. Grad nad »Hudičevim grabnom« Pod Tovstom je slikovita in ozka soteska, ki se imenuje »Hudičev graben«. Nad sotesko je velika skala »Turnska peč«, na kateri so nekake razvaline. Nekdaj, pravijo, je bil tu grad, v katerem je prebival graščak, ki je bil kakor razbojnik. S svojimi podložniki je ravna	83	33	6.0	181.8181818181818	0.2727272727272727	0.25081250000000005	1.0	30.303030303030305	0.0454545454545454	0.0170625	4.0	121.21212121212122	0.1818181818181818	0.17781249999999998	8.0	242.42424242424244	0.3636363636363636	0.3154375	1.0	30.303030303030305	0.0454545454545454	0.0635	2.0	60.60606060606061	0.0909090909090909	0.0691875	0.0	0.0	0.0	0.0	0.0	0.0	0.0	1.0	30.303030303030305	5.0	151.51515151515153	0.42040625	0.5880416666666667	0.5145729166666666	-0.6666666666666666	16	11	0.4848484848484848	fear	0.36363636363636365	wikivir.cleaned.xml	2440	Gradovi in graščine v narodnem izročilu I			window	wikivir-002440	wikivir-002440.s000001|wikivir-002440.s000002|wikivir-002440.s000003|wikivir-002440.s000004|wikivir-002440.s000005|wikivir-002440.s000006|wikivir-002440.s000007	7	83	65	32	1. Grad nad »Hudičevim grabnom« Pod Tovstom je slikovita in ozka soteska, ki se imenuje »Hudičev graben«. Nad sotesko je velika skala »Turnska peč«, na kateri so nekake razvaline. Nekdaj, pravijo, je bil tu grad, v katerem je prebival graščak, ki je bil kakor razbojnik. S svojimi podložniki je ravna	wikivir.cleaned.xml	2440	Grad Turnska peč	Janko Orožen	20	proza	Gradovi in graščine v narodnem izročilu I			
emotion_fear_per_1k	0.0	wikivir-002440::document::1	wikivir-002440	document	85	Grad Turnska peč	Janko Orožen	proza	20		1. Grad nad »Hudičevim grabnom« Pod Tovstom je slikovita in ozka soteska, ki se imenuje »Hudičev graben«. Nad sotesko je velika skala »Turnska peč«, na kateri so nekake razvaline. Nekdaj, pravijo, je bil tu grad, v katerem je prebival graščak, ki je bil kakor razbojnik. S svojimi podložniki je ravna	85	33	6.0	181.8181818181818	0.2727272727272727	0.25081250000000005	1.0	30.303030303030305	0.0454545454545454	0.0170625	4.0	121.21212121212122	0.1818181818181818	0.17781249999999998	8.0	242.42424242424244	0.3636363636363636	0.3154375	1.0	30.303030303030305	0.0454545454545454	0.0635	2.0	60.60606060606061	0.0909090909090909	0.0691875	0.0	0.0	0.0	0.0	0.0	0.0	0.0	1.0	30.303030303030305	5.0	151.51515151515153	0.42040625	0.5880416666666667	0.5145729166666666	-0.6666666666666666	16	11	0.4848484848484848	fear	0.36363636363636365	wikivir.cleaned.xml	2440	Gradovi in graščine v narodnem izročilu I			document	wikivir-002440	wikivir-002440.s000001|wikivir-002440.s000002|wikivir-002440.s000003|wikivir-002440.s000004|wikivir-002440.s000005|wikivir-002440.s000006|wikivir-002440.s000007	7	85	65	32	1. Grad nad »Hudičevim grabnom« Pod Tovstom je slikovita in ozka soteska, ki se imenuje »Hudičev graben«. Nad sotesko je velika skala »Turnska peč«, na kateri so nekake razvaline. Nekdaj, pravijo, je bil tu grad, v katerem je prebival graščak, ki je bil kakor razbojnik. S svojimi podložniki je ravna	wikivir.cleaned.xml	2440	Grad Turnska peč	Janko Orožen	20	proza	Gradovi in graščine v narodnem izročilu I			
emotion_fear_per_1k	0.0	wikivir-004074::document::1	wikivir-004074	document	89	Škrat čuva divjad	Monika Kropej	pripovedke	21		"ŠKRAT JE EN MAJHEN MOŽIC, KI DIVJAČINO ČUVA, PA ZAŽVIŽGA, ČE NEVARNOST VIDI. EN LOVEC SE JE PRIPLAZIL H GAMSOM, PA NENADOMA ZASLIŠI, KO EN ŠKRAT DRUGEGA VPRAŠA: ""ALI NAJ ZAŽVIŽGAM?"" TA JE PA ODGOVORIL: ""KAJ BO EN TAK LOVEC, KO SE ŠE UMIL NI! "" LOVEC JE PA TO SLIŠAL, JE PA HITRO ROSE NABRAL V ROKE, P"	89	33	3.0	90.9090909090909	0.1363636363636363	0.055625	4.0	121.21212121212122	0.1818181818181818	0.12931250000000002	2.0	60.60606060606061	0.0909090909090909	0.025375	8.0	242.42424242424244	0.3636363636363636	0.251875	0.0	0.0	0.0	0.0	4.0	121.21212121212122	0.1818181818181818	0.11224999999999999	1.0	30.303030303030305	0.0454545454545454	0.05175	0.0	0.0	0.0	0.0	0.0	8.0	242.42424242424244	0.4382916666666667	0.58309375	0.5420520833333333	-1.0	16	13	0.4848484848484848	fear	0.36363636363636365	wikivir.cleaned.xml	4074	V somraku kraljestva palčkov in škratov			document	wikivir-004074	wikivir-004074.s000001|wikivir-004074.s000002|wikivir-004074.s000003|wikivir-004074.s000004|wikivir-004074.s000005	5	89	69	31	"ŠKRAT JE EN MAJHEN MOŽIC, KI DIVJAČINO ČUVA, PA ZAŽVIŽGA, ČE NEVARNOST VIDI. EN LOVEC SE JE PRIPLAZIL H GAMSOM, PA NENADOMA ZASLIŠI, KO EN ŠKRAT DRUGEGA VPRAŠA: ""ALI NAJ ZAŽVIŽGAM?"" TA JE PA ODGOVORIL: ""KAJ BO EN TAK LOVEC, KO SE ŠE UMIL NI! "" LOVEC JE PA TO SLIŠAL, JE PA HITRO ROSE NABRAL V ROKE, P"	wikivir.cleaned.xml	4074	Škrat čuva divjad	Monika Kropej	21	pripovedke	V somraku kraljestva palčkov in škratov			
emotion_fear_per_1k	0.0	wikivir-004074::window::1	wikivir-004074	window	88	Škrat čuva divjad	Monika Kropej	pripovedke	21		"ŠKRAT JE EN MAJHEN MOŽIC, KI DIVJAČINO ČUVA, PA ZAŽVIŽGA, ČE NEVARNOST VIDI. EN LOVEC SE JE PRIPLAZIL H GAMSOM, PA NENADOMA ZASLIŠI, KO EN ŠKRAT DRUGEGA VPRAŠA: ""ALI NAJ ZAŽVIŽGAM?"" TA JE PA ODGOVORIL: ""KAJ BO EN TAK LOVEC, KO SE ŠE UMIL NI! "" LOVEC JE PA TO SLIŠAL, JE PA HITRO ROSE NABRAL V ROKE, P"	88	33	3.0	90.9090909090909	0.1363636363636363	0.055625	4.0	121.21212121212122	0.1818181818181818	0.12931250000000002	2.0	60.60606060606061	0.0909090909090909	0.025375	8.0	242.42424242424244	0.3636363636363636	0.251875	0.0	0.0	0.0	0.0	4.0	121.21212121212122	0.1818181818181818	0.11224999999999999	1.0	30.303030303030305	0.0454545454545454	0.05175	0.0	0.0	0.0	0.0	0.0	8.0	242.42424242424244	0.4382916666666667	0.58309375	0.5420520833333333	-1.0	16	13	0.4848484848484848	fear	0.36363636363636365	wikivir.cleaned.xml	4074	V somraku kraljestva palčkov in škratov			window	wikivir-004074	wikivir-004074.s000001|wikivir-004074.s000002|wikivir-004074.s000003|wikivir-004074.s000004|wikivir-004074.s000005	5	88	69	31	"ŠKRAT JE EN MAJHEN MOŽIC, KI DIVJAČINO ČUVA, PA ZAŽVIŽGA, ČE NEVARNOST VIDI. EN LOVEC SE JE PRIPLAZIL H GAMSOM, PA NENADOMA ZASLIŠI, KO EN ŠKRAT DRUGEGA VPRAŠA: ""ALI NAJ ZAŽVIŽGAM?"" TA JE PA ODGOVORIL: ""KAJ BO EN TAK LOVEC, KO SE ŠE UMIL NI! "" LOVEC JE PA TO SLIŠAL, JE PA HITRO ROSE NABRAL V ROKE, P"	wikivir.cleaned.xml	4074	Škrat čuva divjad	Monika Kropej	21	pripovedke	V somraku kraljestva palčkov in škratov			
emotion_fear_per_1k	18.51851851851852	wikivir-000201::document::1	wikivir-000201	document	113	Kons: 4	Srečko Kosovel	pesmi			Boston obsoja Einsteina. Einstein je prepovedan. Relativiteta nevarna? V Berlinu zapirajo kitajske študente. Kitajski študentje nevarni? SHS menja vlado. Dosti vlad je že menjala. Francija. Španija. Maroko. Frajtar terorizira. Žandar terorizira. Veliki ljudje živijo po svoje duše zakonih. Majhni po	113	54	10.0	185.1851851851852	0.238095238095238	0.18825714285714285	3.0	55.55555555555555	0.0714285714285714	0.04465714285714285	3.0	55.55555555555555	0.0714285714285714	0.047542857142857144	13.0	240.74074074074076	0.3095238095238095	0.2512	1.0	18.51851851851852	0.0238095238095238	0.0664	11.0	203.7037037037037	0.2619047619047619	0.22771428571428573	0.0	0.0	0.0	0.0	1.0	0.0238095238095238	0.018514285714285716	3.0	55.55555555555555	19.0	351.85185185185185	0.40196462585034015	0.5644673469387755	0.5223088435374148	-0.7272727272727273	35	29	0.6481481481481481	fear	0.30952380952380953	wikivir.cleaned.xml	201	Integrali 26			document	wikivir-000201	wikivir-000201.s000001|wikivir-000201.s000002|wikivir-000201.s000003|wikivir-000201.s000004|wikivir-000201.s000005|wikivir-000201.s000006|wikivir-000201.s000007|wikivir-000201.s000008|wikivir-000201.s000009|wikivir-000201.s000010|wikivir-000201.s000011|wikivir-000201.s000012|wikivir-000201.s000013|wikivir-000201.s000014|wikivir-000201.s000015|wikivir-000201.s000016|wikivir-000201.s000017|wikivir-000201.s000018|wikivir-000201.s000019|wikivir-000201.s000020	26	113	82	51	Boston obsoja Einsteina. Einstein je prepovedan. Relativiteta nevarna? V Berlinu zapirajo kitajske študente. Kitajski študentje nevarni? SHS menja vlado. Dosti vlad je že menjala. Francija. Španija. Maroko. Frajtar terorizira. Žandar terorizira. Veliki ljudje živijo po svoje duše zakonih. Majhni po 	wikivir.cleaned.xml	201	Kons: 4	Srečko Kosovel		pesmi	Integrali 26			
emotion_fear_per_1k	18.51851851851852	wikivir-000833::document::1	wikivir-000833	document	112	Kons 4	Srečko Kosovel	pesmi	20		Boston obsoja Einsteina. Einstein je prepovedan. Relativiteta nevarna? V Berlinu zapirajo kitajske študente. Kitajski študenti nevarni? SHS menja vlado. Dosti vlad je že menjala. Francija. Španija. Maroko. Frajtar terorizira. Žandar terorizira. Veliki ljudje živijo po svoje duše zakonih. Majhni po p	112	54	10.0	185.1851851851852	0.238095238095238	0.18825714285714285	3.0	55.55555555555555	0.0714285714285714	0.04465714285714285	3.0	55.55555555555555	0.0714285714285714	0.047542857142857144	13.0	240.74074074074076	0.3095238095238095	0.2512	1.0	18.51851851851852	0.0238095238095238	0.0664	11.0	203.7037037037037	0.2619047619047619	0.22771428571428573	0.0	0.0	0.0	0.0	1.0	0.0238095238095238	0.018514285714285716	3.0	55.55555555555555	19.0	351.85185185185185	0.40196462585034015	0.5644673469387755	0.5223088435374148	-0.7272727272727273	35	29	0.6481481481481481	fear	0.30952380952380953	wikivir.cleaned.xml	833				document	wikivir-000833	wikivir-000833.s000001|wikivir-000833.s000002|wikivir-000833.s000003|wikivir-000833.s000004|wikivir-000833.s000005|wikivir-000833.s000006|wikivir-000833.s000007|wikivir-000833.s000008|wikivir-000833.s000009|wikivir-000833.s000010|wikivir-000833.s000011|wikivir-000833.s000012|wikivir-000833.s000013|wikivir-000833.s000014|wikivir-000833.s000015|wikivir-000833.s000016|wikivir-000833.s000017|wikivir-000833.s000018|wikivir-000833.s000019|wikivir-000833.s000020	26	112	82	51	Boston obsoja Einsteina. Einstein je prepovedan. Relativiteta nevarna? V Berlinu zapirajo kitajske študente. Kitajski študenti nevarni? SHS menja vlado. Dosti vlad je že menjala. Francija. Španija. Maroko. Frajtar terorizira. Žandar terorizira. Veliki ljudje živijo po svoje duše zakonih. Majhni po p	wikivir.cleaned.xml	833	Kons 4	Srečko Kosovel	20	pesmi				
emotion_fear_per_1k	18.51851851851852	wikivir-000833::window::1	wikivir-000833	window	111	Kons 4	Srečko Kosovel	pesmi	20		Boston obsoja Einsteina. Einstein je prepovedan. Relativiteta nevarna? V Berlinu zapirajo kitajske študente. Kitajski študenti nevarni? SHS menja vlado. Dosti vlad je že menjala. Francija. Španija. Maroko. Frajtar terorizira. Žandar terorizira. Veliki ljudje živijo po svoje duše zakonih. Majhni po p	111	54	10.0	185.1851851851852	0.238095238095238	0.18825714285714285	3.0	55.55555555555555	0.0714285714285714	0.04465714285714285	3.0	55.55555555555555	0.0714285714285714	0.047542857142857144	13.0	240.74074074074076	0.3095238095238095	0.2512	1.0	18.51851851851852	0.0238095238095238	0.0664	11.0	203.7037037037037	0.2619047619047619	0.22771428571428573	0.0	0.0	0.0	0.0	1.0	0.0238095238095238	0.018514285714285716	3.0	55.55555555555555	19.0	351.85185185185185	0.40196462585034015	0.5644673469387755	0.5223088435374148	-0.7272727272727273	35	29	0.6481481481481481	fear	0.30952380952380953	wikivir.cleaned.xml	833				window	wikivir-000833	wikivir-000833.s000001|wikivir-000833.s000002|wikivir-000833.s000003|wikivir-000833.s000004|wikivir-000833.s000005|wikivir-000833.s000006|wikivir-000833.s000007|wikivir-000833.s000008|wikivir-000833.s000009|wikivir-000833.s000010|wikivir-000833.s000011|wikivir-000833.s000012|wikivir-000833.s000013|wikivir-000833.s000014|wikivir-000833.s000015|wikivir-000833.s000016|wikivir-000833.s000017|wikivir-000833.s000018|wikivir-000833.s000019|wikivir-000833.s000020	26	111	82	51	Boston obsoja Einsteina. Einstein je prepovedan. Relativiteta nevarna? V Berlinu zapirajo kitajske študente. Kitajski študenti nevarni? SHS menja vlado. Dosti vlad je že menjala. Francija. Španija. Maroko. Frajtar terorizira. Žandar terorizira. Veliki ljudje živijo po svoje duše zakonih. Majhni po p	wikivir.cleaned.xml	833	Kons 4	Srečko Kosovel	20	pesmi				
emotion_fear_per_1k	18.51851851851852	wikivir-000201::window::1	wikivir-000201	window	112	Kons: 4	Srečko Kosovel	pesmi			Boston obsoja Einsteina. Einstein je prepovedan. Relativiteta nevarna? V Berlinu zapirajo kitajske študente. Kitajski študentje nevarni? SHS menja vlado. Dosti vlad je že menjala. Francija. Španija. Maroko. Frajtar terorizira. Žandar terorizira. Veliki ljudje živijo po svoje duše zakonih. Majhni po	112	54	10.0	185.1851851851852	0.238095238095238	0.18825714285714285	3.0	55.55555555555555	0.0714285714285714	0.04465714285714285	3.0	55.55555555555555	0.0714285714285714	0.047542857142857144	13.0	240.74074074074076	0.3095238095238095	0.2512	1.0	18.51851851851852	0.0238095238095238	0.0664	11.0	203.7037037037037	0.2619047619047619	0.22771428571428573	0.0	0.0	0.0	0.0	1.0	0.0238095238095238	0.018514285714285716	3.0	55.55555555555555	19.0	351.85185185185185	0.40196462585034015	0.5644673469387755	0.5223088435374148	-0.7272727272727273	35	29	0.6481481481481481	fear	0.30952380952380953	wikivir.cleaned.xml	201	Integrali 26			window	wikivir-000201	wikivir-000201.s000001|wikivir-000201.s000002|wikivir-000201.s000003|wikivir-000201.s000004|wikivir-000201.s000005|wikivir-000201.s000006|wikivir-000201.s000007|wikivir-000201.s000008|wikivir-000201.s000009|wikivir-000201.s000010|wikivir-000201.s000011|wikivir-000201.s000012|wikivir-000201.s000013|wikivir-000201.s000014|wikivir-000201.s000015|wikivir-000201.s000016|wikivir-000201.s000017|wikivir-000201.s000018|wikivir-000201.s000019|wikivir-000201.s000020	26	112	82	51	Boston obsoja Einsteina. Einstein je prepovedan. Relativiteta nevarna? V Berlinu zapirajo kitajske študente. Kitajski študentje nevarni? SHS menja vlado. Dosti vlad je že menjala. Francija. Španija. Maroko. Frajtar terorizira. Žandar terorizira. Veliki ljudje živijo po svoje duše zakonih. Majhni po 	wikivir.cleaned.xml	201	Kons: 4	Srečko Kosovel		pesmi	Integrali 26			
emotion_fear_per_1k	55.83756345177665	wikivir-002807::window::30	wikivir-002807	window	404	Smrt	Anton Funtek	pesmi	19	1986	skaline, šibi Zidovje ponosnih se domov. Nad krajino plava Noč tiha, senjava. »Poguba se vsiplje na nas, Gorje mu, kdor v hiši ostane! Osvete nebeške je čas, Bog kliče na sodbo zemljane!« Nad krajino plava Noč tiha, senjava. Zatisnil oči je trpin, Upehan od dnevnega truda. Grmenje iz daljnih globin	404	197	8.0	40.60913705583756	0.0555555555555555	0.044300970873786406	23.0	116.751269035533	0.1597222222222222	0.10997087378640777	7.0	35.53299492385787	0.0486111111111111	0.03989320388349515	47.0	238.57868020304568	0.3263888888888889	0.15636893203883498	16.0	81.21827411167511	0.1111111111111111	0.11194174757281553	23.0	116.751269035533	0.1597222222222222	0.11040776699029128	9.0	45.68527918781726	0.0625	0.07145631067961164	11.0	0.0763888888888889	0.05763106796116505	34.0	172.58883248730965	36.0	182.74111675126903	0.5208139274156263	0.4576712898751733	0.4850902565880721	-0.02857142857142857	103	67	0.5228426395939086	fear	0.3263888888888889	wikivir.cleaned.xml	2807				window	wikivir-002807	wikivir-002807.s001009|wikivir-002807.s001010|wikivir-002807.s001011|wikivir-002807.s001012|wikivir-002807.s001013|wikivir-002807.s001014|wikivir-002807.s001015|wikivir-002807.s001016|wikivir-002807.s001017|wikivir-002807.s001018|wikivir-002807.s001019|wikivir-002807.s001020|wikivir-002807.s001021|wikivir-002807.s001022|wikivir-002807.s001023|wikivir-002807.s001024|wikivir-002807.s001025|wikivir-002807.s001026|wikivir-002807.s001027|wikivir-002807.s001028	70	404	300	195	skaline, šibi Zidovje ponosnih se domov. Nad krajino plava Noč tiha, senjava. »Poguba se vsiplje na nas, Gorje mu, kdor v hiši ostane! Osvete nebeške je čas, Bog kliče na sodbo zemljane!« Nad krajino plava Noč tiha, senjava. Zatisnil oči je trpin, Upehan od dnevnega truda. Grmenje iz daljnih globin 	wikivir.cleaned.xml	2807	Smrt	Anton Funtek	19	pesmi			1986	
emotion_fear_per_1k	98.76543209876544	wikivir-013118::window::14	wikivir-013118	window	180	Drama v gorah		kratka proza	20		vaške cerkve so oznanjali veselo »Gloria in excelsis!«, ko sta spremljala dva orožnika vklenjenega lovca Jožeta v mesto. Ko so ga prijeli, je priznal, da je ustrelil Slemenška, izgovarjal pa se je s silobranom. No, o tem naj bi razsodili sodniki in porotniki. Moje delo je bilo končano. Slemenškovega	180	81	6.0	74.07407407407408	0.09375	0.08851111111111111	9.0	111.1111111111111	0.140625	0.08642222222222223	6.0	74.07407407407408	0.09375	0.08757777777777778	19.0	234.5679012345679	0.296875	0.2496	2.0	24.69135802469136	0.03125	0.014066666666666667	11.0	135.80246913580245	0.171875	0.1624888888888889	3.0	37.03703703703704	0.046875	0.03733333333333333	8.0	0.125	0.09946666666666666	9.0	111.1111111111111	21.0	259.25925925925924	0.40726814814814816	0.5909100000000002	0.5671985185185185	-0.4	45	38	0.5555555555555556	fear	0.296875	wikivir.cleaned.xml	13118				window	wikivir-013118	wikivir-013118.s000306|wikivir-013118.s000307|wikivir-013118.s000308|wikivir-013118.s000309|wikivir-013118.s000310|wikivir-013118.s000311|wikivir-013118.s000312|wikivir-013118.s000313|wikivir-013118.s000314|wikivir-013118.s000315|wikivir-013118.s000316|wikivir-013118.s000317	12	180	154	80	vaške cerkve so oznanjali veselo »Gloria in excelsis!«, ko sta spremljala dva orožnika vklenjenega lovca Jožeta v mesto. Ko so ga prijeli, je priznal, da je ustrelil Slemenška, izgovarjal pa se je s silobranom. No, o tem naj bi razsodili sodniki in porotniki. Moje delo je bilo končano. Slemenškovega	wikivir.cleaned.xml	13118	Drama v gorah		20	kratka proza				
emotion_fear_per_1k	218.75	wikivir-005014::window::1	wikivir-005014	window	117	Molitva brambovska	Valentin Vodnik	pesmi	19		Mogočni Bog! Tvoj dih je stvaril sonca nove Tvoj dih je v` stran podret svetove Mi molimo pohlevno te Obrambo našo, nu na nas Pred sodbo klič´sovražnike Vališ nas Bog! Mogočni Bog! Sovražnik nas če pód se spravit Posilit, ropat in podavit Ak ti nam češ na strani stat Odbil` ga bomo ročno proč Iz teb	117	64	7.0	109.375	0.106060606060606	0.09679166666666666	13.0	203.125	0.1969696969696969	0.26875	0.0	0.0	0.0	0.0	15.0	234.375	0.2272727272727272	0.16354166666666667	11.0	171.875	0.1666666666666666	0.270375	0.0	0.0	0.0	0.0	6.0	93.75	0.0909090909090909	0.114875	14.0	0.2121212121212121	0.342125	15.0	234.375	3.0	46.875	0.6202986111111111	0.5393055555555555	0.6764548611111113	0.6666666666666666	24	15	0.375	fear	0.22727272727272727	wikivir.cleaned.xml	5014				window	wikivir-005014	wikivir-005014.s000001|wikivir-005014.s000002|wikivir-005014.s000003|wikivir-005014.s000004|wikivir-005014.s000005|wikivir-005014.s000006|wikivir-005014.s000007|wikivir-005014.s000008|wikivir-005014.s000009|wikivir-005014.s000010|wikivir-005014.s000011|wikivir-005014.s000012|wikivir-005014.s000013|wikivir-005014.s000014|wikivir-005014.s000015|wikivir-005014.s000016|wikivir-005014.s000017|wikivir-005014.s000018|wikivir-005014.s000019|wikivir-005014.s000020	23	117	104	63	Mogočni Bog! Tvoj dih je stvaril sonca nove Tvoj dih je v` stran podret svetove Mi molimo pohlevno te Obrambo našo, nu na nas Pred sodbo klič´sovražnike Vališ nas Bog! Mogočni Bog! Sovražnik nas če pód se spravit Posilit, ropat in podavit Ak ti nam češ na strani stat Odbil` ga bomo ročno proč Iz teb	wikivir.cleaned.xml	5014	Molitva brambovska	Valentin Vodnik	19	pesmi				
emotion_fear_per_1k	218.75	wikivir-005014::document::1	wikivir-005014	document	118	Molitva brambovska	Valentin Vodnik	pesmi	19		Mogočni Bog! Tvoj dih je stvaril sonca nove Tvoj dih je v` stran podret svetove Mi molimo pohlevno te Obrambo našo, nu na nas Pred sodbo klič´sovražnike Vališ nas Bog! Mogočni Bog! Sovražnik nas če pód se spravit Posilit, ropat in podavit Ak ti nam češ na strani stat Odbil` ga bomo ročno proč Iz teb	118	64	7.0	109.375	0.106060606060606	0.09679166666666666	13.0	203.125	0.1969696969696969	0.26875	0.0	0.0	0.0	0.0	15.0	234.375	0.2272727272727272	0.16354166666666667	11.0	171.875	0.1666666666666666	0.270375	0.0	0.0	0.0	0.0	6.0	93.75	0.0909090909090909	0.114875	14.0	0.2121212121212121	0.342125	15.0	234.375	3.0	46.875	0.6202986111111111	0.5393055555555555	0.6764548611111113	0.6666666666666666	24	15	0.375	fear	0.22727272727272727	wikivir.cleaned.xml	5014				document	wikivir-005014	wikivir-005014.s000001|wikivir-005014.s000002|wikivir-005014.s000003|wikivir-005014.s000004|wikivir-005014.s000005|wikivir-005014.s000006|wikivir-005014.s000007|wikivir-005014.s000008|wikivir-005014.s000009|wikivir-005014.s000010|wikivir-005014.s000011|wikivir-005014.s000012|wikivir-005014.s000013|wikivir-005014.s000014|wikivir-005014.s000015|wikivir-005014.s000016|wikivir-005014.s000017|wikivir-005014.s000018|wikivir-005014.s000019|wikivir-005014.s000020	23	118	104	63	Mogočni Bog! Tvoj dih je stvaril sonca nove Tvoj dih je v` stran podret svetove Mi molimo pohlevno te Obrambo našo, nu na nas Pred sodbo klič´sovražnike Vališ nas Bog! Mogočni Bog! Sovražnik nas če pód se spravit Posilit, ropat in podavit Ak ti nam češ na strani stat Odbil` ga bomo ročno proč Iz teb	wikivir.cleaned.xml	5014	Molitva brambovska	Valentin Vodnik	19	pesmi				
emotion_fear_per_1k	145.34883720930233	wikivir-014822::window::17	wikivir-014822	window	379	Kaj mora vedeti vsak Slovenec o Osvobodilni fronti		propagandne brosure	20	1944	nikdar ni oblast.105. Kaj so partizani? Partizani so po določbah mednarodnega, dražavnega in božjega prava samozvanci, nasilni uzurpatorji.106. Kaj pomeni, da so partizani nasilniki — uzurpatorji? Pomeni, da so oborožena roparska tolpa. Kar nam ne more nihče vzeti, če sami nočemo, je vera in ljubezen	379	172	36.0	209.30232558139537	0.2068965517241379	0.22715957446808507	18.0	104.65116279069768	0.1034482758620689	0.07840425531914894	10.0	58.13953488372093	0.057471264367816	0.06691489361702127	40.0	232.5581395348837	0.2298850574712643	0.20429787234042557	19.0	110.46511627906978	0.1091954022988505	0.09745744680851064	25.0	145.34883720930233	0.1436781609195402	0.10495744680851063	1.0	5.813953488372093	0.0057471264367816	0.006893617021276596	25.0	0.1436781609195402	0.18459574468085108	27.0	156.97674418604652	38.0	220.93023255813955	0.47693705673758874	0.5236547619047618	0.6148548632218845	-0.16923076923076924	94	49	0.5465116279069767	fear	0.22988505747126436	wikivir.cleaned.xml	14822				window	wikivir-014822	wikivir-014822.s000289|wikivir-014822.s000290|wikivir-014822.s000291|wikivir-014822.s000292|wikivir-014822.s000293|wikivir-014822.s000294|wikivir-014822.s000295|wikivir-014822.s000296|wikivir-014822.s000297|wikivir-014822.s000298|wikivir-014822.s000299|wikivir-014822.s000300|wikivir-014822.s000301|wikivir-014822.s000302|wikivir-014822.s000303|wikivir-014822.s000304|wikivir-014822.s000305|wikivir-014822.s000306|wikivir-014822.s000307|wikivir-014822.s000308	36	379	300	165	nikdar ni oblast.105. Kaj so partizani?Partizani so po določbah mednarodnega, dražavnega in božjega prava samozvanci, nasilni uzurpatorji.106. Kaj pomeni, da so partizani nasilniki — uzurpatorji? Pomeni, da so oborožena roparska tolpa. Kar nam ne more nihče vzeti, če sami nočemo, je vera in ljubezen	wikivir.cleaned.xml	14822	Kaj mora vedeti vsak Slovenec o Osvobodilni fronti		20	propagandne brosure			1944	
emotion_fear_per_1k	41.66666666666666	wikivir-017573::window::8	wikivir-017573	window	98	Revolucijonar Štefan	anonimni avtor	kratka proza	20	1907	eksplozije. Toda kmalu so se zavedli strmeči tovariši. »Smrt mu, ki je prelomil prisego! Smrt revolucionarju!« je zaklical častnik, ki je zapovedal četi in je nameril svoj revolver proti Štefanu. Dva strela sta počila in Štefan je zadet omahnil. Še enkrat je skočil pokonci in zamahnil s puško proti	98	48	9.0	187.5	0.2142857142857142	0.267578947368421	4.0	83.33333333333333	0.0952380952380952	0.08831578947368421	3.0	62.5	0.0714285714285714	0.10357894736842105	11.0	229.16666666666663	0.2619047619047619	0.3899473684210526	0.0	0.0	0.0	0.0	7.0	145.83333333333334	0.1666666666666666	0.2834736842105263	6.0	125.0	0.1428571428571428	0.2512105263157895	2.0	0.0476190476190476	0.04357894736842106	1.0	20.83333333333333	11.0	229.16666666666663	0.3482280701754386	0.5881140350877193	0.511530701754386	-0.8333333333333334	19	16	0.3958333333333333	fear	0.2619047619047619	wikivir.cleaned.xml	17573				window	wikivir-017573	wikivir-017573.s000125|wikivir-017573.s000126|wikivir-017573.s000127|wikivir-017573.s000128|wikivir-017573.s000129|wikivir-017573.s000130|wikivir-017573.s000131|wikivir-017573.s000132|wikivir-017573.s000133|wikivir-017573.s000134	10	98	83	47	eksplozije. Toda kmalu so se zavedli strmeči tovariši. »Smrt mu, ki je prelomil prisego! Smrt revolucionarju!« je zaklical častnik, ki je zapovedal četi in je nameril svoj revolver proti Štefanu. Dva strela sta počila in Štefan je zadet omahnil. Še enkrat je skočil pokonci in zamahnil s puško proti 	wikivir.cleaned.xml	17573	Revolucijonar Štefan	anonimni avtor	20	kratka proza			1907	
emotion_fear_per_1k	264.1509433962264	wikivir-002714::window::3	wikivir-002714	window	124	Trije bratje		ljudske pripovedke			trije bratje svojega gospoda, hudega duha. Ta jim reče: «V hudo skušnjavo sem vas spravil, a ker ste bili mož-beseda in ste mi pomagali, da tega krčmarja — ubijalca pred dobim v pekel, dobote zdaj plačo. Dal je vsakemu veliko mošnjo, polno rumenega zlata. Sodniku pa je naznanil, kdo je in tudi poved	124	53	11.0	207.5471698113208	0.171875	0.15123529411764708	3.0	56.60377358490566	0.046875	0.04711764705882353	5.0	94.33962264150944	0.078125	0.0636764705882353	12.0	226.41509433962264	0.1875	0.18338235294117647	5.0	94.33962264150944	0.078125	0.08241176470588236	9.0	169.81132075471697	0.140625	0.16026470588235295	5.0	94.33962264150944	0.078125	0.0686764705882353	14.0	0.21875	0.24400000000000002	15.0	283.0188679245283	10.0	188.67924528301887	0.5165532212885154	0.5424404761904762	0.5520658263305322	0.2	34	31	0.6415094339622641	trust	0.21875	wikivir.cleaned.xml	2714				window	wikivir-002714	wikivir-002714.s000019|wikivir-002714.s000020|wikivir-002714.s000021|wikivir-002714.s000022|wikivir-002714.s000023|wikivir-002714.s000024	6	124	103	53	trije bratje svojega gospoda, hudega duha. Ta jim reče: «V hudo skušnjavo sem vas spravil, a ker ste bili mož-beseda in ste mi pomagali, da tega krčmarja — ubijalca pred dobim v pekel, dobote zdaj plačo. Dal je vsakemu veliko mošnjo, polno rumenega zlata. Sodniku pa je naznanil, kdo je in tudi poved	wikivir.cleaned.xml	2714	Trije bratje			ljudske pripovedke				
emotion_fear_per_1k	139.0728476821192	wikivir-013270::window::1	wikivir-013270	window	350	Strah, ali ...	Matija Malešič	kratka proza	20		Prav nič prijetnega ni bilo stati v takem blatu in toliki vodi v strelnem jarku. Naš je bil ta jarek do predvčeraj, potem je prešel v roke sovražniku. Moj Bog, nič čudnega! Na vsak korak, če ne celo na vsakega pol koraka jama od granate, žične ovire sestreljene v zemljo, kritje nad jarkom razstrelje	350	151	10.0	66.22516556291392	0.101010101010101	0.05064634146341464	5.0	33.11258278145696	0.0505050505050505	0.026000000000000002	10.0	66.22516556291392	0.101010101010101	0.07782926829268294	33.0	218.5430463576159	0.3333333333333333	0.17871951219512197	5.0	33.11258278145696	0.0505050505050505	0.03379268292682927	10.0	66.22516556291392	0.101010101010101	0.07042682926829269	5.0	33.11258278145696	0.0505050505050505	0.03420731707317073	21.0	0.2121212121212121	0.08267073170731708	9.0	59.602649006622514	23.0	152.31788079470198	0.4776305894308943	0.462753556910569	0.4570706300813008	-0.4375	82	48	0.543046357615894	fear	0.3333333333333333	wikivir.cleaned.xml	13270				window	wikivir-013270	wikivir-013270.s000001|wikivir-013270.s000002|wikivir-013270.s000003|wikivir-013270.s000004|wikivir-013270.s000005|wikivir-013270.s000006|wikivir-013270.s000007|wikivir-013270.s000008|wikivir-013270.s000009|wikivir-013270.s000010|wikivir-013270.s000011|wikivir-013270.s000012|wikivir-013270.s000013|wikivir-013270.s000014|wikivir-013270.s000015|wikivir-013270.s000016|wikivir-013270.s000017|wikivir-013270.s000018|wikivir-013270.s000019|wikivir-013270.s000020	57	350	300	148	Prav nič prijetnega ni bilo stati v takem blatu in toliki vodi v strelnem jarku. Naš je bil ta jarek do predvčeraj, potem je prešel v roke sovražniku. Moj Bog, nič čudnega! Na vsak korak, če ne celo na vsakega pol koraka jama od granate, žične ovire sestreljene v zemljo, kritje nad jarkom razstrelje	wikivir.cleaned.xml	13270	Strah, ali ...	Matija Malešič	20	kratka proza				
emotion_fear_per_1k	65.21739130434783	wikivir-014026::window::3	wikivir-014026	window	118	Mrtev človek	Ernst Toller	kratka proza	20		globoko zakopana, razumem ono skupno človeško, ono edino in združujoče. Mrtev človek. – Ne mrtev Francoz. – Ne mrtev Nemec. – Mrtev človek. Vsi ti mrtvi so – ljudje. Vsi ti mrtvi so dihali kakor jaz, vsi ti mrtvi so imeli očeta, mater, ženo, ki so jih ljubili, košček zemlje, na katero so bili naveza	118	46	0.0	0.0	0.0	0.0	1.0	21.73913043478261	0.04	0.022851851851851852	1.0	21.73913043478261	0.04	0.023148148148148147	10.0	217.3913043478261	0.4	0.2701481481481482	1.0	21.73913043478261	0.04	0.013888888888888888	9.0	195.6521739130435	0.36	0.2896296296296296	0.0	0.0	0.0	0.21303703703703702	3.0	0.12	0.06970370370370371	4.0	86.95652173913044	11.0	239.13043478260872	0.432537037037037	0.3632160493827161	0.36858641975308637	-0.4666666666666667	27	16	0.5869565217391305	fear	0.4	wikivir.cleaned.xml	14026				window	wikivir-014026	wikivir-014026.s000042|wikivir-014026.s000043|wikivir-014026.s000044|wikivir-014026.s000045|wikivir-014026.s000046|wikivir-014026.s000047|wikivir-014026.s000048|wikivir-014026.s000049|wikivir-014026.s000050	9	118	93	46	globoko zakopana, razumem ono skupno človeško, ono edino in združujoče. Mrtev človek. – Ne mrtev Francoz. – Ne mrtev Nemec. – Mrtev človek. Vsi ti mrtvi so – ljudje. Vsi ti mrtvi so dihali kakor jaz, vsi ti mrtvi so imeli očeta, mater, ženo, ki so jih ljubili, košček zemlje, na katero so bili naveza	wikivir.cleaned.xml	14026	Mrtev človek	Ernst Toller	20	kratka proza				
emotion_fear_per_1k	119.04761904761904	wikivir-019129::window::54	wikivir-019129	window	103	Afričanka	Eugène Scribe	opere	19		si nehvaležna! Glej moje vroče solze! V nesreči tebi vsékdar zvest Hočem zvesti sužen umreti s teboj! Selika. Beži, Nelusko, da te jeza ne zgrabi, Ker smrti si želim! Pozabi me, pozabi. Nelusko (jo prime za roko.) Gorjé! Kot led je nje roka — Ah, moj bog, to je smrt! Selika (s pojemajočim glasom.) N	103	42	6.0	142.85714285714286	0.1395348837209302	0.15034782608695654	4.0	95.23809523809524	0.0930232558139534	0.08417391304347825	4.0	95.23809523809524	0.0930232558139534	0.10382608695652175	9.0	214.28571428571428	0.2093023255813953	0.20378260869565218	5.0	119.04761904761904	0.1162790697674418	0.13369565217391302	5.0	119.04761904761904	0.1162790697674418	0.20613043478260873	5.0	119.04761904761904	0.1162790697674418	0.08521739130434783	5.0	0.1162790697674418	0.15147826086956523	6.0	142.85714285714286	10.0	238.09523809523807	0.4265471014492753	0.49547101449275366	0.47297826086956535	-0.25	23	18	0.5476190476190477	fear	0.20930232558139536	wikivir.cleaned.xml	19129				window	wikivir-019129	wikivir-019129.s002297|wikivir-019129.s002298|wikivir-019129.s002299|wikivir-019129.s002300|wikivir-019129.s002301|wikivir-019129.s002302|wikivir-019129.s002303|wikivir-019129.s002304|wikivir-019129.s002305|wikivir-019129.s002306|wikivir-019129.s002307|wikivir-019129.s002308|wikivir-019129.s002309|wikivir-019129.s002310|wikivir-019129.s002311|wikivir-019129.s002312|wikivir-019129.s002313|wikivir-019129.s002314|wikivir-019129.s002315	19	103	71	42	si nehvaležna! Glej moje vroče solze! V nesreči tebi vsékdar zvest Hočem zvesti sužen umreti s teboj! Selika. Beži, Nelusko, da te jeza ne zgrabi, Ker smrti si želim! Pozabi me, pozabi. Nelusko (jo prime za roko.) Gorjé! Kot led je nje roka — Ah, moj bog, to je smrt! Selika (s pojemajočim glasom.) N	wikivir.cleaned.xml	19129	Afričanka	Eugène Scribe	19	opere				
emotion_fear_per_1k	16.393442622950822	wikivir-020031::window::6	wikivir-020031	window	346	Po divjinah Kanade	Januš Golec	povesti	20	1935	kakor njegovo oko. Če mu grozi nevarnost, jo sliši pravočasno, da se ji izogne nevidno. V noči se spusti iz skrivnega brloga, da zalezuje jelena ali losa, katerega je izsledil med dnevnim počitkom. Poslužujoč se najbolj globokih sotesk in goščav, se plazi proti plenu. Njegova zvitost ter divjost ras	346	183	18.0	98.36065573770492	0.1682242990654205	0.09480555555555555	11.0	60.10928961748633	0.102803738317757	0.05291666666666667	7.0	38.25136612021858	0.0654205607476635	0.02510185185185185	39.0	213.11475409836063	0.3644859813084112	0.21201851851851852	3.0	16.393442622950822	0.02803738317757	0.030537037037037033	10.0	54.6448087431694	0.0934579439252336	0.061370370370370374	16.0	87.43169398907104	0.1495327102803738	0.06766666666666667	3.0	0.02803738317757	0.022851851851851852	7.0	38.25136612021858	34.0	185.792349726776	0.47877006172839504	0.4906651234567901	0.46531944444444445	-0.6585365853658537	108	76	0.5901639344262295	fear	0.3644859813084112	wikivir.cleaned.xml	20031				window	wikivir-020031	wikivir-020031.s000049|wikivir-020031.s000050|wikivir-020031.s000051|wikivir-020031.s000052|wikivir-020031.s000053|wikivir-020031.s000054|wikivir-020031.s000055|wikivir-020031.s000056|wikivir-020031.s000057|wikivir-020031.s000058|wikivir-020031.s000059|wikivir-020031.s000060|wikivir-020031.s000061|wikivir-020031.s000062|wikivir-020031.s000063|wikivir-020031.s000064|wikivir-020031.s000065|wikivir-020031.s000066|wikivir-020031.s000067|wikivir-020031.s000068	25	346	300	182	kakor njegovo oko. Če mu grozi nevarnost, jo sliši pravočasno, da se ji izogne nevidno. V noči se spusti iz skrivnega brloga, da zalezuje jelena ali losa, katerega je izsledil med dnevnim počitkom. Poslužujoč se najbolj globokih sotesk in goščav, se plazi proti plenu. Njegova zvitost ter divjost ras	wikivir.cleaned.xml	20031	Po divjinah Kanade	Januš Golec	20	povesti			1935	
emotion_fear_per_1k	106.50887573964498	wikivir-017010::window::3	wikivir-017010	window	401	Izgubljena stava	Julij Bučar	kratka proza	20	1909	kakor onega dne gospod adjunkt. Vidite tukaj! Tri šibre so prevrtale mojo kučmo, k sreči ni šlo ničesar v glavo. Kakor vidite, je moja kučma iz lisičje kožuhovine. Gospod adjunkt je stal ravno tukaj, kakor ste sedaj vi. Ko pridem jaz po globokem jarku za temle robom mimo, me je imel adjunkt, ki je v	401	169	26.0	153.84615384615387	0.1925925925925926	0.11461111111111112	13.0	76.92307692307693	0.0962962962962963	0.07062222222222223	11.0	65.08875739644971	0.0814814814814814	0.022977777777777778	36.0	213.01775147929	0.2666666666666666	0.17973333333333336	3.0	17.75147928994083	0.0222222222222222	0.059777777777777784	15.0	88.75739644970413	0.1111111111111111	0.09051111111111113	13.0	76.92307692307693	0.0962962962962963	0.10044444444444443	18.0	0.1333333333333333	0.12071111111111112	20.0	118.3431952662722	35.0	207.10059171597632	0.4770819444444444	0.5083351851851852	0.536625462962963	-0.2727272727272727	90	58	0.5325443786982249	fear	0.26666666666666666	wikivir.cleaned.xml	17010				window	wikivir-017010	wikivir-017010.s000017|wikivir-017010.s000018|wikivir-017010.s000019|wikivir-017010.s000020|wikivir-017010.s000021|wikivir-017010.s000022|wikivir-017010.s000023|wikivir-017010.s000024|wikivir-017010.s000025|wikivir-017010.s000026|wikivir-017010.s000027|wikivir-017010.s000028|wikivir-017010.s000029|wikivir-017010.s000030|wikivir-017010.s000031|wikivir-017010.s000032|wikivir-017010.s000033|wikivir-017010.s000034|wikivir-017010.s000035|wikivir-017010.s000036	38	401	300	165	kakor onega dne gospod adjunkt. Vidite tukaj! Tri šibre so prevrtale mojo kučmo, k sreči ni šlo ničesar v glavo. Kakor vidite, je moja kučma iz lisičje kožuhovine. Gospod adjunkt je stal ravno tukaj, kakor ste sedaj vi. Ko pridem jaz po globokem jarku za temle robom mimo, me je imel adjunkt, ki je v	wikivir.cleaned.xml	17010	Izgubljena stava	Julij Bučar	20	kratka proza			1909	
emotion_fear_per_1k	78.94736842105263	wikivir-002909::window::4	wikivir-002909	window	89	Črnošolec	Matija Valjavec	proza	19		se ustavita. Gospod nekaj zamrmra in noter v skalo se odpre luknja. Pred vhodom pa je stala pošast, morda strašen velikan ali prečudna divja zver. Gospod to zver odvrne in neovirano sta odšla v jamo. V jami je od stropa viselo zlato in srebro, da ga je bilo lepo videti. Škoda, škoda, da ne vem, kako	89	38	4.0	105.26315789473684	0.1481481481481481	0.05800000000000001	1.0	26.31578947368421	0.037037037037037	0.018818181818181817	3.0	78.94736842105263	0.1111111111111111	0.043727272727272726	8.0	210.52631578947367	0.2962962962962963	0.16972727272727273	1.0	26.31578947368421	0.037037037037037	0.04968181818181818	5.0	131.57894736842104	0.1851851851851851	0.11150000000000002	2.0	52.63157894736842	0.074074074074074	0.03727272727272727	3.0	0.1111111111111111	0.07631818181818183	3.0	78.94736842105263	13.0	342.10526315789474	0.4287643939393939	0.5312969696969697	0.49827348484848477	-0.625	22	18	0.5789473684210527	fear	0.2962962962962963	wikivir.cleaned.xml	2909				window	wikivir-002909	wikivir-002909.s000039|wikivir-002909.s000040|wikivir-002909.s000041|wikivir-002909.s000042|wikivir-002909.s000043|wikivir-002909.s000044|wikivir-002909.s000045	7	89	74	37	se ustavita. Gospod nekaj zamrmra in noter v skalo se odpre luknja. Pred vhodom pa je stala pošast, morda strašen velikan ali prečudna divja zver. Gospod to zver odvrne in neovirano sta odšla v jamo. V jami je od stropa viselo zlato in srebro, da ga je bilo lepo videti. Škoda, škoda, da ne vem, kako	wikivir.cleaned.xml	2909	Črnošolec	Matija Valjavec	19	proza				
emotion_fear_per_1k	52.63157894736842	wikivir-000671::window::147	wikivir-000671	window	106	Naše škodljive rastline/Bakterije	Martin Cilenšek	neleposlovje	19		skoz tedne in mesece v dotiki z zrakom in drugimi tvarinami. Ako so prišle bakterije v truplo, pretečejo ure, dnevi, včasi tudi tedni, predno so nam očitni sledovi njihovega delovanja; drugi strupi pa kar nagloma pokažejo svojo moč. To je popolnoma naravno, ako pomislimo, da potrebujejo bakterije ča	106	57	4.0	70.17543859649122	0.1081081081081081	0.0885625	4.0	70.17543859649122	0.1081081081081081	0.058625	7.0	122.80701754385964	0.1891891891891892	0.16046875	12.0	210.52631578947367	0.3243243243243243	0.2521875	0.0	0.0	0.0	0.0351875	6.0	105.26315789473684	0.1621621621621621	0.139	1.0	17.543859649122805	0.027027027027027	0.01196875	3.0	0.081081081081081	0.0539375	5.0	87.71929824561403	11.0	192.98245614035088	0.43936197916666664	0.47523995535714286	0.4650952380952381	-0.375	32	26	0.5614035087719298	fear	0.32432432432432434	wikivir.cleaned.xml	671				window	wikivir-000671	wikivir-000671.s001224|wikivir-000671.s001225|wikivir-000671.s001226|wikivir-000671.s001227|wikivir-000671.s001228	5	106	90	56	skoz tedne in mesece v dotiki z zrakom in drugimi tvarinami. Ako so prišle bakterije v truplo, pretečejo ure, dnevi, včasi tudi tedni, predno so nam očitni sledovi njihovega delovanja; drugi strupi pa kar nagloma pokažejo svojo moč. To je popolnoma naravno, ako pomislimo, da potrebujejo bakterije ča	wikivir.cleaned.xml	671	Naše škodljive rastline/Bakterije	Martin Cilenšek	19	neleposlovje				
emotion_fear_per_1k	125.0	wikivir-018549::window::8	wikivir-018549	window	116	Domovina!	Vladimir Levstik	kratka proza	20	1907	Strašna rana, strašna, strašna. Jo že po njem ... Ali veš, kaj je vzkliknil preden je umrl? »Domovina!« je zaječal, slišal sem z lastnimi ušesi ...« In ko so drugo jutro poročali polkovniku o smrti poročnika Sava, se je ugriznil v sive brke, pokazal hudo ginjenost in dejal s svojim žagajočim vojaški	116	48	5.0	104.16666666666669	0.1162790697674418	0.0833548387096774	4.0	83.33333333333333	0.0930232558139534	0.055161290322580644	7.0	145.83333333333334	0.1627906976744186	0.10938709677419355	10.0	208.33333333333331	0.2325581395348837	0.1844193548387097	1.0	20.83333333333333	0.0232558139534883	0.036258064516129035	5.0	104.16666666666669	0.1162790697674418	0.11574193548387098	5.0	104.16666666666669	0.1162790697674418	0.08519354838709677	6.0	0.1395348837209302	0.13432258064516128	5.0	104.16666666666669	9.0	187.5	0.47203629032258065	0.5296935483870968	0.4997943548387096	-0.2857142857142857	31	28	0.6458333333333334	fear	0.23255813953488372	wikivir.cleaned.xml	18549				window	wikivir-018549	wikivir-018549.s000056|wikivir-018549.s000057|wikivir-018549.s000058|wikivir-018549.s000059|wikivir-018549.s000060|wikivir-018549.s000061|wikivir-018549.s000062|wikivir-018549.s000063|wikivir-018549.s000064	9	116	88	47	Strašna rana, strašna, strašna. Jo že po njem ... Ali veš, kaj je vzkliknil preden je umrl? »Domovina!« je zaječal, slišal sem z lastnimi ušesi ...« In ko so drugo jutro poročali polkovniku o smrti poročnika Sava, se je ugriznil v sive brke, pokazal hudo ginjenost in dejal s svojim žagajočim vojaški	wikivir.cleaned.xml	18549	Domovina!	Vladimir Levstik	20	kratka proza			1907	
emotion_fear_per_1k	187.91946308724832	wikivir-016130::window::10	wikivir-016130	window	373	Sveto pismo (Anton Alojzij Wolf)/Bukve Psalmov		psalmi			svojim zdihovanji, vse noči perem svojo posteljo; s svojimi solzami močim svoje ležiše. 8. Od žalosti so moje oči otemnele; postaral sim se med vsimi svojimi sovražniki. 9. Poberite se spred mene vsi, ki hudo delate; zakaj Gospod je glas mojiga joka uslišal. 10. Gospod je mojo prošnjo uslišal; Gospo	373	149	25.0	167.78523489932886	0.1984126984126984	0.09982926829268293	10.0	67.11409395973155	0.0793650793650793	0.05863414634146341	12.0	80.53691275167785	0.0952380952380952	0.03246341463414634	31.0	208.05369127516775	0.246031746031746	0.13384146341463413	11.0	73.8255033557047	0.0873015873015873	0.14587804878048782	7.0	46.97986577181208	0.0555555555555555	0.05131707317073171	2.0	13.422818791946307	0.0158730158730158	0.014865853658536583	28.0	0.2222222222222222	0.21353658536585368	34.0	228.18791946308724	29.0	194.63087248322148	0.5618318089430895	0.5078628048780488	0.5877901422764228	0.07936507936507936	82	48	0.5503355704697986	fear	0.24603174603174602	wikivir.cleaned.xml	16130				window	wikivir-016130	wikivir-016130.s000146|wikivir-016130.s000147|wikivir-016130.s000148|wikivir-016130.s000149|wikivir-016130.s000150|wikivir-016130.s000151|wikivir-016130.s000152|wikivir-016130.s000153|wikivir-016130.s000154|wikivir-016130.s000155|wikivir-016130.s000156|wikivir-016130.s000157|wikivir-016130.s000158|wikivir-016130.s000159|wikivir-016130.s000160|wikivir-016130.s000161|wikivir-016130.s000162|wikivir-016130.s000163|wikivir-016130.s000164|wikivir-016130.s000165	35	373	300	147	svojim zdihovanji, vse noči perem svojo posteljo; s svojimi solzami močim svoje ležiše. 8. Od žalosti so moje oči otemnele; postaral sim se med vsimi svojimi sovražniki. 9. Poberite se spred mene vsi, ki hudo delate; zakaj Gospod je glas mojiga joka uslišal. 10. Gospod je mojo prošnjo uslišal; Gospo	wikivir.cleaned.xml	16130	Sveto pismo (Anton Alojzij Wolf)/Bukve Psalmov			psalmi				
emotion_fear_per_1k	37.73584905660377	wikivir-004823::window::38	wikivir-004823	window	117	Jaslice	Zdravko Duša	dramska besedila	20		Ani: Ni še. Majda: Kaj pa čaka? Zbor ljudskih pevk poje staro pesem: Šla bom na goro visoko, visoko, šla bom na goro visoko, visoko, šla bom na goro visoko, visoko, vrgla bom sinka v Donavo. Plavaj mi, plavaj, sinko moj, sinko moj, plavaj mi, plavaj, sinko moj, sinko moj, plavaj mi, plavaj, sinko mo	117	53	0.0	0.0	0.0	0.0	12.0	226.41509433962264	0.3076923076923077	0.29555	0.0	0.0	0.0	0.0	11.0	207.5471698113208	0.282051282051282	0.06875	13.0	245.2830188679245	0.3333333333333333	0.20615	1.0	18.867924528301884	0.0256410256410256	0.0008500000000000001	0.0	0.0	0.0	0.0	2.0	0.0512820512820512	0.0418	13.0	245.2830188679245	1.0	18.867924528301884	0.6097750000000002	0.47325	0.48847500000000005	0.8571428571428571	20	8	0.3773584905660377	joy	0.3333333333333333	wikivir.cleaned.xml	4823				window	wikivir-004823	wikivir-004823.s001116|wikivir-004823.s001117|wikivir-004823.s001118|wikivir-004823.s001119|wikivir-004823.s001120|wikivir-004823.s001121|wikivir-004823.s001122|wikivir-004823.s001123|wikivir-004823.s001124|wikivir-004823.s001125|wikivir-004823.s001126|wikivir-004823.s001127|wikivir-004823.s001128|wikivir-004823.s001129|wikivir-004823.s001130|wikivir-004823.s001131|wikivir-004823.s001132|wikivir-004823.s001133|wikivir-004823.s001134|wikivir-004823.s001135	24	117	86	52	Ani: Ni še. Majda: Kaj pa čaka? Zbor ljudskih pevk poje staro pesem: Šla bom na goro visoko, visoko, šla bom na goro visoko, visoko, šla bom na goro visoko, visoko, vrgla bom sinka v Donavo. Plavaj mi, plavaj, sinko moj, sinko moj, plavaj mi, plavaj, sinko moj, sinko moj, plavaj mi, plavaj, sinko mo	wikivir.cleaned.xml	4823	Jaslice	Zdravko Duša	20	dramska besedila				
emotion_fear_per_1k	221.42857142857144	wikivir-010168::window::8	wikivir-010168	window	601	Zerkovne pesmi	Jurij Japelj	pesmi	18		zhes nafs. S. Maria, sa nafs Boga profsi. S. Mati Boshja, sa nafs Boga profsi. S. Michaël, sa nafs Boga profsi. S. Gabriël, sa nafs Boga profsi. S. Raphaël, sa nafs Boga profsi. Vfi Ss. Angeli, inu Archangeli, sa nafs Boga profsite. Vfe Ss. Verfte isvelizhanih Duhov, sa nafs Boga profsite. S. Joanes	601	280	0.0	0.0	0.0	0.0	62.0	221.42857142857144	0.2520325203252032	0.45198484848484854	0.0	0.0	0.0	0.0	58.0	207.1428571428572	0.2357723577235772	0.0826060606060606	60.0	214.28571428571428	0.2439024390243902	0.5007121212121213	2.0	7.142857142857142	0.008130081300813	0.017196969696969697	2.0	7.142857142857142	0.008130081300813	0.009575757575757576	62.0	0.2520325203252032	0.5789090909090908	63.0	225.0	1.0	3.571428571428571	0.7363333333333334	0.5051590909090908	0.8534532828282829	0.96875	66	9	0.2357142857142857	anticipation	0.25203252032520324	wikivir.cleaned.xml	10168				window	wikivir-010168	wikivir-010168.s000291|wikivir-010168.s000292|wikivir-010168.s000293|wikivir-010168.s000294|wikivir-010168.s000295|wikivir-010168.s000296|wikivir-010168.s000297|wikivir-010168.s000298|wikivir-010168.s000299|wikivir-010168.s000300|wikivir-010168.s000301|wikivir-010168.s000302|wikivir-010168.s000303|wikivir-010168.s000304|wikivir-010168.s000305|wikivir-010168.s000306|wikivir-010168.s000307|wikivir-010168.s000308|wikivir-010168.s000309|wikivir-010168.s000310	87	601	300	276	zhes nafs. S. Maria, sa nafs Boga profsi. S. Mati Boshja, sa nafs Boga profsi. S. Michaël, sa nafs Boga profsi. S. Gabriël, sa nafs Boga profsi. S. Raphaël, sa nafs Boga profsi. Vfi Ss. Angeli, inu Archangeli, sa nafs Boga profsite. Vfe Ss. Verfte isvelizhanih Duhov, sa nafs Boga profsite. S. Joanes	wikivir.cleaned.xml	10168	Zerkovne pesmi	Jurij Japelj	18	pesmi				
emotion_fear_per_1k	221.42857142857144	wikivir-010167::window::8	wikivir-010167	window	601	Cerkovne pesmi	Jurij Japelj	pesmi	18		zhes nafs. S. Maria, sa nafs Boga profsi. S. Mati Boshja, sa nafs Boga profsi. S. Michaël, sa nafs Boga profsi. S. Gabriël, sa nafs Boga profsi. S. Raphaël, sa nafs Boga profsi. Vfi Ss. Angeli, inu Archangeli, sa nafs Boga profsite. Vfe Ss. Verfte isvelizhanih Duhov, sa nafs Boga profsite. S. Joanes	601	280	0.0	0.0	0.0	0.0	62.0	221.42857142857144	0.2520325203252032	0.45198484848484854	0.0	0.0	0.0	0.0	58.0	207.1428571428572	0.2357723577235772	0.0826060606060606	60.0	214.28571428571428	0.2439024390243902	0.5007121212121213	2.0	7.142857142857142	0.008130081300813	0.017196969696969697	2.0	7.142857142857142	0.008130081300813	0.009575757575757576	62.0	0.2520325203252032	0.5789090909090908	63.0	225.0	1.0	3.571428571428571	0.7363333333333334	0.5051590909090908	0.8534532828282829	0.96875	66	9	0.2357142857142857	anticipation	0.25203252032520324	wikivir.cleaned.xml	10167				window	wikivir-010167	wikivir-010167.s000291|wikivir-010167.s000292|wikivir-010167.s000293|wikivir-010167.s000294|wikivir-010167.s000295|wikivir-010167.s000296|wikivir-010167.s000297|wikivir-010167.s000298|wikivir-010167.s000299|wikivir-010167.s000300|wikivir-010167.s000301|wikivir-010167.s000302|wikivir-010167.s000303|wikivir-010167.s000304|wikivir-010167.s000305|wikivir-010167.s000306|wikivir-010167.s000307|wikivir-010167.s000308|wikivir-010167.s000309|wikivir-010167.s000310	87	601	300	276	zhes nafs. S. Maria, sa nafs Boga profsi. S. Mati Boshja, sa nafs Boga profsi. S. Michaël, sa nafs Boga profsi. S. Gabriël, sa nafs Boga profsi. S. Raphaël, sa nafs Boga profsi. Vfi Ss. Angeli, inu Archangeli, sa nafs Boga profsite. Vfe Ss. Verfte isvelizhanih Duhov, sa nafs Boga profsite. S. Joanes	wikivir.cleaned.xml	10167	Cerkovne pesmi	Jurij Japelj	18	pesmi				
emotion_fear_per_1k	53.25443786982249	wikivir-020031::window::14	wikivir-020031	window	345	Po divjinah Kanade	Januš Golec	povesti	20	1935	do popolnosti, kar se tiče preganjanja pume do skoka na drevo. V dobi službovanja v Yellowstone parku se je uveril Gruber, da je puma kralj vse severnoameriške zverjadi. Celo največji in najbolj nevarni grisly-medvedi so odhacali z vso naglico, kakor hitro se je prikazal puma. V obcestnem taborišču,	345	169	18.0	106.50887573964498	0.1592920353982301	0.0675049504950495	10.0	59.171597633136095	0.0884955752212389	0.04124752475247525	6.0	35.50295857988166	0.0530973451327433	0.007811881188118812	35.0	207.10059171597632	0.3097345132743362	0.18146534653465346	6.0	35.50295857988166	0.0530973451327433	0.03637623762376238	7.0	41.42011834319527	0.0619469026548672	0.034029702970297025	22.0	130.17751479289942	0.1946902654867256	0.0597920792079208	9.0	0.079646017699115	0.06683168316831682	10.0	59.171597633136095	19.0	112.42603550295858	0.5430593509350936	0.522529592959296	0.5350436743674366	-0.3103448275862069	101	68	0.5976331360946746	fear	0.30973451327433627	wikivir.cleaned.xml	20031				window	wikivir-020031	wikivir-020031.s000131|wikivir-020031.s000132|wikivir-020031.s000133|wikivir-020031.s000134|wikivir-020031.s000135|wikivir-020031.s000136|wikivir-020031.s000137|wikivir-020031.s000138|wikivir-020031.s000139|wikivir-020031.s000140|wikivir-020031.s000141|wikivir-020031.s000142|wikivir-020031.s000143|wikivir-020031.s000144|wikivir-020031.s000145|wikivir-020031.s000146|wikivir-020031.s000147|wikivir-020031.s000148|wikivir-020031.s000149|wikivir-020031.s000150	20	345	300	165	do popolnosti, kar se tiče preganjanja pume do skoka na drevo. V dobi službovanja v Yellowstone parku se je uveril Gruber, da je puma kralj vse severnoameriške zverjadi. Celo največji in najbolj nevarni grisly-medvedi so odhacali z vso naglico, kakor hitro se je prikazal puma. V obcestnem taborišču,	wikivir.cleaned.xml	20031	Po divjinah Kanade	Januš Golec	20	povesti			1935	
emotion_fear_per_1k	70.7070707070707	wikivir-002807::window::14	wikivir-002807	window	399	Smrt	Anton Funtek	pesmi	19	1986	ob mrtvem mučeniku. Ali danes — evo čuda! Koliko bi bilo treba Naložiti danes kupov, Da na njih bi vsa sežgala Tesnosrčna se — neumnost! Kuga. Glas je počil tam na daljnem vzhodu: »Kuga bliža bednemu se rodu. Kamor dahne, groza tam zavlada, Kamor stopi, bitij sto popada. Zrak okužen od človeških žrt	399	198	26.0	131.31313131313132	0.1354166666666666	0.14533644859813083	23.0	116.16161616161617	0.1197916666666666	0.0929626168224299	23.0	116.16161616161617	0.1197916666666666	0.15121495327102805	41.0	207.07070707070707	0.2135416666666666	0.26926168224299063	12.0	60.60606060606061	0.0625	0.060018691588785054	35.0	176.76767676767676	0.1822916666666666	0.22615887850467292	18.0	90.9090909090909	0.09375	0.13514018691588783	14.0	0.0729166666666666	0.07906542056074767	21.0	106.06060606060606	42.0	212.12121212121207	0.4711598130841122	0.5057485758789497	0.49603963061860257	-0.3333333333333333	107	64	0.5404040404040404	fear	0.21354166666666666	wikivir.cleaned.xml	2807				window	wikivir-002807	wikivir-002807.s000449|wikivir-002807.s000450|wikivir-002807.s000451|wikivir-002807.s000452|wikivir-002807.s000453|wikivir-002807.s000454|wikivir-002807.s000455|wikivir-002807.s000456|wikivir-002807.s000457|wikivir-002807.s000458|wikivir-002807.s000459|wikivir-002807.s000460|wikivir-002807.s000461|wikivir-002807.s000462|wikivir-002807.s000463|wikivir-002807.s000464|wikivir-002807.s000465|wikivir-002807.s000466|wikivir-002807.s000467|wikivir-002807.s000468	62	399	300	194	ob mrtvem mučeniku. Ali danes — evo čuda! Koliko bi bilo treba Naložiti danes kupov, Da na njih bi vsa sežgala Tesnosrčna se — neumnost! Kuga. Glas je počil tam na daljnem vzhodu: »Kuga bliža bednemu se rodu. Kamor dahne, groza tam zavlada, Kamor stopi, bitij sto popada. Zrak okužen od človeških žrt	wikivir.cleaned.xml	2807	Smrt	Anton Funtek	19	pesmi			1986	
emotion_fear_per_1k	62.06896551724138	wikivir-002996::window::97	wikivir-002996	window	371	Drobiž	Fran Milčinski	proza	20		krajepisna imena, torej nič spotakljivega. Pa se oglasi naša punčka: »V Galiciji je kolera. Kolera je hujša kakor lumatizem. Jaz imam rajši lumatizem kakor kolero. Kaj pa ti, atek?« Nikdar ji nisem pravil o koleri vobče, kaj šele, da je v Galiciji. Niti ne o revmatizmu in ga tudi nihče nima pri naši	371	145	13.0	89.6551724137931	0.1511627906976744	0.09949253731343284	5.0	34.48275862068965	0.0581395348837209	0.03355223880597015	10.0	68.9655172413793	0.1162790697674418	0.09026865671641793	30.0	206.89655172413796	0.3488372093023256	0.27213432835820894	3.0	20.689655172413797	0.0348837209302325	0.028164179104477615	12.0	82.75862068965517	0.1395348837209302	0.1255820895522388	4.0	27.58620689655172	0.0465116279069767	0.03053731343283582	9.0	0.1046511627906976	0.08874626865671642	8.0	55.172413793103445	22.0	151.72413793103448	0.39925746268656714	0.5621629353233831	0.5443557213930348	-0.4666666666666667	67	51	0.4620689655172413	fear	0.3488372093023256	wikivir.cleaned.xml	2996				window	wikivir-002996	wikivir-002996.s000984|wikivir-002996.s000985|wikivir-002996.s000986|wikivir-002996.s000987|wikivir-002996.s000988|wikivir-002996.s000989|wikivir-002996.s000990|wikivir-002996.s000991|wikivir-002996.s000992|wikivir-002996.s000993|wikivir-002996.s000994|wikivir-002996.s000995|wikivir-002996.s000996|wikivir-002996.s000997|wikivir-002996.s000998|wikivir-002996.s000999|wikivir-002996.s001000|wikivir-002996.s001001|wikivir-002996.s001002|wikivir-002996.s001003	27	371	300	141	krajepisna imena, torej nič spotakljivega. Pa se oglasi naša punčka: »V Galiciji je kolera. Kolera je hujša kakor lumatizem. Jaz imam rajši lumatizem kakor kolero. Kaj pa ti, atek?« Nikdar ji nisem pravil o koleri vobče, kaj šele, da je v Galiciji. Niti ne o revmatizmu in ga tudi nihče nima pri naši	wikivir.cleaned.xml	2996	Drobiž	Fran Milčinski	20	proza				
emotion_fear_per_1k	88.23529411764706	wikivir-017540::window::68	wikivir-017540	window	349	Nihilist	Vitomir Feodor Jelenc	proza	20	1908	stal na čelu narodni zbor in vsi poslanci. Poročal je, da jih je izročil sodišču, da bodo vsi obsojeni na smrt, kar zakon zahteva, da se kaznujejo oni s smrtjo, ki se dvignejo v času prekega soda proti vladi. Pleve hitro obvesti carja o izmišljeni zaroti proti njegovi osebi. Car je bil jako razburje	349	170	21.0	123.52941176470588	0.168	0.12047619047619049	16.0	94.11764705882352	0.128	0.08796428571428572	15.0	88.23529411764706	0.12	0.08498809523809525	35.0	205.8823529411765	0.28	0.19478571428571426	5.0	29.41176470588235	0.04	0.04583333333333333	12.0	70.58823529411765	0.096	0.09404761904761905	6.0	35.294117647058826	0.048	0.03673809523809523	15.0	0.12	0.10158333333333334	15.0	88.23529411764706	32.0	188.23529411764704	0.4610714285714285	0.5547063492063491	0.5950714285714287	-0.3617021276595745	84	57	0.4941176470588235	fear	0.28	wikivir.cleaned.xml	17540				window	wikivir-017540	wikivir-017540.s000689|wikivir-017540.s000690|wikivir-017540.s000691|wikivir-017540.s000692|wikivir-017540.s000693|wikivir-017540.s000694|wikivir-017540.s000695|wikivir-017540.s000696|wikivir-017540.s000697|wikivir-017540.s000698|wikivir-017540.s000699|wikivir-017540.s000700|wikivir-017540.s000701|wikivir-017540.s000702|wikivir-017540.s000703|wikivir-017540.s000704|wikivir-017540.s000705|wikivir-017540.s000706	18	349	300	167	stal na čelu narodni zbor in vsi poslanci. Poročal je, da jih je izročil sodišču, da bodo vsi obsojeni na smrt, kar zakon zahteva, da se kaznujejo oni s smrtjo, ki se dvignejo v času prekega soda proti vladi. Pleve hitro obvesti carja o izmišljeni zaroti proti njegovi osebi. Car je bil jako razburje	wikivir.cleaned.xml	17540	Nihilist	Vitomir Feodor Jelenc	20	proza			1908	
emotion_fear_per_1k	58.8235294117647	wikivir-007662::window::2	wikivir-007662	window	204	Dekle jezdi z mrtvecem		ljudske pripovedke			Kaj bi me bilo strah s teboj?« kajti ni vedela, da je mrtev. In tako ji je rekel trikrat. Ko pa ji je tretjič rekel, se je spomnila, da je mrtev. Ko sta prišla do groba, je skočil noter in ji je vzel predpasnik misleč, da jo bo potegnil. Od strahu je pobegnila v tisto hišo na pokopališču. Notri pa j	204	68	5.0	73.52941176470588	0.1063829787234042	0.08136363636363636	5.0	73.52941176470588	0.1063829787234042	0.07860606060606061	3.0	44.11764705882353	0.0638297872340425	0.023424242424242424	14.0	205.8823529411765	0.2978723404255319	0.25287878787878787	4.0	58.8235294117647	0.0851063829787234	0.07812121212121213	9.0	132.35294117647058	0.1914893617021276	0.19084848484848485	3.0	44.11764705882353	0.0638297872340425	0.14515151515151514	4.0	0.0851063829787234	0.08287878787878787	5.0	73.52941176470588	14.0	205.8823529411765	0.4663131313131313	0.4464090909090909	0.4278636363636364	-0.47368421052631576	33	26	0.4852941176470588	fear	0.2978723404255319	wikivir.cleaned.xml	7662				window	wikivir-007662	wikivir-007662.s000016|wikivir-007662.s000017|wikivir-007662.s000018|wikivir-007662.s000019|wikivir-007662.s000020|wikivir-007662.s000021|wikivir-007662.s000022|wikivir-007662.s000023|wikivir-007662.s000024|wikivir-007662.s000025|wikivir-007662.s000026|wikivir-007662.s000027|wikivir-007662.s000028|wikivir-007662.s000029|wikivir-007662.s000030|wikivir-007662.s000031|wikivir-007662.s000032	17	204	166	68	Kaj bi me bilo strah s teboj?« kajti ni vedela, da je mrtev. In tako ji je rekel trikrat. Ko pa ji je tretjič rekel, se je spomnila, da je mrtev. Ko sta prišla do groba, je skočil noter in ji je vzel predpasnik misleč, da jo bo potegnil. Od strahu je pobegnila v tisto hišo na pokopališču. Notri pa j	wikivir.cleaned.xml	7662	Dekle jezdi z mrtvecem			ljudske pripovedke				
emotion_fear_per_1k	0.0	wikivir-001513::window::1	wikivir-001513	window	93	Žalostna	Karel Destovnik Kajuh	pesmi	20		Kaj je v vasi vse tak pusto, kaj žalujejo ljudje, kaj tak tihi so gozdovi, kaj samujejo stezé? Mar je toča vse pobila, mar je suša nad vasjo, mar zavoljo časov slabih je ljudem tako hudo? Niti toča ni pobila, ni je suše nad vasjo, ni zavoljo časov slabih, ni zato ljudem hudo. Ali vendar vse žaluje,	93	44	4.0	90.9090909090909	0.1379310344827586	0.0868	2.0	45.45454545454545	0.0689655172413793	0.041280000000000004	4.0	90.9090909090909	0.1379310344827586	0.03128	9.0	204.54545454545456	0.3103448275862069	0.14972	0.0	0.0	0.0	0.07504	10.0	227.27272727272725	0.3448275862068966	0.23415999999999998	0.0	0.0	0.0	0.0	0.0	0.0	0.0	1.0	22.727272727272727	14.0	318.1818181818182	0.3663666666666666	0.40235333333333334	0.33769333333333335	-0.8666666666666667	25	13	0.5681818181818182	sadness	0.3448275862068966	wikivir.cleaned.xml	1513				window	wikivir-001513	wikivir-001513.s000001|wikivir-001513.s000002|wikivir-001513.s000003|wikivir-001513.s000004|wikivir-001513.s000005|wikivir-001513.s000006|wikivir-001513.s000007|wikivir-001513.s000008|wikivir-001513.s000009|wikivir-001513.s000010|wikivir-001513.s000011|wikivir-001513.s000012|wikivir-001513.s000013|wikivir-001513.s000014|wikivir-001513.s000015|wikivir-001513.s000016|wikivir-001513.s000017	17	93	75	40	Kaj je v vasi vse tak pusto, kaj žalujejo ljudje, kaj tak tihi so gozdovi, kaj samujejo stezé? Mar je toča vse pobila, mar je suša nad vasjo, mar zavoljo časov slabih je ljudem tako hudo? Niti toča ni pobila, ni je suše nad vasjo, ni zavoljo časov slabih, ni zato ljudem hudo. Ali vendar vse žaluje, 	wikivir.cleaned.xml	1513	Žalostna	Karel Destovnik Kajuh	20	pesmi				
emotion_fear_per_1k	0.0	wikivir-001513::document::1	wikivir-001513	document	94	Žalostna	Karel Destovnik Kajuh	pesmi	20		Kaj je v vasi vse tak pusto, kaj žalujejo ljudje, kaj tak tihi so gozdovi, kaj samujejo stezé? Mar je toča vse pobila, mar je suša nad vasjo, mar zavoljo časov slabih je ljudem tako hudo? Niti toča ni pobila, ni je suše nad vasjo, ni zavoljo časov slabih, ni zato ljudem hudo. Ali vendar vse žaluje,	94	44	4.0	90.9090909090909	0.1379310344827586	0.0868	2.0	45.45454545454545	0.0689655172413793	0.041280000000000004	4.0	90.9090909090909	0.1379310344827586	0.03128	9.0	204.54545454545456	0.3103448275862069	0.14972	0.0	0.0	0.0	0.07504	10.0	227.27272727272725	0.3448275862068966	0.23415999999999998	0.0	0.0	0.0	0.0	0.0	0.0	0.0	1.0	22.727272727272727	14.0	318.1818181818182	0.3663666666666666	0.40235333333333334	0.33769333333333335	-0.8666666666666667	25	13	0.5681818181818182	sadness	0.3448275862068966	wikivir.cleaned.xml	1513				document	wikivir-001513	wikivir-001513.s000001|wikivir-001513.s000002|wikivir-001513.s000003|wikivir-001513.s000004|wikivir-001513.s000005|wikivir-001513.s000006|wikivir-001513.s000007|wikivir-001513.s000008|wikivir-001513.s000009|wikivir-001513.s000010|wikivir-001513.s000011|wikivir-001513.s000012|wikivir-001513.s000013|wikivir-001513.s000014|wikivir-001513.s000015|wikivir-001513.s000016|wikivir-001513.s000017	17	94	75	40	Kaj je v vasi vse tak pusto, kaj žalujejo ljudje, kaj tak tihi so gozdovi, kaj samujejo stezé? Mar je toča vse pobila, mar je suša nad vasjo, mar zavoljo časov slabih je ljudem tako hudo? Niti toča ni pobila, ni je suše nad vasjo, ni zavoljo časov slabih, ni zato ljudem hudo. Ali vendar vse žaluje, 	wikivir.cleaned.xml	1513	Žalostna	Karel Destovnik Kajuh	20	pesmi				
emotion_fear_per_1k	61.224489795918366	wikivir-020307::document::1	wikivir-020307	document	110	To je razžaljeni protest	Srečko Kosovel	pesmi	20		To je razžaljeni protest in naše dobe žig sramoten, kaj je življenje, kaj bolest, to vse trenutek je begoten. A ta protest bo v pesmi ostal, obsodba krivde in nasilja, in pravil in dokazoval, kako sta ubijala, morila. Že čutim množic valovanje, krvavo sonce že gori, o ve ponosne moje sanje! Mogoče b	110	49	8.0	163.26530612244898	0.1666666666666666	0.17973076923076922	4.0	81.63265306122449	0.0833333333333333	0.06880769230769232	8.0	163.26530612244898	0.1666666666666666	0.16826923076923078	10.0	204.08163265306123	0.2083333333333333	0.22003846153846152	3.0	61.224489795918366	0.0625	0.11946153846153848	8.0	163.26530612244898	0.1666666666666666	0.24446153846153845	4.0	81.63265306122449	0.0833333333333333	0.07276923076923077	3.0	0.0625	0.05442307692307692	4.0	81.63265306122449	11.0	224.48979591836732	0.46485897435897433	0.6001698717948718	0.5476634615384616	-0.4666666666666667	26	24	0.5306122448979592	fear	0.20833333333333334	wikivir.cleaned.xml	20307				document	wikivir-020307	wikivir-020307.s000001|wikivir-020307.s000002|wikivir-020307.s000003|wikivir-020307.s000004|wikivir-020307.s000005|wikivir-020307.s000006|wikivir-020307.s000007|wikivir-020307.s000008|wikivir-020307.s000009|wikivir-020307.s000010|wikivir-020307.s000011|wikivir-020307.s000012|wikivir-020307.s000013|wikivir-020307.s000014|wikivir-020307.s000015|wikivir-020307.s000016|wikivir-020307.s000017|wikivir-020307.s000018|wikivir-020307.s000019	19	110	91	47	To je razžaljeni protest in naše dobe žig sramoten, kaj je življenje, kaj bolest, to vse trenutek je begoten. A ta protest bo v pesmi ostal, obsodba krivde in nasilja, in pravil in dokazoval, kako sta ubijala, morila. Že čutim množic valovanje, krvavo sonce že gori, o ve ponosne moje sanje! Mogoče b	wikivir.cleaned.xml	20307	To je razžaljeni protest	Srečko Kosovel	20	pesmi				
emotion_fear_per_1k	61.224489795918366	wikivir-020307::window::1	wikivir-020307	window	109	To je razžaljeni protest	Srečko Kosovel	pesmi	20		To je razžaljeni protest in naše dobe žig sramoten, kaj je življenje, kaj bolest, to vse trenutek je begoten. A ta protest bo v pesmi ostal, obsodba krivde in nasilja, in pravil in dokazoval, kako sta ubijala, morila. Že čutim množic valovanje, krvavo sonce že gori, o ve ponosne moje sanje! Mogoče b	109	49	8.0	163.26530612244898	0.1666666666666666	0.17973076923076922	4.0	81.63265306122449	0.0833333333333333	0.06880769230769232	8.0	163.26530612244898	0.1666666666666666	0.16826923076923078	10.0	204.08163265306123	0.2083333333333333	0.22003846153846152	3.0	61.224489795918366	0.0625	0.11946153846153848	8.0	163.26530612244898	0.1666666666666666	0.24446153846153845	4.0	81.63265306122449	0.0833333333333333	0.07276923076923077	3.0	0.0625	0.05442307692307692	4.0	81.63265306122449	11.0	224.48979591836732	0.46485897435897433	0.6001698717948718	0.5476634615384616	-0.4666666666666667	26	24	0.5306122448979592	fear	0.20833333333333334	wikivir.cleaned.xml	20307				window	wikivir-020307	wikivir-020307.s000001|wikivir-020307.s000002|wikivir-020307.s000003|wikivir-020307.s000004|wikivir-020307.s000005|wikivir-020307.s000006|wikivir-020307.s000007|wikivir-020307.s000008|wikivir-020307.s000009|wikivir-020307.s000010|wikivir-020307.s000011|wikivir-020307.s000012|wikivir-020307.s000013|wikivir-020307.s000014|wikivir-020307.s000015|wikivir-020307.s000016|wikivir-020307.s000017|wikivir-020307.s000018|wikivir-020307.s000019	19	109	91	47	To je razžaljeni protest in naše dobe žig sramoten, kaj je življenje, kaj bolest, to vse trenutek je begoten. A ta protest bo v pesmi ostal, obsodba krivde in nasilja, in pravil in dokazoval, kako sta ubijala, morila. Že čutim množic valovanje, krvavo sonce že gori, o ve ponosne moje sanje! Mogoče b	wikivir.cleaned.xml	20307	To je razžaljeni protest	Srečko Kosovel	20	pesmi				
emotion_fear_per_1k	20.40816326530612	wikivir-014605::window::202	wikivir-014605	window	403	Kekec nad samotnim brezdnom	Josip Vandot	pripovedke	20		mrtev? Ti prebita reč! Saj ga nisem mislil zadaviti ... Nemara je umrl od samega strahu, ko sem ga pograbil tako nenadoma in neusmiljeno ... Hm, hm - kaj bo pa zdaj?« In Bedanec se je popraskal za ušesom in je gledal ves prestrašen na Kosobrina. Kekec je pritekel nazaj in pokleknil kraj Kosobrina. Z	403	147	12.0	81.63265306122449	0.1481481481481481	0.10863157894736843	1.0	6.802721088435374	0.0123456790123456	0.004210526315789474	6.0	40.81632653061224	0.074074074074074	0.03526315789473684	30.0	204.08163265306123	0.3703703703703703	0.29277631578947366	1.0	6.802721088435374	0.0123456790123456	0.03826315789473684	18.0	122.44897959183672	0.2222222222222222	0.18975	10.0	68.02721088435375	0.1234567901234567	0.15203947368421053	3.0	0.037037037037037	0.040710526315789475	5.0	34.013605442176875	28.0	190.47619047619045	0.4064744674185463	0.5094711779448622	0.4500941416040101	-0.696969696969697	76	43	0.5170068027210885	fear	0.37037037037037035	wikivir.cleaned.xml	14605				window	wikivir-014605	wikivir-014605.s002660|wikivir-014605.s002661|wikivir-014605.s002662|wikivir-014605.s002663|wikivir-014605.s002664|wikivir-014605.s002665|wikivir-014605.s002666|wikivir-014605.s002667|wikivir-014605.s002668|wikivir-014605.s002669|wikivir-014605.s002670|wikivir-014605.s002671|wikivir-014605.s002672|wikivir-014605.s002673|wikivir-014605.s002674|wikivir-014605.s002675|wikivir-014605.s002676|wikivir-014605.s002677|wikivir-014605.s002678|wikivir-014605.s002679	32	403	300	141	mrtev? Ti prebita reč! Saj ga nisem mislil zadaviti ... Nemara je umrl od samega strahu, ko sem ga pograbil tako nenadoma in neusmiljeno ... Hm, hm - kaj bo pa zdaj?« In Bedanec se je popraskal za ušesom in je gledal ves prestrašen na Kosobrina. Kekec je pritekel nazaj in pokleknil kraj Kosobrina. Z	wikivir.cleaned.xml	14605	Kekec nad samotnim brezdnom	Josip Vandot	20	pripovedke				
emotion_fear_per_1k	259.25925925925924	wikivir-002314::window::3	wikivir-002314	window	126	Narodne pripovedke za mladino IV/Trije bratje	Fran Nedeljko	pripovedke			so trije bratje svojega gospoda, hudega duha, ta jim reče: V hudo skušnjavo sem vas spravil, a ker ste bili mož-beseda in ste mi pamagali, da tega krčmarja — ubijavca prej dobim v pekel. dobite zdaj plačo.” Dal je vsakemu veliko mošnjo, polno rumenga zlata, Sodniku pa je naznanil, kdo je, in tudi po	126	54	10.0	185.1851851851852	0.1639344262295081	0.13055882352941175	4.0	74.07407407407408	0.0655737704918032	0.06411764705882352	4.0	74.07407407407408	0.0655737704918032	0.04735294117647059	11.0	203.7037037037037	0.180327868852459	0.15855882352941175	6.0	111.1111111111111	0.0983606557377049	0.10629411764705882	8.0	148.14814814814815	0.1311475409836065	0.13773529411764707	4.0	74.07407407407408	0.0655737704918032	0.05397058823529412	14.0	0.2295081967213114	0.2391764705882353	15.0	277.77777777777777	9.0	166.66666666666666	0.5308473389355741	0.5387149859943978	0.553408963585434	0.25	34	30	0.6296296296296297	trust	0.22950819672131148	wikivir.cleaned.xml	2314				window	wikivir-002314	wikivir-002314.s000021|wikivir-002314.s000022|wikivir-002314.s000023|wikivir-002314.s000024	4	126	104	54	so trije bratje svojega gospoda, hudega duha, ta jim reče: V hudo skušnjavo sem vas spravil, a ker ste bili mož-beseda in ste mi pamagali, da tega krčmarja — ubijavca prej dobim v pekel. dobite zdaj plačo.” Dal je vsakemu veliko mošnjo, polno rumenga zlata, Sodniku pa je naznanil, kdo je, in tudi po	wikivir.cleaned.xml	2314	Narodne pripovedke za mladino IV/Trije bratje	Fran Nedeljko		pripovedke				
emotion_fear_per_1k	29.940119760479043	wikivir-003929::window::6	wikivir-003929	window	403	Kam pa kam, kosovirja?/Smejalna rožica in strami Strašnik	Svetlana Makarovič	kratka proza	20		strašnejšega. Na primer, lahko bi vama pel tako strašne pesmice, da bi od strahu umrla. Če bi hotel.« Glal je dvignil smrček, zbudilo se mu je rahlo upanje. »Jaz pa ne verjamem, da bi od strahu umrla,« je rekel, »tako strašnih pesmic sploh ni.« »Kaj, da jih ni?« se je razburil Strašnik. »Ni!« je pri	403	167	14.0	83.8323353293413	0.1346153846153846	0.07358024691358026	5.0	29.940119760479043	0.048076923076923	0.028209876543209878	15.0	89.82035928143712	0.1442307692307692	0.09425925925925925	34.0	203.59281437125748	0.3269230769230769	0.2684567901234568	4.0	23.952095808383238	0.0384615384615384	0.03746913580246914	15.0	89.82035928143712	0.1442307692307692	0.10802469135802469	12.0	71.8562874251497	0.1153846153846153	0.09825925925925925	5.0	0.048076923076923	0.0350246913580247	11.0	65.8682634730539	31.0	185.62874251497004	0.4291543209876544	0.5467037037037036	0.4443333333333333	-0.47619047619047616	81	52	0.4850299401197604	fear	0.3269230769230769	wikivir.cleaned.xml	3929				window	wikivir-003929	wikivir-003929.s000079|wikivir-003929.s000080|wikivir-003929.s000081|wikivir-003929.s000082|wikivir-003929.s000083|wikivir-003929.s000084|wikivir-003929.s000085|wikivir-003929.s000086|wikivir-003929.s000087|wikivir-003929.s000088|wikivir-003929.s000089|wikivir-003929.s000090|wikivir-003929.s000091|wikivir-003929.s000092|wikivir-003929.s000093|wikivir-003929.s000094|wikivir-003929.s000095|wikivir-003929.s000096|wikivir-003929.s000097|wikivir-003929.s000098	35	403	300	162	strašnejšega. Na primer, lahko bi vama pel tako strašne pesmice, da bi od strahu umrla. Če bi hotel.« Glal je dvignil smrček, zbudilo se mu je rahlo upanje. »Jaz pa ne verjamem, da bi od strahu umrla,« je rekel, »tako strašnih pesmic sploh ni.« »Kaj, da jih ni?« se je razburil Strašnik. »Ni!« je pri	wikivir.cleaned.xml	3929	Kam pa kam, kosovirja?/Smejalna rožica in strami Strašnik	Svetlana Makarovič	20	kratka proza				
emotion_fear_per_1k	130.71895424836603	wikivir-014011::window::11	wikivir-014011	window	417	Malomeščani	Bratko Kreft	dramska besedila	20		dan sem molila zanj. Prosila sem boga – MEDVED: V vojnem trušču bog ne sliši tvoje molitve. Pozabila si, da molijo tudi drugi. In da molijo drugi drugače. – Za zmago, za uspeh orožja. (Pokaže na cesarjevo sliko.) Poglej ga, tudi ta moli. Kako pobožno sklepa roke! Bog ga mora uslišati, kaj pa hoče! N	417	153	14.0	91.5032679738562	0.1044776119402985	0.04756842105263158	20.0	130.71895424836603	0.1492537313432835	0.10755789473684213	7.0	45.7516339869281	0.0522388059701492	0.03841052631578948	31.0	202.6143790849673	0.2313432835820895	0.12152631578947368	19.0	124.18300653594773	0.1417910447761194	0.1376842105263158	6.0	39.21568627450981	0.044776119402985	0.05922105263157895	17.0	111.1111111111111	0.126865671641791	0.06409473684210527	20.0	0.1492537313432835	0.11902105263157896	23.0	150.32679738562092	18.0	117.6470588235294	0.5387980701754386	0.45444000000000007	0.5209822807017543	0.12195121951219512	95	63	0.6209150326797386	fear	0.23134328358208955	wikivir.cleaned.xml	14011				window	wikivir-014011	wikivir-014011.s000145|wikivir-014011.s000146|wikivir-014011.s000147|wikivir-014011.s000148|wikivir-014011.s000149|wikivir-014011.s000150|wikivir-014011.s000151|wikivir-014011.s000152|wikivir-014011.s000153|wikivir-014011.s000154|wikivir-014011.s000155|wikivir-014011.s000156|wikivir-014011.s000157|wikivir-014011.s000158|wikivir-014011.s000159|wikivir-014011.s000160|wikivir-014011.s000161|wikivir-014011.s000162|wikivir-014011.s000163|wikivir-014011.s000164	46	417	300	149	dan sem molila zanj. Prosila sem boga – MEDVED: V vojnem trušču bog ne sliši tvoje molitve. Pozabila si, da molijo tudi drugi. In da molijo drugi drugače. – Za zmago, za uspeh orožja. (Pokaže na cesarjevo sliko.) Poglej ga, tudi ta moli. Kako pobožno sklepa roke! Bog ga mora uslišati, kaj pa hoče! N	wikivir.cleaned.xml	14011	Malomeščani	Bratko Kreft	20	dramska besedila				
emotion_fear_per_1k	0.0	wikivir-002697::document::1	wikivir-002697	document	106	Zakaj je kača vedno mrzla?	Anton Brezovnik	pripovedke	19		Ko je šel Kristus v puščavo, nameril se je na zmrzlo kačo. Kača se mu usmili, pa jo vzdigne, ogreje in oživi. Hudobna kača pa se ovije Kristusu okolo roke in ga piči. Ker je zagovoril vsak strup, ni mu škodila, ali nehvaležnost ga je tako unevoljila, da je kačo uklel in obsodil, da ne bode nikdar ve	106	45	3.0	66.66666666666667	0.1153846153846153	0.11807692307692307	1.0	22.22222222222222	0.0384615384615384	0.04207692307692308	8.0	177.77777777777777	0.3076923076923077	0.35138461538461535	9.0	200.0	0.3461538461538461	0.45407692307692304	1.0	22.22222222222222	0.0384615384615384	0.04076923076923077	3.0	66.66666666666667	0.1153846153846153	0.1323076923076923	1.0	22.22222222222222	0.0384615384615384	0.02046153846153846	0.0	0.0	0.0	1.0	22.22222222222222	9.0	200.0	0.3069807692307692	0.5933076923076922	0.5242115384615385	-0.8	13	9	0.2888888888888888	fear	0.34615384615384615	wikivir.cleaned.xml	2697	Zakaj? Zato!			document	wikivir-002697	wikivir-002697.s000001|wikivir-002697.s000002|wikivir-002697.s000003|wikivir-002697.s000004|wikivir-002697.s000005|wikivir-002697.s000006|wikivir-002697.s000007	7	106	90	45	Ko je šel Kristus v puščavo, nameril se je na zmrzlo kačo. Kača se mu usmili, pa jo vzdigne, ogreje in oživi. Hudobna kača pa se ovije Kristusu okolo roke in ga piči. Ker je zagovoril vsak strup, ni mu škodila, ali nehvaležnost ga je tako unevoljila, da je kačo uklel in obsodil, da ne bode nikdar ve	wikivir.cleaned.xml	2697	Zakaj je kača vedno mrzla?	Anton Brezovnik	19	pripovedke	Zakaj? Zato!			
emotion_fear_per_1k	85.71428571428571	wikivir-014064::window::8	wikivir-014064	window	84	Spomin	Octave Mirbeau	kratka proza	20	1920	se zagledal v njegove oči, v njegove velike, jasne oči, ki so se zdele, ko da zro otožno name, brez sovraštva, brez očitkov, ko da še žive. Skoro bi bil omedlel ... Nato pa sem zbral svoje moči, potegnil mrtvo truplo Prusa počasi kvišku, ga zravnal pred sabo in se vsesal s svojimi ustnicami v to mrt	84	35	2.0	57.14285714285714	0.0869565217391304	0.07744444444444444	1.0	28.57142857142857	0.0434782608695652	0.025611111111111112	2.0	57.14285714285714	0.0869565217391304	0.08766666666666666	7.0	200.0	0.3043478260869565	0.2526111111111111	1.0	28.57142857142857	0.0434782608695652	0.05383333333333334	6.0	171.42857142857142	0.2608695652173913	0.241	1.0	28.57142857142857	0.0434782608695652	0.14111111111111108	3.0	0.1304347826086956	0.08633333333333333	2.0	57.14285714285714	7.0	200.0	0.44290277777777776	0.4727685185185185	0.4416805555555555	-0.5555555555555556	18	15	0.5142857142857142	fear	0.30434782608695654	wikivir.cleaned.xml	14064				window	wikivir-014064	wikivir-014064.s000142|wikivir-014064.s000143|wikivir-014064.s000144|wikivir-014064.s000145|wikivir-014064.s000146|wikivir-014064.s000147|wikivir-014064.s000148|wikivir-014064.s000149|wikivir-014064.s000150	9	84	69	34	se zagledal v njegove oči, v njegove velike, jasne oči, ki so se zdele, ko da zro otožno name, brez sovraštva, brez očitkov, ko da še žive. Skoro bi bil omedlel ... Nato pa sem zbral svoje moči, potegnil mrtvo truplo Prusa počasi kvišku, ga zravnal pred sabo in se vsesal s svojimi ustnicami v to mrt	wikivir.cleaned.xml	14064	Spomin	Octave Mirbeau	20	kratka proza			1920	
emotion_joy_per_1k	96.15384615384616	wikivir-003833::window::48	wikivir-003833	window	125	Navdih srca	Ana Nuška Pišek	pesmi	21		v spokojnosti večera in noči. Srečna sem ob možu, ki me ljubi, srečna sem ob hčerkini mladi družini, srečna sem ob sinu, ki je našel pravo dekle, srečna sem ob najmlajši hčerki, ki razumno stopa po poti dozorevanja. Srečna sem v razdajanju za druge, srečna sem ob čutenju, da so tudi drugi srečni z m	125	52	0.0	0.0	0.0	0.0	7.0	134.6153846153846	0.1372549019607843	0.07342857142857144	1.0	19.230769230769237	0.0196078431372549	0.013399999999999999	0.0	0.0	0.0	0.0	20.0	384.61538461538464	0.392156862745098	0.3711142857142857	1.0	19.230769230769237	0.0196078431372549	0.0078000000000000005	17.0	326.9230769230769	0.3333333333333333	0.23011428571428572	5.0	0.0980392156862745	0.08882857142857142	20.0	384.61538461538464	0.0	0.0	0.7476857142857143	0.4767666666666666	0.612152380952381	1.0	35	21	0.6730769230769231	joy	0.39215686274509803	wikivir.cleaned.xml	3833				window	wikivir-003833	wikivir-003833.s001443|wikivir-003833.s001444|wikivir-003833.s001445|wikivir-003833.s001446|wikivir-003833.s001447|wikivir-003833.s001448|wikivir-003833.s001449|wikivir-003833.s001450|wikivir-003833.s001451|wikivir-003833.s001452|wikivir-003833.s001453|wikivir-003833.s001454|wikivir-003833.s001455|wikivir-003833.s001456|wikivir-003833.s001457	15	125	104	52	v spokojnosti večera in noči. Srečna sem ob možu, ki me ljubi, srečna sem ob hčerkini mladi družini, srečna sem ob sinu, ki je našel pravo dekle, srečna sem ob najmlajši hčerki, ki razumno stopa po poti dozorevanja. Srečna sem v razdajanju za druge, srečna sem ob čutenju, da so tudi drugi srečni z m	wikivir.cleaned.xml	3833	Navdih srca	Ana Nuška Pišek	21	pesmi				
emotion_joy_per_1k	442.30769230769226	wikivir-004967::document::1	wikivir-004967	document	96	Potem so peli	Vitomil Zupan	pesmi	20		Potem so peli in peli po notah zelo stare pesmi so peli in peli pesmi brez razumljivih besed. Šli smo spat in dež je pel in pel po strehi montažne hišice pel in pel pesmi brez vsakih besed. Zadremali smo in se nenadoma prebuditi v dežju ki je pel in pel in pel žuborel in šumel pel in pel in zakaj na	96	52	0.0	0.0	0.0	0.0	20.0	384.61538461538464	0.2352941176470588	0.21631578947368418	1.0	19.230769230769237	0.0117647058823529	0.008210526315789474	0.0	0.0	0.0	0.0	20.0	384.61538461538464	0.2352941176470588	0.3836842105263157	20.0	384.61538461538464	0.2352941176470588	0.01752631578947369	1.0	19.230769230769237	0.0117647058823529	0.021789473684210525	23.0	0.2705882352941176	0.2597631578947369	23.0	442.30769230769226	1.0	19.230769230769237	0.7396052631578949	0.5149605263157896	0.4533552631578947	0.9166666666666666	38	13	0.7307692307692307	trust	0.27058823529411763	wikivir.cleaned.xml	4967				document	wikivir-004967	wikivir-004967.s000001|wikivir-004967.s000002|wikivir-004967.s000003|wikivir-004967.s000004|wikivir-004967.s000005|wikivir-004967.s000006|wikivir-004967.s000007|wikivir-004967.s000008|wikivir-004967.s000009|wikivir-004967.s000010|wikivir-004967.s000011|wikivir-004967.s000012|wikivir-004967.s000013|wikivir-004967.s000014|wikivir-004967.s000015|wikivir-004967.s000016|wikivir-004967.s000017	17	96	91	51	Potem so peli in peli po notah zelo stare pesmi so peli in peli pesmi brez razumljivih besed. Šli smo spat in dež je pel in pel po strehi montažne hišice pel in pel pesmi brez vsakih besed. Zadremali smo in se nenadoma prebuditi v dežju ki je pel in pel in pel žuborel in šumel pel in pel in zakaj na	wikivir.cleaned.xml	4967	Potem so peli	Vitomil Zupan	20	pesmi				
emotion_joy_per_1k	442.30769230769226	wikivir-004967::window::1	wikivir-004967	window	95	Potem so peli	Vitomil Zupan	pesmi	20		Potem so peli in peli po notah zelo stare pesmi so peli in peli pesmi brez razumljivih besed. Šli smo spat in dež je pel in pel po strehi montažne hišice pel in pel pesmi brez vsakih besed. Zadremali smo in se nenadoma prebuditi v dežju ki je pel in pel in pel žuborel in šumel pel in pel in zakaj na	95	52	0.0	0.0	0.0	0.0	20.0	384.61538461538464	0.2352941176470588	0.21631578947368418	1.0	19.230769230769237	0.0117647058823529	0.008210526315789474	0.0	0.0	0.0	0.0	20.0	384.61538461538464	0.2352941176470588	0.3836842105263157	20.0	384.61538461538464	0.2352941176470588	0.01752631578947369	1.0	19.230769230769237	0.0117647058823529	0.021789473684210525	23.0	0.2705882352941176	0.2597631578947369	23.0	442.30769230769226	1.0	19.230769230769237	0.7396052631578949	0.5149605263157896	0.4533552631578947	0.9166666666666666	38	13	0.7307692307692307	trust	0.27058823529411763	wikivir.cleaned.xml	4967				window	wikivir-004967	wikivir-004967.s000001|wikivir-004967.s000002|wikivir-004967.s000003|wikivir-004967.s000004|wikivir-004967.s000005|wikivir-004967.s000006|wikivir-004967.s000007|wikivir-004967.s000008|wikivir-004967.s000009|wikivir-004967.s000010|wikivir-004967.s000011|wikivir-004967.s000012|wikivir-004967.s000013|wikivir-004967.s000014|wikivir-004967.s000015|wikivir-004967.s000016|wikivir-004967.s000017	17	95	91	51	Potem so peli in peli po notah zelo stare pesmi so peli in peli pesmi brez razumljivih besed. Šli smo spat in dež je pel in pel po strehi montažne hišice pel in pel pesmi brez vsakih besed. Zadremali smo in se nenadoma prebuditi v dežju ki je pel in pel in pel žuborel in šumel pel in pel in zakaj na	wikivir.cleaned.xml	4967	Potem so peli	Vitomil Zupan	20	pesmi				
emotion_joy_per_1k	290.32258064516134	wikivir-015618::window::1	wikivir-015618	window	252	O Bog, o Bog, kak' srečen sem!	Jožef Muršec	pesmi	19		1. O Bog, o Bog, kak’ srečen sem, Ker v Te verujem ino vem, Da vse ’z ničesar si ustvaril, Obilno širni svet obdaril; Vsezmožen ga držiš, mladiš, Očetovsko za vse skrbiš. 2. O Bog, o Bog, kak’ srečen sem, Ker v Te verujem, za Te vem, Objemam Te kot stvarnika, Očeta milostljivega, Neskončnega dobrotn	252	93	2.0	21.505376344086024	0.0175438596491228	0.013720000000000001	22.0	236.55913978494624	0.1929824561403508	0.20632	0.0	0.0	0.0	0.0	17.0	182.7956989247312	0.1491228070175438	0.04038	34.0	365.5913978494624	0.2982456140350877	0.4174	3.0	32.25806451612903	0.0263157894736842	0.02112	9.0	96.77419354838707	0.0789473684210526	0.08516	27.0	0.2368421052631578	0.38358	41.0	440.86021505376345	4.0	43.01075268817205	0.7635579999999998	0.4999433333333333	0.7490516666666668	0.8222222222222222	50	27	0.5376344086021505	joy	0.2982456140350877	wikivir.cleaned.xml	15618				window	wikivir-015618	wikivir-015618.s000001|wikivir-015618.s000002|wikivir-015618.s000003|wikivir-015618.s000004|wikivir-015618.s000005|wikivir-015618.s000006|wikivir-015618.s000007|wikivir-015618.s000008|wikivir-015618.s000009|wikivir-015618.s000010|wikivir-015618.s000011|wikivir-015618.s000012|wikivir-015618.s000013|wikivir-015618.s000014|wikivir-015618.s000015|wikivir-015618.s000016|wikivir-015618.s000017|wikivir-015618.s000018|wikivir-015618.s000019|wikivir-015618.s000020	44	252	188	93	1. O Bog, o Bog, kak’ srečen sem, Ker v Te verujem ino vem, Da vse ’z ničesar si ustvaril, Obilno širni svet obdaril; Vsezmožen ga držiš, mladiš, Očetovsko za vse skrbiš. 2. O Bog, o Bog, kak’ srečen sem, Ker v Te verujem, za Te vem, Objemam Te kot stvarnika, Očeta milostljivega, Neskončnega dobrotn	wikivir.cleaned.xml	15618	O Bog, o Bog, kak' srečen sem!	Jožef Muršec	19	pesmi				
emotion_joy_per_1k	290.32258064516134	wikivir-015618::document::1	wikivir-015618	document	253	O Bog, o Bog, kak' srečen sem!	Jožef Muršec	pesmi	19		1. O Bog, o Bog, kak’ srečen sem, Ker v Te verujem ino vem, Da vse ’z ničesar si ustvaril, Obilno širni svet obdaril; Vsezmožen ga držiš, mladiš, Očetovsko za vse skrbiš. 2. O Bog, o Bog, kak’ srečen sem, Ker v Te verujem, za Te vem, Objemam Te kot stvarnika, Očeta milostljivega, Neskončnega dobrotn	253	93	2.0	21.505376344086024	0.0175438596491228	0.013720000000000001	22.0	236.55913978494624	0.1929824561403508	0.20632	0.0	0.0	0.0	0.0	17.0	182.7956989247312	0.1491228070175438	0.04038	34.0	365.5913978494624	0.2982456140350877	0.4174	3.0	32.25806451612903	0.0263157894736842	0.02112	9.0	96.77419354838707	0.0789473684210526	0.08516	27.0	0.2368421052631578	0.38358	41.0	440.86021505376345	4.0	43.01075268817205	0.7635579999999998	0.4999433333333333	0.7490516666666668	0.8222222222222222	50	27	0.5376344086021505	joy	0.2982456140350877	wikivir.cleaned.xml	15618				document	wikivir-015618	wikivir-015618.s000001|wikivir-015618.s000002|wikivir-015618.s000003|wikivir-015618.s000004|wikivir-015618.s000005|wikivir-015618.s000006|wikivir-015618.s000007|wikivir-015618.s000008|wikivir-015618.s000009|wikivir-015618.s000010|wikivir-015618.s000011|wikivir-015618.s000012|wikivir-015618.s000013|wikivir-015618.s000014|wikivir-015618.s000015|wikivir-015618.s000016|wikivir-015618.s000017|wikivir-015618.s000018|wikivir-015618.s000019|wikivir-015618.s000020	44	253	188	93	1. O Bog, o Bog, kak’ srečen sem, Ker v Te verujem ino vem, Da vse ’z ničesar si ustvaril, Obilno širni svet obdaril; Vsezmožen ga držiš, mladiš, Očetovsko za vse skrbiš. 2. O Bog, o Bog, kak’ srečen sem, Ker v Te verujem, za Te vem, Objemam Te kot stvarnika, Očeta milostljivega, Neskončnega dobrotn	wikivir.cleaned.xml	15618	O Bog, o Bog, kak' srečen sem!	Jožef Muršec	19	pesmi				
emotion_joy_per_1k	308.51063829787233	wikivir-006245::document::1	wikivir-006245	document	479	Lep je	Mojiceja Podgoršek	pesmi	21		LEP JE OBLAK, ker nam podari dež. Beautiful is a cloud, it gives us rain. LEP JE DEŽ, ker napoji zemljo. Beautiful is the rain, it waters our soil. LEP JE MOJ DEŽNIK, ker poskrbi, da se ne zmočim. Beautiful is my umbrella, it keeps me dry. LEP JE MOST, ker mi pomaga prečkati reko. Beautiful is the b	479	94	0.0	0.0	0.0	0.0	29.0	308.51063829787233	0.3052631578947368	0.18616666666666665	0.0	0.0	0.0	0.0	0.0	0.0	0.0	0.001893939393939394	31.0	329.7872340425532	0.3263157894736842	0.23478787878787877	0.0	0.0	0.0	0.00493939393939394	6.0	63.82978723404255	0.0631578947368421	0.03245454545454545	29.0	0.3052631578947368	0.18128787878787878	34.0	361.7021276595745	1.0	10.638297872340424	0.7397651515151515	0.4426666666666667	0.5097285353535354	0.9428571428571428	66	43	0.7021276595744681	joy	0.3263157894736842	wikivir.cleaned.xml	6245				document	wikivir-006245	wikivir-006245.s000001|wikivir-006245.s000002|wikivir-006245.s000003|wikivir-006245.s000004|wikivir-006245.s000005|wikivir-006245.s000006|wikivir-006245.s000007|wikivir-006245.s000008|wikivir-006245.s000009|wikivir-006245.s000010|wikivir-006245.s000011|wikivir-006245.s000012|wikivir-006245.s000013|wikivir-006245.s000014|wikivir-006245.s000015|wikivir-006245.s000016|wikivir-006245.s000017|wikivir-006245.s000018|wikivir-006245.s000019|wikivir-006245.s000020	44	479	187	92	LEP JE OBLAK, ker nam podari dež. Beautiful is a cloud, it gives us rain. LEP JE DEŽ, ker napoji zemljo. Beautiful is the rain, it waters our soil. LEP JE MOJ DEŽNIK, ker poskrbi, da se ne zmočim. Beautiful is my umbrella, it keeps me dry. LEP JE MOST, ker mi pomaga prečkati reko. Beautiful is the b	wikivir.cleaned.xml	6245	Lep je	Mojiceja Podgoršek	21	pesmi				
emotion_joy_per_1k	308.51063829787233	wikivir-006245::window::1	wikivir-006245	window	468	Lep je	Mojiceja Podgoršek	pesmi	21		LEP JE OBLAK, ker nam podari dež. Beautiful is a cloud, it gives us rain. LEP JE DEŽ, ker napoji zemljo. Beautiful is the rain, it waters our soil. LEP JE MOJ DEŽNIK, ker poskrbi, da se ne zmočim. Beautiful is my umbrella, it keeps me dry. LEP JE MOST, ker mi pomaga prečkati reko. Beautiful is the b	468	94	0.0	0.0	0.0	0.0	29.0	308.51063829787233	0.3052631578947368	0.18616666666666665	0.0	0.0	0.0	0.0	0.0	0.0	0.0	0.001893939393939394	31.0	329.7872340425532	0.3263157894736842	0.23478787878787877	0.0	0.0	0.0	0.00493939393939394	6.0	63.82978723404255	0.0631578947368421	0.03245454545454545	29.0	0.3052631578947368	0.18128787878787878	34.0	361.7021276595745	1.0	10.638297872340424	0.7397651515151515	0.4426666666666667	0.5097285353535354	0.9428571428571428	66	43	0.7021276595744681	joy	0.3263157894736842	wikivir.cleaned.xml	6245				window	wikivir-006245	wikivir-006245.s000001|wikivir-006245.s000003|wikivir-006245.s000005|wikivir-006245.s000007|wikivir-006245.s000009|wikivir-006245.s000011|wikivir-006245.s000013|wikivir-006245.s000014|wikivir-006245.s000015|wikivir-006245.s000016|wikivir-006245.s000017|wikivir-006245.s000019|wikivir-006245.s000021|wikivir-006245.s000023|wikivir-006245.s000024|wikivir-006245.s000025|wikivir-006245.s000027|wikivir-006245.s000029|wikivir-006245.s000031|wikivir-006245.s000033	26	468	187	92	LEP JE OBLAK, ker nam podari dež. Beautiful is a cloud, it gives us rain. LEP JE DEŽ, ker napoji zemljo. Beautiful is the rain, it waters our soil. LEP JE MOJ DEŽNIK, ker poskrbi, da se ne zmočim. Beautiful is my umbrella, it keeps me dry. LEP JE MOST, ker mi pomaga prečkati reko. Beautiful is the b	wikivir.cleaned.xml	6245	Lep je	Mojiceja Podgoršek	21	pesmi				
emotion_joy_per_1k	280.4232804232804	wikivir-002819::window::14	wikivir-002819	window	437	Krajnska pismenost	Valentin Vodnik	neleposlovje	19		tepka je sladka, tele je kislo tako tudi ljubi oče, huba mati, ljubo dete. Perlog se spozna, če se mu lahko perstavi ime človek ali reč, postavim: vesel je perlog, ker se lahko reče: vesel človek. §. 17. Vsi perlogi imajo troji spol, troje število, šest padežev in troje sklanjanje, to je, za vsaki s	437	189	1.0	5.291005291005291	0.0060975609756097	0.004269230769230769	51.0	269.8412698412698	0.3109756097560975	0.2747051282051282	1.0	5.291005291005291	0.0060975609756097	0.00741025641025641	3.0	15.873015873015872	0.0182926829268292	0.022384615384615385	52.0	275.13227513227514	0.3170731707317073	0.32157692307692304	1.0	5.291005291005291	0.0060975609756097	0.007615384615384615	2.0	10.582010582010582	0.0121951219512195	0.011025641025641025	53.0	0.3231707317073171	0.25958974358974357	53.0	280.4232804232804	3.0	15.873015873015872	0.7389861111111111	0.4764805555555556	0.5228260683760684	0.8928571428571429	78	21	0.4126984126984127	trust	0.3231707317073171	wikivir.cleaned.xml	2819				window	wikivir-002819	wikivir-002819.s000279|wikivir-002819.s000280|wikivir-002819.s000282|wikivir-002819.s000283|wikivir-002819.s000284|wikivir-002819.s000285|wikivir-002819.s000286|wikivir-002819.s000287|wikivir-002819.s000288|wikivir-002819.s000289|wikivir-002819.s000290|wikivir-002819.s000291|wikivir-002819.s000292|wikivir-002819.s000293|wikivir-002819.s000294|wikivir-002819.s000295|wikivir-002819.s000296|wikivir-002819.s000297|wikivir-002819.s000298|wikivir-002819.s000299	44	437	300	184	tepka je sladka, tele je kislo tako tudi ljubi oče, huba mati, ljubo dete. Perlog se spozna, če se mu lahko perstavi ime človek ali reč, postavim: vesel je perlog, ker se lahko reče: vesel človek. §. 17. Vsi perlogi imajo troji spol, troje število, šest padežev in troje sklanjanje, to je, za vsaki s	wikivir.cleaned.xml	2819	Krajnska pismenost	Valentin Vodnik	19	neleposlovje				
emotion_joy_per_1k	181.8181818181818	wikivir-020326::window::1	wikivir-020326	window	110	Njemu sem na veke zvesta	Anica Žemlja	pesmi			Rožice so nežno cvele, z grmov pa so ptičke pele o veselja lepej dobi, o pomlajenej svetlobi. Srečna sem med njimi stala, srečna petje sem slušala, glasno tudi jaz sem pela, nežno tudi jaz cvetela. Oj, vesele, drobne ptice, lepe ve, mlade cvetice, tudi zdaj še pojem glasno, tudi zdaj še cvetem krasn	110	55	0.0	0.0	0.0	0.0	11.0	200.0	0.2340425531914893	0.18314814814814817	0.0	0.0	0.0	0.0	1.0	18.18181818181818	0.0212765957446808	0.0034814814814814817	15.0	272.7272727272727	0.3191489361702128	0.44096296296296295	3.0	54.54545454545454	0.0638297872340425	0.001888888888888889	7.0	127.27272727272728	0.1489361702127659	0.10155555555555557	10.0	0.2127659574468085	0.1808148148148148	18.0	327.27272727272725	0.0	0.0	0.7789779541446208	0.49191834215167557	0.559336507936508	1.0	27	23	0.4909090909090909	joy	0.3191489361702128	wikivir.cleaned.xml	20326				window	wikivir-020326	wikivir-020326.s000001|wikivir-020326.s000002|wikivir-020326.s000003|wikivir-020326.s000004|wikivir-020326.s000005|wikivir-020326.s000006|wikivir-020326.s000007|wikivir-020326.s000008|wikivir-020326.s000009|wikivir-020326.s000010|wikivir-020326.s000011|wikivir-020326.s000012|wikivir-020326.s000013|wikivir-020326.s000014|wikivir-020326.s000015|wikivir-020326.s000016|wikivir-020326.s000017|wikivir-020326.s000018|wikivir-020326.s000019|wikivir-020326.s000020	20	110	90	54	Rožice so nežno cvele, z grmov pa so ptičke pele o veselja lepej dobi, o pomlajenej svetlobi. Srečna sem med njimi stala, srečna petje sem slušala, glasno tudi jaz sem pela, nežno tudi jaz cvetela. Oj, vesele, drobne ptice, lepe ve, mlade cvetice, tudi zdaj še pojem glasno, tudi zdaj še cvetem krasn	wikivir.cleaned.xml	20326	Njemu sem na veke zvesta	Anica Žemlja		pesmi				
emotion_joy_per_1k	181.8181818181818	wikivir-020326::document::1	wikivir-020326	document	112	Njemu sem na veke zvesta	Anica Žemlja	pesmi			Rožice so nežno cvele, z grmov pa so ptičke pele o veselja lepej dobi, o pomlajenej svetlobi. Srečna sem med njimi stala, srečna petje sem slušala, glasno tudi jaz sem pela, nežno tudi jaz cvetela. Oj, vesele, drobne ptice, lepe ve, mlade cvetice, tudi zdaj še pojem glasno, tudi zdaj še cvetem krasn	112	55	0.0	0.0	0.0	0.0	11.0	200.0	0.2340425531914893	0.18314814814814817	0.0	0.0	0.0	0.0	1.0	18.18181818181818	0.0212765957446808	0.0034814814814814817	15.0	272.7272727272727	0.3191489361702128	0.44096296296296295	3.0	54.54545454545454	0.0638297872340425	0.001888888888888889	7.0	127.27272727272728	0.1489361702127659	0.10155555555555557	10.0	0.2127659574468085	0.1808148148148148	18.0	327.27272727272725	0.0	0.0	0.7789779541446208	0.49191834215167557	0.559336507936508	1.0	27	23	0.4909090909090909	joy	0.3191489361702128	wikivir.cleaned.xml	20326				document	wikivir-020326	wikivir-020326.s000001|wikivir-020326.s000002|wikivir-020326.s000003|wikivir-020326.s000004|wikivir-020326.s000005|wikivir-020326.s000006|wikivir-020326.s000007|wikivir-020326.s000008|wikivir-020326.s000009|wikivir-020326.s000010|wikivir-020326.s000011|wikivir-020326.s000012|wikivir-020326.s000013|wikivir-020326.s000014|wikivir-020326.s000015|wikivir-020326.s000016|wikivir-020326.s000017|wikivir-020326.s000018|wikivir-020326.s000019|wikivir-020326.s000020	20	112	90	54	Rožice so nežno cvele, z grmov pa so ptičke pele o veselja lepej dobi, o pomlajenej svetlobi. Srečna sem med njimi stala, srečna petje sem slušala, glasno tudi jaz sem pela, nežno tudi jaz cvetela. Oj, vesele, drobne ptice, lepe ve, mlade cvetice, tudi zdaj še pojem glasno, tudi zdaj še cvetem krasn	wikivir.cleaned.xml	20326	Njemu sem na veke zvesta	Anica Žemlja		pesmi				
emotion_joy_per_1k	227.27272727272725	wikivir-000410::window::1	wikivir-000410	window	81	Pesmi in romance	Josip Murn Aleksandrov	pesmi			Jate splašenih golobov čez ravno polje letijo, hitri svatovski vozovi mimo polja pa drčijo. V soncu bliskajo peruti mi golobov, golobic se, oj, kako blešči s komatov svetli, medeni nakit se! V soncu bliskajo peruti mi golobov, golobic se, oj, kako blešče tam v grivi traki mi izpod cvetlic se! Lepi,	81	44	1.0	22.727272727272727	0.0256410256410256	0.00188	12.0	272.7272727272727	0.3076923076923077	0.21244	0.0	0.0	0.0	0.0	0.0	0.0	0.0	0.0	12.0	272.7272727272727	0.3076923076923077	0.19891999999999999	0.0	0.0	0.0	0.0	4.0	90.9090909090909	0.1025641025641025	0.0472	10.0	0.2564102564102564	0.17032	13.0	295.4545454545455	3.0	68.18181818181817	0.7244426666666668	0.4391213333333333	0.4692946666666667	0.625	25	17	0.5681818181818182	anticipation	0.3076923076923077	wikivir.cleaned.xml	410				window	wikivir-000410	wikivir-000410.s000001|wikivir-000410.s000002|wikivir-000410.s000003|wikivir-000410.s000004|wikivir-000410.s000005|wikivir-000410.s000006|wikivir-000410.s000007|wikivir-000410.s000008|wikivir-000410.s000009|wikivir-000410.s000010|wikivir-000410.s000011|wikivir-000410.s000012|wikivir-000410.s000013|wikivir-000410.s000014|wikivir-000410.s000015|wikivir-000410.s000016	16	81	67	42	Jate splašenih golobov čez ravno polje letijo, hitri svatovski vozovi mimo polja pa drčijo. V soncu bliskajo peruti mi golobov, golobic se, oj, kako blešči s komatov svetli, medeni nakit se! V soncu bliskajo peruti mi golobov, golobic se, oj, kako blešče tam v grivi traki mi izpod cvetlic se! Lepi, 	wikivir.cleaned.xml	410	Pesmi in romance	Josip Murn Aleksandrov		pesmi				
emotion_joy_per_1k	227.27272727272725	wikivir-000410::document::1	wikivir-000410	document	82	Pesmi in romance	Josip Murn Aleksandrov	pesmi			Jate splašenih golobov čez ravno polje letijo, hitri svatovski vozovi mimo polja pa drčijo. V soncu bliskajo peruti mi golobov, golobic se, oj, kako blešči s komatov svetli, medeni nakit se! V soncu bliskajo peruti mi golobov, golobic se, oj, kako blešče tam v grivi traki mi izpod cvetlic se! Lepi,	82	44	1.0	22.727272727272727	0.0256410256410256	0.00188	12.0	272.7272727272727	0.3076923076923077	0.21244	0.0	0.0	0.0	0.0	0.0	0.0	0.0	0.0	12.0	272.7272727272727	0.3076923076923077	0.19891999999999999	0.0	0.0	0.0	0.0	4.0	90.9090909090909	0.1025641025641025	0.0472	10.0	0.2564102564102564	0.17032	13.0	295.4545454545455	3.0	68.18181818181817	0.7244426666666668	0.4391213333333333	0.4692946666666667	0.625	25	17	0.5681818181818182	anticipation	0.3076923076923077	wikivir.cleaned.xml	410				document	wikivir-000410	wikivir-000410.s000001|wikivir-000410.s000002|wikivir-000410.s000003|wikivir-000410.s000004|wikivir-000410.s000005|wikivir-000410.s000006|wikivir-000410.s000007|wikivir-000410.s000008|wikivir-000410.s000009|wikivir-000410.s000010|wikivir-000410.s000011|wikivir-000410.s000012|wikivir-000410.s000013|wikivir-000410.s000014|wikivir-000410.s000015|wikivir-000410.s000016	16	82	67	42	Jate splašenih golobov čez ravno polje letijo, hitri svatovski vozovi mimo polja pa drčijo. V soncu bliskajo peruti mi golobov, golobic se, oj, kako blešči s komatov svetli, medeni nakit se! V soncu bliskajo peruti mi golobov, golobic se, oj, kako blešče tam v grivi traki mi izpod cvetlic se! Lepi, 	wikivir.cleaned.xml	410	Pesmi in romance	Josip Murn Aleksandrov		pesmi				
emotion_joy_per_1k	104.16666666666669	wikivir-003388::window::53	wikivir-003388	window	90	Veliki turnir	Matej Krajnc	romani	21		sreča in mir. In seveda nam že dobro znana pesem: Na Planetu lutk je sonce iz blaga, luna iz papirja, gozd pa iz zlata. Na Planetu lutk živijo lutke v slogi, vsi se imajo radi, bogati in ubogi. Tam so vedno krasne lutkaste poroke, vsi imajo krasne lutkaste otroke. Na Planetu lutk gostov ne podijo, g	90	48	0.0	0.0	0.0	0.0	6.0	125.0	0.2222222222222222	0.09279411764705883	0.0	0.0	0.0	0.0	0.0	0.0	0.0	0.0	13.0	270.8333333333333	0.4814814814814814	0.1711470588235294	0.0	0.0	0.0	0.0	3.0	62.5	0.1111111111111111	0.025058823529411765	5.0	0.1851851851851851	0.07517647058823529	12.0	250.0	0.0	0.0	0.6908235294117647	0.41276960784313727	0.5685343137254901	1.0	34	20	0.7083333333333334	joy	0.48148148148148145	wikivir.cleaned.xml	3388				window	wikivir-003388	wikivir-003388.s000950|wikivir-003388.s000951|wikivir-003388.s000952|wikivir-003388.s000953|wikivir-003388.s000954|wikivir-003388.s000955|wikivir-003388.s000956|wikivir-003388.s000957|wikivir-003388.s000958|wikivir-003388.s000959|wikivir-003388.s000960|wikivir-003388.s000961|wikivir-003388.s000962|wikivir-003388.s000963|wikivir-003388.s000964|wikivir-003388.s000965|wikivir-003388.s000966|wikivir-003388.s000967|wikivir-003388.s000968|wikivir-003388.s000969	23	90	75	47	sreča in mir. In seveda nam že dobro znana pesem: Na Planetu lutk je sonce iz blaga, luna iz papirja, gozd pa iz zlata. Na Planetu lutk živijo lutke v slogi, vsi se imajo radi, bogati in ubogi. Tam so vedno krasne lutkaste poroke, vsi imajo krasne lutkaste otroke. Na Planetu lutk gostov ne podijo, g	wikivir.cleaned.xml	3388	Veliki turnir	Matej Krajnc	21	romani				
emotion_joy_per_1k	259.4339622641509	wikivir-019178::window::2	wikivir-019178	window	377	Teharski plemiči	Anton Funtek	igra s petjem	19	1890	Najlepšega dekleta! Bog živi te, zaročni par, Bog čuvaj ti ljubezni žar, Da srečna sta, ta sreča I nam blaginjo veča! (Razvrsté se v polukrogu; Ivan z Marjetico poklekne pred Pengarja, da ju blagoslovi. Iz dalje se čuje večerni zvon.) Pengar: K tebi, Bog, v višine svete, Plôve prošnje moje glas: Za	377	212	1.0	4.716981132075471	0.0051020408163265	0.0006608695652173912	46.0	216.9811320754717	0.2346938775510204	0.2026521739130435	2.0	9.433962264150942	0.010204081632653	0.005713043478260869	21.0	99.05660377358492	0.1071428571428571	0.019469565217391304	56.0	264.1509433962264	0.2857142857142857	0.3091565217391304	2.0	9.433962264150942	0.010204081632653	0.006191304347826086	13.0	61.320754716981135	0.0663265306122449	0.05314782608695652	55.0	0.2806122448979591	0.26921739130434785	64.0	301.8867924528301	6.0	28.30188679245283	0.7206010869565219	0.4440057971014494	0.6067235507246379	0.8285714285714286	115	57	0.5424528301886793	joy	0.2857142857142857	wikivir.cleaned.xml	19178				window	wikivir-019178	wikivir-019178.s000041|wikivir-019178.s000042|wikivir-019178.s000043|wikivir-019178.s000044|wikivir-019178.s000045|wikivir-019178.s000046|wikivir-019178.s000047|wikivir-019178.s000048|wikivir-019178.s000049|wikivir-019178.s000050|wikivir-019178.s000051|wikivir-019178.s000052|wikivir-019178.s000053|wikivir-019178.s000054|wikivir-019178.s000055|wikivir-019178.s000056|wikivir-019178.s000057|wikivir-019178.s000058|wikivir-019178.s000059|wikivir-019178.s000060	74	377	300	210	Najlepšega dekleta! Bog živi te, zaročni par, Bog čuvaj ti ljubezni žar, Da srečna sta, ta sreča I nam blaginjo veča! (Razvrsté se v polukrogu; Ivan z Marjetico poklekne pred Pengarja, da ju blagoslovi. Iz dalje se čuje večerni zvon.) Pengar: K tebi, Bog, v višine svete, Plôve prošnje moje glas: Za 	wikivir.cleaned.xml	19178	Teharski plemiči	Anton Funtek	19	igra s petjem			1890	
emotion_joy_per_1k	166.66666666666666	wikivir-016167::document::1	wikivir-016167	document	95	Dekliška pesem	Joža Lovrenčič	pesmi	20		V oknu mojem nagelji cvetejo, rudijo, solnce jih pozdravlja, zvezde ž njimi govorijo. Le cvetite, le cvetite, nagelji rudeči, vi ste neme priče moji mladi sreči! V srcu mojem je ljubezen bolj kot vi goreča, da je sama ne razumem, ko od dne do dne se veča. Zdi se mi, da mi brez ljubezni upanje ne bi	95	42	0.0	0.0	0.0	0.0	8.0	190.47619047619045	0.25	0.19175	0.0	0.0	0.0	0.0	0.0	0.0	0.0	0.0	11.0	261.9047619047619	0.34375	0.2953	0.0	0.0	0.0	0.0	6.0	142.85714285714286	0.1875	0.09455	7.0	0.21875	0.23370000000000002	13.0	309.5238095238095	0.0	0.0	0.7040916666666667	0.4003916666666667	0.5365416666666666	1.0	20	13	0.4761904761904761	joy	0.34375	wikivir.cleaned.xml	16167				document	wikivir-016167	wikivir-016167.s000001|wikivir-016167.s000002|wikivir-016167.s000003|wikivir-016167.s000004|wikivir-016167.s000005|wikivir-016167.s000006|wikivir-016167.s000007|wikivir-016167.s000008|wikivir-016167.s000009|wikivir-016167.s000010|wikivir-016167.s000011|wikivir-016167.s000012|wikivir-016167.s000013|wikivir-016167.s000014|wikivir-016167.s000015|wikivir-016167.s000016|wikivir-016167.s000017|wikivir-016167.s000018|wikivir-016167.s000019|wikivir-016167.s000020	20	95	76	41	V oknu mojem nagelji cvetejo, rudijo, solnce jih pozdravlja, zvezde ž njimi govorijo. Le cvetite, le cvetite, nagelji rudeči, vi ste neme priče moji mladi sreči! V srcu mojem je ljubezen bolj kot vi goreča, da je sama ne razumem, ko od dne do dne se veča. Zdi se mi, da mi brez ljubezni upanje ne bi 	wikivir.cleaned.xml	16167	Dekliška pesem	Joža Lovrenčič	20	pesmi				
emotion_joy_per_1k	166.66666666666666	wikivir-016167::window::1	wikivir-016167	window	94	Dekliška pesem	Joža Lovrenčič	pesmi	20		V oknu mojem nagelji cvetejo, rudijo, solnce jih pozdravlja, zvezde ž njimi govorijo. Le cvetite, le cvetite, nagelji rudeči, vi ste neme priče moji mladi sreči! V srcu mojem je ljubezen bolj kot vi goreča, da je sama ne razumem, ko od dne do dne se veča. Zdi se mi, da mi brez ljubezni upanje ne bi	94	42	0.0	0.0	0.0	0.0	8.0	190.47619047619045	0.25	0.19175	0.0	0.0	0.0	0.0	0.0	0.0	0.0	0.0	11.0	261.9047619047619	0.34375	0.2953	0.0	0.0	0.0	0.0	6.0	142.85714285714286	0.1875	0.09455	7.0	0.21875	0.23370000000000002	13.0	309.5238095238095	0.0	0.0	0.7040916666666667	0.4003916666666667	0.5365416666666666	1.0	20	13	0.4761904761904761	joy	0.34375	wikivir.cleaned.xml	16167				window	wikivir-016167	wikivir-016167.s000001|wikivir-016167.s000002|wikivir-016167.s000003|wikivir-016167.s000004|wikivir-016167.s000005|wikivir-016167.s000006|wikivir-016167.s000007|wikivir-016167.s000008|wikivir-016167.s000009|wikivir-016167.s000010|wikivir-016167.s000011|wikivir-016167.s000012|wikivir-016167.s000013|wikivir-016167.s000014|wikivir-016167.s000015|wikivir-016167.s000016|wikivir-016167.s000017|wikivir-016167.s000018|wikivir-016167.s000019|wikivir-016167.s000020	20	94	76	41	V oknu mojem nagelji cvetejo, rudijo, solnce jih pozdravlja, zvezde ž njimi govorijo. Le cvetite, le cvetite, nagelji rudeči, vi ste neme priče moji mladi sreči! V srcu mojem je ljubezen bolj kot vi goreča, da je sama ne razumem, ko od dne do dne se veča. Zdi se mi, da mi brez ljubezni upanje ne bi 	wikivir.cleaned.xml	16167	Dekliška pesem	Joža Lovrenčič	20	pesmi				
emotion_joy_per_1k	260.8695652173913	wikivir-004539::window::11	wikivir-004539	window	366	Preprosto pismo v raj	Berta Golob	črtice	21		tvoje, posvečeno bodi tvoje ime, pridi k nam tvoje kraljestvo ki je ... zaradi ki je zaradi nje mami jokala Zgodi se tvoja volja mami je zmeraj samo žalostna ne zgodi se tvoja volja, kakor v nebesih zakaj mu je rekla, da nima človeškega ne volja kakor v nebesih, tako srca, slišala sem tako na zemlji	366	184	5.0	27.17391304347826	0.0271739130434782	0.018218181818181817	45.0	244.56521739130437	0.2445652173913043	0.1886909090909091	1.0	5.434782608695652	0.0054347826086956	0.0019181818181818182	13.0	70.65217391304347	0.0706521739130434	0.029227272727272727	46.0	250.0	0.25	0.3236727272727273	6.0	32.608695652173914	0.0326086956521739	0.029945454545454542	20.0	108.69565217391305	0.108695652173913	0.06842727272727273	48.0	0.2608695652173913	0.2092363636363636	51.0	277.17391304347825	10.0	54.34782608695652	0.704774891774892	0.4661637445887446	0.5781965367965368	0.6721311475409836	110	63	0.5978260869565217	trust	0.2608695652173913	wikivir.cleaned.xml	4539				window	wikivir-004539	wikivir-004539.s000231|wikivir-004539.s000232|wikivir-004539.s000233|wikivir-004539.s000234|wikivir-004539.s000235|wikivir-004539.s000236|wikivir-004539.s000237|wikivir-004539.s000238|wikivir-004539.s000239|wikivir-004539.s000240|wikivir-004539.s000241|wikivir-004539.s000242|wikivir-004539.s000243|wikivir-004539.s000244|wikivir-004539.s000245|wikivir-004539.s000246|wikivir-004539.s000247|wikivir-004539.s000248|wikivir-004539.s000249|wikivir-004539.s000250	43	366	300	181	tvoje, posvečeno bodi tvoje ime, pridi k nam tvoje kraljestvo ki je ... zaradi ki je zaradi nje mami jokala Zgodi se tvoja volja mami je zmeraj samo žalostna ne zgodi se tvoja volja, kakor v nebesih zakaj mu je rekla, da nima človeškega ne volja kakor v nebesih, tako srca, slišala sem tako na zemlji	wikivir.cleaned.xml	4539	Preprosto pismo v raj	Berta Golob	21	črtice				
emotion_joy_per_1k	261.53846153846155	wikivir-003371::document::1	wikivir-003371	document	106	Beli muc.	Neža Maurer	pesmi	20		Belo polje, beli gozd, belo jutro, beli mraz – črni muc po mleko gre po stezici v belo vas. Bela koza belo mleko v belo kanglo nacedi, potlej urno dver zapahne, da ji v hlev ne zasneži. Mucke gledajo skoz okno: Kdaj bo črni muc prišel? Burja cvili, sneg se usiplje – skoraj je že gaz zamel. Nekaj bel	106	65	0.0	0.0	0.0	0.0	14.0	215.3846153846154	0.2692307692307692	0.028638888888888887	1.0	15.384615384615383	0.0192307692307692	0.0036944444444444446	0.0	0.0	0.0	0.0	16.0	246.15384615384616	0.3076923076923077	0.05605555555555555	3.0	46.15384615384615	0.0576923076923076	0.0	1.0	15.384615384615383	0.0192307692307692	0.008666666666666666	17.0	0.3269230769230769	0.06663888888888889	16.0	246.15384615384616	3.0	46.15384615384615	0.348125	0.20570833333333333	0.21804166666666666	0.6842105263157895	36	18	0.5538461538461539	trust	0.3269230769230769	wikivir.cleaned.xml	3371				document	wikivir-003371	wikivir-003371.s000001|wikivir-003371.s000002|wikivir-003371.s000003|wikivir-003371.s000004|wikivir-003371.s000005|wikivir-003371.s000006|wikivir-003371.s000007|wikivir-003371.s000008|wikivir-003371.s000009|wikivir-003371.s000010|wikivir-003371.s000011|wikivir-003371.s000012|wikivir-003371.s000013|wikivir-003371.s000014|wikivir-003371.s000015|wikivir-003371.s000016|wikivir-003371.s000017|wikivir-003371.s000018|wikivir-003371.s000019|wikivir-003371.s000020	20	106	88	65	Belo polje, beli gozd, belo jutro, beli mraz – črni muc po mleko gre po stezici v belo vas. Bela koza belo mleko v belo kanglo nacedi, potlej urno dver zapahne, da ji v hlev ne zasneži. Mucke gledajo skoz okno: Kdaj bo črni muc prišel? Burja cvili, sneg se usiplje – skoraj je že gaz zamel. Nekaj bel	wikivir.cleaned.xml	3371	Beli muc.	Neža Maurer	20	pesmi				
emotion_joy_per_1k	261.53846153846155	wikivir-003371::window::1	wikivir-003371	window	105	Beli muc.	Neža Maurer	pesmi	20		Belo polje, beli gozd, belo jutro, beli mraz – črni muc po mleko gre po stezici v belo vas. Bela koza belo mleko v belo kanglo nacedi, potlej urno dver zapahne, da ji v hlev ne zasneži. Mucke gledajo skoz okno: Kdaj bo črni muc prišel? Burja cvili, sneg se usiplje – skoraj je že gaz zamel. Nekaj bel	105	65	0.0	0.0	0.0	0.0	14.0	215.3846153846154	0.2692307692307692	0.028638888888888887	1.0	15.384615384615383	0.0192307692307692	0.0036944444444444446	0.0	0.0	0.0	0.0	16.0	246.15384615384616	0.3076923076923077	0.05605555555555555	3.0	46.15384615384615	0.0576923076923076	0.0	1.0	15.384615384615383	0.0192307692307692	0.008666666666666666	17.0	0.3269230769230769	0.06663888888888889	16.0	246.15384615384616	3.0	46.15384615384615	0.348125	0.20570833333333333	0.21804166666666666	0.6842105263157895	36	18	0.5538461538461539	trust	0.3269230769230769	wikivir.cleaned.xml	3371				window	wikivir-003371	wikivir-003371.s000001|wikivir-003371.s000002|wikivir-003371.s000003|wikivir-003371.s000004|wikivir-003371.s000005|wikivir-003371.s000006|wikivir-003371.s000007|wikivir-003371.s000008|wikivir-003371.s000009|wikivir-003371.s000010|wikivir-003371.s000011|wikivir-003371.s000012|wikivir-003371.s000013|wikivir-003371.s000014|wikivir-003371.s000015|wikivir-003371.s000016|wikivir-003371.s000017|wikivir-003371.s000018|wikivir-003371.s000019|wikivir-003371.s000020	20	105	88	65	Belo polje, beli gozd, belo jutro, beli mraz – črni muc po mleko gre po stezici v belo vas. Bela koza belo mleko v belo kanglo nacedi, potlej urno dver zapahne, da ji v hlev ne zasneži. Mucke gledajo skoz okno: Kdaj bo črni muc prišel? Burja cvili, sneg se usiplje – skoraj je že gaz zamel. Nekaj bel	wikivir.cleaned.xml	3371	Beli muc.	Neža Maurer	20	pesmi				
emotion_joy_per_1k	37.73584905660377	wikivir-004823::window::38	wikivir-004823	window	117	Jaslice	Zdravko Duša	dramska besedila	20		Ani: Ni še. Majda: Kaj pa čaka? Zbor ljudskih pevk poje staro pesem: Šla bom na goro visoko, visoko, šla bom na goro visoko, visoko, šla bom na goro visoko, visoko, vrgla bom sinka v Donavo. Plavaj mi, plavaj, sinko moj, sinko moj, plavaj mi, plavaj, sinko moj, sinko moj, plavaj mi, plavaj, sinko mo	117	53	0.0	0.0	0.0	0.0	12.0	226.41509433962264	0.3076923076923077	0.29555	0.0	0.0	0.0	0.0	11.0	207.5471698113208	0.282051282051282	0.06875	13.0	245.2830188679245	0.3333333333333333	0.20615	1.0	18.867924528301884	0.0256410256410256	0.0008500000000000001	0.0	0.0	0.0	0.0	2.0	0.0512820512820512	0.0418	13.0	245.2830188679245	1.0	18.867924528301884	0.6097750000000002	0.47325	0.48847500000000005	0.8571428571428571	20	8	0.3773584905660377	joy	0.3333333333333333	wikivir.cleaned.xml	4823				window	wikivir-004823	wikivir-004823.s001116|wikivir-004823.s001117|wikivir-004823.s001118|wikivir-004823.s001119|wikivir-004823.s001120|wikivir-004823.s001121|wikivir-004823.s001122|wikivir-004823.s001123|wikivir-004823.s001124|wikivir-004823.s001125|wikivir-004823.s001126|wikivir-004823.s001127|wikivir-004823.s001128|wikivir-004823.s001129|wikivir-004823.s001130|wikivir-004823.s001131|wikivir-004823.s001132|wikivir-004823.s001133|wikivir-004823.s001134|wikivir-004823.s001135	24	117	86	52	Ani: Ni še. Majda: Kaj pa čaka? Zbor ljudskih pevk poje staro pesem: Šla bom na goro visoko, visoko, šla bom na goro visoko, visoko, šla bom na goro visoko, visoko, vrgla bom sinka v Donavo. Plavaj mi, plavaj, sinko moj, sinko moj, plavaj mi, plavaj, sinko moj, sinko moj, plavaj mi, plavaj, sinko mo	wikivir.cleaned.xml	4823	Jaslice	Zdravko Duša	20	dramska besedila				
emotion_joy_per_1k	267.44186046511624	wikivir-015645::window::8	wikivir-015645	window	197	Krištof Šmid		kratka proza	19	1861	tudi jaz bom za vas molil. Neizrečeno me bo veselilo, če bom tudi v tujem kraji slišal, da ste dobri in pobožni; žalosten pa bi bil, serčno žalosten, ako bi slišati mogel, da ste proti svojim dušnim pastirjem terdovratni, da vas zastonj učé in svaré, da grehu služite! Bog ne daj tega! In zdaj ostani	197	86	3.0	34.88372093023256	0.036144578313253	0.02698	19.0	220.93023255813955	0.2289156626506024	0.20025999999999997	3.0	34.88372093023256	0.036144578313253	0.018439999999999998	6.0	69.76744186046511	0.072289156626506	0.02032	21.0	244.1860465116279	0.253012048192771	0.30372	3.0	34.88372093023256	0.036144578313253	0.043100000000000006	5.0	58.13953488372093	0.0602409638554216	0.031760000000000004	23.0	0.2771084337349397	0.29833999999999994	31.0	360.4651162790697	7.0	81.39534883720931	0.712015	0.39754333333333336	0.6038250000000001	0.631578947368421	50	33	0.5813953488372093	trust	0.27710843373493976	wikivir.cleaned.xml	15645				window	wikivir-015645	wikivir-015645.s000073|wikivir-015645.s000074|wikivir-015645.s000075|wikivir-015645.s000076|wikivir-015645.s000077|wikivir-015645.s000078|wikivir-015645.s000079|wikivir-015645.s000080|wikivir-015645.s000081|wikivir-015645.s000082|wikivir-015645.s000083	11	197	160	86	tudi jaz bom za vas molil. Neizrečeno me bo veselilo, če bom tudi v tujem kraji slišal, da ste dobri in pobožni; žalosten pa bi bil, serčno žalosten, ako bi slišati mogel, da ste proti svojim dušnim pastirjem terdovratni, da vas zastonj učé in svaré, da grehu služite! Bog ne daj tega! In zdaj ostani	wikivir.cleaned.xml	15645	Krištof Šmid		19	kratka proza			1861	
emotion_joy_per_1k	219.5121951219512	wikivir-020034::window::239	wikivir-020034	window	356	Olga	Fran Govekar	romani	20		za mizo, vso v cvetju, dragocenem porcelanu in steklu ter snežnobelem perilu. Kmalu so bili z večerjo gotovi, kovčegi so bili že na kočiji in bela vitka lipičanca sta nestrpno hrzala in kopitala pred hišo na cesti. Tedaj se Torbar ni mogel več vzdržati in je potrkal na čašo, rekoč. »Gospodje in dame	356	164	8.0	48.78048780487805	0.0533333333333333	0.011666666666666665	32.0	195.1219512195122	0.2133333333333333	0.17246875000000003	8.0	48.78048780487805	0.0533333333333333	0.023791666666666666	19.0	115.85365853658536	0.1266666666666666	0.037208333333333336	40.0	243.90243902439025	0.2666666666666666	0.2995208333333333	1.0	6.097560975609756	0.0066666666666666	0.00953125	6.0	36.58536585365854	0.04	0.026604166666666665	36.0	0.24	0.28089583333333334	53.0	323.1707317073171	7.0	42.6829268292683	0.6990636284722221	0.4834461805555556	0.6193959201388889	0.7666666666666667	96	64	0.5853658536585366	joy	0.26666666666666666	wikivir.cleaned.xml	20034				window	wikivir-020034	wikivir-020034.s003725|wikivir-020034.s003726|wikivir-020034.s003727|wikivir-020034.s003728|wikivir-020034.s003729|wikivir-020034.s003730|wikivir-020034.s003731|wikivir-020034.s003732|wikivir-020034.s003733|wikivir-020034.s003734|wikivir-020034.s003735|wikivir-020034.s003736|wikivir-020034.s003737|wikivir-020034.s003738|wikivir-020034.s003739|wikivir-020034.s003740|wikivir-020034.s003741|wikivir-020034.s003742|wikivir-020034.s003743|wikivir-020034.s003744	22	356	300	162	za mizo, vso v cvetju, dragocenem porcelanu in steklu ter snežnobelem perilu. Kmalu so bili z večerjo gotovi, kovčegi so bili že na kočiji in bela vitka lipičanca sta nestrpno hrzala in kopitala pred hišo na cesti. Tedaj se Torbar ni mogel več vzdržati in je potrkal na čašo, rekoč. »Gospodje in dame	wikivir.cleaned.xml	20034	Olga	Fran Govekar	20	romani				
emotion_joy_per_1k	271.6049382716049	wikivir-014584::window::121	wikivir-014584	window	423	Žrtev razmer	Miroslav Malovrh	proza	20	1903	Da, gospod.« — »Ali pa tudi Vi ljubite svojega nebeškega ženina, ki Vam je tako naklonjen, da Vas je poljubil?« — »Od vsega srca, gospod.« — »Nikdar ga ne morete zadosti ljubiti, ker njegova ljubezen je neskončna in če ste je vredni, ne ostane samo pri poljubih. Ali se spominjate, da prosi verna duš	423	162	7.0	43.20987654320987	0.0463576158940397	0.0094	37.0	228.39506172839504	0.2450331125827814	0.25237647058823526	6.0	37.03703703703704	0.0397350993377483	0.013270588235294119	9.0	55.55555555555555	0.0596026490066225	0.0254	39.0	240.74074074074076	0.2582781456953642	0.3376235294117647	5.0	30.8641975308642	0.0331125827814569	0.02309411764705882	4.0	24.69135802469136	0.0264900662251655	0.0182	44.0	0.2913907284768212	0.29887058823529405	54.0	333.3333333333333	11.0	67.90123456790123	0.735578543417367	0.5016693277310923	0.590802801120448	0.6615384615384615	85	43	0.5246913580246914	trust	0.2913907284768212	wikivir.cleaned.xml	14584				window	wikivir-014584	wikivir-014584.s001191|wikivir-014584.s001192|wikivir-014584.s001193|wikivir-014584.s001194|wikivir-014584.s001195|wikivir-014584.s001196|wikivir-014584.s001197|wikivir-014584.s001198|wikivir-014584.s001199|wikivir-014584.s001200|wikivir-014584.s001201|wikivir-014584.s001202|wikivir-014584.s001203|wikivir-014584.s001204|wikivir-014584.s001205|wikivir-014584.s001206|wikivir-014584.s001207|wikivir-014584.s001208|wikivir-014584.s001209|wikivir-014584.s001210	24	423	300	156	Da, gospod.« — »Ali pa tudi Vi ljubite svojega nebeškega ženina, ki Vam je tako naklonjen, da Vas je poljubil?« — »Od vsega srca, gospod.« — »Nikdar ga ne morete zadosti ljubiti, ker njegova ljubezen je neskončna in če ste je vredni, ne ostane samo pri poljubih. Ali se spominjate, da prosi verna duš	wikivir.cleaned.xml	14584	Žrtev razmer	Miroslav Malovrh	20	proza			1903	
emotion_joy_per_1k	240.0	wikivir-001498::window::1	wikivir-001498	window	81	Ne joči, mati ...	Karel Destovnik Kajuh	pesmi	20		Ne joči, mati, nad menoj, če nisem tisti več, ki v stari cerkvi je s teboj pobožne pesmi pel. Oprosti mi, če nisem tisti več, ki za roko ga v šolo si vodila in puško mu za god kupila ... Ponosen sem in srečen, mati, ker ves sem z njimi, ki trpijo in slutim z njimi lepši čas ... Zato ne joči, mati in	81	25	1.0	40.0	0.0434782608695652	0.01994736842105263	5.0	200.0	0.217391304347826	0.10836842105263159	0.0	0.0	0.0	0.0	1.0	40.0	0.0434782608695652	0.023842105263157897	6.0	240.0	0.2608695652173913	0.21405263157894733	3.0	120.0	0.1304347826086956	0.0798421052631579	1.0	40.0	0.0434782608695652	0.02836842105263158	6.0	0.2608695652173913	0.15747368421052632	7.0	280.0	5.0	200.0	0.583078947368421	0.5393684210526316	0.5302368421052632	0.16666666666666666	19	17	0.76	joy	0.2608695652173913	wikivir.cleaned.xml	1498				window	wikivir-001498	wikivir-001498.s000001|wikivir-001498.s000002|wikivir-001498.s000003|wikivir-001498.s000004|wikivir-001498.s000005|wikivir-001498.s000006|wikivir-001498.s000007|wikivir-001498.s000008|wikivir-001498.s000009|wikivir-001498.s000010|wikivir-001498.s000011	11	81	64	24	Ne joči, mati, nad menoj, če nisem tisti več, ki v stari cerkvi je s teboj pobožne pesmi pel. Oprosti mi, če nisem tisti več, ki za roko ga v šolo si vodila in puško mu za god kupila ... Ponosen sem in srečen, mati, ker ves sem z njimi, ki trpijo in slutim z njimi lepši čas ... Zato ne joči, mati in	wikivir.cleaned.xml	1498	Ne joči, mati ...	Karel Destovnik Kajuh	20	pesmi				
emotion_joy_per_1k	240.0	wikivir-001498::document::1	wikivir-001498	document	82	Ne joči, mati ...	Karel Destovnik Kajuh	pesmi	20		Ne joči, mati, nad menoj, če nisem tisti več, ki v stari cerkvi je s teboj pobožne pesmi pel. Oprosti mi, če nisem tisti več, ki za roko ga v šolo si vodila in puško mu za god kupila ... Ponosen sem in srečen, mati, ker ves sem z njimi, ki trpijo in slutim z njimi lepši čas ... Zato ne joči, mati in	82	25	1.0	40.0	0.0434782608695652	0.01994736842105263	5.0	200.0	0.217391304347826	0.10836842105263159	0.0	0.0	0.0	0.0	1.0	40.0	0.0434782608695652	0.023842105263157897	6.0	240.0	0.2608695652173913	0.21405263157894733	3.0	120.0	0.1304347826086956	0.0798421052631579	1.0	40.0	0.0434782608695652	0.02836842105263158	6.0	0.2608695652173913	0.15747368421052632	7.0	280.0	5.0	200.0	0.583078947368421	0.5393684210526316	0.5302368421052632	0.16666666666666666	19	17	0.76	joy	0.2608695652173913	wikivir.cleaned.xml	1498				document	wikivir-001498	wikivir-001498.s000001|wikivir-001498.s000002|wikivir-001498.s000003|wikivir-001498.s000004|wikivir-001498.s000005|wikivir-001498.s000006|wikivir-001498.s000007|wikivir-001498.s000008|wikivir-001498.s000009|wikivir-001498.s000010|wikivir-001498.s000011	11	82	64	24	Ne joči, mati, nad menoj, če nisem tisti več, ki v stari cerkvi je s teboj pobožne pesmi pel. Oprosti mi, če nisem tisti več, ki za roko ga v šolo si vodila in puško mu za god kupila ... Ponosen sem in srečen, mati, ker ves sem z njimi, ki trpijo in slutim z njimi lepši čas ... Zato ne joči, mati in	wikivir.cleaned.xml	1498	Ne joči, mati ...	Karel Destovnik Kajuh	20	pesmi				
emotion_joy_per_1k	220.0	wikivir-019304::window::1	wikivir-019304	window	112	Nevestni lišp	Andrej Praprotnik	pesmi	19		Nevesta mlada Minčica upraša svoj'ga ženina: Povej mi: ktero oblačilo za svatbo bi naj lepše bilo? Al kupim si tančičico, al pisano, al svilnato? Rudeči venček, al le beli, ovila kak bi ga po čeli? In kakšen perstan, kakšen pas, povej: kaj lepši bil bi kras? – In ženin koj nevestici na to prijazno t	112	50	0.0	0.0	0.0	0.0	10.0	200.0	0.2777777777777778	0.16678260869565217	0.0	0.0	0.0	0.0	1.0	20.0	0.0277777777777777	0.00408695652173913	12.0	240.0	0.3333333333333333	0.20400000000000001	0.0	0.0	0.0	0.0	2.0	40.0	0.0555555555555555	0.006434782608695652	11.0	0.3055555555555556	0.23499999999999996	17.0	340.0	0.0	0.0	0.6561811594202899	0.4296739130434783	0.4652246376811594	1.0	23	16	0.46	joy	0.3333333333333333	wikivir.cleaned.xml	19304				window	wikivir-019304	wikivir-019304.s000001|wikivir-019304.s000002|wikivir-019304.s000003|wikivir-019304.s000004|wikivir-019304.s000005|wikivir-019304.s000006|wikivir-019304.s000007|wikivir-019304.s000008|wikivir-019304.s000009|wikivir-019304.s000010|wikivir-019304.s000012|wikivir-019304.s000013|wikivir-019304.s000014|wikivir-019304.s000015|wikivir-019304.s000016|wikivir-019304.s000017|wikivir-019304.s000018|wikivir-019304.s000019|wikivir-019304.s000020|wikivir-019304.s000021	20	112	90	49	Nevesta mlada Minčica upraša svoj'ga ženina: Povej mi: ktero oblačilo za svatbo bi naj lepše bilo? Al kupim si tančičico, al pisano, al svilnato? Rudeči venček, al le beli, ovila kak bi ga po čeli? In kakšen perstan, kakšen pas, povej: kaj lepši bil bi kras? – In ženin koj nevestici na to prijazno t	wikivir.cleaned.xml	19304	Nevestni lišp	Andrej Praprotnik	19	pesmi				
emotion_joy_per_1k	220.0	wikivir-019304::document::1	wikivir-019304	document	114	Nevestni lišp	Andrej Praprotnik	pesmi	19		Nevesta mlada Minčica upraša svoj'ga ženina: Povej mi: ktero oblačilo za svatbo bi naj lepše bilo? Al kupim si tančičico, al pisano, al svilnato? Rudeči venček, al le beli, ovila kak bi ga po čeli? In kakšen perstan, kakšen pas, povej: kaj lepši bil bi kras? – In ženin koj nevestici na to prijazno t	114	50	0.0	0.0	0.0	0.0	10.0	200.0	0.2777777777777778	0.16678260869565217	0.0	0.0	0.0	0.0	1.0	20.0	0.0277777777777777	0.00408695652173913	12.0	240.0	0.3333333333333333	0.20400000000000001	0.0	0.0	0.0	0.0	2.0	40.0	0.0555555555555555	0.006434782608695652	11.0	0.3055555555555556	0.23499999999999996	17.0	340.0	0.0	0.0	0.6561811594202899	0.4296739130434783	0.4652246376811594	1.0	23	16	0.46	joy	0.3333333333333333	wikivir.cleaned.xml	19304				document	wikivir-019304	wikivir-019304.s000001|wikivir-019304.s000002|wikivir-019304.s000003|wikivir-019304.s000004|wikivir-019304.s000005|wikivir-019304.s000006|wikivir-019304.s000007|wikivir-019304.s000008|wikivir-019304.s000009|wikivir-019304.s000010|wikivir-019304.s000011|wikivir-019304.s000012|wikivir-019304.s000013|wikivir-019304.s000014|wikivir-019304.s000015|wikivir-019304.s000016|wikivir-019304.s000017|wikivir-019304.s000018|wikivir-019304.s000019|wikivir-019304.s000020	22	114	90	49	Nevesta mlada Minčica upraša svoj'ga ženina: Povej mi: ktero oblačilo za svatbo bi naj lepše bilo? Al kupim si tančičico, al pisano, al svilnato? Rudeči venček, al le beli, ovila kak bi ga po čeli? In kakšen perstan, kakšen pas, povej: kaj lepši bil bi kras? – In ženin koj nevestici na to prijazno t	wikivir.cleaned.xml	19304	Nevestni lišp	Andrej Praprotnik	19	pesmi				
emotion_joy_per_1k	190.0826446280992	wikivir-016589::window::8	wikivir-016589	window	285	Zasnove	France Balantič		20		radostni svobodi. 6. Himna plodnosti in soncu. 7. Ljubezen do zemlje (naroda). (Do vse zemlje.) Lepota. 8. 9. Himna ... soncu. 10. Himna radostni svobodi. 11. Dragoceno ... 12. 13. Slovo besedi in pesmi. 14. Slavospev Kamniku in goram. 15. Magistrale. XIII. (II.) Hrepenenje po ljubezni. Prava ljubez	285	121	1.0	8.264462809917356	0.0103092783505154	0.008318840579710144	20.0	165.28925619834712	0.2061855670103092	0.1488695652173913	1.0	8.264462809917356	0.0103092783505154	0.009507246376811595	3.0	24.793388429752067	0.0309278350515463	0.034420289855072464	29.0	239.6694214876033	0.2989690721649484	0.2673043478260869	14.0	115.70247933884298	0.1443298969072164	0.08449275362318841	6.0	49.58677685950413	0.0618556701030927	0.025231884057971016	23.0	0.2371134020618556	0.2598550724637681	40.0	330.57851239669424	11.0	90.9090909090909	0.7061968599033817	0.46523913043478266	0.5985567632850242	0.5686274509803921	69	42	0.5702479338842975	joy	0.29896907216494845	wikivir.cleaned.xml	16589				window	wikivir-016589	wikivir-016589.s000415|wikivir-016589.s000416|wikivir-016589.s000417|wikivir-016589.s000418|wikivir-016589.s000419|wikivir-016589.s000420|wikivir-016589.s000421|wikivir-016589.s000422|wikivir-016589.s000423|wikivir-016589.s000424|wikivir-016589.s000425|wikivir-016589.s000426|wikivir-016589.s000427|wikivir-016589.s000428|wikivir-016589.s000429|wikivir-016589.s000430|wikivir-016589.s000431|wikivir-016589.s000432|wikivir-016589.s000433|wikivir-016589.s000434	94	285	208	121	radostni svobodi. 6. Himna plodnosti in soncu. 7. Ljubezen do zemlje (naroda). (Do vse zemlje.) Lepota. 8. 9. Himna ... soncu. 10. Himna radostni svobodi. 11. Dragoceno ... 12. 13. Slovo besedi in pesmi. 14. Slavospev Kamniku in goram. 15. Magistrale. XIII. (II.) Hrepenenje po ljubezni. Prava ljubez	wikivir.cleaned.xml	16589	Zasnove	France Balantič	20					
emotion_joy_per_1k	194.02985074626864	wikivir-013030::window::9	wikivir-013030	window	174	Savojec in nadškof	anonimni avtor	kratka proza	19		tu položi veliko svoto denarja na mizo. Nadškof si otrne solze radosti v očeh in reče: „Kaj? Vi ste oni Savojec? In toliko ste si pridobili z ono živalico?« »Tega ravno ne,« odgovori Savojec, »ali z dobičkom sem si pridobil tudi vse drugo in zato Vam prepustim polovico in obresti.« Solze stopijo nad	174	67	6.0	89.55223880597015	0.0923076923076923	0.012725	6.0	89.55223880597015	0.0923076923076923	0.082775	5.0	74.62686567164178	0.0769230769230769	0.006875000000000001	9.0	134.32835820895522	0.1384615384615384	0.015275	16.0	238.8059701492537	0.2461538461538461	0.217925	7.0	104.4776119402985	0.1076923076923077	0.07160000000000001	3.0	44.776119402985074	0.0461538461538461	0.012475	13.0	0.2	0.251375	18.0	268.65671641791045	2.0	29.85074626865672	0.7089291666666666	0.41855833333333337	0.6091416666666667	0.8	40	27	0.5970149253731343	joy	0.24615384615384617	wikivir.cleaned.xml	13030				window	wikivir-013030	wikivir-013030.s000180|wikivir-013030.s000181|wikivir-013030.s000182|wikivir-013030.s000183|wikivir-013030.s000184|wikivir-013030.s000185|wikivir-013030.s000186|wikivir-013030.s000187|wikivir-013030.s000188|wikivir-013030.s000189|wikivir-013030.s000190|wikivir-013030.s000191|wikivir-013030.s000192|wikivir-013030.s000193|wikivir-013030.s000194|wikivir-013030.s000195|wikivir-013030.s000196|wikivir-013030.s000197|wikivir-013030.s000198|wikivir-013030.s000199	23	174	137	64	tu položi veliko svoto denarja na mizo. Nadškof si otrne solze radosti v očeh in reče: „Kaj? Vi ste oni Savojec? In toliko ste si pridobili z ono živalico?« »Tega ravno ne,« odgovori Savojec, »ali z dobičkom sem si pridobil tudi vse drugo in zato Vam prepustim polovico in obresti.« Solze stopijo nad	wikivir.cleaned.xml	13030	Savojec in nadškof	anonimni avtor	19	kratka proza				
emotion_joy_per_1k	145.45454545454544	wikivir-018624::document::1	wikivir-018624	document	101	Mojemu sinku		pesmi	20		"Tvoje angelske oči! V njih odsev je sinjih gajev, tiha slutnja svetih rajev, v njih nebeška radost spi. Modra zvezda raz nebo se utrnila je ponoči in v ljubezni vrt cvetoči skotalila se ljubo. Našla sem in dala jo sinku Manku za vezilo — „Hvala lepa za darilo,"" se nasmehnil je sladko. Modra zvezda i"	101	55	0.0	0.0	0.0	0.0	10.0	181.8181818181818	0.2564102564102564	0.16796666666666668	1.0	18.18181818181818	0.0256410256410256	0.028633333333333334	2.0	36.36363636363636	0.0512820512820512	0.019533333333333337	13.0	236.36363636363637	0.3333333333333333	0.3135	3.0	54.54545454545454	0.0769230769230769	0.0298	2.0	36.36363636363636	0.0512820512820512	0.0232	8.0	0.2051282051282051	0.15496666666666667	20.0	363.6363636363636	3.0	54.54545454545454	0.7940138888888888	0.3960055555555556	0.5421277777777778	0.7391304347826086	30	24	0.5454545454545454	joy	0.3333333333333333	wikivir.cleaned.xml	18624				document	wikivir-018624	wikivir-018624.s000001|wikivir-018624.s000002|wikivir-018624.s000003|wikivir-018624.s000004|wikivir-018624.s000005|wikivir-018624.s000006|wikivir-018624.s000007|wikivir-018624.s000008|wikivir-018624.s000009|wikivir-018624.s000010|wikivir-018624.s000011|wikivir-018624.s000012|wikivir-018624.s000013|wikivir-018624.s000014|wikivir-018624.s000015|wikivir-018624.s000016|wikivir-018624.s000017|wikivir-018624.s000018|wikivir-018624.s000019|wikivir-018624.s000020	20	101	84	54	"Tvoje angelske oči! V njih odsev je sinjih gajev, tiha slutnja svetih rajev, v njih nebeška radost spi. Modra zvezda raz nebo se utrnila je ponoči in v ljubezni vrt cvetoči skotalila se ljubo. Našla sem in dala jo sinku Manku za vezilo — „Hvala lepa za darilo,"" se nasmehnil je sladko. Modra zvezda i"	wikivir.cleaned.xml	18624	Mojemu sinku		20	pesmi				
emotion_joy_per_1k	145.45454545454544	wikivir-018624::window::1	wikivir-018624	window	100	Mojemu sinku		pesmi	20		"Tvoje angelske oči! V njih odsev je sinjih gajev, tiha slutnja svetih rajev, v njih nebeška radost spi. Modra zvezda raz nebo se utrnila je ponoči in v ljubezni vrt cvetoči skotalila se ljubo. Našla sem in dala jo sinku Manku za vezilo — „Hvala lepa za darilo,"" se nasmehnil je sladko. Modra zvezda i"	100	55	0.0	0.0	0.0	0.0	10.0	181.8181818181818	0.2564102564102564	0.16796666666666668	1.0	18.18181818181818	0.0256410256410256	0.028633333333333334	2.0	36.36363636363636	0.0512820512820512	0.019533333333333337	13.0	236.36363636363637	0.3333333333333333	0.3135	3.0	54.54545454545454	0.0769230769230769	0.0298	2.0	36.36363636363636	0.0512820512820512	0.0232	8.0	0.2051282051282051	0.15496666666666667	20.0	363.6363636363636	3.0	54.54545454545454	0.7940138888888888	0.3960055555555556	0.5421277777777778	0.7391304347826086	30	24	0.5454545454545454	joy	0.3333333333333333	wikivir.cleaned.xml	18624				window	wikivir-018624	wikivir-018624.s000001|wikivir-018624.s000002|wikivir-018624.s000003|wikivir-018624.s000004|wikivir-018624.s000005|wikivir-018624.s000006|wikivir-018624.s000007|wikivir-018624.s000008|wikivir-018624.s000009|wikivir-018624.s000010|wikivir-018624.s000011|wikivir-018624.s000012|wikivir-018624.s000013|wikivir-018624.s000014|wikivir-018624.s000015|wikivir-018624.s000016|wikivir-018624.s000017|wikivir-018624.s000018|wikivir-018624.s000019|wikivir-018624.s000020	20	100	84	54	"Tvoje angelske oči! V njih odsev je sinjih gajev, tiha slutnja svetih rajev, v njih nebeška radost spi. Modra zvezda raz nebo se utrnila je ponoči in v ljubezni vrt cvetoči skotalila se ljubo. Našla sem in dala jo sinku Manku za vezilo — „Hvala lepa za darilo,"" se nasmehnil je sladko. Modra zvezda i"	wikivir.cleaned.xml	18624	Mojemu sinku		20	pesmi				
emotion_joy_per_1k	240.9638554216868	wikivir-016589::window::7	wikivir-016589	window	408	Zasnove	France Balantič		20		Prava svoboda si ti. Upornost. 1. Tožba, da moram mlad umreti. 2. Sla po življenju. 3. Gospod, zakaj? Upor. 4. Ti veš. 5. Vdanost, lepo je tudi to. 6. Mir. 7. Smrt v Kristusu. Svoboda si. 8. 9. 10. 11. 12. 13. 14. 15. XI. (IV.) Življenje skromnega in ponižnega berača. Prošnja, hvalnica za vsakdanji	408	166	6.0	36.14457831325301	0.0357142857142857	0.025625	33.0	198.7951807228916	0.1964285714285714	0.16084375	5.0	30.120481927710845	0.0297619047619047	0.014979166666666667	10.0	60.24096385542169	0.0595238095238095	0.05625	39.0	234.93975903614455	0.2321428571428571	0.26782291666666663	24.0	144.57831325301206	0.1428571428571428	0.09113541666666668	11.0	66.26506024096386	0.0654761904761904	0.031385416666666666	40.0	0.238095238095238	0.2968958333333333	54.0	325.3012048192771	17.0	102.40963855421688	0.6803975694444445	0.4523810763888889	0.5967986111111112	0.5211267605633803	96	55	0.5783132530120482	trust	0.23809523809523808	wikivir.cleaned.xml	16589				window	wikivir-016589	wikivir-016589.s000345|wikivir-016589.s000346|wikivir-016589.s000347|wikivir-016589.s000348|wikivir-016589.s000349|wikivir-016589.s000350|wikivir-016589.s000351|wikivir-016589.s000352|wikivir-016589.s000353|wikivir-016589.s000354|wikivir-016589.s000355|wikivir-016589.s000356|wikivir-016589.s000357|wikivir-016589.s000358|wikivir-016589.s000359|wikivir-016589.s000360|wikivir-016589.s000361|wikivir-016589.s000362|wikivir-016589.s000363|wikivir-016589.s000364	141	408	300	164	Prava svoboda si ti. Upornost. 1. Tožba, da moram mlad umreti. 2. Sla po življenju. 3. Gospod, zakaj? Upor. 4. Ti veš. 5. Vdanost, lepo je tudi to. 6. Mir. 7. Smrt v Kristusu. Svoboda si. 8. 9. 10. 11. 12. 13. 14. 15. XI. (IV.) Življenje skromnega in ponižnega berača. Prošnja, hvalnica za vsakdanji 	wikivir.cleaned.xml	16589	Zasnove	France Balantič	20					
emotion_joy_per_1k	209.30232558139537	wikivir-020539::window::1	wikivir-020539	window	89	Sant' Agnese	Alojzij Merhar	pesmi	20		KAKO SKRIVNOSTNI kvišku sili gomila ta porfirska, kot bila v njen bi zakopana ljubeča pesem lirska: jaz ljubim Njega – Najvišji grb kraljevi žari v Njegovi kroni, ob tronu v častni straži si knežji milijoni. Jaz ljubim Njega – Vse: sonce, mesec, zvezde pred Njim ko žarki sivi; en dih iz ust Njegovih	89	43	0.0	0.0	0.0	0.0	8.0	186.04651162790697	0.2051282051282051	0.16862500000000002	3.0	69.76744186046511	0.0769230769230769	0.05433333333333334	2.0	46.51162790697674	0.0512820512820512	0.050666666666666665	10.0	232.5581395348837	0.2564102564102564	0.2386666666666667	2.0	46.51162790697674	0.0512820512820512	0.04491666666666667	5.0	116.27906976744184	0.1282051282051282	0.096375	9.0	0.2307692307692307	0.24387499999999998	12.0	279.06976744186045	4.0	93.02325581395348	0.6899583333333332	0.4498784722222222	0.5706770833333333	0.5	24	24	0.5581395348837209	joy	0.2564102564102564	wikivir.cleaned.xml	20539				window	wikivir-020539	wikivir-020539.s000001|wikivir-020539.s000002|wikivir-020539.s000003|wikivir-020539.s000004|wikivir-020539.s000005|wikivir-020539.s000006|wikivir-020539.s000007|wikivir-020539.s000008|wikivir-020539.s000009|wikivir-020539.s000010|wikivir-020539.s000011|wikivir-020539.s000012|wikivir-020539.s000013|wikivir-020539.s000014|wikivir-020539.s000015|wikivir-020539.s000016|wikivir-020539.s000017|wikivir-020539.s000018|wikivir-020539.s000019	19	89	75	42	KAKO SKRIVNOSTNI kvišku sili gomila ta porfirska, kot bila v njen bi zakopana ljubeča pesem lirska: jaz ljubim Njega – Najvišji grb kraljevi žari v Njegovi kroni, ob tronu v častni straži si knežji milijoni. Jaz ljubim Njega – Vse: sonce, mesec, zvezde pred Njim ko žarki sivi; en dih iz ust Njegovih	wikivir.cleaned.xml	20539	Sant' Agnese	Alojzij Merhar	20	pesmi				
emotion_joy_per_1k	116.27906976744184	wikivir-003985::window::1	wikivir-003985	window	118	Vesna (Tanja Nežmah Dolinšek)	Tanja Nežmah Dolinšek	pesmi	21		Sem popek, ki čaka na dež, da ne bo klonil, ki čaka na sonce, da se bo odprl. Sem luč sveta, nič mi ne manjka, morda le žarek, a potem ne bi bila več srečna. Morda so to le dolge sanje, ne vem, a vem, da mi je lepo in sem srečna ob spoznanju, da bo naslednja pomlad samo moja. Naslednjo pomlad razpne	118	43	3.0	69.76744186046511	0.0769230769230769	0.10995652173913043	8.0	186.04651162790697	0.2051282051282051	0.16439130434782612	3.0	69.76744186046511	0.0769230769230769	0.0971304347826087	2.0	46.51162790697674	0.0512820512820512	0.06221739130434783	10.0	232.5581395348837	0.2564102564102564	0.307	2.0	46.51162790697674	0.0512820512820512	0.05208695652173913	6.0	139.53488372093022	0.1538461538461538	0.10704347826086957	5.0	0.1282051282051282	0.16956521739130434	11.0	255.8139534883721	4.0	93.02325581395348	0.6357463768115943	0.48847101449275365	0.558123188405797	0.4666666666666667	23	20	0.5348837209302325	joy	0.2564102564102564	wikivir.cleaned.xml	3985	Angel brez kril			window	wikivir-003985	wikivir-003985.s000001|wikivir-003985.s000002|wikivir-003985.s000003|wikivir-003985.s000004|wikivir-003985.s000005|wikivir-003985.s000006|wikivir-003985.s000007|wikivir-003985.s000008|wikivir-003985.s000009|wikivir-003985.s000010|wikivir-003985.s000011|wikivir-003985.s000012|wikivir-003985.s000013|wikivir-003985.s000014|wikivir-003985.s000015|wikivir-003985.s000016|wikivir-003985.s000017|wikivir-003985.s000018	18	118	95	43	Sem popek, ki čaka na dež, da ne bo klonil, ki čaka na sonce, da se bo odprl. Sem luč sveta, nič mi ne manjka, morda le žarek, a potem ne bi bila več srečna. Morda so to le dolge sanje, ne vem, a vem, da mi je lepo in sem srečna ob spoznanju, da bo naslednja pomlad samo moja. Naslednjo pomlad razpne	wikivir.cleaned.xml	3985	Vesna (Tanja Nežmah Dolinšek)	Tanja Nežmah Dolinšek	21	pesmi	Angel brez kril			
emotion_joy_per_1k	209.30232558139537	wikivir-020539::document::1	wikivir-020539	document	90	Sant' Agnese	Alojzij Merhar	pesmi	20		KAKO SKRIVNOSTNI kvišku sili gomila ta porfirska, kot bila v njen bi zakopana ljubeča pesem lirska: jaz ljubim Njega – Najvišji grb kraljevi žari v Njegovi kroni, ob tronu v častni straži si knežji milijoni. Jaz ljubim Njega – Vse: sonce, mesec, zvezde pred Njim ko žarki sivi; en dih iz ust Njegovih	90	43	0.0	0.0	0.0	0.0	8.0	186.04651162790697	0.2051282051282051	0.16862500000000002	3.0	69.76744186046511	0.0769230769230769	0.05433333333333334	2.0	46.51162790697674	0.0512820512820512	0.050666666666666665	10.0	232.5581395348837	0.2564102564102564	0.2386666666666667	2.0	46.51162790697674	0.0512820512820512	0.04491666666666667	5.0	116.27906976744184	0.1282051282051282	0.096375	9.0	0.2307692307692307	0.24387499999999998	12.0	279.06976744186045	4.0	93.02325581395348	0.6899583333333332	0.4498784722222222	0.5706770833333333	0.5	24	24	0.5581395348837209	joy	0.2564102564102564	wikivir.cleaned.xml	20539				document	wikivir-020539	wikivir-020539.s000001|wikivir-020539.s000002|wikivir-020539.s000003|wikivir-020539.s000004|wikivir-020539.s000005|wikivir-020539.s000006|wikivir-020539.s000007|wikivir-020539.s000008|wikivir-020539.s000009|wikivir-020539.s000010|wikivir-020539.s000011|wikivir-020539.s000012|wikivir-020539.s000013|wikivir-020539.s000014|wikivir-020539.s000015|wikivir-020539.s000016|wikivir-020539.s000017|wikivir-020539.s000018|wikivir-020539.s000019	19	90	75	42	KAKO SKRIVNOSTNI kvišku sili gomila ta porfirska, kot bila v njen bi zakopana ljubeča pesem lirska: jaz ljubim Njega – Najvišji grb kraljevi žari v Njegovi kroni, ob tronu v častni straži si knežji milijoni. Jaz ljubim Njega – Vse: sonce, mesec, zvezde pred Njim ko žarki sivi; en dih iz ust Njegovih	wikivir.cleaned.xml	20539	Sant' Agnese	Alojzij Merhar	20	pesmi				
emotion_joy_per_1k	116.27906976744184	wikivir-003985::document::1	wikivir-003985	document	119	Vesna (Tanja Nežmah Dolinšek)	Tanja Nežmah Dolinšek	pesmi	21		Sem popek, ki čaka na dež, da ne bo klonil, ki čaka na sonce, da se bo odprl. Sem luč sveta, nič mi ne manjka, morda le žarek, a potem ne bi bila več srečna. Morda so to le dolge sanje, ne vem, a vem, da mi je lepo in sem srečna ob spoznanju, da bo naslednja pomlad samo moja. Naslednjo pomlad razpne	119	43	3.0	69.76744186046511	0.0769230769230769	0.10995652173913043	8.0	186.04651162790697	0.2051282051282051	0.16439130434782612	3.0	69.76744186046511	0.0769230769230769	0.0971304347826087	2.0	46.51162790697674	0.0512820512820512	0.06221739130434783	10.0	232.5581395348837	0.2564102564102564	0.307	2.0	46.51162790697674	0.0512820512820512	0.05208695652173913	6.0	139.53488372093022	0.1538461538461538	0.10704347826086957	5.0	0.1282051282051282	0.16956521739130434	11.0	255.8139534883721	4.0	93.02325581395348	0.6357463768115943	0.48847101449275365	0.558123188405797	0.4666666666666667	23	20	0.5348837209302325	joy	0.2564102564102564	wikivir.cleaned.xml	3985	Angel brez kril			document	wikivir-003985	wikivir-003985.s000001|wikivir-003985.s000002|wikivir-003985.s000003|wikivir-003985.s000004|wikivir-003985.s000005|wikivir-003985.s000006|wikivir-003985.s000007|wikivir-003985.s000008|wikivir-003985.s000009|wikivir-003985.s000010|wikivir-003985.s000011|wikivir-003985.s000012|wikivir-003985.s000013|wikivir-003985.s000014|wikivir-003985.s000015|wikivir-003985.s000016|wikivir-003985.s000017|wikivir-003985.s000018	18	119	95	43	Sem popek, ki čaka na dež, da ne bo klonil, ki čaka na sonce, da se bo odprl. Sem luč sveta, nič mi ne manjka, morda le žarek, a potem ne bi bila več srečna. Morda so to le dolge sanje, ne vem, a vem, da mi je lepo in sem srečna ob spoznanju, da bo naslednja pomlad samo moja. Naslednjo pomlad razpne	wikivir.cleaned.xml	3985	Vesna (Tanja Nežmah Dolinšek)	Tanja Nežmah Dolinšek	21	pesmi	Angel brez kril			
emotion_joy_per_1k	250.0	wikivir-012143::window::21	wikivir-012143	window	380	Narodopisne slike iz našega naroda II. Slovenska vas			19	1869	vsim dve barvi, naime belo in pa pisano. Vsem stvarem, ki se našemu vaščanu prijetno vidijo, vsemu kar mu je koristno, vsemu kar mu jo milo in drago, vsemu kar za lepo poznava, vsemu temu prilastuje belo barvo, in res sta izraza l e p o in b e l o v narodni frazeologiji mnogokrat sinonima. V naših n	380	212	1.0	4.716981132075471	0.00625	0.005171171171171171	51.0	240.56603773584905	0.31875	0.01928828828828829	1.0	4.716981132075471	0.00625	0.00590990990990991	1.0	4.716981132075471	0.00625	0.01054954954954955	49.0	231.13207547169813	0.30625	0.023009009009009013	1.0	4.716981132075471	0.00625	0.020063063063063064	3.0	14.150943396226417	0.01875	0.012954954954954955	53.0	0.33125	0.03265765765765766	53.0	250.0	3.0	14.150943396226417	0.3535054054054054	0.22274204204204204	0.26138033033033037	0.8928571428571429	111	53	0.5235849056603774	trust	0.33125	wikivir.cleaned.xml	12143				window	wikivir-012143	wikivir-012143.s000155|wikivir-012143.s000156|wikivir-012143.s000157|wikivir-012143.s000158|wikivir-012143.s000159|wikivir-012143.s000160|wikivir-012143.s000161|wikivir-012143.s000162|wikivir-012143.s000163|wikivir-012143.s000164|wikivir-012143.s000165|wikivir-012143.s000166|wikivir-012143.s000167|wikivir-012143.s000168|wikivir-012143.s000169	15	380	300	199	vsim dve barvi, naime belo in pa pisano. Vsem stvarem, ki se našemu vaščanu prijetno vidijo, vsemu kar mu je koristno, vsemu kar mu jo milo in drago, vsemu kar za lepo poznava, vsemu temu prilastuje belo barvo, in res sta izraza l e p o in b e l o v narodni frazeologiji mnogokrat sinonima. V naših n	wikivir.cleaned.xml	12143	Narodopisne slike iz našega naroda II. Slovenska vas		19				1869	
emotion_joy_per_1k	169.23076923076923	wikivir-016074::window::1	wikivir-016074	window	103	Toplice Topolšica	Janez Jelen		21	2001	Tam daleč pod hribi Šaleške doline Osamljena jasa očem se odkriva: Pod Raduho temno in strmim Smrekovcem Lepota – odsvit je nebeške modrine. Izvira zdravilni izvirk iz globine – Ceniti ga znajo bolniki nesrečni: Enako v veselje je mladim in zdravim – Trpeči hite sem iz vse domovine. Očara turiste iz	103	65	2.0	30.76923076923077	0.0434782608695652	0.019	6.0	92.3076923076923	0.1304347826086956	0.0751891891891892	2.0	30.76923076923077	0.0434782608695652	0.02281081081081081	2.0	30.76923076923077	0.0434782608695652	0.01381081081081081	15.0	230.7692307692308	0.3260869565217391	0.30302702702702705	3.0	46.15384615384615	0.0652173913043478	0.05786486486486486	5.0	76.92307692307693	0.108695652173913	0.04921621621621621	11.0	0.2391304347826087	0.18556756756756757	17.0	261.53846153846155	3.0	46.15384615384615	0.6991280566280565	0.4041489703989704	0.5286000643500643	0.7	37	36	0.5692307692307692	joy	0.32608695652173914	wikivir.cleaned.xml	16074		pesmi z akrostihom		window	wikivir-016074	wikivir-016074.s000001|wikivir-016074.s000002|wikivir-016074.s000003|wikivir-016074.s000004|wikivir-016074.s000005|wikivir-016074.s000006|wikivir-016074.s000007|wikivir-016074.s000008|wikivir-016074.s000009|wikivir-016074.s000010|wikivir-016074.s000011|wikivir-016074.s000012|wikivir-016074.s000013|wikivir-016074.s000014|wikivir-016074.s000015|wikivir-016074.s000016	16	103	87	63	Tam daleč pod hribi Šaleške doline Osamljena jasa očem se odkriva: Pod Raduho temno in strmim Smrekovcem Lepota – odsvit je nebeške modrine. Izvira zdravilni izvirk iz globine – Ceniti ga znajo bolniki nesrečni: Enako v veselje je mladim in zdravim – Trpeči hite sem iz vse domovine. Očara turiste iz	wikivir.cleaned.xml	16074	Toplice Topolšica	Janez Jelen	21			pesmi z akrostihom	2001	
emotion_joy_per_1k	244.7552447552448	wikivir-002819::window::18	wikivir-002819	window	444	Krajnska pismenost	Valentin Vodnik	neleposlovje	19		višjo stopnjo povzdignemo., takti de druge .v tem preseže. De presežno stopnjo storimo, predstavimo sodnji stopnji besedico nar ali naj, kakor: nar lepši, naj rajši. Presežno stopnjo tudi storimo, kadar k stavni stopnji predstavljamo besede: prav, clo, silno, močno, postavim: prav lep, clo star, sil	444	143	0.0	0.0	0.0	0.0	34.0	237.76223776223776	0.3333333333333333	0.2269032258064516	0.0	0.0	0.0	0.0	0.0	0.0	0.0	0.0	33.0	230.7692307692308	0.3235294117647059	0.254758064516129	0.0	0.0	0.0	0.00967741935483871	0.0	0.0	0.0	0.0	35.0	0.3431372549019608	0.20996774193548387	45.0	314.68531468531467	1.0	6.993006993006993	0.7175255376344086	0.42810349462365593	0.5152298387096774	0.9565217391304348	62	17	0.4335664335664335	trust	0.3431372549019608	wikivir.cleaned.xml	2819				window	wikivir-002819	wikivir-002819.s000353|wikivir-002819.s000354|wikivir-002819.s000355|wikivir-002819.s000356|wikivir-002819.s000357|wikivir-002819.s000358|wikivir-002819.s000359|wikivir-002819.s000360|wikivir-002819.s000361|wikivir-002819.s000362|wikivir-002819.s000363|wikivir-002819.s000364|wikivir-002819.s000365|wikivir-002819.s000366|wikivir-002819.s000367|wikivir-002819.s000368|wikivir-002819.s000369|wikivir-002819.s000370|wikivir-002819.s000371|wikivir-002819.s000372	59	444	300	135	višjo stopnjo povzdignemo., takti de druge .v tem preseže. De presežno stopnjo storimo, predstavimo sodnji stopnji besedico nar ali naj, kakor: nar lepši, naj rajši. Presežno stopnjo tudi storimo, kadar k stavni stopnji predstavljamo besede: prav, clo, silno, močno, postavim: prav lep, clo star, sil	wikivir.cleaned.xml	2819	Krajnska pismenost	Valentin Vodnik	19	neleposlovje				
emotion_joy_per_1k	169.23076923076923	wikivir-016074::document::1	wikivir-016074	document	104	Toplice Topolšica	Janez Jelen		21	2001	Tam daleč pod hribi Šaleške doline Osamljena jasa očem se odkriva: Pod Raduho temno in strmim Smrekovcem Lepota – odsvit je nebeške modrine. Izvira zdravilni izvirk iz globine – Ceniti ga znajo bolniki nesrečni: Enako v veselje je mladim in zdravim – Trpeči hite sem iz vse domovine. Očara turiste iz	104	65	2.0	30.76923076923077	0.0434782608695652	0.019	6.0	92.3076923076923	0.1304347826086956	0.0751891891891892	2.0	30.76923076923077	0.0434782608695652	0.02281081081081081	2.0	30.76923076923077	0.0434782608695652	0.01381081081081081	15.0	230.7692307692308	0.3260869565217391	0.30302702702702705	3.0	46.15384615384615	0.0652173913043478	0.05786486486486486	5.0	76.92307692307693	0.108695652173913	0.04921621621621621	11.0	0.2391304347826087	0.18556756756756757	17.0	261.53846153846155	3.0	46.15384615384615	0.6991280566280565	0.4041489703989704	0.5286000643500643	0.7	37	36	0.5692307692307692	joy	0.32608695652173914	wikivir.cleaned.xml	16074		pesmi z akrostihom		document	wikivir-016074	wikivir-016074.s000001|wikivir-016074.s000002|wikivir-016074.s000003|wikivir-016074.s000004|wikivir-016074.s000005|wikivir-016074.s000006|wikivir-016074.s000007|wikivir-016074.s000008|wikivir-016074.s000009|wikivir-016074.s000010|wikivir-016074.s000011|wikivir-016074.s000012|wikivir-016074.s000013|wikivir-016074.s000014|wikivir-016074.s000015|wikivir-016074.s000016	16	104	87	63	Tam daleč pod hribi Šaleške doline Osamljena jasa očem se odkriva: Pod Raduho temno in strmim Smrekovcem Lepota – odsvit je nebeške modrine. Izvira zdravilni izvirk iz globine – Ceniti ga znajo bolniki nesrečni: Enako v veselje je mladim in zdravim – Trpeči hite sem iz vse domovine. Očara turiste iz	wikivir.cleaned.xml	16074	Toplice Topolšica	Janez Jelen	21			pesmi z akrostihom	2001	
emotion_joy_per_1k	229.5081967213115	wikivir-014247::window::10	wikivir-014247	window	134	Prečudna zgodba božična		kratka proza	20	1929	"Preden sta Angela odšla, jima je Duša Kristusova naročila: ""Idita sedaj in naj gredo trume angelov po svetu in naj oznanjajo vsepovsod, kar sta našla vidva!"" Od takrat gre po vsem svetu od kraja do konca zemlje Veselo oznanilo, Evangelij najglobokejše Ljubezni in najjačje Moči. * * * Ko bodo božični"	134	61	3.0	49.18032786885246	0.0517241379310344	0.05283783783783784	11.0	180.32786885245903	0.1896551724137931	0.13664864864864865	1.0	16.393442622950822	0.0172413793103448	0.013513513513513514	4.0	65.57377049180329	0.0689655172413793	0.05624324324324324	14.0	229.5081967213115	0.2413793103448276	0.34435135135135136	4.0	65.57377049180329	0.0689655172413793	0.043702702702702705	7.0	114.75409836065576	0.1206896551724138	0.06205405405405405	14.0	0.2413793103448276	0.3583243243243243	21.0	344.2622950819672	4.0	65.57377049180329	0.741117117117117	0.47169009009009005	0.6522333333333333	0.68	37	25	0.6065573770491803	joy	0.2413793103448276	wikivir.cleaned.xml	14247	Amerikanski Slovenec			window	wikivir-014247	wikivir-014247.s000221|wikivir-014247.s000222|wikivir-014247.s000223|wikivir-014247.s000224|wikivir-014247.s000226|wikivir-014247.s000227|wikivir-014247.s000228|wikivir-014247.s000229|wikivir-014247.s000230|wikivir-014247.s000231	10	134	111	60	"Preden sta Angela odšla, jima je Duša Kristusova naročila: ""Idita sedaj in naj gredo trume angelov po svetu in naj oznanjajo vsepovsod, kar sta našla vidva!"" Od takrat gre po vsem svetu od kraja do konca zemlje Veselo oznanilo, Evangelij najglobokejše Ljubezni in najjačje Moči. * * * Ko bodo božični"	wikivir.cleaned.xml	14247	Prečudna zgodba božična		20	kratka proza	Amerikanski Slovenec		1929	
emotion_joy_per_1k	262.29508196721315	wikivir-001334::window::1	wikivir-001334	window	129	K zmagi	Srečko Kosovel	pesmi	20		Večkrat sem premišljeval o zmagi. In slišal sem zmago v zvoku fanfar, videl sem zmago v pisanih praporih, videl sem zmago v mirnih očeh, ki so gledale morje. In morje se je pomirilo. Videl sem zmago: z duhom, vojsko in silo. A zmaga s silo ni zmaga, to je nasilje. Bobni so peli, vojaki kričali, ljud	129	61	6.0	98.36065573770492	0.0845070422535211	0.09351282051282052	14.0	229.5081967213115	0.1971830985915492	0.21002564102564106	3.0	49.18032786885246	0.0422535211267605	0.04956410256410256	6.0	98.36065573770492	0.0845070422535211	0.1081794871794872	14.0	229.5081967213115	0.1971830985915492	0.2966923076923077	6.0	98.36065573770492	0.0845070422535211	0.07323076923076922	6.0	98.36065573770492	0.0845070422535211	0.08053846153846153	16.0	0.2253521126760563	0.2344102564102564	24.0	393.44262295081967	7.0	114.75409836065576	0.6794743589743589	0.5447606837606839	0.60367094017094	0.5483870967741935	39	25	0.639344262295082	trust	0.22535211267605634	wikivir.cleaned.xml	1334				window	wikivir-001334	wikivir-001334.s000001|wikivir-001334.s000002|wikivir-001334.s000003|wikivir-001334.s000004|wikivir-001334.s000005|wikivir-001334.s000006|wikivir-001334.s000007|wikivir-001334.s000008|wikivir-001334.s000009|wikivir-001334.s000010|wikivir-001334.s000011|wikivir-001334.s000012|wikivir-001334.s000013|wikivir-001334.s000014|wikivir-001334.s000015|wikivir-001334.s000016|wikivir-001334.s000017|wikivir-001334.s000018|wikivir-001334.s000019	19	129	106	59	Večkrat sem premišljeval o zmagi. In slišal sem zmago v zvoku fanfar, videl sem zmago v pisanih praporih, videl sem zmago v mirnih očeh, ki so gledale morje. In morje se je pomirilo. Videl sem zmago: z duhom, vojsko in silo. A zmaga s silo ni zmaga, to je nasilje. Bobni so peli, vojaki kričali, ljud	wikivir.cleaned.xml	1334	K zmagi	Srečko Kosovel	20	pesmi				
emotion_joy_per_1k	262.29508196721315	wikivir-001334::document::1	wikivir-001334	document	130	K zmagi	Srečko Kosovel	pesmi	20		Večkrat sem premišljeval o zmagi. In slišal sem zmago v zvoku fanfar, videl sem zmago v pisanih praporih, videl sem zmago v mirnih očeh, ki so gledale morje. In morje se je pomirilo. Videl sem zmago: z duhom, vojsko in silo. A zmaga s silo ni zmaga, to je nasilje. Bobni so peli, vojaki kričali, ljud	130	61	6.0	98.36065573770492	0.0845070422535211	0.09351282051282052	14.0	229.5081967213115	0.1971830985915492	0.21002564102564106	3.0	49.18032786885246	0.0422535211267605	0.04956410256410256	6.0	98.36065573770492	0.0845070422535211	0.1081794871794872	14.0	229.5081967213115	0.1971830985915492	0.2966923076923077	6.0	98.36065573770492	0.0845070422535211	0.07323076923076922	6.0	98.36065573770492	0.0845070422535211	0.08053846153846153	16.0	0.2253521126760563	0.2344102564102564	24.0	393.44262295081967	7.0	114.75409836065576	0.6794743589743589	0.5447606837606839	0.60367094017094	0.5483870967741935	39	25	0.639344262295082	trust	0.22535211267605634	wikivir.cleaned.xml	1334				document	wikivir-001334	wikivir-001334.s000001|wikivir-001334.s000002|wikivir-001334.s000003|wikivir-001334.s000004|wikivir-001334.s000005|wikivir-001334.s000006|wikivir-001334.s000007|wikivir-001334.s000008|wikivir-001334.s000009|wikivir-001334.s000010|wikivir-001334.s000011|wikivir-001334.s000012|wikivir-001334.s000013|wikivir-001334.s000014|wikivir-001334.s000015|wikivir-001334.s000016|wikivir-001334.s000017|wikivir-001334.s000018|wikivir-001334.s000019	19	130	106	59	Večkrat sem premišljeval o zmagi. In slišal sem zmago v zvoku fanfar, videl sem zmago v pisanih praporih, videl sem zmago v mirnih očeh, ki so gledale morje. In morje se je pomirilo. Videl sem zmago: z duhom, vojsko in silo. A zmaga s silo ni zmaga, to je nasilje. Bobni so peli, vojaki kričali, ljud	wikivir.cleaned.xml	1334	K zmagi	Srečko Kosovel	20	pesmi				
emotion_joy_per_1k	181.8181818181818	wikivir-004807::document::1	wikivir-004807	document	150	Zemlja ni dolina solz	Valentin Stanič	pesmi	19		Dolina solz bi zemlja bla? Pa lepa se mi zdi; 'Ma brez štivila veselja, Noben zapušen ni. Kar leze al' skoz' zrak leti Se, de je živo, veseli. Z' ljubezni h' nam se lepoto Hrib, griba in meje, V' zelenim tiči pojejo Veselo tam in tle: Škorjanc nam poje, k' delamo, In slavec, kjer počivamo, Kjer gor	150	66	0.0	0.0	0.0	0.0	10.0	151.51515151515153	0.2222222222222222	0.15680000000000002	0.0	0.0	0.0	0.0	3.0	45.45454545454545	0.0666666666666666	0.0094	15.0	227.27272727272725	0.3333333333333333	0.3065	2.0	30.303030303030305	0.0444444444444444	0.023000000000000003	3.0	45.45454545454545	0.0666666666666666	0.04426666666666666	12.0	0.2666666666666666	0.24946666666666664	16.0	242.42424242424244	0.0	0.0	0.730151984126984	0.44572023809523814	0.5704801587301588	1.0	30	23	0.4545454545454545	joy	0.3333333333333333	wikivir.cleaned.xml	4807				document	wikivir-004807	wikivir-004807.s000001|wikivir-004807.s000002|wikivir-004807.s000003|wikivir-004807.s000004|wikivir-004807.s000005|wikivir-004807.s000006|wikivir-004807.s000007|wikivir-004807.s000008|wikivir-004807.s000009|wikivir-004807.s000010|wikivir-004807.s000011|wikivir-004807.s000012|wikivir-004807.s000013|wikivir-004807.s000014|wikivir-004807.s000015|wikivir-004807.s000016|wikivir-004807.s000017|wikivir-004807.s000018|wikivir-004807.s000019|wikivir-004807.s000020	24	150	109	65	Dolina solz bi zemlja bla? Pa lepa se mi zdi; 'Ma brez štivila veselja, Noben zapušen ni. Kar leze al' skoz' zrak leti Se, de je živo, veseli. Z' ljubezni h' nam se lepoto Hrib, griba in meje, V' zelenim tiči pojejo Veselo tam in tle: Škorjanc nam poje, k' delamo, In slavec, kjer počivamo, Kjer gor 	wikivir.cleaned.xml	4807	Zemlja ni dolina solz	Valentin Stanič	19	pesmi				
emotion_joy_per_1k	181.8181818181818	wikivir-000650::window::15	wikivir-000650	window	81	Pegam in Lambergar	France Cegnar	epska pesnitev	19		mizo, Pa na levo posadi mu Vido, In gostuje ga do terde noči, Ter napiva mu zdravice lepe; Dá za ženo mu prelepo Vido, In za doto tri vozove zlata In na Savi devet belih gradov. Peljal junak je na dom nevesto, V Beli kamen na zeleno Savo, V radost svojo, v radost stare majke. Hodi pevec ob bregovih	81	44	1.0	22.727272727272727	0.0344827586206896	0.010320000000000001	7.0	159.0909090909091	0.2413793103448276	0.09864	0.0	0.0	0.0	0.0	0.0	0.0	0.0	0.0	10.0	227.27272727272725	0.3448275862068966	0.17832	1.0	22.727272727272727	0.0344827586206896	0.00068	2.0	45.45454545454545	0.0689655172413793	0.02752	8.0	0.2758620689655172	0.129	12.0	272.7272727272727	2.0	45.45454545454545	0.66753	0.44367999999999996	0.5049899999999999	0.7142857142857143	25	22	0.5681818181818182	joy	0.3448275862068966	wikivir.cleaned.xml	650				window	wikivir-000650	wikivir-000650.s000388|wikivir-000650.s000389|wikivir-000650.s000390|wikivir-000650.s000391|wikivir-000650.s000392|wikivir-000650.s000393|wikivir-000650.s000394|wikivir-000650.s000395|wikivir-000650.s000396|wikivir-000650.s000397|wikivir-000650.s000398|wikivir-000650.s000399|wikivir-000650.s000400	13	81	69	44	mizo, Pa na levo posadi mu Vido, In gostuje ga do terde noči, Ter napiva mu zdravice lepe; Dá za ženo mu prelepo Vido, In za doto tri vozove zlata In na Savi devet belih gradov. Peljal junak je na dom nevesto, V Beli kamen na zeleno Savo, V radost svojo, v radost stare majke. Hodi pevec ob bregovih 	wikivir.cleaned.xml	650	Pegam in Lambergar	France Cegnar	19	epska pesnitev				
emotion_joy_per_1k	181.8181818181818	wikivir-004807::window::1	wikivir-004807	window	148	Zemlja ni dolina solz	Valentin Stanič	pesmi	19		Dolina solz bi zemlja bla? Pa lepa se mi zdi; 'Ma brez štivila veselja, Noben zapušen ni. Kar leze al' skoz' zrak leti Se, de je živo, veseli. Z' ljubezni h' nam se lepoto Hrib, griba in meje, V' zelenim tiči pojejo Veselo tam in tle: Škorjanc nam poje, k' delamo, In slavec, kjer počivamo, Kjer gor	148	66	0.0	0.0	0.0	0.0	10.0	151.51515151515153	0.2222222222222222	0.15680000000000002	0.0	0.0	0.0	0.0	3.0	45.45454545454545	0.0666666666666666	0.0094	15.0	227.27272727272725	0.3333333333333333	0.3065	2.0	30.303030303030305	0.0444444444444444	0.023000000000000003	3.0	45.45454545454545	0.0666666666666666	0.04426666666666666	12.0	0.2666666666666666	0.24946666666666664	16.0	242.42424242424244	0.0	0.0	0.730151984126984	0.44572023809523814	0.5704801587301588	1.0	30	23	0.4545454545454545	joy	0.3333333333333333	wikivir.cleaned.xml	4807				window	wikivir-004807	wikivir-004807.s000001|wikivir-004807.s000002|wikivir-004807.s000003|wikivir-004807.s000004|wikivir-004807.s000005|wikivir-004807.s000006|wikivir-004807.s000007|wikivir-004807.s000008|wikivir-004807.s000009|wikivir-004807.s000010|wikivir-004807.s000011|wikivir-004807.s000012|wikivir-004807.s000013|wikivir-004807.s000014|wikivir-004807.s000015|wikivir-004807.s000016|wikivir-004807.s000017|wikivir-004807.s000018|wikivir-004807.s000019|wikivir-004807.s000020	24	148	109	65	Dolina solz bi zemlja bla? Pa lepa se mi zdi; 'Ma brez štivila veselja, Noben zapušen ni. Kar leze al' skoz' zrak leti Se, de je živo, veseli. Z' ljubezni h' nam se lepoto Hrib, griba in meje, V' zelenim tiči pojejo Veselo tam in tle: Škorjanc nam poje, k' delamo, In slavec, kjer počivamo, Kjer gor 	wikivir.cleaned.xml	4807	Zemlja ni dolina solz	Valentin Stanič	19	pesmi				
emotion_joy_per_1k	116.12903225806453	wikivir-000600::window::313	wikivir-000600	window	368	Hanka	Zofka Kveder	romani			onega dogodka z Marino na videz gladka in negibna. Moja sreča se ni zrušila naglo in nasilno, od dne do dne se je trgal kamenček za kamenčkom. Tiho, neslišno je gnila in komaj sem opazila, ko je nenadoma ni več bilo. Kdaj je umrla njegova ljubezen, kdaj moja? Ne vem. Potem pa otroci! Jablonska v svo	368	155	2.0	12.903225806451612	0.0181818181818181	0.01684705882352941	29.0	187.0967741935484	0.2636363636363636	0.16501176470588236	2.0	12.903225806451612	0.0181818181818181	0.011023529411764706	3.0	19.35483870967742	0.0272727272727272	0.022423529411764703	35.0	225.80645161290323	0.3181818181818182	0.27581176470588237	6.0	38.70967741935484	0.0545454545454545	0.0424	15.0	96.77419354838707	0.1363636363636363	0.07895294117647057	18.0	0.1636363636363636	0.1400470588235294	41.0	264.51612903225805	12.0	77.41935483870968	0.6675317647058822	0.4939264705882353	0.5589235294117648	0.5471698113207547	85	53	0.5483870967741935	joy	0.3181818181818182	wikivir.cleaned.xml	600				window	wikivir-000600	wikivir-000600.s003798|wikivir-000600.s003799|wikivir-000600.s003800|wikivir-000600.s003801|wikivir-000600.s003802|wikivir-000600.s003803|wikivir-000600.s003804|wikivir-000600.s003805|wikivir-000600.s003806|wikivir-000600.s003807|wikivir-000600.s003808|wikivir-000600.s003809|wikivir-000600.s003810|wikivir-000600.s003811|wikivir-000600.s003812|wikivir-000600.s003813|wikivir-000600.s003814|wikivir-000600.s003815|wikivir-000600.s003816|wikivir-000600.s003817	26	368	300	151	onega dogodka z Marino na videz gladka in negibna. Moja sreča se ni zrušila naglo in nasilno, od dne do dne se je trgal kamenček za kamenčkom. Tiho, neslišno je gnila in komaj sem opazila, ko je nenadoma ni več bilo. Kdaj je umrla njegova ljubezen, kdaj moja? Ne vem. Potem pa otroci! Jablonska v svo	wikivir.cleaned.xml	600	Hanka	Zofka Kveder		romani				
emotion_joy_per_1k	247.05882352941177	wikivir-020787::window::225	wikivir-020787	window	201	Milica, otrok bolesti	Slavko Savinšek	romani	20		gorskih jezer, ki se je večer potopil vanji. Upanje po tuzemski sreči, po sreči skupnega življenja z dragim, čeprav samo kratek mesec, to upanje je minilo v njej in zrastlo je drugo, lepše upanje. Ker brez upanja človek ne more živeti niti tega življenja, kako bi šele v onega, v večnega stopil brez	201	85	3.0	35.294117647058826	0.032258064516129	0.02086206896551724	22.0	258.82352941176475	0.2365591397849462	0.22874137931034483	3.0	35.294117647058826	0.032258064516129	0.028017241379310345	7.0	82.3529411764706	0.075268817204301	0.04662068965517241	19.0	223.52941176470588	0.2043010752688172	0.25317241379310346	5.0	58.8235294117647	0.053763440860215	0.044758620689655165	13.0	152.94117647058826	0.1397849462365591	0.09589655172413794	21.0	0.2258064516129032	0.23750000000000002	27.0	317.6470588235294	7.0	82.3529411764706	0.6641752873563218	0.4330632183908046	0.5761077586206897	0.5882352941176471	58	39	0.6823529411764706	anticipation	0.23655913978494625	wikivir.cleaned.xml	20787				window	wikivir-020787	wikivir-020787.s002996|wikivir-020787.s002997|wikivir-020787.s002998|wikivir-020787.s002999|wikivir-020787.s003000|wikivir-020787.s003001|wikivir-020787.s003002|wikivir-020787.s003003|wikivir-020787.s003004|wikivir-020787.s003005|wikivir-020787.s003006|wikivir-020787.s003007	12	201	166	83	gorskih jezer, ki se je večer potopil vanji. Upanje po tuzemski sreči, po sreči skupnega življenja z dragim, čeprav samo kratek mesec, to upanje je minilo v njej in zrastlo je drugo, lepše upanje. Ker brez upanja človek ne more živeti niti tega življenja, kako bi šele v onega, v večnega stopil brez 	wikivir.cleaned.xml	20787	Milica, otrok bolesti	Slavko Savinšek	20	romani				
emotion_joy_per_1k	185.1851851851852	wikivir-002254::window::10	wikivir-002254	window	159	Narodne pripovedke I/O treh bratih in treh hčerah	Fran Nedeljko	pripovedke	19		povabili so ga celo, da naj se po poroki k njim za mizo vsede. Rajali so, da je bilo kaj ! Z najmlajšo hčerjo je tudi plesal, in veliko plesal. Vroče mu je bilo in obriše si pot s čela. Hči vidi na ruti svoje ime in ga spozna za svojega rešitelja. On je tudi še le zdaj spoznal svoja brata, njih neve	159	54	0.0	0.0	0.0	0.0	10.0	185.1851851851852	0.2857142857142857	0.11416129032258066	1.0	18.51851851851852	0.0285714285714285	0.015129032258064515	0.0	0.0	0.0	0.0	12.0	222.2222222222222	0.3428571428571428	0.18138709677419357	0.0	0.0	0.0	0.0	2.0	37.03703703703704	0.0571428571428571	0.0	10.0	0.2857142857142857	0.1695483870967742	16.0	296.2962962962963	0.0	0.0	0.6253118279569893	0.386741935483871	0.46827956989247316	1.0	31	20	0.5740740740740741	joy	0.34285714285714286	wikivir.cleaned.xml	2254				window	wikivir-002254	wikivir-002254.s000102|wikivir-002254.s000103|wikivir-002254.s000104|wikivir-002254.s000105|wikivir-002254.s000106|wikivir-002254.s000107|wikivir-002254.s000108|wikivir-002254.s000109|wikivir-002254.s000110|wikivir-002254.s000111|wikivir-002254.s000112	11	159	135	54	povabili so ga celo, da naj se po poroki k njim za mizo vsede. Rajali so, da je bilo kaj ! Z najmlajšo hčerjo je tudi plesal, in veliko plesal. Vroče mu je bilo in obriše si pot s čela. Hči vidi na ruti svoje ime in ga spozna za svojega rešitelja. On je tudi še le zdaj spoznal svoja brata, njih neve	wikivir.cleaned.xml	2254	Narodne pripovedke I/O treh bratih in treh hčerah	Fran Nedeljko	19	pripovedke				
emotion_joy_per_1k	185.1851851851852	wikivir-002287::window::10	wikivir-002287	window	159	Narodne pripovedke za mladino III/O treh bratih in treh hčerah	Fran Nedeljko	pripovedke	19		povabili so ga celo, da naj se po poroki k njim za mizo vsede. Rajali so, da je bilo kaj ! Z najmlajšo hčerjo je tudi plesal, in veliko plesal. Vroče mu je bilo in obriše si pot s čela. Hči vidi na ruti svoje ime in ga spozna za svojega rešitelja. On je tudi še le zdaj spoznal svoja brata, njih neve	159	54	0.0	0.0	0.0	0.0	10.0	185.1851851851852	0.2857142857142857	0.11416129032258066	1.0	18.51851851851852	0.0285714285714285	0.015129032258064515	0.0	0.0	0.0	0.0	12.0	222.2222222222222	0.3428571428571428	0.18138709677419357	0.0	0.0	0.0	0.0	2.0	37.03703703703704	0.0571428571428571	0.0	10.0	0.2857142857142857	0.1695483870967742	16.0	296.2962962962963	0.0	0.0	0.6253118279569893	0.386741935483871	0.46827956989247316	1.0	31	20	0.5740740740740741	joy	0.34285714285714286	wikivir.cleaned.xml	2287				window	wikivir-002287	wikivir-002287.s000102|wikivir-002287.s000103|wikivir-002287.s000104|wikivir-002287.s000105|wikivir-002287.s000106|wikivir-002287.s000107|wikivir-002287.s000108|wikivir-002287.s000109|wikivir-002287.s000110|wikivir-002287.s000111|wikivir-002287.s000112	11	159	135	54	povabili so ga celo, da naj se po poroki k njim za mizo vsede. Rajali so, da je bilo kaj ! Z najmlajšo hčerjo je tudi plesal, in veliko plesal. Vroče mu je bilo in obriše si pot s čela. Hči vidi na ruti svoje ime in ga spozna za svojega rešitelja. On je tudi še le zdaj spoznal svoja brata, njih neve	wikivir.cleaned.xml	2287	Narodne pripovedke za mladino III/O treh bratih in treh hčerah	Fran Nedeljko	19	pripovedke				
emotion_sadness_per_1k	442.30769230769226	wikivir-004967::document::1	wikivir-004967	document	96	Potem so peli	Vitomil Zupan	pesmi	20		Potem so peli in peli po notah zelo stare pesmi so peli in peli pesmi brez razumljivih besed. Šli smo spat in dež je pel in pel po strehi montažne hišice pel in pel pesmi brez vsakih besed. Zadremali smo in se nenadoma prebuditi v dežju ki je pel in pel in pel žuborel in šumel pel in pel in zakaj na	96	52	0.0	0.0	0.0	0.0	20.0	384.61538461538464	0.2352941176470588	0.21631578947368418	1.0	19.230769230769237	0.0117647058823529	0.008210526315789474	0.0	0.0	0.0	0.0	20.0	384.61538461538464	0.2352941176470588	0.3836842105263157	20.0	384.61538461538464	0.2352941176470588	0.01752631578947369	1.0	19.230769230769237	0.0117647058823529	0.021789473684210525	23.0	0.2705882352941176	0.2597631578947369	23.0	442.30769230769226	1.0	19.230769230769237	0.7396052631578949	0.5149605263157896	0.4533552631578947	0.9166666666666666	38	13	0.7307692307692307	trust	0.27058823529411763	wikivir.cleaned.xml	4967				document	wikivir-004967	wikivir-004967.s000001|wikivir-004967.s000002|wikivir-004967.s000003|wikivir-004967.s000004|wikivir-004967.s000005|wikivir-004967.s000006|wikivir-004967.s000007|wikivir-004967.s000008|wikivir-004967.s000009|wikivir-004967.s000010|wikivir-004967.s000011|wikivir-004967.s000012|wikivir-004967.s000013|wikivir-004967.s000014|wikivir-004967.s000015|wikivir-004967.s000016|wikivir-004967.s000017	17	96	91	51	Potem so peli in peli po notah zelo stare pesmi so peli in peli pesmi brez razumljivih besed. Šli smo spat in dež je pel in pel po strehi montažne hišice pel in pel pesmi brez vsakih besed. Zadremali smo in se nenadoma prebuditi v dežju ki je pel in pel in pel žuborel in šumel pel in pel in zakaj na	wikivir.cleaned.xml	4967	Potem so peli	Vitomil Zupan	20	pesmi				
emotion_sadness_per_1k	442.30769230769226	wikivir-004967::window::1	wikivir-004967	window	95	Potem so peli	Vitomil Zupan	pesmi	20		Potem so peli in peli po notah zelo stare pesmi so peli in peli pesmi brez razumljivih besed. Šli smo spat in dež je pel in pel po strehi montažne hišice pel in pel pesmi brez vsakih besed. Zadremali smo in se nenadoma prebuditi v dežju ki je pel in pel in pel žuborel in šumel pel in pel in zakaj na	95	52	0.0	0.0	0.0	0.0	20.0	384.61538461538464	0.2352941176470588	0.21631578947368418	1.0	19.230769230769237	0.0117647058823529	0.008210526315789474	0.0	0.0	0.0	0.0	20.0	384.61538461538464	0.2352941176470588	0.3836842105263157	20.0	384.61538461538464	0.2352941176470588	0.01752631578947369	1.0	19.230769230769237	0.0117647058823529	0.021789473684210525	23.0	0.2705882352941176	0.2597631578947369	23.0	442.30769230769226	1.0	19.230769230769237	0.7396052631578949	0.5149605263157896	0.4533552631578947	0.9166666666666666	38	13	0.7307692307692307	trust	0.27058823529411763	wikivir.cleaned.xml	4967				window	wikivir-004967	wikivir-004967.s000001|wikivir-004967.s000002|wikivir-004967.s000003|wikivir-004967.s000004|wikivir-004967.s000005|wikivir-004967.s000006|wikivir-004967.s000007|wikivir-004967.s000008|wikivir-004967.s000009|wikivir-004967.s000010|wikivir-004967.s000011|wikivir-004967.s000012|wikivir-004967.s000013|wikivir-004967.s000014|wikivir-004967.s000015|wikivir-004967.s000016|wikivir-004967.s000017	17	95	91	51	Potem so peli in peli po notah zelo stare pesmi so peli in peli pesmi brez razumljivih besed. Šli smo spat in dež je pel in pel po strehi montažne hišice pel in pel pesmi brez vsakih besed. Zadremali smo in se nenadoma prebuditi v dežju ki je pel in pel in pel žuborel in šumel pel in pel in zakaj na	wikivir.cleaned.xml	4967	Potem so peli	Vitomil Zupan	20	pesmi				
emotion_sadness_per_1k	102.04081632653062	wikivir-011686::window::36	wikivir-011686	window	124	Na mrtvi straži	Vitomir Feodor Jelenc	kratka proza	20	1921	mesto ... Komaj smo spoznali svojega druga ... odvojili smo njegovo truplo od drugih, izkopali mu grob ... ni bilo suhega očesa, ko smo izvršili žalosten obred, ko smo nad njegovim truplom nagomilili gomilo prsti ... Nad Kosovim poljem je grob našega komite; preko njegovega groba je divjala vojna, p	124	49	12.0	244.89795918367344	0.1904761904761904	0.19041666666666665	5.0	102.04081632653062	0.0793650793650793	0.06686111111111111	5.0	102.04081632653062	0.0793650793650793	0.08680555555555555	15.0	306.12244897959187	0.238095238095238	0.2555	3.0	61.224489795918366	0.0476190476190476	0.04677777777777778	13.0	265.30612244897964	0.2063492063492063	0.2746944444444444	5.0	102.04081632653062	0.0793650793650793	0.04816666666666667	5.0	0.0793650793650793	0.09047222222222223	5.0	102.04081632653062	17.0	346.9387755102041	0.4673819444444444	0.49239120370370365	0.48954861111111114	-0.5454545454545454	36	24	0.7346938775510204	fear	0.23809523809523808	wikivir.cleaned.xml	11686				window	wikivir-011686	wikivir-011686.s000187|wikivir-011686.s000188|wikivir-011686.s000189|wikivir-011686.s000190	4	124	93	49	mesto ... Komaj smo spoznali svojega druga ... odvojili smo njegovo truplo od drugih, izkopali mu grob ... ni bilo suhega očesa, ko smo izvršili žalosten obred, ko smo nad njegovim truplom nagomilili gomilo prsti ... Nad Kosovim poljem je grob našega komite; preko njegovega groba je divjala vojna, p	wikivir.cleaned.xml	11686	Na mrtvi straži	Vitomir Feodor Jelenc	20	kratka proza			1921	
emotion_sadness_per_1k	41.66666666666666	wikivir-000204::window::1	wikivir-000204	window	99	Sonet smrti	Srečko Kosovel	pesmi			In vse je nič. Te žametne oči so kakor žalost, ki strmi v sivino, njih temni sloj prodira med tišino kot zvok, ki se v šumenju izgubi. Te tihe, črne, žametne oči mi s svojim temnim bleskom in milino poljubljajo to sivo bolečino, ki mojo dušo vsak dan bolj duši. Te tihe, črne, žametne oči so kakor čr	99	48	4.0	83.33333333333333	0.1481481481481481	0.06432142857142857	0.0	0.0	0.0	0.0	3.0	62.5	0.1111111111111111	0.039357142857142854	5.0	104.16666666666669	0.1851851851851851	0.06028571428571429	0.0	0.0	0.0	0.0615	12.0	250.0	0.4444444444444444	0.13828571428571426	1.0	20.83333333333333	0.037037037037037	0.013678571428571429	2.0	0.074074074074074	0.030964285714285715	5.0	104.16666666666669	11.0	229.16666666666663	0.4676369047619048	0.31972619047619055	0.3696964285714285	-0.375	28	20	0.5833333333333334	sadness	0.4444444444444444	wikivir.cleaned.xml	204				window	wikivir-000204	wikivir-000204.s000001|wikivir-000204.s000002|wikivir-000204.s000003|wikivir-000204.s000004|wikivir-000204.s000005|wikivir-000204.s000006|wikivir-000204.s000007|wikivir-000204.s000008|wikivir-000204.s000009|wikivir-000204.s000010|wikivir-000204.s000011|wikivir-000204.s000012|wikivir-000204.s000013|wikivir-000204.s000014|wikivir-000204.s000015	15	99	82	47	In vse je nič. Te žametne oči so kakor žalost, ki strmi v sivino, njih temni sloj prodira med tišino kot zvok, ki se v šumenju izgubi. Te tihe, črne, žametne oči mi s svojim temnim bleskom in milino poljubljajo to sivo bolečino, ki mojo dušo vsak dan bolj duši. Te tihe, črne, žametne oči so kakor čr	wikivir.cleaned.xml	204	Sonet smrti	Srečko Kosovel		pesmi				
emotion_sadness_per_1k	41.66666666666666	wikivir-000204::document::1	wikivir-000204	document	100	Sonet smrti	Srečko Kosovel	pesmi			In vse je nič. Te žametne oči so kakor žalost, ki strmi v sivino, njih temni sloj prodira med tišino kot zvok, ki se v šumenju izgubi. Te tihe, črne, žametne oči mi s svojim temnim bleskom in milino poljubljajo to sivo bolečino, ki mojo dušo vsak dan bolj duši. Te tihe, črne, žametne oči so kakor čr	100	48	4.0	83.33333333333333	0.1481481481481481	0.06432142857142857	0.0	0.0	0.0	0.0	3.0	62.5	0.1111111111111111	0.039357142857142854	5.0	104.16666666666669	0.1851851851851851	0.06028571428571429	0.0	0.0	0.0	0.0615	12.0	250.0	0.4444444444444444	0.13828571428571426	1.0	20.83333333333333	0.037037037037037	0.013678571428571429	2.0	0.074074074074074	0.030964285714285715	5.0	104.16666666666669	11.0	229.16666666666663	0.4676369047619048	0.31972619047619055	0.3696964285714285	-0.375	28	20	0.5833333333333334	sadness	0.4444444444444444	wikivir.cleaned.xml	204				document	wikivir-000204	wikivir-000204.s000001|wikivir-000204.s000002|wikivir-000204.s000003|wikivir-000204.s000004|wikivir-000204.s000005|wikivir-000204.s000006|wikivir-000204.s000007|wikivir-000204.s000008|wikivir-000204.s000009|wikivir-000204.s000010|wikivir-000204.s000011|wikivir-000204.s000012|wikivir-000204.s000013|wikivir-000204.s000014|wikivir-000204.s000015	15	100	82	47	In vse je nič. Te žametne oči so kakor žalost, ki strmi v sivino, njih temni sloj prodira med tišino kot zvok, ki se v šumenju izgubi. Te tihe, črne, žametne oči mi s svojim temnim bleskom in milino poljubljajo to sivo bolečino, ki mojo dušo vsak dan bolj duši. Te tihe, črne, žametne oči so kakor čr	wikivir.cleaned.xml	204	Sonet smrti	Srečko Kosovel		pesmi				
emotion_sadness_per_1k	88.88888888888889	wikivir-002113::window::3	wikivir-002113	window	118	Kako so Črešnjevčani jazbeca lovili...	Lojze Zupanc	pripovedke	20		vavek so imeli ljudje za tatove najhujšo kazen, da so jih žive zakopali. Kar mislite si, kako strašno na primer bi bilo, da sem jaz tat in vi bi me zakopali v jamo — živega. Tako storimo s tatom naše debelače pa bo mir po naših debelačnih njivah!” “Živijo!”so vsi zakričali in zakopali tatu v jamo.,	118	45	7.0	155.55555555555557	0.1521739130434782	0.16716666666666669	4.0	88.88888888888889	0.0869565217391304	0.07554166666666667	5.0	111.1111111111111	0.108695652173913	0.10095833333333333	7.0	155.55555555555557	0.1521739130434782	0.162125	4.0	88.88888888888889	0.0869565217391304	0.10337500000000001	11.0	244.44444444444443	0.2391304347826087	0.20916666666666664	4.0	88.88888888888889	0.0869565217391304	0.10704166666666666	4.0	0.0869565217391304	0.08758333333333333	5.0	111.1111111111111	11.0	244.44444444444443	0.4826458333333334	0.5287361111111112	0.48988194444444444	-0.375	24	16	0.5333333333333333	sadness	0.2391304347826087	wikivir.cleaned.xml	2113				window	wikivir-002113	wikivir-002113.s000026|wikivir-002113.s000027|wikivir-002113.s000028|wikivir-002113.s000029|wikivir-002113.s000030|wikivir-002113.s000031	6	118	94	40	vavek so imeli ljudje za tatove najhujšo kazen, da so jih žive zakopali. Kar mislite si, kako strašno na primer bi bilo, da sem jaz tat in vi bi me zakopali v jamo — živega. Tako storimo s tatom naše debelače pa bo mir po naših debelačnih njivah!” “Živijo!”so vsi zakričali in zakopali tatu v jamo., 	wikivir.cleaned.xml	2113	Kako so Črešnjevčani jazbeca lovili...	Lojze Zupanc	20	pripovedke				
emotion_sadness_per_1k	65.21739130434783	wikivir-003255::window::1	wikivir-003255	window	401	O Pustu in zakletem gradu		slovenske ljudske pravljice			"Pust je bil vojak za časa rimskega cesarstva. Takrat, za časa rimskega cesarstva, je vsak vojak služil do starosti in tako je tudi Pust služil do starosti. Ko pa se je postaral, so mu v kasarni rekli: ""Pust, ti si se postaral! Pojdi, kamor hočeš!"" Dali so mu star vojaški plašč in hlebec kruha. ""To,"""	401	138	6.0	43.47826086956522	0.0923076923076923	0.04481081081081081	7.0	50.72463768115942	0.1076923076923077	0.05056756756756757	1.0	7.246376811594203	0.0153846153846153	0.006337837837837837	3.0	21.73913043478261	0.0461538461538461	0.042040540540540544	2.0	14.492753623188406	0.0307692307692307	0.04466216216216216	33.0	239.13043478260872	0.5076923076923077	0.17617567567567566	4.0	28.98550724637681	0.0615384615384615	0.02417567567567568	9.0	0.1384615384615384	0.06324324324324324	18.0	130.43478260869566	36.0	260.8695652173913	0.4267308558558559	0.45014527027027035	0.4288704954954955	-0.3333333333333333	74	37	0.5362318840579711	sadness	0.5076923076923077	wikivir.cleaned.xml	3255				window	wikivir-003255	wikivir-003255.s000001|wikivir-003255.s000002|wikivir-003255.s000003|wikivir-003255.s000004|wikivir-003255.s000005|wikivir-003255.s000006|wikivir-003255.s000007|wikivir-003255.s000008|wikivir-003255.s000009|wikivir-003255.s000010|wikivir-003255.s000011|wikivir-003255.s000012|wikivir-003255.s000013|wikivir-003255.s000014|wikivir-003255.s000015|wikivir-003255.s000016|wikivir-003255.s000017|wikivir-003255.s000018|wikivir-003255.s000019|wikivir-003255.s000020	34	401	300	137	"Pust je bil vojak za časa rimskega cesarstva. Takrat, za časa rimskega cesarstva, je vsak vojak služil do starosti in tako je tudi Pust služil do starosti. Ko pa se je postaral, so mu v kasarni rekli: ""Pust, ti si se postaral! Pojdi, kamor hočeš!"" Dali so mu star vojaški plašč in hlebec kruha. ""To,"""	wikivir.cleaned.xml	3255	O Pustu in zakletem gradu			slovenske ljudske pravljice				
emotion_sadness_per_1k	76.92307692307693	wikivir-004045::document::1	wikivir-004045	document	100	Bodi moj	Tanja Nežmah Dolinšek	pesmi	21		Ko bi smela, a ne smem, le besedo ali dve izreči, rekla bi ti: ljubim te. Kaj vse bi dala za en tvoj poljub, dotik, ki bi me grel, razveselil srce. Ko bi smela, a ne smem, saj nisem tvoja, ti ne moj, bi ti rekla: želim si te. Kaj vse bi dala za večnost tvojega pogleda čeprav vem, da tvoja pot ni moj	100	26	0.0	0.0	0.0	0.0	1.0	38.46153846153847	0.0555555555555555	0.034846153846153846	7.0	269.2307692307692	0.3888888888888889	0.36792307692307696	0.0	0.0	0.0	0.0	1.0	38.46153846153847	0.0555555555555555	0.12023076923076922	6.0	230.7692307692308	0.3333333333333333	0.12846153846153846	1.0	38.46153846153847	0.0555555555555555	0.02346153846153846	2.0	0.1111111111111111	0.1616923076923077	3.0	115.3846153846154	6.0	230.7692307692308	0.46524358974358976	0.4850256410256411	0.4128974358974359	-0.3333333333333333	13	8	0.5	disgust	0.3888888888888889	wikivir.cleaned.xml	4045	Angel brez kril			document	wikivir-004045	wikivir-004045.s000001|wikivir-004045.s000002|wikivir-004045.s000003|wikivir-004045.s000004|wikivir-004045.s000005|wikivir-004045.s000006|wikivir-004045.s000007|wikivir-004045.s000008|wikivir-004045.s000009|wikivir-004045.s000010|wikivir-004045.s000011|wikivir-004045.s000012|wikivir-004045.s000013	13	100	79	26	Ko bi smela, a ne smem, le besedo ali dve izreči, rekla bi ti: ljubim te. Kaj vse bi dala za en tvoj poljub, dotik, ki bi me grel, razveselil srce. Ko bi smela, a ne smem, saj nisem tvoja, ti ne moj, bi ti rekla: želim si te. Kaj vse bi dala za večnost tvojega pogleda čeprav vem, da tvoja pot ni moj	wikivir.cleaned.xml	4045	Bodi moj	Tanja Nežmah Dolinšek	21	pesmi	Angel brez kril			
emotion_sadness_per_1k	76.92307692307693	wikivir-004045::window::1	wikivir-004045	window	99	Bodi moj	Tanja Nežmah Dolinšek	pesmi	21		Ko bi smela, a ne smem, le besedo ali dve izreči, rekla bi ti: ljubim te. Kaj vse bi dala za en tvoj poljub, dotik, ki bi me grel, razveselil srce. Ko bi smela, a ne smem, saj nisem tvoja, ti ne moj, bi ti rekla: želim si te. Kaj vse bi dala za večnost tvojega pogleda čeprav vem, da tvoja pot ni moj	99	26	0.0	0.0	0.0	0.0	1.0	38.46153846153847	0.0555555555555555	0.034846153846153846	7.0	269.2307692307692	0.3888888888888889	0.36792307692307696	0.0	0.0	0.0	0.0	1.0	38.46153846153847	0.0555555555555555	0.12023076923076922	6.0	230.7692307692308	0.3333333333333333	0.12846153846153846	1.0	38.46153846153847	0.0555555555555555	0.02346153846153846	2.0	0.1111111111111111	0.1616923076923077	3.0	115.3846153846154	6.0	230.7692307692308	0.46524358974358976	0.4850256410256411	0.4128974358974359	-0.3333333333333333	13	8	0.5	disgust	0.3888888888888889	wikivir.cleaned.xml	4045	Angel brez kril			window	wikivir-004045	wikivir-004045.s000001|wikivir-004045.s000002|wikivir-004045.s000003|wikivir-004045.s000004|wikivir-004045.s000005|wikivir-004045.s000006|wikivir-004045.s000007|wikivir-004045.s000008|wikivir-004045.s000009|wikivir-004045.s000010|wikivir-004045.s000011|wikivir-004045.s000012|wikivir-004045.s000013	13	99	79	26	Ko bi smela, a ne smem, le besedo ali dve izreči, rekla bi ti: ljubim te. Kaj vse bi dala za en tvoj poljub, dotik, ki bi me grel, razveselil srce. Ko bi smela, a ne smem, saj nisem tvoja, ti ne moj, bi ti rekla: želim si te. Kaj vse bi dala za večnost tvojega pogleda čeprav vem, da tvoja pot ni moj	wikivir.cleaned.xml	4045	Bodi moj	Tanja Nežmah Dolinšek	21	pesmi	Angel brez kril			
emotion_sadness_per_1k	0.0	wikivir-001513::window::1	wikivir-001513	window	93	Žalostna	Karel Destovnik Kajuh	pesmi	20		Kaj je v vasi vse tak pusto, kaj žalujejo ljudje, kaj tak tihi so gozdovi, kaj samujejo stezé? Mar je toča vse pobila, mar je suša nad vasjo, mar zavoljo časov slabih je ljudem tako hudo? Niti toča ni pobila, ni je suše nad vasjo, ni zavoljo časov slabih, ni zato ljudem hudo. Ali vendar vse žaluje,	93	44	4.0	90.9090909090909	0.1379310344827586	0.0868	2.0	45.45454545454545	0.0689655172413793	0.041280000000000004	4.0	90.9090909090909	0.1379310344827586	0.03128	9.0	204.54545454545456	0.3103448275862069	0.14972	0.0	0.0	0.0	0.07504	10.0	227.27272727272725	0.3448275862068966	0.23415999999999998	0.0	0.0	0.0	0.0	0.0	0.0	0.0	1.0	22.727272727272727	14.0	318.1818181818182	0.3663666666666666	0.40235333333333334	0.33769333333333335	-0.8666666666666667	25	13	0.5681818181818182	sadness	0.3448275862068966	wikivir.cleaned.xml	1513				window	wikivir-001513	wikivir-001513.s000001|wikivir-001513.s000002|wikivir-001513.s000003|wikivir-001513.s000004|wikivir-001513.s000005|wikivir-001513.s000006|wikivir-001513.s000007|wikivir-001513.s000008|wikivir-001513.s000009|wikivir-001513.s000010|wikivir-001513.s000011|wikivir-001513.s000012|wikivir-001513.s000013|wikivir-001513.s000014|wikivir-001513.s000015|wikivir-001513.s000016|wikivir-001513.s000017	17	93	75	40	Kaj je v vasi vse tak pusto, kaj žalujejo ljudje, kaj tak tihi so gozdovi, kaj samujejo stezé? Mar je toča vse pobila, mar je suša nad vasjo, mar zavoljo časov slabih je ljudem tako hudo? Niti toča ni pobila, ni je suše nad vasjo, ni zavoljo časov slabih, ni zato ljudem hudo. Ali vendar vse žaluje, 	wikivir.cleaned.xml	1513	Žalostna	Karel Destovnik Kajuh	20	pesmi				
emotion_sadness_per_1k	0.0	wikivir-001513::document::1	wikivir-001513	document	94	Žalostna	Karel Destovnik Kajuh	pesmi	20		Kaj je v vasi vse tak pusto, kaj žalujejo ljudje, kaj tak tihi so gozdovi, kaj samujejo stezé? Mar je toča vse pobila, mar je suša nad vasjo, mar zavoljo časov slabih je ljudem tako hudo? Niti toča ni pobila, ni je suše nad vasjo, ni zavoljo časov slabih, ni zato ljudem hudo. Ali vendar vse žaluje,	94	44	4.0	90.9090909090909	0.1379310344827586	0.0868	2.0	45.45454545454545	0.0689655172413793	0.041280000000000004	4.0	90.9090909090909	0.1379310344827586	0.03128	9.0	204.54545454545456	0.3103448275862069	0.14972	0.0	0.0	0.0	0.07504	10.0	227.27272727272725	0.3448275862068966	0.23415999999999998	0.0	0.0	0.0	0.0	0.0	0.0	0.0	1.0	22.727272727272727	14.0	318.1818181818182	0.3663666666666666	0.40235333333333334	0.33769333333333335	-0.8666666666666667	25	13	0.5681818181818182	sadness	0.3448275862068966	wikivir.cleaned.xml	1513				document	wikivir-001513	wikivir-001513.s000001|wikivir-001513.s000002|wikivir-001513.s000003|wikivir-001513.s000004|wikivir-001513.s000005|wikivir-001513.s000006|wikivir-001513.s000007|wikivir-001513.s000008|wikivir-001513.s000009|wikivir-001513.s000010|wikivir-001513.s000011|wikivir-001513.s000012|wikivir-001513.s000013|wikivir-001513.s000014|wikivir-001513.s000015|wikivir-001513.s000016|wikivir-001513.s000017	17	94	75	40	Kaj je v vasi vse tak pusto, kaj žalujejo ljudje, kaj tak tihi so gozdovi, kaj samujejo stezé? Mar je toča vse pobila, mar je suša nad vasjo, mar zavoljo časov slabih je ljudem tako hudo? Niti toča ni pobila, ni je suše nad vasjo, ni zavoljo časov slabih, ni zato ljudem hudo. Ali vendar vse žaluje, 	wikivir.cleaned.xml	1513	Žalostna	Karel Destovnik Kajuh	20	pesmi				
emotion_sadness_per_1k	64.51612903225806	wikivir-001307::document::1	wikivir-001307	document	94	Daleč	Srečko Kosovel	pesmi	20		Daj, da pokleknem, ker si daleč, daleč, daj, da poklek- nem pred te! Pa mi je, da bi umrl, ker si daleč in ker te vidim. Pokleknil bi pred tiste sive hribe in rumene pašnike, pred sive, nizke zidove, pokleknil bi. Pa bi mi bilo, da bi umrl, ker je ta večna otožnost siva in so zelena polja od obupa p	94	31	1.0	32.25806451612903	0.0526315789473684	0.03326315789473684	0.0	0.0	0.0	0.0	3.0	96.77419354838707	0.1578947368421052	0.021	4.0	129.03225806451613	0.2105263157894736	0.18594736842105264	2.0	64.51612903225806	0.1052631578947368	0.04484210526315789	7.0	225.80645161290323	0.3684210526315789	0.2429473684210526	0.0	0.0	0.0	0.0	2.0	0.1052631578947368	0.06778947368421051	4.0	129.03225806451613	4.0	129.03225806451613	0.3742105263157895	0.4370789473684211	0.34642105263157896	0.0	19	12	0.6129032258064516	sadness	0.3684210526315789	wikivir.cleaned.xml	1307				document	wikivir-001307	wikivir-001307.s000001|wikivir-001307.s000002|wikivir-001307.s000003|wikivir-001307.s000004|wikivir-001307.s000005|wikivir-001307.s000006|wikivir-001307.s000007|wikivir-001307.s000008	8	94	74	31	Daj, da pokleknem, ker si daleč, daleč, daj, da poklek- nem pred te! Pa mi je, da bi umrl, ker si daleč in ker te vidim. Pokleknil bi pred tiste sive hribe in rumene pašnike, pred sive, nizke zidove, pokleknil bi. Pa bi mi bilo, da bi umrl, ker je ta večna otožnost siva in so zelena polja od obupa p	wikivir.cleaned.xml	1307	Daleč	Srečko Kosovel	20	pesmi				
emotion_sadness_per_1k	64.51612903225806	wikivir-001307::window::1	wikivir-001307	window	93	Daleč	Srečko Kosovel	pesmi	20		Daj, da pokleknem, ker si daleč, daleč, daj, da poklek- nem pred te! Pa mi je, da bi umrl, ker si daleč in ker te vidim. Pokleknil bi pred tiste sive hribe in rumene pašnike, pred sive, nizke zidove, pokleknil bi. Pa bi mi bilo, da bi umrl, ker je ta večna otožnost siva in so zelena polja od obupa p	93	31	1.0	32.25806451612903	0.0526315789473684	0.03326315789473684	0.0	0.0	0.0	0.0	3.0	96.77419354838707	0.1578947368421052	0.021	4.0	129.03225806451613	0.2105263157894736	0.18594736842105264	2.0	64.51612903225806	0.1052631578947368	0.04484210526315789	7.0	225.80645161290323	0.3684210526315789	0.2429473684210526	0.0	0.0	0.0	0.0	2.0	0.1052631578947368	0.06778947368421051	4.0	129.03225806451613	4.0	129.03225806451613	0.3742105263157895	0.4370789473684211	0.34642105263157896	0.0	19	12	0.6129032258064516	sadness	0.3684210526315789	wikivir.cleaned.xml	1307				window	wikivir-001307	wikivir-001307.s000001|wikivir-001307.s000002|wikivir-001307.s000003|wikivir-001307.s000004|wikivir-001307.s000005|wikivir-001307.s000006|wikivir-001307.s000007|wikivir-001307.s000008	8	93	74	31	Daj, da pokleknem, ker si daleč, daleč, daj, da poklek- nem pred te! Pa mi je, da bi umrl, ker si daleč in ker te vidim. Pokleknil bi pred tiste sive hribe in rumene pašnike, pred sive, nizke zidove, pokleknil bi. Pa bi mi bilo, da bi umrl, ker je ta večna otožnost siva in so zelena polja od obupa p	wikivir.cleaned.xml	1307	Daleč	Srečko Kosovel	20	pesmi				
emotion_sadness_per_1k	85.1063829787234	wikivir-020420::window::1	wikivir-020420	window	132	Grob (pesem NOB)		pesmi	20		Strel? ... Strel! ... Zategel jek, obnemel v vroči krvi ... Tovariš! Trpin! Beži, ne ječi spomin, saj ni zadnji ne prvi! In potem strašen molk, neskončno dolg iz njegovih oči ... In še iz groba njih smrt je zvestoba, klic:»Tudi ti, tudi ti!« Ne ti, ne jaz! Smrt in življenje sta čas, ki ni mrtev, kot	132	47	8.0	170.2127659574468	0.1568627450980392	0.19042307692307692	5.0	106.38297872340424	0.0980392156862745	0.08380769230769232	3.0	63.82978723404255	0.0588235294117647	0.07300000000000001	13.0	276.59574468085106	0.2549019607843137	0.35334615384615387	3.0	63.82978723404255	0.0588235294117647	0.10903846153846154	10.0	212.7659574468085	0.196078431372549	0.27776923076923077	5.0	106.38297872340424	0.0980392156862745	0.16015384615384615	4.0	0.0784313725490196	0.10396153846153847	4.0	85.1063829787234	12.0	255.3191489361702	0.44781730769230765	0.5322403846153846	0.5300320512820513	-0.5	26	23	0.5531914893617021	fear	0.2549019607843137	wikivir.cleaned.xml	20420				window	wikivir-020420	wikivir-020420.s000001|wikivir-020420.s000002|wikivir-020420.s000003|wikivir-020420.s000004|wikivir-020420.s000005|wikivir-020420.s000006|wikivir-020420.s000007|wikivir-020420.s000008|wikivir-020420.s000009|wikivir-020420.s000010|wikivir-020420.s000011|wikivir-020420.s000012|wikivir-020420.s000013|wikivir-020420.s000014|wikivir-020420.s000015|wikivir-020420.s000016|wikivir-020420.s000017|wikivir-020420.s000018|wikivir-020420.s000019|wikivir-020420.s000020	23	132	89	47	Strel? ... Strel! ... Zategel jek, obnemel v vroči krvi ... Tovariš! Trpin! Beži, ne ječi spomin, saj ni zadnji ne prvi! In potem strašen molk, neskončno dolg iz njegovih oči ... In še iz groba njih smrt je zvestoba, klic:»Tudi ti, tudi ti!« Ne ti, ne jaz! Smrt in življenje sta čas, ki ni mrtev, kot	wikivir.cleaned.xml	20420	Grob (pesem NOB)		20	pesmi				
emotion_sadness_per_1k	85.1063829787234	wikivir-020420::document::1	wikivir-020420	document	133	Grob (pesem NOB)		pesmi	20		Strel? ... Strel! ... Zategel jek, obnemel v vroči krvi ... Tovariš! Trpin! Beži, ne ječi spomin, saj ni zadnji ne prvi! In potem strašen molk, neskončno dolg iz njegovih oči ... In še iz groba njih smrt je zvestoba, klic:»Tudi ti, tudi ti!« Ne ti, ne jaz! Smrt in življenje sta čas, ki ni mrtev, kot	133	47	8.0	170.2127659574468	0.1568627450980392	0.19042307692307692	5.0	106.38297872340424	0.0980392156862745	0.08380769230769232	3.0	63.82978723404255	0.0588235294117647	0.07300000000000001	13.0	276.59574468085106	0.2549019607843137	0.35334615384615387	3.0	63.82978723404255	0.0588235294117647	0.10903846153846154	10.0	212.7659574468085	0.196078431372549	0.27776923076923077	5.0	106.38297872340424	0.0980392156862745	0.16015384615384615	4.0	0.0784313725490196	0.10396153846153847	4.0	85.1063829787234	12.0	255.3191489361702	0.44781730769230765	0.5322403846153846	0.5300320512820513	-0.5	26	23	0.5531914893617021	fear	0.2549019607843137	wikivir.cleaned.xml	20420				document	wikivir-020420	wikivir-020420.s000001|wikivir-020420.s000002|wikivir-020420.s000003|wikivir-020420.s000004|wikivir-020420.s000005|wikivir-020420.s000006|wikivir-020420.s000007|wikivir-020420.s000008|wikivir-020420.s000009|wikivir-020420.s000010|wikivir-020420.s000011|wikivir-020420.s000012|wikivir-020420.s000013|wikivir-020420.s000014|wikivir-020420.s000015|wikivir-020420.s000016|wikivir-020420.s000017|wikivir-020420.s000018|wikivir-020420.s000019|wikivir-020420.s000020	23	133	89	47	Strel? ... Strel! ... Zategel jek, obnemel v vroči krvi ... Tovariš! Trpin! Beži, ne ječi spomin, saj ni zadnji ne prvi! In potem strašen molk, neskončno dolg iz njegovih oči ... In še iz groba njih smrt je zvestoba, klic:»Tudi ti, tudi ti!« Ne ti, ne jaz! Smrt in življenje sta čas, ki ni mrtev, kot	wikivir.cleaned.xml	20420	Grob (pesem NOB)		20	pesmi				
emotion_sadness_per_1k	26.490066225165563	wikivir-010735::window::3	wikivir-010735	window	376	Pravljica O sivem mestu in črni roži	Marjana Moškrič	pravljice	21		senc. Nekdo pa je bil v tem mestu, ki mu je še ostal droben spomin na drugačne čase. Pravzaprav se sploh ni spominjal. Samo slutil je. Megleno in bledo. Da je nekoč nekaj bilo. Nekaj drugačnega, lepšega To je bil pozabljen cvetlični lonček. Čisto sam se je stiskal ob vznožju sivih velikanov in hrepe	376	151	2.0	13.245033112582782	0.027027027027027	0.008268041237113402	8.0	52.980132450331126	0.1081081081081081	0.030525773195876293	20.0	132.45033112582783	0.2702702702702703	0.046989690721649484	5.0	33.11258278145696	0.0675675675675675	0.03472164948453608	3.0	19.86754966887417	0.0405405405405405	0.030134020618556696	32.0	211.9205298013245	0.4324324324324324	0.08797938144329898	0.0	0.0	0.0	0.0	4.0	0.054054054054054	0.029391752577319588	12.0	79.47019867549669	23.0	152.31788079470198	0.45512542955326457	0.31145103092783505	0.3576142611683849	-0.3142857142857143	97	54	0.6423841059602649	sadness	0.43243243243243246	wikivir.cleaned.xml	10735				window	wikivir-010735	wikivir-010735.s000044|wikivir-010735.s000045|wikivir-010735.s000046|wikivir-010735.s000047|wikivir-010735.s000048|wikivir-010735.s000049|wikivir-010735.s000050|wikivir-010735.s000051|wikivir-010735.s000052|wikivir-010735.s000053|wikivir-010735.s000054|wikivir-010735.s000055|wikivir-010735.s000056|wikivir-010735.s000057|wikivir-010735.s000058|wikivir-010735.s000059|wikivir-010735.s000060|wikivir-010735.s000061|wikivir-010735.s000062|wikivir-010735.s000063	46	376	300	149	senc. Nekdo pa je bil v tem mestu, ki mu je še ostal droben spomin na drugačne čase. Pravzaprav se sploh ni spominjal. Samo slutil je. Megleno in bledo. Da je nekoč nekaj bilo. Nekaj drugačnega, lepšega To je bil pozabljen cvetlični lonček. Čisto sam se je stiskal ob vznožju sivih velikanov in hrepe	wikivir.cleaned.xml	10735	Pravljica O sivem mestu in črni roži	Marjana Moškrič	21	pravljice				
emotion_sadness_per_1k	49.38271604938272	wikivir-011653::window::72	wikivir-011653	window	366	Ljudje od Soče	Matija Malešič	proza	20	1918	ki so jih tekom dneva ubile granate. Vse, ki so padli, sem poznal, govoril dolge mesece z njimi o njih družinah, o njih nevestah, o divni Dalmaciji, moževal, kdaj mora po priliki končati ta nesrečna vojna, kdaj se po priliki vrnemo domov. Težko in hudo mi je bilo prisostvovati njihovim pogrebom in p	366	162	19.0	117.28395061728396	0.1507936507936507	0.08575	11.0	67.90123456790123	0.0873015873015873	0.052102272727272726	7.0	43.20987654320987	0.0555555555555555	0.05514772727272727	29.0	179.01234567901233	0.2301587301587301	0.2050454545454545	8.0	49.38271604938272	0.0634920634920634	0.06210227272727273	34.0	209.87654320987653	0.2698412698412698	0.18961363636363637	10.0	61.72839506172839	0.0793650793650793	0.03542045454545455	8.0	0.0634920634920634	0.05869318181818182	21.0	129.62962962962962	33.0	203.7037037037037	0.42645156926406924	0.46328043831168836	0.47409510281385275	-0.2222222222222222	88	62	0.5432098765432098	sadness	0.2698412698412698	wikivir.cleaned.xml	11653				window	wikivir-011653	wikivir-011653.s000782|wikivir-011653.s000783|wikivir-011653.s000784|wikivir-011653.s000785|wikivir-011653.s000786|wikivir-011653.s000787|wikivir-011653.s000788|wikivir-011653.s000789|wikivir-011653.s000790|wikivir-011653.s000791|wikivir-011653.s000792|wikivir-011653.s000793	12	366	300	161	ki so jih tekom dneva ubile granate. Vse, ki so padli, sem poznal, govoril dolge mesece z njimi o njih družinah, o njih nevestah, o divni Dalmaciji, moževal, kdaj mora po priliki končati ta nesrečna vojna, kdaj se po priliki vrnemo domov. Težko in hudo mi je bilo prisostvovati njihovim pogrebom in p	wikivir.cleaned.xml	11653	Ljudje od Soče	Matija Malešič	20	proza			1918	
emotion_sadness_per_1k	18.51851851851852	wikivir-000833::window::1	wikivir-000833	window	111	Kons 4	Srečko Kosovel	pesmi	20		Boston obsoja Einsteina. Einstein je prepovedan. Relativiteta nevarna? V Berlinu zapirajo kitajske študente. Kitajski študenti nevarni? SHS menja vlado. Dosti vlad je že menjala. Francija. Španija. Maroko. Frajtar terorizira. Žandar terorizira. Veliki ljudje živijo po svoje duše zakonih. Majhni po p	111	54	10.0	185.1851851851852	0.238095238095238	0.18825714285714285	3.0	55.55555555555555	0.0714285714285714	0.04465714285714285	3.0	55.55555555555555	0.0714285714285714	0.047542857142857144	13.0	240.74074074074076	0.3095238095238095	0.2512	1.0	18.51851851851852	0.0238095238095238	0.0664	11.0	203.7037037037037	0.2619047619047619	0.22771428571428573	0.0	0.0	0.0	0.0	1.0	0.0238095238095238	0.018514285714285716	3.0	55.55555555555555	19.0	351.85185185185185	0.40196462585034015	0.5644673469387755	0.5223088435374148	-0.7272727272727273	35	29	0.6481481481481481	fear	0.30952380952380953	wikivir.cleaned.xml	833				window	wikivir-000833	wikivir-000833.s000001|wikivir-000833.s000002|wikivir-000833.s000003|wikivir-000833.s000004|wikivir-000833.s000005|wikivir-000833.s000006|wikivir-000833.s000007|wikivir-000833.s000008|wikivir-000833.s000009|wikivir-000833.s000010|wikivir-000833.s000011|wikivir-000833.s000012|wikivir-000833.s000013|wikivir-000833.s000014|wikivir-000833.s000015|wikivir-000833.s000016|wikivir-000833.s000017|wikivir-000833.s000018|wikivir-000833.s000019|wikivir-000833.s000020	26	111	82	51	Boston obsoja Einsteina. Einstein je prepovedan. Relativiteta nevarna? V Berlinu zapirajo kitajske študente. Kitajski študenti nevarni? SHS menja vlado. Dosti vlad je že menjala. Francija. Španija. Maroko. Frajtar terorizira. Žandar terorizira. Veliki ljudje živijo po svoje duše zakonih. Majhni po p	wikivir.cleaned.xml	833	Kons 4	Srečko Kosovel	20	pesmi				
emotion_sadness_per_1k	18.51851851851852	wikivir-000201::document::1	wikivir-000201	document	113	Kons: 4	Srečko Kosovel	pesmi			Boston obsoja Einsteina. Einstein je prepovedan. Relativiteta nevarna? V Berlinu zapirajo kitajske študente. Kitajski študentje nevarni? SHS menja vlado. Dosti vlad je že menjala. Francija. Španija. Maroko. Frajtar terorizira. Žandar terorizira. Veliki ljudje živijo po svoje duše zakonih. Majhni po	113	54	10.0	185.1851851851852	0.238095238095238	0.18825714285714285	3.0	55.55555555555555	0.0714285714285714	0.04465714285714285	3.0	55.55555555555555	0.0714285714285714	0.047542857142857144	13.0	240.74074074074076	0.3095238095238095	0.2512	1.0	18.51851851851852	0.0238095238095238	0.0664	11.0	203.7037037037037	0.2619047619047619	0.22771428571428573	0.0	0.0	0.0	0.0	1.0	0.0238095238095238	0.018514285714285716	3.0	55.55555555555555	19.0	351.85185185185185	0.40196462585034015	0.5644673469387755	0.5223088435374148	-0.7272727272727273	35	29	0.6481481481481481	fear	0.30952380952380953	wikivir.cleaned.xml	201	Integrali 26			document	wikivir-000201	wikivir-000201.s000001|wikivir-000201.s000002|wikivir-000201.s000003|wikivir-000201.s000004|wikivir-000201.s000005|wikivir-000201.s000006|wikivir-000201.s000007|wikivir-000201.s000008|wikivir-000201.s000009|wikivir-000201.s000010|wikivir-000201.s000011|wikivir-000201.s000012|wikivir-000201.s000013|wikivir-000201.s000014|wikivir-000201.s000015|wikivir-000201.s000016|wikivir-000201.s000017|wikivir-000201.s000018|wikivir-000201.s000019|wikivir-000201.s000020	26	113	82	51	Boston obsoja Einsteina. Einstein je prepovedan. Relativiteta nevarna? V Berlinu zapirajo kitajske študente. Kitajski študentje nevarni? SHS menja vlado. Dosti vlad je že menjala. Francija. Španija. Maroko. Frajtar terorizira. Žandar terorizira. Veliki ljudje živijo po svoje duše zakonih. Majhni po 	wikivir.cleaned.xml	201	Kons: 4	Srečko Kosovel		pesmi	Integrali 26			
emotion_sadness_per_1k	18.51851851851852	wikivir-000201::window::1	wikivir-000201	window	112	Kons: 4	Srečko Kosovel	pesmi			Boston obsoja Einsteina. Einstein je prepovedan. Relativiteta nevarna? V Berlinu zapirajo kitajske študente. Kitajski študentje nevarni? SHS menja vlado. Dosti vlad je že menjala. Francija. Španija. Maroko. Frajtar terorizira. Žandar terorizira. Veliki ljudje živijo po svoje duše zakonih. Majhni po	112	54	10.0	185.1851851851852	0.238095238095238	0.18825714285714285	3.0	55.55555555555555	0.0714285714285714	0.04465714285714285	3.0	55.55555555555555	0.0714285714285714	0.047542857142857144	13.0	240.74074074074076	0.3095238095238095	0.2512	1.0	18.51851851851852	0.0238095238095238	0.0664	11.0	203.7037037037037	0.2619047619047619	0.22771428571428573	0.0	0.0	0.0	0.0	1.0	0.0238095238095238	0.018514285714285716	3.0	55.55555555555555	19.0	351.85185185185185	0.40196462585034015	0.5644673469387755	0.5223088435374148	-0.7272727272727273	35	29	0.6481481481481481	fear	0.30952380952380953	wikivir.cleaned.xml	201	Integrali 26			window	wikivir-000201	wikivir-000201.s000001|wikivir-000201.s000002|wikivir-000201.s000003|wikivir-000201.s000004|wikivir-000201.s000005|wikivir-000201.s000006|wikivir-000201.s000007|wikivir-000201.s000008|wikivir-000201.s000009|wikivir-000201.s000010|wikivir-000201.s000011|wikivir-000201.s000012|wikivir-000201.s000013|wikivir-000201.s000014|wikivir-000201.s000015|wikivir-000201.s000016|wikivir-000201.s000017|wikivir-000201.s000018|wikivir-000201.s000019|wikivir-000201.s000020	26	112	82	51	Boston obsoja Einsteina. Einstein je prepovedan. Relativiteta nevarna? V Berlinu zapirajo kitajske študente. Kitajski študentje nevarni? SHS menja vlado. Dosti vlad je že menjala. Francija. Španija. Maroko. Frajtar terorizira. Žandar terorizira. Veliki ljudje živijo po svoje duše zakonih. Majhni po 	wikivir.cleaned.xml	201	Kons: 4	Srečko Kosovel		pesmi	Integrali 26			
emotion_sadness_per_1k	18.51851851851852	wikivir-000833::document::1	wikivir-000833	document	112	Kons 4	Srečko Kosovel	pesmi	20		Boston obsoja Einsteina. Einstein je prepovedan. Relativiteta nevarna? V Berlinu zapirajo kitajske študente. Kitajski študenti nevarni? SHS menja vlado. Dosti vlad je že menjala. Francija. Španija. Maroko. Frajtar terorizira. Žandar terorizira. Veliki ljudje živijo po svoje duše zakonih. Majhni po p	112	54	10.0	185.1851851851852	0.238095238095238	0.18825714285714285	3.0	55.55555555555555	0.0714285714285714	0.04465714285714285	3.0	55.55555555555555	0.0714285714285714	0.047542857142857144	13.0	240.74074074074076	0.3095238095238095	0.2512	1.0	18.51851851851852	0.0238095238095238	0.0664	11.0	203.7037037037037	0.2619047619047619	0.22771428571428573	0.0	0.0	0.0	0.0	1.0	0.0238095238095238	0.018514285714285716	3.0	55.55555555555555	19.0	351.85185185185185	0.40196462585034015	0.5644673469387755	0.5223088435374148	-0.7272727272727273	35	29	0.6481481481481481	fear	0.30952380952380953	wikivir.cleaned.xml	833				document	wikivir-000833	wikivir-000833.s000001|wikivir-000833.s000002|wikivir-000833.s000003|wikivir-000833.s000004|wikivir-000833.s000005|wikivir-000833.s000006|wikivir-000833.s000007|wikivir-000833.s000008|wikivir-000833.s000009|wikivir-000833.s000010|wikivir-000833.s000011|wikivir-000833.s000012|wikivir-000833.s000013|wikivir-000833.s000014|wikivir-000833.s000015|wikivir-000833.s000016|wikivir-000833.s000017|wikivir-000833.s000018|wikivir-000833.s000019|wikivir-000833.s000020	26	112	82	51	Boston obsoja Einsteina. Einstein je prepovedan. Relativiteta nevarna? V Berlinu zapirajo kitajske študente. Kitajski študenti nevarni? SHS menja vlado. Dosti vlad je že menjala. Francija. Španija. Maroko. Frajtar terorizira. Žandar terorizira. Veliki ljudje živijo po svoje duše zakonih. Majhni po p	wikivir.cleaned.xml	833	Kons 4	Srečko Kosovel	20	pesmi				
emotion_sadness_per_1k	0.0	wikivir-001514::window::1	wikivir-001514	window	86	Žalostna pesem bajtarja Drejca	Karel Destovnik Kajuh	pesmi	20		Dež, dež, vse noči po strehah lije ... Dež, dež, vse noči po šipah bije. Polja in vrtovi, vse je, vse je pod vodó, in po njivah vsi plodovi v dežju gnijejo in mro. Groza, groza, temna groza se budi. Groza, groza, temna groza je zajela vse ljudi. Roke, roke, žuljave in pridne roke, roke naših žen in	86	40	6.0	150.0	0.1666666666666666	0.16071428571428573	2.0	50.0	0.0555555555555555	0.03596428571428572	6.0	150.0	0.1666666666666666	0.14057142857142857	6.0	150.0	0.1666666666666666	0.1977857142857143	2.0	50.0	0.0555555555555555	0.02975	8.0	200.0	0.2222222222222222	0.22210714285714284	6.0	150.0	0.1666666666666666	0.159	0.0	0.0	0.0	2.0	50.0	6.0	150.0	0.4478392857142858	0.4755416666666668	0.4206904761904761	-0.5	28	13	0.7	sadness	0.2222222222222222	wikivir.cleaned.xml	1514				window	wikivir-001514	wikivir-001514.s000001|wikivir-001514.s000002|wikivir-001514.s000003|wikivir-001514.s000004|wikivir-001514.s000005|wikivir-001514.s000006|wikivir-001514.s000007|wikivir-001514.s000008|wikivir-001514.s000009|wikivir-001514.s000010|wikivir-001514.s000011|wikivir-001514.s000012|wikivir-001514.s000013|wikivir-001514.s000014|wikivir-001514.s000015|wikivir-001514.s000016	16	86	64	38	Dež, dež, vse noči po strehah lije ... Dež, dež, vse noči po šipah bije. Polja in vrtovi, vse je, vse je pod vodó, in po njivah vsi plodovi v dežju gnijejo in mro. Groza, groza, temna groza se budi. Groza, groza, temna groza je zajela vse ljudi. Roke, roke, žuljave in pridne roke, roke naših žen in 	wikivir.cleaned.xml	1514	Žalostna pesem bajtarja Drejca	Karel Destovnik Kajuh	20	pesmi				
emotion_sadness_per_1k	0.0	wikivir-001514::document::1	wikivir-001514	document	90	Žalostna pesem bajtarja Drejca	Karel Destovnik Kajuh	pesmi	20		Dež, dež, vse noči po strehah lije ... Dež, dež, vse noči po šipah bije. Polja in vrtovi, vse je, vse je pod vodó, in po njivah vsi plodovi v dežju gnijejo in mro. Groza, groza, temna groza se budi. Groza, groza, temna groza je zajela vse ljudi. Roke, roke, žuljave in pridne roke, roke naših žen in	90	40	6.0	150.0	0.1666666666666666	0.16071428571428573	2.0	50.0	0.0555555555555555	0.03596428571428572	6.0	150.0	0.1666666666666666	0.14057142857142857	6.0	150.0	0.1666666666666666	0.1977857142857143	2.0	50.0	0.0555555555555555	0.02975	8.0	200.0	0.2222222222222222	0.22210714285714284	6.0	150.0	0.1666666666666666	0.159	0.0	0.0	0.0	2.0	50.0	6.0	150.0	0.4478392857142858	0.4755416666666668	0.4206904761904761	-0.5	28	13	0.7	sadness	0.2222222222222222	wikivir.cleaned.xml	1514				document	wikivir-001514	wikivir-001514.s000001|wikivir-001514.s000002|wikivir-001514.s000003|wikivir-001514.s000004|wikivir-001514.s000005|wikivir-001514.s000006|wikivir-001514.s000007|wikivir-001514.s000008|wikivir-001514.s000009|wikivir-001514.s000010|wikivir-001514.s000011|wikivir-001514.s000012|wikivir-001514.s000013|wikivir-001514.s000014|wikivir-001514.s000015|wikivir-001514.s000016	16	90	64	38	Dež, dež, vse noči po strehah lije ... Dež, dež, vse noči po šipah bije. Polja in vrtovi, vse je, vse je pod vodó, in po njivah vsi plodovi v dežju gnijejo in mro. Groza, groza, temna groza se budi. Groza, groza, temna groza je zajela vse ljudi. Roke, roke, žuljave in pridne roke, roke naših žen in 	wikivir.cleaned.xml	1514	Žalostna pesem bajtarja Drejca	Karel Destovnik Kajuh	20	pesmi				
emotion_sadness_per_1k	65.21739130434783	wikivir-014026::window::3	wikivir-014026	window	118	Mrtev človek	Ernst Toller	kratka proza	20		globoko zakopana, razumem ono skupno človeško, ono edino in združujoče. Mrtev človek. – Ne mrtev Francoz. – Ne mrtev Nemec. – Mrtev človek. Vsi ti mrtvi so – ljudje. Vsi ti mrtvi so dihali kakor jaz, vsi ti mrtvi so imeli očeta, mater, ženo, ki so jih ljubili, košček zemlje, na katero so bili naveza	118	46	0.0	0.0	0.0	0.0	1.0	21.73913043478261	0.04	0.022851851851851852	1.0	21.73913043478261	0.04	0.023148148148148147	10.0	217.3913043478261	0.4	0.2701481481481482	1.0	21.73913043478261	0.04	0.013888888888888888	9.0	195.6521739130435	0.36	0.2896296296296296	0.0	0.0	0.0	0.21303703703703702	3.0	0.12	0.06970370370370371	4.0	86.95652173913044	11.0	239.13043478260872	0.432537037037037	0.3632160493827161	0.36858641975308637	-0.4666666666666667	27	16	0.5869565217391305	fear	0.4	wikivir.cleaned.xml	14026				window	wikivir-014026	wikivir-014026.s000042|wikivir-014026.s000043|wikivir-014026.s000044|wikivir-014026.s000045|wikivir-014026.s000046|wikivir-014026.s000047|wikivir-014026.s000048|wikivir-014026.s000049|wikivir-014026.s000050	9	118	93	46	globoko zakopana, razumem ono skupno človeško, ono edino in združujoče. Mrtev človek. – Ne mrtev Francoz. – Ne mrtev Nemec. – Mrtev človek. Vsi ti mrtvi so – ljudje. Vsi ti mrtvi so dihali kakor jaz, vsi ti mrtvi so imeli očeta, mater, ženo, ki so jih ljubili, košček zemlje, na katero so bili naveza	wikivir.cleaned.xml	14026	Mrtev človek	Ernst Toller	20	kratka proza				
emotion_sadness_per_1k	130.43478260869566	wikivir-004344::document::1	wikivir-004344	document	86	MELANHOLIČNI SONG	Milan Dekleva	pesmi	20		MELANHOLIČNI SONG Če moški razmišlja o Roški, če noče ležati med joški, če raje, kot gnetel bi boke, politike vleče za roke: takrat me zgrabi melanholija, še hujša kakor monogamija, takrat me zgrabi melanholija, še hujša kakor televizija. Če moški erotični manko zamenja za tolar in banko, če gleda p	86	46	9.0	195.6521739130435	0.2368421052631578	0.16633333333333333	2.0	43.47826086956522	0.0526315789473684	0.053933333333333326	0.0	0.0	0.0	0.0	9.0	195.6521739130435	0.2368421052631578	0.1703666666666667	1.0	21.73913043478261	0.0263157894736842	0.016666666666666666	9.0	195.6521739130435	0.2368421052631578	0.19636666666666663	2.0	43.47826086956522	0.0526315789473684	0.037766666666666664	6.0	0.1578947368421052	0.10863333333333332	5.0	108.69565217391305	14.0	304.34782608695656	0.38938888888888906	0.4787777777777779	0.4666055555555556	-0.47368421052631576	30	18	0.6521739130434783	anger	0.23684210526315788	wikivir.cleaned.xml	4344				document	wikivir-004344	wikivir-004344.s000001|wikivir-004344.s000002|wikivir-004344.s000003|wikivir-004344.s000004|wikivir-004344.s000005|wikivir-004344.s000006|wikivir-004344.s000007|wikivir-004344.s000008|wikivir-004344.s000009|wikivir-004344.s000010|wikivir-004344.s000011|wikivir-004344.s000012|wikivir-004344.s000013|wikivir-004344.s000014|wikivir-004344.s000015|wikivir-004344.s000016|wikivir-004344.s000017|wikivir-004344.s000018|wikivir-004344.s000019|wikivir-004344.s000020	23	86	71	46	MELANHOLIČNI SONG Če moški razmišlja o Roški, če noče ležati med joški, če raje, kot gnetel bi boke, politike vleče za roke: takrat me zgrabi melanholija, še hujša kakor monogamija, takrat me zgrabi melanholija, še hujša kakor televizija. Če moški erotični manko zamenja za tolar in banko, če gleda p	wikivir.cleaned.xml	4344	MELANHOLIČNI SONG	Milan Dekleva	20	pesmi				
emotion_sadness_per_1k	130.43478260869566	wikivir-004344::window::1	wikivir-004344	window	85	MELANHOLIČNI SONG	Milan Dekleva	pesmi	20		MELANHOLIČNI SONG Če moški razmišlja o Roški, če noče ležati med joški, če raje, kot gnetel bi boke, politike vleče za roke: takrat me zgrabi melanholija, še hujša kakor monogamija, takrat me zgrabi melanholija, še hujša kakor televizija. Če moški erotični manko zamenja za tolar in banko, če gleda p	85	46	9.0	195.6521739130435	0.2368421052631578	0.16633333333333333	2.0	43.47826086956522	0.0526315789473684	0.053933333333333326	0.0	0.0	0.0	0.0	9.0	195.6521739130435	0.2368421052631578	0.1703666666666667	1.0	21.73913043478261	0.0263157894736842	0.016666666666666666	9.0	195.6521739130435	0.2368421052631578	0.19636666666666663	2.0	43.47826086956522	0.0526315789473684	0.037766666666666664	6.0	0.1578947368421052	0.10863333333333332	5.0	108.69565217391305	14.0	304.34782608695656	0.38938888888888906	0.4787777777777779	0.4666055555555556	-0.47368421052631576	30	18	0.6521739130434783	anger	0.23684210526315788	wikivir.cleaned.xml	4344				window	wikivir-004344	wikivir-004344.s000001|wikivir-004344.s000002|wikivir-004344.s000003|wikivir-004344.s000004|wikivir-004344.s000005|wikivir-004344.s000006|wikivir-004344.s000007|wikivir-004344.s000008|wikivir-004344.s000009|wikivir-004344.s000010|wikivir-004344.s000011|wikivir-004344.s000012|wikivir-004344.s000013|wikivir-004344.s000014|wikivir-004344.s000015|wikivir-004344.s000016|wikivir-004344.s000017|wikivir-004344.s000018|wikivir-004344.s000019|wikivir-004344.s000020	23	85	71	46	MELANHOLIČNI SONG Če moški razmišlja o Roški, če noče ležati med joški, če raje, kot gnetel bi boke, politike vleče za roke: takrat me zgrabi melanholija, še hujša kakor monogamija, takrat me zgrabi melanholija, še hujša kakor televizija. Če moški erotični manko zamenja za tolar in banko, če gleda p	wikivir.cleaned.xml	4344	MELANHOLIČNI SONG	Milan Dekleva	20	pesmi				
emotion_sadness_per_1k	73.17073170731707	wikivir-015945::window::3	wikivir-015945	window	99	Vodnjak	Zofka Kveder	kratka proza	20	1903	na dnu, pozabljeno, mirno, mrtvo. Vse žalitve, vse bolečine, jezo, trpkost, razočaranje, osramočenje, krivice, vse ono slabo in hudobno, kar mečejo ljudje, kar meče svet dan na dan v mlade, ničesar zlega sluteče duše. Spalo je že, umrlo je že, pozabljeno je bilo ali zopet sem vse prebudila in dobro,	99	41	6.0	146.34146341463415	0.1764705882352941	0.15937037037037036	3.0	73.17073170731707	0.088235294117647	0.02748148148148148	4.0	97.5609756097561	0.1176470588235294	0.07118518518518517	7.0	170.7317073170732	0.2058823529411764	0.1302222222222222	2.0	48.78048780487805	0.0588235294117647	0.07503703703703703	8.0	195.1219512195122	0.2352941176470588	0.17900000000000002	1.0	24.390243902439025	0.0294117647058823	0.026629629629629628	3.0	0.088235294117647	0.07322222222222222	4.0	97.5609756097561	12.0	292.6829268292683	0.42389197530864187	0.4746882716049383	0.43628703703703703	-0.5	27	23	0.6585365853658537	sadness	0.23529411764705882	wikivir.cleaned.xml	15945				window	wikivir-015945	wikivir-015945.s000034|wikivir-015945.s000035|wikivir-015945.s000036|wikivir-015945.s000037|wikivir-015945.s000038|wikivir-015945.s000039	6	99	74	40	na dnu, pozabljeno, mirno, mrtvo. Vse žalitve, vse bolečine, jezo, trpkost, razočaranje, osramočenje, krivice, vse ono slabo in hudobno, kar mečejo ljudje, kar meče svet dan na dan v mlade, ničesar zlega sluteče duše. Spalo je že, umrlo je že, pozabljeno je bilo ali zopet sem vse prebudila in dobro,	wikivir.cleaned.xml	15945	Vodnjak	Zofka Kveder	20	kratka proza			1903	
emotion_sadness_per_1k	53.84615384615385	wikivir-004866::window::141	wikivir-004866	window	400	Za devetimi gorami		slovenske ljudske pravljice			do starosti in tako je tudi Pust služil do starosti. Ko se je pa Pust enkrat postaral, so mu rekli takrat v kasarni: »Pust, ti si se postaral in lahko greš proti svojemu domu.« Pust pa ni imel več svojih ljudi, so mu že vsi pomrli. Samo kraj je imel, kamor je šel. V kasarni so mu dali še star vojašk	400	130	4.0	30.76923076923077	0.0816326530612244	0.041656716417910446	4.0	30.76923076923077	0.0816326530612244	0.03264179104477612	1.0	7.6923076923076925	0.0204081632653061	0.006999999999999999	3.0	23.07692307692308	0.0612244897959183	0.04176119402985075	2.0	15.384615384615383	0.0408163265306122	0.03713432835820896	25.0	192.30769230769232	0.5102040816326531	0.14213432835820894	3.0	23.07692307692308	0.0612244897959183	0.023208955223880598	7.0	0.1428571428571428	0.05620895522388059	14.0	107.6923076923077	31.0	238.46153846153848	0.4436044776119403	0.44010696517412934	0.43317412935323385	-0.37777777777777777	67	35	0.5153846153846153	sadness	0.5102040816326531	wikivir.cleaned.xml	4866				window	wikivir-004866	wikivir-004866.s002392|wikivir-004866.s002393|wikivir-004866.s002394|wikivir-004866.s002395|wikivir-004866.s002396|wikivir-004866.s002397|wikivir-004866.s002398|wikivir-004866.s002399|wikivir-004866.s002400|wikivir-004866.s002401|wikivir-004866.s002402|wikivir-004866.s002403|wikivir-004866.s002404|wikivir-004866.s002405|wikivir-004866.s002406|wikivir-004866.s002407|wikivir-004866.s002408|wikivir-004866.s002409|wikivir-004866.s002410|wikivir-004866.s002411	29	400	300	129	do starosti in tako je tudi Pust služil do starosti. Ko se je pa Pust enkrat postaral, so mu rekli takrat v kasarni: »Pust, ti si se postaral in lahko greš proti svojemu domu.« Pust pa ni imel več svojih ljudi, so mu že vsi pomrli. Samo kraj je imel, kamor je šel. V kasarni so mu dali še star vojašk	wikivir.cleaned.xml	4866	Za devetimi gorami			slovenske ljudske pravljice				
emotion_sadness_per_1k	23.809523809523807	wikivir-013253::window::25	wikivir-013253	window	101	Apokalipsa	Stanko Majcen	drame	20		petnajst let —Nasilni človek. Kdo govori? Petnajst let! Eno samo uro za tisoč smrti! Pop. In otel te bom iz rok asirskega kralja, tebe in tvoje mesto —Nasilni človek. In bom zadavil to godbo in jo davil ... davil ... (Se poloti popa, ga stisne k tlom in ga zadavi.)Glasovi. Vojak! Vojak! Nasilni človek	101	42	9.0	214.28571428571428	0.2368421052631578	0.25395652173913047	2.0	47.61904761904761	0.0526315789473684	0.03360869565217391	6.0	142.85714285714286	0.1578947368421052	0.1749130434782609	6.0	142.85714285714286	0.1578947368421052	0.2098695652173913	0.0	0.0	0.0	0.0	8.0	190.47619047619045	0.2105263157894736	0.21843478260869562	6.0	142.85714285714286	0.1578947368421052	0.1626086956521739	1.0	0.0263157894736842	0.017304347826086957	3.0	71.42857142857143	6.0	142.85714285714286	0.36974637681159417	0.4923550724637682	0.47929710144927545	-0.3333333333333333	23	15	0.5476190476190477	anger	0.23684210526315788	wikivir.cleaned.xml	13253				window	wikivir-013253	wikivir-013253.s000938|wikivir-013253.s000939|wikivir-013253.s000940|wikivir-013253.s000941|wikivir-013253.s000942|wikivir-013253.s000943|wikivir-013253.s000944|wikivir-013253.s000945|wikivir-013253.s000946|wikivir-013253.s000947|wikivir-013253.s000948|wikivir-013253.s000949|wikivir-013253.s000950|wikivir-013253.s000951	14	101	69	42	petnajst let —Nasilni človek. Kdo govori? Petnajst let! Eno samo uro za tisoč smrti!Pop. In otel te bom iz rok asirskega kralja, tebe in tvoje mesto —Nasilni človek. In bom zadavil to godbo in jo davil ... davil ... (Se poloti popa, ga stisne k tlom in ga zadavi.)Glasovi. Vojak! Vojak!Nasilni človek	wikivir.cleaned.xml	13253	Apokalipsa	Stanko Majcen	20	drame				
emotion_sadness_per_1k	119.04761904761904	wikivir-004743::window::37	wikivir-004743	window	118	V plamenih	Milan Fabjančič	proza	20		je završalo po barakah. »Pazi, skloni se, da te ne ubije!« »Ah, čemu! Sedaj ne bo ubilo!« »Beži, skloni se, skrij se!« so mu klicali iz barake in ga vabili k sebi. »Nikamor se več ne skrijem; saj tako pridejo ...« Sredi taborišča je zadivjal orkester, ujetniški orkester. »Muzika; naši igrajo!« so pl	118	42	4.0	95.23809523809524	0.1	0.0772	2.0	47.61904761904761	0.05	0.05550000000000001	4.0	95.23809523809524	0.1	0.06765	8.0	190.47619047619045	0.2	0.20299999999999999	4.0	95.23809523809524	0.1	0.0782	8.0	190.47619047619045	0.2	0.13830000000000003	5.0	119.04761904761904	0.125	0.12494999999999998	5.0	0.125	0.14450000000000002	5.0	119.04761904761904	8.0	190.47619047619045	0.478775	0.581825	0.5514	-0.23076923076923078	20	14	0.4761904761904761	fear	0.2	wikivir.cleaned.xml	4743				window	wikivir-004743	wikivir-004743.s000660|wikivir-004743.s000661|wikivir-004743.s000662|wikivir-004743.s000663|wikivir-004743.s000664|wikivir-004743.s000665|wikivir-004743.s000666|wikivir-004743.s000667|wikivir-004743.s000668|wikivir-004743.s000669|wikivir-004743.s000670|wikivir-004743.s000671	12	118	81	42	je završalo po barakah. »Pazi, skloni se, da te ne ubije!« »Ah, čemu! Sedaj ne bo ubilo!« »Beži, skloni se, skrij se!« so mu klicali iz barake in ga vabili k sebi. »Nikamor se več ne skrijem; saj tako pridejo ...« Sredi taborišča je zadivjal orkester, ujetniški orkester. »Muzika; naši igrajo!« so pl	wikivir.cleaned.xml	4743	V plamenih	Milan Fabjančič	20	proza				
emotion_sadness_per_1k	71.42857142857143	wikivir-014735::window::6	wikivir-014735	window	100	Pavle	Ivan Tavčar	kratka proza	20	1902	žlico »pri Štefanu«, pil pa menda tudi iz velike merice, kajti bil je tako pijan, da je padel v svojem stanovanju na Poljanah iz svislij skozi »trahtar« v jasli ter obležal mrtev. Binkoštni torek so nesli nepobarvano surovo krsto — priprosto zbito iz štirih desk — k Sv. Krištofu; krsti ni sledil nih	100	42	1.0	23.809523809523807	0.0476190476190476	0.01582608695652174	0.0	0.0	0.0	0.0	2.0	47.61904761904761	0.0952380952380952	0.08869565217391305	6.0	142.85714285714286	0.2857142857142857	0.17721739130434785	1.0	23.809523809523807	0.0476190476190476	0.012217391304347828	8.0	190.47619047619045	0.3809523809523809	0.2527391304347826	0.0	0.0	0.0	0.03126086956521739	3.0	0.1428571428571428	0.071	3.0	71.42857142857143	11.0	261.9047619047619	0.4019942028985507	0.46868985507246386	0.4437065217391305	-0.5714285714285714	23	21	0.5476190476190477	sadness	0.38095238095238093	wikivir.cleaned.xml	14735				window	wikivir-014735	wikivir-014735.s000035|wikivir-014735.s000036|wikivir-014735.s000037	3	100	80	42	žlico »pri Štefanu«, pil pa menda tudi iz velike merice, kajti bil je tako pijan, da je padel v svojem stanovanju na Poljanah iz svislij skozi »trahtar« v jasli ter obležal mrtev. Binkoštni torek so nesli nepobarvano surovo krsto — priprosto zbito iz štirih desk — k Sv. Krištofu; krsti ni sledil nih	wikivir.cleaned.xml	14735	Pavle	Ivan Tavčar	20	kratka proza			1902	
emotion_sadness_per_1k	77.92207792207792	wikivir-010735::window::4	wikivir-010735	window	393	Pravljica O sivem mestu in črni roži	Marjana Moškrič	pravljice	21		v sivi vodi. Bil je črn. Popolnoma. Se je razjokal nad svojo črno usodo. Se spraševal Kaj naj stori? Kam naj gre? Kaj pa, če je povsod tako sivo in pusto? Obrnil se je k oblaku, ki je ždel zgoraj na nebu: »Ne siv, takšen že ne Bel, kot ovčka mehak, tak bi moral biti. Pa kako hudobno gledaš, saj si k	393	154	6.0	38.96103896103896	0.0594059405940594	0.025138297872340426	15.0	97.4025974025974	0.1485148514851485	0.060914893617021286	19.0	123.37662337662336	0.1881188118811881	0.05620212765957446	6.0	38.96103896103896	0.0594059405940594	0.0391063829787234	9.0	58.44155844155844	0.0891089108910891	0.06563829787234042	29.0	188.31168831168836	0.2871287128712871	0.09658510638297874	5.0	32.467532467532465	0.0495049504950495	0.014638297872340424	12.0	0.1188118811881188	0.07264893617021276	21.0	136.36363636363637	24.0	155.84415584415584	0.5022801418439715	0.3351572695035461	0.4001031914893617	-0.06666666666666667	94	49	0.6103896103896104	sadness	0.2871287128712871	wikivir.cleaned.xml	10735				window	wikivir-010735	wikivir-010735.s000068|wikivir-010735.s000069|wikivir-010735.s000070|wikivir-010735.s000071|wikivir-010735.s000072|wikivir-010735.s000073|wikivir-010735.s000074|wikivir-010735.s000075|wikivir-010735.s000076|wikivir-010735.s000077|wikivir-010735.s000078|wikivir-010735.s000079|wikivir-010735.s000080|wikivir-010735.s000081|wikivir-010735.s000082|wikivir-010735.s000083|wikivir-010735.s000084|wikivir-010735.s000085|wikivir-010735.s000086|wikivir-010735.s000087	50	393	300	148	v sivi vodi. Bil je črn. Popolnoma. Se je razjokal nad svojo črno usodo. Se spraševal Kaj naj stori? Kam naj gre? Kaj pa, če je povsod tako sivo in pusto? Obrnil se je k oblaku, ki je ždel zgoraj na nebu: »Ne siv, takšen že ne Bel, kot ovčka mehak, tak bi moral biti. Pa kako hudobno gledaš, saj si k	wikivir.cleaned.xml	10735	Pravljica O sivem mestu in črni roži	Marjana Moškrič	21	pravljice				
emotion_sadness_per_1k	78.94736842105263	wikivir-007010::document::1	wikivir-007010	document	112	Vsak ima svojo smrt	Neža Maurer	pesmi	20		Še vedno sem tu kot doberdan v prazni sobi – primerno oblečena, počesana, z vsem, kar sem želela in česar si nisem želela v življenju. In z žalostjo onstran griča. Smrt ne pride. Moja je, tvoja, njegova. Vsak ima svojo smrt za svojo cesto, za svojo rožo, za svoje nebo, za svojo ljubezen. Poznala sem	112	38	4.0	105.26315789473684	0.125	0.09566666666666666	4.0	105.26315789473684	0.125	0.06633333333333334	4.0	105.26315789473684	0.125	0.10933333333333334	4.0	105.26315789473684	0.125	0.14049999999999999	1.0	26.31578947368421	0.03125	0.06375	7.0	184.21052631578945	0.21875	0.2685	5.0	131.57894736842104	0.15625	0.10608333333333332	3.0	0.09375	0.08983333333333332	4.0	105.26315789473684	7.0	184.21052631578945	0.47465277777777776	0.41775	0.4271805555555555	-0.2727272727272727	24	16	0.631578947368421	sadness	0.21875	wikivir.cleaned.xml	7010				document	wikivir-007010	wikivir-007010.s000001|wikivir-007010.s000002|wikivir-007010.s000003|wikivir-007010.s000004|wikivir-007010.s000005|wikivir-007010.s000006|wikivir-007010.s000007|wikivir-007010.s000008|wikivir-007010.s000009|wikivir-007010.s000010|wikivir-007010.s000011|wikivir-007010.s000012|wikivir-007010.s000013|wikivir-007010.s000014|wikivir-007010.s000015|wikivir-007010.s000016|wikivir-007010.s000017|wikivir-007010.s000018|wikivir-007010.s000019|wikivir-007010.s000020	24	112	91	35	Še vedno sem tu kot doberdan v prazni sobi – primerno oblečena, počesana, z vsem, kar sem želela in česar si nisem želela v življenju. In z žalostjo onstran griča. Smrt ne pride. Moja je, tvoja, njegova. Vsak ima svojo smrt za svojo cesto, za svojo rožo, za svoje nebo, za svojo ljubezen. Poznala sem	wikivir.cleaned.xml	7010	Vsak ima svojo smrt	Neža Maurer	20	pesmi				
emotion_sadness_per_1k	78.94736842105263	wikivir-007010::window::1	wikivir-007010	window	112	Vsak ima svojo smrt	Neža Maurer	pesmi	20		Še vedno sem tu kot doberdan v prazni sobi – primerno oblečena, počesana, z vsem, kar sem želela in česar si nisem želela v življenju. In z žalostjo onstran griča. Smrt ne pride. Moja je, tvoja, njegova. Vsak ima svojo smrt za svojo cesto, za svojo rožo, za svoje nebo, za svojo ljubezen. Poznala sem	112	38	4.0	105.26315789473684	0.125	0.09566666666666666	4.0	105.26315789473684	0.125	0.06633333333333334	4.0	105.26315789473684	0.125	0.10933333333333334	4.0	105.26315789473684	0.125	0.14049999999999999	1.0	26.31578947368421	0.03125	0.06375	7.0	184.21052631578945	0.21875	0.2685	5.0	131.57894736842104	0.15625	0.10608333333333332	3.0	0.09375	0.08983333333333332	4.0	105.26315789473684	7.0	184.21052631578945	0.47465277777777776	0.41775	0.4271805555555555	-0.2727272727272727	24	16	0.631578947368421	sadness	0.21875	wikivir.cleaned.xml	7010				window	wikivir-007010	wikivir-007010.s000001|wikivir-007010.s000002|wikivir-007010.s000003|wikivir-007010.s000004|wikivir-007010.s000005|wikivir-007010.s000006|wikivir-007010.s000007|wikivir-007010.s000008|wikivir-007010.s000009|wikivir-007010.s000010|wikivir-007010.s000011|wikivir-007010.s000012|wikivir-007010.s000013|wikivir-007010.s000014|wikivir-007010.s000015|wikivir-007010.s000016|wikivir-007010.s000017|wikivir-007010.s000018|wikivir-007010.s000019|wikivir-007010.s000020	24	112	91	35	Še vedno sem tu kot doberdan v prazni sobi – primerno oblečena, počesana, z vsem, kar sem želela in česar si nisem želela v življenju. In z žalostjo onstran griča. Smrt ne pride. Moja je, tvoja, njegova. Vsak ima svojo smrt za svojo cesto, za svojo rožo, za svoje nebo, za svojo ljubezen. Poznala sem	wikivir.cleaned.xml	7010	Vsak ima svojo smrt	Neža Maurer	20	pesmi				
emotion_sadness_per_1k	90.9090909090909	wikivir-020599::document::1	wikivir-020599	document	97	Spomin (Alojzij Merhar)	Alojzij Merhar	pesmi	20		RIM je mesto vseh rodov, vseh svetov in dob; pol je krasen vrt cvetov, pol je slaven grob. Vse se menja venomer: križ in obelisk, zorno jutro in večer, glasen jok in vrisk. Spomnil sem se, oče moj, daljnjih rodnih tal: Če ni križ na grobu tvoj tudi že razpal Kaj bi tebi v dnevih teh stal na grobu kr	97	44	8.0	181.8181818181818	0.2352941176470588	0.16633333333333336	3.0	68.18181818181817	0.088235294117647	0.0454074074074074	0.0	0.0	0.0	0.0	8.0	181.8181818181818	0.2352941176470588	0.10003703703703705	3.0	68.18181818181817	0.088235294117647	0.056740740740740744	8.0	181.8181818181818	0.2352941176470588	0.10966666666666665	0.0	0.0	0.0	0.0	4.0	0.1176470588235294	0.07174074074074073	5.0	113.63636363636364	9.0	204.54545454545456	0.5672592592592594	0.4430154320987654	0.5416543209876543	-0.2857142857142857	27	21	0.6136363636363636	anger	0.23529411764705882	wikivir.cleaned.xml	20599				document	wikivir-020599	wikivir-020599.s000001|wikivir-020599.s000002|wikivir-020599.s000003|wikivir-020599.s000004|wikivir-020599.s000005|wikivir-020599.s000006|wikivir-020599.s000007|wikivir-020599.s000008|wikivir-020599.s000009|wikivir-020599.s000010|wikivir-020599.s000011|wikivir-020599.s000012|wikivir-020599.s000013|wikivir-020599.s000014|wikivir-020599.s000015|wikivir-020599.s000016|wikivir-020599.s000017|wikivir-020599.s000018|wikivir-020599.s000019|wikivir-020599.s000020	20	97	83	43	RIM je mesto vseh rodov, vseh svetov in dob; pol je krasen vrt cvetov, pol je slaven grob. Vse se menja venomer: križ in obelisk, zorno jutro in večer, glasen jok in vrisk. Spomnil sem se, oče moj, daljnjih rodnih tal: Če ni križ na grobu tvoj tudi že razpal Kaj bi tebi v dnevih teh stal na grobu kr	wikivir.cleaned.xml	20599	Spomin (Alojzij Merhar)	Alojzij Merhar	20	pesmi				
emotion_sadness_per_1k	42.42424242424243	wikivir-011653::window::73	wikivir-011653	window	374	Ljudje od Soče	Matija Malešič	proza	20	1918	ni bilo izključeno, da naenkrat udari med nas granata, ali se nad nami razpoči šrapnel; mrtvaške, temne, črne misli so nas navdajale. Kaj vem, koliko krst so imeli pogrebci še položiti v prostrano jamo, ko smo začuli med divjimi kostanji tihe korake. In preden smo se dobro zavedli, se je izvil iz po	374	165	17.0	103.03030303030305	0.1440677966101695	0.08918556701030927	13.0	78.78787878787878	0.1101694915254237	0.044670103092783506	7.0	42.42424242424243	0.059322033898305	0.049288659793814436	27.0	163.63636363636363	0.2288135593220339	0.1618659793814433	6.0	36.36363636363636	0.0508474576271186	0.04551546391752578	30.0	181.8181818181818	0.2542372881355932	0.16138144329896909	11.0	66.66666666666667	0.0932203389830508	0.03865979381443299	7.0	0.059322033898305	0.04237113402061855	19.0	115.15151515151516	32.0	193.93939393939397	0.4579871134020619	0.43652457044673537	0.46747268041237117	-0.2549019607843137	97	69	0.5878787878787879	sadness	0.2542372881355932	wikivir.cleaned.xml	11653				window	wikivir-011653	wikivir-011653.s000786|wikivir-011653.s000787|wikivir-011653.s000788|wikivir-011653.s000789|wikivir-011653.s000790|wikivir-011653.s000791|wikivir-011653.s000792|wikivir-011653.s000793|wikivir-011653.s000794|wikivir-011653.s000795|wikivir-011653.s000796|wikivir-011653.s000797|wikivir-011653.s000798|wikivir-011653.s000799	14	374	300	160	ni bilo izključeno, da naenkrat udari med nas granata, ali se nad nami razpoči šrapnel; mrtvaške, temne, črne misli so nas navdajale. Kaj vem, koliko krst so imeli pogrebci še položiti v prostrano jamo, ko smo začuli med divjimi kostanji tihe korake. In preden smo se dobro zavedli, se je izvil iz po	wikivir.cleaned.xml	11653	Ljudje od Soče	Matija Malešič	20	proza			1918	
emotion_sadness_per_1k	90.9090909090909	wikivir-020599::window::1	wikivir-020599	window	96	Spomin (Alojzij Merhar)	Alojzij Merhar	pesmi	20		RIM je mesto vseh rodov, vseh svetov in dob; pol je krasen vrt cvetov, pol je slaven grob. Vse se menja venomer: križ in obelisk, zorno jutro in večer, glasen jok in vrisk. Spomnil sem se, oče moj, daljnjih rodnih tal: Če ni križ na grobu tvoj tudi že razpal Kaj bi tebi v dnevih teh stal na grobu kr	96	44	8.0	181.8181818181818	0.2352941176470588	0.16633333333333336	3.0	68.18181818181817	0.088235294117647	0.0454074074074074	0.0	0.0	0.0	0.0	8.0	181.8181818181818	0.2352941176470588	0.10003703703703705	3.0	68.18181818181817	0.088235294117647	0.056740740740740744	8.0	181.8181818181818	0.2352941176470588	0.10966666666666665	0.0	0.0	0.0	0.0	4.0	0.1176470588235294	0.07174074074074073	5.0	113.63636363636364	9.0	204.54545454545456	0.5672592592592594	0.4430154320987654	0.5416543209876543	-0.2857142857142857	27	21	0.6136363636363636	anger	0.23529411764705882	wikivir.cleaned.xml	20599				window	wikivir-020599	wikivir-020599.s000001|wikivir-020599.s000002|wikivir-020599.s000003|wikivir-020599.s000004|wikivir-020599.s000005|wikivir-020599.s000006|wikivir-020599.s000007|wikivir-020599.s000008|wikivir-020599.s000009|wikivir-020599.s000010|wikivir-020599.s000011|wikivir-020599.s000012|wikivir-020599.s000013|wikivir-020599.s000014|wikivir-020599.s000015|wikivir-020599.s000016|wikivir-020599.s000017|wikivir-020599.s000018|wikivir-020599.s000019|wikivir-020599.s000020	20	96	83	43	RIM je mesto vseh rodov, vseh svetov in dob; pol je krasen vrt cvetov, pol je slaven grob. Vse se menja venomer: križ in obelisk, zorno jutro in večer, glasen jok in vrisk. Spomnil sem se, oče moj, daljnjih rodnih tal: Če ni križ na grobu tvoj tudi že razpal Kaj bi tebi v dnevih teh stal na grobu kr	wikivir.cleaned.xml	20599	Spomin (Alojzij Merhar)	Alojzij Merhar	20	pesmi				
emotion_sadness_per_1k	0.0	wikivir-018657::window::73	wikivir-018657	window	91	Mati (Slovenka)	anonimni avtor	kratka proza	20	1919	večji, kako je šel in se vrnil, vidi ga, veseli se ga in visi na njem s tisoč krepkimi nitmi in čuti v peklenski bolečini, kako se trga nit za nitjo, ga zopet izgubi v bolečinah, kakor ga je v bolečinah rodila, samo v veliko večjih bolečinah, izgublja ga vsak dan; to vse opravi sama s seboj, ne da b	91	33	2.0	60.60606060606061	0.1428571428571428	0.065125	0.0	0.0	0.0	0.0	2.0	60.60606060606061	0.1428571428571428	0.0590625	2.0	60.60606060606061	0.1428571428571428	0.07618749999999999	0.0	0.0	0.0	0.0	6.0	181.8181818181818	0.4285714285714285	0.2106875	2.0	60.60606060606061	0.1428571428571428	0.042499999999999996	0.0	0.0	0.0	0.0	0.0	6.0	181.8181818181818	0.4177604166666667	0.5883854166666667	0.47482291666666665	-1.0	16	12	0.4848484848484848	sadness	0.42857142857142855	wikivir.cleaned.xml	18657				window	wikivir-018657	wikivir-018657.s000923	1	91	77	31	večji, kako je šel in se vrnil, vidi ga, veseli se ga in visi na njem s tisoč krepkimi nitmi in čuti v peklenski bolečini, kako se trga nit za nitjo, ga zopet izgubi v bolečinah, kakor ga je v bolečinah rodila, samo v veliko večjih bolečinah, izgublja ga vsak dan; to vse opravi sama s seboj, ne da b	wikivir.cleaned.xml	18657	Mati (Slovenka)	anonimni avtor	20	kratka proza			1919	
emotion_sadness_per_1k	57.55395683453238	wikivir-020453::window::86	wikivir-020453	window	344	Moji doživljaji v svetovni vojni	Louis Zajec	proza	20	1935	mu je neki vojak prinesel zdravila, jih nisem hotel vzeti. Nekaj mi je govorilo, da so strul in udaril sem vojaka, ki mi jih je hotel posili potisniti v usta. Vojak me je potem začel zmerjati, v tistem hipu pa je prišel zdravnik, ki je vojaka oštel in ga posvaril, da ne sme tako ravnati z bolniki. V	344	139	20.0	143.88489208633092	0.2	0.10009756097560976	5.0	35.97122302158273	0.05	0.030682926829268292	10.0	71.94244604316546	0.1	0.05032926829268292	20.0	143.88489208633092	0.2	0.15182926829268292	4.0	28.77697841726619	0.04	0.019134146341463414	25.0	179.85611510791367	0.25	0.09987804878048782	8.0	57.55395683453238	0.08	0.03782926829268293	8.0	0.08	0.05928048780487806	13.0	93.52517985611512	29.0	208.63309352517987	0.4585552845528455	0.499275	0.5025739837398373	-0.38095238095238093	82	57	0.5899280575539568	sadness	0.25	wikivir.cleaned.xml	20453				window	wikivir-020453	wikivir-020453.s000776|wikivir-020453.s000777|wikivir-020453.s000778|wikivir-020453.s000779|wikivir-020453.s000780|wikivir-020453.s000781|wikivir-020453.s000782|wikivir-020453.s000783|wikivir-020453.s000784|wikivir-020453.s000785|wikivir-020453.s000786|wikivir-020453.s000787|wikivir-020453.s000788|wikivir-020453.s000789|wikivir-020453.s000790|wikivir-020453.s000791|wikivir-020453.s000792|wikivir-020453.s000793|wikivir-020453.s000794|wikivir-020453.s000795	21	344	300	137	mu je neki vojak prinesel zdravila, jih nisem hotel vzeti. Nekaj mi je govorilo, da so strul in udaril sem vojaka, ki mi jih je hotel posili potisniti v usta. Vojak me je potem začel zmerjati, v tistem hipu pa je prišel zdravnik, ki je vojaka oštel in ga posvaril, da ne sme tako ravnati z bolniki. V	wikivir.cleaned.xml	20453	Moji doživljaji v svetovni vojni	Louis Zajec	20	proza			1935	
emotion_sadness_per_1k	43.20987654320987	wikivir-015034::window::58	wikivir-015034	window	348	Črna smrt	Franc Ksaver Meško	zgodovinske povesti	20		smrti, se je takega vročega popoldne proti koncu julija vračal z Dornave. Zjutraj je bil bral v dornavski podružnici sv. mašo, potem je na Dornavi in v sosednih vaseh bolnike spovedoval in na smrt pripravljal. Stopal je počasi. Bil je utrujen od dela, ves izmučen od vročine, in žalosten. Pred štirin	348	162	17.0	104.93827160493828	0.146551724137931	0.11811842105263158	12.0	74.07407407407408	0.1034482758620689	0.06842105263157895	17.0	104.93827160493828	0.146551724137931	0.1431578947368421	19.0	117.28395061728396	0.1637931034482758	0.16656578947368422	5.0	30.8641975308642	0.043103448275862	0.055105263157894734	29.0	179.01234567901233	0.25	0.2671578947368421	10.0	61.72839506172839	0.0862068965517241	0.0704078947368421	7.0	0.0603448275862069	0.04976315789473684	10.0	61.72839506172839	29.0	179.01234567901233	0.4292883771929824	0.4396666666666666	0.41999780701754386	-0.48717948717948717	76	57	0.4691358024691358	sadness	0.25	wikivir.cleaned.xml	15034				window	wikivir-015034	wikivir-015034.s000684|wikivir-015034.s000685|wikivir-015034.s000686|wikivir-015034.s000687|wikivir-015034.s000688|wikivir-015034.s000689|wikivir-015034.s000690|wikivir-015034.s000691|wikivir-015034.s000692|wikivir-015034.s000693|wikivir-015034.s000694|wikivir-015034.s000695|wikivir-015034.s000696|wikivir-015034.s000697|wikivir-015034.s000698|wikivir-015034.s000699|wikivir-015034.s000700|wikivir-015034.s000701|wikivir-015034.s000702|wikivir-015034.s000703	22	348	300	159	smrti, se je takega vročega popoldne proti koncu julija vračal z Dornave. Zjutraj je bil bral v dornavski podružnici sv. mašo, potem je na Dornavi in v sosednih vaseh bolnike spovedoval in na smrt pripravljal. Stopal je počasi. Bil je utrujen od dela, ves izmučen od vročine, in žalosten. Pred štirin	wikivir.cleaned.xml	15034	Črna smrt	Franc Ksaver Meško	20	zgodovinske povesti				
emotion_sadness_per_1k	35.714285714285715	wikivir-019748::window::1	wikivir-019748	window	147	Tovarišu S. Šlandru	Karel Destovnik Kajuh	pesmi	20		Ta pèkel nam izšúšil je oči, zato ne jočemo, zdaj ko Te ni Jokali bi, da niso Te ubili zdaj, ko je otročji vsak vzdihljaj, zdaj, ko je ene same puške pok glasnejši, kakor stotih mater jok. Zato ne jočemo, čeprav nam je težkó čeprav vemò: Ti bil si tak, da bi pred tabo moral vsak pripogniti glavó. Vs	147	56	6.0	107.14285714285714	0.1578947368421052	0.09835483870967741	4.0	71.42857142857143	0.1052631578947368	0.05441935483870969	2.0	35.714285714285715	0.0526315789473684	0.04232258064516129	7.0	125.0	0.1842105263157894	0.15803225806451612	2.0	35.714285714285715	0.0526315789473684	0.06093548387096775	10.0	178.57142857142858	0.2631578947368421	0.23390322580645162	5.0	89.28571428571429	0.131578947368421	0.07458064516129032	2.0	0.0526315789473684	0.04383870967741935	6.0	107.14285714285714	14.0	250.0	0.48317204301075267	0.546994623655914	0.5193118279569892	-0.4	31	26	0.5535714285714286	sadness	0.2631578947368421	wikivir.cleaned.xml	19748				window	wikivir-019748	wikivir-019748.s000001|wikivir-019748.s000002|wikivir-019748.s000003|wikivir-019748.s000004|wikivir-019748.s000005|wikivir-019748.s000006|wikivir-019748.s000007|wikivir-019748.s000008|wikivir-019748.s000009|wikivir-019748.s000010|wikivir-019748.s000011|wikivir-019748.s000012|wikivir-019748.s000013|wikivir-019748.s000014|wikivir-019748.s000015|wikivir-019748.s000016|wikivir-019748.s000017|wikivir-019748.s000018|wikivir-019748.s000019|wikivir-019748.s000020	26	147	125	53	Ta pèkel nam izšúšil je oči, zato ne jočemo, zdaj ko Te ni Jokali bi, da niso Te ubili zdaj, ko je otročji vsak vzdihljaj, zdaj, ko je ene same puške pok glasnejši, kakor stotih mater jok. Zato ne jočemo, čeprav nam je težkó čeprav vemò: Ti bil si tak, da bi pred tabo moral vsak pripogniti glavó. Vs	wikivir.cleaned.xml	19748	Tovarišu S. Šlandru	Karel Destovnik Kajuh	20	pesmi				
emotion_sadness_per_1k	35.714285714285715	wikivir-019748::document::1	wikivir-019748	document	148	Tovarišu S. Šlandru	Karel Destovnik Kajuh	pesmi	20		Ta pèkel nam izšúšil je oči, zato ne jočemo, zdaj ko Te ni Jokali bi, da niso Te ubili zdaj, ko je otročji vsak vzdihljaj, zdaj, ko je ene same puške pok glasnejši, kakor stotih mater jok. Zato ne jočemo, čeprav nam je težkó čeprav vemò: Ti bil si tak, da bi pred tabo moral vsak pripogniti glavó. Vs	148	56	6.0	107.14285714285714	0.1578947368421052	0.09835483870967741	4.0	71.42857142857143	0.1052631578947368	0.05441935483870969	2.0	35.714285714285715	0.0526315789473684	0.04232258064516129	7.0	125.0	0.1842105263157894	0.15803225806451612	2.0	35.714285714285715	0.0526315789473684	0.06093548387096775	10.0	178.57142857142858	0.2631578947368421	0.23390322580645162	5.0	89.28571428571429	0.131578947368421	0.07458064516129032	2.0	0.0526315789473684	0.04383870967741935	6.0	107.14285714285714	14.0	250.0	0.48317204301075267	0.546994623655914	0.5193118279569892	-0.4	31	26	0.5535714285714286	sadness	0.2631578947368421	wikivir.cleaned.xml	19748				document	wikivir-019748	wikivir-019748.s000001|wikivir-019748.s000002|wikivir-019748.s000003|wikivir-019748.s000004|wikivir-019748.s000005|wikivir-019748.s000006|wikivir-019748.s000007|wikivir-019748.s000008|wikivir-019748.s000009|wikivir-019748.s000010|wikivir-019748.s000011|wikivir-019748.s000012|wikivir-019748.s000013|wikivir-019748.s000014|wikivir-019748.s000015|wikivir-019748.s000016|wikivir-019748.s000017|wikivir-019748.s000018|wikivir-019748.s000019|wikivir-019748.s000020	26	148	125	53	Ta pèkel nam izšúšil je oči, zato ne jočemo, zdaj ko Te ni Jokali bi, da niso Te ubili zdaj, ko je otročji vsak vzdihljaj, zdaj, ko je ene same puške pok glasnejši, kakor stotih mater jok. Zato ne jočemo, čeprav nam je težkó čeprav vemò: Ti bil si tak, da bi pred tabo moral vsak pripogniti glavó. Vs	wikivir.cleaned.xml	19748	Tovarišu S. Šlandru	Karel Destovnik Kajuh	20	pesmi				
emotion_sadness_per_1k	39.47368421052632	wikivir-018019::window::13	wikivir-018019	window	353	Stol v zimski obleki.	Janko Mlakar	potopis	20		temu se lahko pripeti, da se ti skala utrga in ti strmoglaviš v globočino, — ako te tovariš ne udrži na vrvi; zakaj previdnost na takih stenah zapoveduje vrv. Taki nevarnosti je podlegel znani hribolazec Emil Zsigmondy v planinah Meie. Neprevidnost in neizkušenost se mu gotovo ne moreta očitati. Pri	353	152	8.0	52.63157894736842	0.0776699029126213	0.05147540983606557	13.0	85.52631578947368	0.1262135922330097	0.10221311475409836	11.0	72.36842105263158	0.1067961165048543	0.08131147540983606	26.0	171.05263157894737	0.2524271844660194	0.28608196721311474	0.0	0.0	0.0	0.0	27.0	177.6315789473684	0.2621359223300971	0.24181967213114755	12.0	78.94736842105263	0.116504854368932	0.13424590163934427	6.0	0.058252427184466	0.06827868852459017	7.0	46.05263157894736	33.0	217.10526315789477	0.408318306010929	0.5888224043715847	0.48861885245901643	-0.65	61	38	0.4013157894736842	sadness	0.2621359223300971	wikivir.cleaned.xml	18019				window	wikivir-018019	wikivir-018019.s000110|wikivir-018019.s000111|wikivir-018019.s000112|wikivir-018019.s000113|wikivir-018019.s000114|wikivir-018019.s000115|wikivir-018019.s000116|wikivir-018019.s000117|wikivir-018019.s000118|wikivir-018019.s000119|wikivir-018019.s000120|wikivir-018019.s000121|wikivir-018019.s000122|wikivir-018019.s000123|wikivir-018019.s000124|wikivir-018019.s000125|wikivir-018019.s000126	17	353	300	149	temu se lahko pripeti, da se ti skala utrga in ti strmoglaviš v globočino, — ako te tovariš ne udrži na vrvi; zakaj previdnost na takih stenah zapoveduje vrv. Taki nevarnosti je podlegel znani hribolazec Emil Zsigmondy v planinah Meie. Neprevidnost in neizkušenost se mu gotovo ne moreta očitati. Pri	wikivir.cleaned.xml	18019	Stol v zimski obleki.	Janko Mlakar	20	potopis				
emotion_sadness_per_1k	70.7070707070707	wikivir-002807::window::14	wikivir-002807	window	399	Smrt	Anton Funtek	pesmi	19	1986	ob mrtvem mučeniku. Ali danes — evo čuda! Koliko bi bilo treba Naložiti danes kupov, Da na njih bi vsa sežgala Tesnosrčna se — neumnost! Kuga. Glas je počil tam na daljnem vzhodu: »Kuga bliža bednemu se rodu. Kamor dahne, groza tam zavlada, Kamor stopi, bitij sto popada. Zrak okužen od človeških žrt	399	198	26.0	131.31313131313132	0.1354166666666666	0.14533644859813083	23.0	116.16161616161617	0.1197916666666666	0.0929626168224299	23.0	116.16161616161617	0.1197916666666666	0.15121495327102805	41.0	207.07070707070707	0.2135416666666666	0.26926168224299063	12.0	60.60606060606061	0.0625	0.060018691588785054	35.0	176.76767676767676	0.1822916666666666	0.22615887850467292	18.0	90.9090909090909	0.09375	0.13514018691588783	14.0	0.0729166666666666	0.07906542056074767	21.0	106.06060606060606	42.0	212.12121212121207	0.4711598130841122	0.5057485758789497	0.49603963061860257	-0.3333333333333333	107	64	0.5404040404040404	fear	0.21354166666666666	wikivir.cleaned.xml	2807				window	wikivir-002807	wikivir-002807.s000449|wikivir-002807.s000450|wikivir-002807.s000451|wikivir-002807.s000452|wikivir-002807.s000453|wikivir-002807.s000454|wikivir-002807.s000455|wikivir-002807.s000456|wikivir-002807.s000457|wikivir-002807.s000458|wikivir-002807.s000459|wikivir-002807.s000460|wikivir-002807.s000461|wikivir-002807.s000462|wikivir-002807.s000463|wikivir-002807.s000464|wikivir-002807.s000465|wikivir-002807.s000466|wikivir-002807.s000467|wikivir-002807.s000468	62	399	300	194	ob mrtvem mučeniku. Ali danes — evo čuda! Koliko bi bilo treba Naložiti danes kupov, Da na njih bi vsa sežgala Tesnosrčna se — neumnost! Kuga. Glas je počil tam na daljnem vzhodu: »Kuga bliža bednemu se rodu. Kamor dahne, groza tam zavlada, Kamor stopi, bitij sto popada. Zrak okužen od človeških žrt	wikivir.cleaned.xml	2807	Smrt	Anton Funtek	19	pesmi			1986	
emotion_sadness_per_1k	39.21568627450981	wikivir-004962::window::1	wikivir-004962	window	104	Razbojnik	Vitomil Zupan	pesmi	20		Ubil in okradel sem tisto kar sem nekoč tako ljubil - sebe. Zasovražil sem namreč to potuhnjeno velikobesedno nezanesljivo zver za katero pravijo da je krona stvarstva človek. Tudi v meni je človek. Rojim se da sem ga prepozno odkril. A ubil sem ga in napravil popolni zločin noben inšpektor me nikol	104	51	7.0	137.25490196078434	0.1666666666666666	0.15065384615384614	3.0	58.8235294117647	0.0714285714285714	0.03811538461538462	5.0	98.0392156862745	0.119047619047619	0.08507692307692308	9.0	176.47058823529412	0.2142857142857142	0.2444230769230769	1.0	19.607843137254903	0.0238095238095238	0.027653846153846154	9.0	176.47058823529412	0.2142857142857142	0.2126923076923077	6.0	117.6470588235294	0.1428571428571428	0.09788461538461538	2.0	0.0476190476190476	0.02734615384615385	3.0	58.8235294117647	14.0	274.5098039215687	0.37149999999999994	0.566974358974359	0.5121089743589744	-0.6470588235294118	26	20	0.5098039215686274	fear	0.21428571428571427	wikivir.cleaned.xml	4962				window	wikivir-004962	wikivir-004962.s000001|wikivir-004962.s000002|wikivir-004962.s000003|wikivir-004962.s000004|wikivir-004962.s000005|wikivir-004962.s000006|wikivir-004962.s000007|wikivir-004962.s000008|wikivir-004962.s000009|wikivir-004962.s000010|wikivir-004962.s000011|wikivir-004962.s000012|wikivir-004962.s000013|wikivir-004962.s000014|wikivir-004962.s000015|wikivir-004962.s000016|wikivir-004962.s000017|wikivir-004962.s000018	18	104	95	51	Ubil in okradel sem tisto kar sem nekoč tako ljubil - sebe. Zasovražil sem namreč to potuhnjeno velikobesedno nezanesljivo zver za katero pravijo da je krona stvarstva človek. Tudi v meni je človek. Rojim se da sem ga prepozno odkril. A ubil sem ga in napravil popolni zločin noben inšpektor me nikol	wikivir.cleaned.xml	4962	Razbojnik	Vitomil Zupan	20	pesmi				
emotion_sadness_per_1k	29.41176470588235	wikivir-019431::document::1	wikivir-019431	document	149	Pogum		pesmi			Nevarno je, če se približa kuga nam, uname se ko ognja plam; – nevarno, kadar vojska vstane, vojakom seče hude rane. Nevarno je, na màh če burja se napnè, spod neba strašen ogenj žgè – tù trese gospodar se barke, tam žene veter plamne žarke. Nevarno je, če glas „svoboda!“ sproži se! Zatvora ljudstvu	149	68	2.0	29.41176470588235	0.04	0.035722222222222225	10.0	147.05882352941177	0.2	0.14308333333333334	5.0	73.52941176470588	0.1	0.10438888888888889	13.0	191.17647058823528	0.26	0.25133333333333335	3.0	44.11764705882353	0.06	0.06508333333333333	12.0	176.47058823529412	0.24	0.20888888888888887	3.0	44.11764705882353	0.06	0.026694444444444448	2.0	0.04	0.03688888888888889	5.0	73.52941176470588	15.0	220.58823529411765	0.41480092592592593	0.576400462962963	0.5214745370370371	-0.5	36	29	0.5294117647058824	fear	0.26	wikivir.cleaned.xml	19431				document	wikivir-019431	wikivir-019431.s000001|wikivir-019431.s000002|wikivir-019431.s000003|wikivir-019431.s000004|wikivir-019431.s000005|wikivir-019431.s000006|wikivir-019431.s000007|wikivir-019431.s000008|wikivir-019431.s000009|wikivir-019431.s000010|wikivir-019431.s000011|wikivir-019431.s000012|wikivir-019431.s000013|wikivir-019431.s000014|wikivir-019431.s000015|wikivir-019431.s000016|wikivir-019431.s000017|wikivir-019431.s000018|wikivir-019431.s000019|wikivir-019431.s000020	25	149	112	67	Nevarno je, če se približa kuga nam, uname se ko ognja plam; – nevarno, kadar vojska vstane, vojakom seče hude rane. Nevarno je, na màh če burja se napnè, spod neba strašen ogenj žgè – tù trese gospodar se barke, tam žene veter plamne žarke. Nevarno je, če glas „svoboda!“ sproži se! Zatvora ljudstvu	wikivir.cleaned.xml	19431	Pogum			pesmi				
emotion_sadness_per_1k	29.41176470588235	wikivir-019431::window::1	wikivir-019431	window	148	Pogum		pesmi			Nevarno je, če se približa kuga nam, uname se ko ognja plam; – nevarno, kadar vojska vstane, vojakom seče hude rane. Nevarno je, na màh če burja se napnè, spod neba strašen ogenj žgè – tù trese gospodar se barke, tam žene veter plamne žarke. Nevarno je, če glas „svoboda!“ sproži se! Zatvora ljudstvu	148	68	2.0	29.41176470588235	0.04	0.035722222222222225	10.0	147.05882352941177	0.2	0.14308333333333334	5.0	73.52941176470588	0.1	0.10438888888888889	13.0	191.17647058823528	0.26	0.25133333333333335	3.0	44.11764705882353	0.06	0.06508333333333333	12.0	176.47058823529412	0.24	0.20888888888888887	3.0	44.11764705882353	0.06	0.026694444444444448	2.0	0.04	0.03688888888888889	5.0	73.52941176470588	15.0	220.58823529411765	0.41480092592592593	0.576400462962963	0.5214745370370371	-0.5	36	29	0.5294117647058824	fear	0.26	wikivir.cleaned.xml	19431				window	wikivir-019431	wikivir-019431.s000001|wikivir-019431.s000002|wikivir-019431.s000003|wikivir-019431.s000004|wikivir-019431.s000005|wikivir-019431.s000006|wikivir-019431.s000007|wikivir-019431.s000008|wikivir-019431.s000009|wikivir-019431.s000010|wikivir-019431.s000011|wikivir-019431.s000012|wikivir-019431.s000013|wikivir-019431.s000014|wikivir-019431.s000015|wikivir-019431.s000016|wikivir-019431.s000017|wikivir-019431.s000018|wikivir-019431.s000019|wikivir-019431.s000020	25	148	112	67	Nevarno je, če se približa kuga nam, uname se ko ognja plam; – nevarno, kadar vojska vstane, vojakom seče hude rane. Nevarno je, na màh če burja se napnè, spod neba strašen ogenj žgè – tù trese gospodar se barke, tam žene veter plamne žarke. Nevarno je, če glas „svoboda!“ sproži se! Zatvora ljudstvu	wikivir.cleaned.xml	19431	Pogum			pesmi				
emotion_sadness_per_1k	39.21568627450981	wikivir-004962::document::1	wikivir-004962	document	105	Razbojnik	Vitomil Zupan	pesmi	20		Ubil in okradel sem tisto kar sem nekoč tako ljubil - sebe. Zasovražil sem namreč to potuhnjeno velikobesedno nezanesljivo zver za katero pravijo da je krona stvarstva človek. Tudi v meni je človek. Rojim se da sem ga prepozno odkril. A ubil sem ga in napravil popolni zločin noben inšpektor me nikol	105	51	7.0	137.25490196078434	0.1666666666666666	0.15065384615384614	3.0	58.8235294117647	0.0714285714285714	0.03811538461538462	5.0	98.0392156862745	0.119047619047619	0.08507692307692308	9.0	176.47058823529412	0.2142857142857142	0.2444230769230769	1.0	19.607843137254903	0.0238095238095238	0.027653846153846154	9.0	176.47058823529412	0.2142857142857142	0.2126923076923077	6.0	117.6470588235294	0.1428571428571428	0.09788461538461538	2.0	0.0476190476190476	0.02734615384615385	3.0	58.8235294117647	14.0	274.5098039215687	0.37149999999999994	0.566974358974359	0.5121089743589744	-0.6470588235294118	26	20	0.5098039215686274	fear	0.21428571428571427	wikivir.cleaned.xml	4962				document	wikivir-004962	wikivir-004962.s000001|wikivir-004962.s000002|wikivir-004962.s000003|wikivir-004962.s000004|wikivir-004962.s000005|wikivir-004962.s000006|wikivir-004962.s000007|wikivir-004962.s000008|wikivir-004962.s000009|wikivir-004962.s000010|wikivir-004962.s000011|wikivir-004962.s000012|wikivir-004962.s000013|wikivir-004962.s000014|wikivir-004962.s000015|wikivir-004962.s000016|wikivir-004962.s000017|wikivir-004962.s000018	18	105	95	51	Ubil in okradel sem tisto kar sem nekoč tako ljubil - sebe. Zasovražil sem namreč to potuhnjeno velikobesedno nezanesljivo zver za katero pravijo da je krona stvarstva človek. Tudi v meni je človek. Rojim se da sem ga prepozno odkril. A ubil sem ga in napravil popolni zločin noben inšpektor me nikol	wikivir.cleaned.xml	4962	Razbojnik	Vitomil Zupan	20	pesmi				
emotion_sadness_per_1k	35.08771929824561	wikivir-019808::document::1	wikivir-019808	document	156	Tovarišu Slavku Šlandru	Karel Destovnik Kajuh	pesmi	20		Ta pekel nam izsušil je oči, zato ne jočemo zdaj ko te ni. Jokal bi, da niso te ubili zdaj, ko je otročji vsak vzdihljaj zdaj, ko je ene same puške pok glasnejši kakor stotih mater jok ... Zato ne jočemo, čeprav nam je težko, čeprav vemo: Ti bil si tak, da bi pred tabo moral vsak pripogniti glavo. V	156	57	8.0	140.35087719298244	0.2	0.12573529411764706	3.0	52.63157894736842	0.075	0.039735294117647056	2.0	35.08771929824561	0.05	0.038588235294117645	10.0	175.43859649122803	0.25	0.1923529411764706	1.0	17.543859649122805	0.025	0.042676470588235295	10.0	175.43859649122803	0.25	0.22829411764705884	4.0	70.17543859649122	0.1	0.05811764705882353	2.0	0.05	0.03997058823529412	5.0	87.71929824561403	16.0	280.7017543859649	0.4347009803921568	0.5605882352941177	0.5063235294117646	-0.5238095238095238	34	28	0.5964912280701754	fear	0.25	wikivir.cleaned.xml	19808				document	wikivir-019808	wikivir-019808.s000001|wikivir-019808.s000002|wikivir-019808.s000003|wikivir-019808.s000004|wikivir-019808.s000005|wikivir-019808.s000006|wikivir-019808.s000007|wikivir-019808.s000008|wikivir-019808.s000009|wikivir-019808.s000010|wikivir-019808.s000011|wikivir-019808.s000012|wikivir-019808.s000013|wikivir-019808.s000014|wikivir-019808.s000015|wikivir-019808.s000016|wikivir-019808.s000017|wikivir-019808.s000018|wikivir-019808.s000019|wikivir-019808.s000020	75	156	126	53	Ta pekel nam izsušil je oči, zato ne jočemo zdaj ko te ni. Jokal bi, da niso te ubili zdaj, ko je otročji vsak vzdihljaj zdaj, ko je ene same puške pok glasnejši kakor stotih mater jok ... Zato ne jočemo, čeprav nam je težko, čeprav vemo: Ti bil si tak, da bi pred tabo moral vsak pripogniti glavo. V	wikivir.cleaned.xml	19808	Tovarišu Slavku Šlandru	Karel Destovnik Kajuh	20	pesmi				
emotion_sadness_per_1k	35.08771929824561	wikivir-019808::window::1	wikivir-019808	window	153	Tovarišu Slavku Šlandru	Karel Destovnik Kajuh	pesmi	20		Ta pekel nam izsušil je oči, zato ne jočemo zdaj ko te ni. Jokal bi, da niso te ubili zdaj, ko je otročji vsak vzdihljaj zdaj, ko je ene same puške pok glasnejši kakor stotih mater jok ... Zato ne jočemo, čeprav nam je težko, čeprav vemo: Ti bil si tak, da bi pred tabo moral vsak pripogniti glavo. V	153	57	8.0	140.35087719298244	0.2	0.12573529411764706	3.0	52.63157894736842	0.075	0.039735294117647056	2.0	35.08771929824561	0.05	0.038588235294117645	10.0	175.43859649122803	0.25	0.1923529411764706	1.0	17.543859649122805	0.025	0.042676470588235295	10.0	175.43859649122803	0.25	0.22829411764705884	4.0	70.17543859649122	0.1	0.05811764705882353	2.0	0.05	0.03997058823529412	5.0	87.71929824561403	16.0	280.7017543859649	0.4347009803921568	0.5605882352941177	0.5063235294117646	-0.5238095238095238	34	28	0.5964912280701754	fear	0.25	wikivir.cleaned.xml	19808				window	wikivir-019808	wikivir-019808.s000001|wikivir-019808.s000002|wikivir-019808.s000003|wikivir-019808.s000004|wikivir-019808.s000005|wikivir-019808.s000006|wikivir-019808.s000007|wikivir-019808.s000008|wikivir-019808.s000009|wikivir-019808.s000010|wikivir-019808.s000011|wikivir-019808.s000012|wikivir-019808.s000013|wikivir-019808.s000014|wikivir-019808.s000015|wikivir-019808.s000016|wikivir-019808.s000017|wikivir-019808.s000018|wikivir-019808.s000019|wikivir-019808.s000020	75	153	126	53	Ta pekel nam izsušil je oči, zato ne jočemo zdaj ko te ni. Jokal bi, da niso te ubili zdaj, ko je otročji vsak vzdihljaj zdaj, ko je ene same puške pok glasnejši kakor stotih mater jok ... Zato ne jočemo, čeprav nam je težko, čeprav vemo: Ti bil si tak, da bi pred tabo moral vsak pripogniti glavo. V	wikivir.cleaned.xml	19808	Tovarišu Slavku Šlandru	Karel Destovnik Kajuh	20	pesmi				
emotion_surprise_per_1k	96.15384615384616	wikivir-003833::window::48	wikivir-003833	window	125	Navdih srca	Ana Nuška Pišek	pesmi	21		v spokojnosti večera in noči. Srečna sem ob možu, ki me ljubi, srečna sem ob hčerkini mladi družini, srečna sem ob sinu, ki je našel pravo dekle, srečna sem ob najmlajši hčerki, ki razumno stopa po poti dozorevanja. Srečna sem v razdajanju za druge, srečna sem ob čutenju, da so tudi drugi srečni z m	125	52	0.0	0.0	0.0	0.0	7.0	134.6153846153846	0.1372549019607843	0.07342857142857144	1.0	19.230769230769237	0.0196078431372549	0.013399999999999999	0.0	0.0	0.0	0.0	20.0	384.61538461538464	0.392156862745098	0.3711142857142857	1.0	19.230769230769237	0.0196078431372549	0.0078000000000000005	17.0	326.9230769230769	0.3333333333333333	0.23011428571428572	5.0	0.0980392156862745	0.08882857142857142	20.0	384.61538461538464	0.0	0.0	0.7476857142857143	0.4767666666666666	0.612152380952381	1.0	35	21	0.6730769230769231	joy	0.39215686274509803	wikivir.cleaned.xml	3833				window	wikivir-003833	wikivir-003833.s001443|wikivir-003833.s001444|wikivir-003833.s001445|wikivir-003833.s001446|wikivir-003833.s001447|wikivir-003833.s001448|wikivir-003833.s001449|wikivir-003833.s001450|wikivir-003833.s001451|wikivir-003833.s001452|wikivir-003833.s001453|wikivir-003833.s001454|wikivir-003833.s001455|wikivir-003833.s001456|wikivir-003833.s001457	15	125	104	52	v spokojnosti večera in noči. Srečna sem ob možu, ki me ljubi, srečna sem ob hčerkini mladi družini, srečna sem ob sinu, ki je našel pravo dekle, srečna sem ob najmlajši hčerki, ki razumno stopa po poti dozorevanja. Srečna sem v razdajanju za druge, srečna sem ob čutenju, da so tudi drugi srečni z m	wikivir.cleaned.xml	3833	Navdih srca	Ana Nuška Pišek	21	pesmi				
emotion_surprise_per_1k	205.1282051282051	wikivir-003970::window::1	wikivir-003970	window	82	Sonce, noč, dan in jaz	Tanja Nežmah Dolinšek	pesmi	21		Sonce je zasijalo in me ogrelo, me objelo s svojimi ljubečimi rokami. Vstalo je sonce, vstala sem jaz, vstalo je jutro, vstal je dan. Minil je dan, sonce je šlo na zabavo k oblakom, svojim bratom, jaz in dan odšla sva v sanje, odšla sva v noč. Tako je vsak dan, pride sonce, nastane dan, pride noč, o	82	39	0.0	0.0	0.0	0.0	7.0	179.48717948717947	0.2058823529411764	0.12492592592592594	0.0	0.0	0.0	0.0	0.0	0.0	0.0	0.0	7.0	179.48717948717947	0.2058823529411764	0.15614814814814815	3.0	76.92307692307693	0.088235294117647	0.036444444444444446	9.0	230.7692307692308	0.2647058823529412	0.07633333333333334	8.0	0.2352941176470588	0.14766666666666667	11.0	282.05128205128204	3.0	76.92307692307693	0.7113209876543208	0.39005555555555554	0.5007839506172841	0.5714285714285714	27	15	0.6923076923076923	surprise	0.2647058823529412	wikivir.cleaned.xml	3970	Angel brez kril			window	wikivir-003970	wikivir-003970.s000001|wikivir-003970.s000002|wikivir-003970.s000003|wikivir-003970.s000004|wikivir-003970.s000005|wikivir-003970.s000006|wikivir-003970.s000007|wikivir-003970.s000008|wikivir-003970.s000009|wikivir-003970.s000010|wikivir-003970.s000011|wikivir-003970.s000012|wikivir-003970.s000013|wikivir-003970.s000014|wikivir-003970.s000015|wikivir-003970.s000016|wikivir-003970.s000017|wikivir-003970.s000018|wikivir-003970.s000019|wikivir-003970.s000020	22	82	65	38	Sonce je zasijalo in me ogrelo, me objelo s svojimi ljubečimi rokami. Vstalo je sonce, vstala sem jaz, vstalo je jutro, vstal je dan. Minil je dan, sonce je šlo na zabavo k oblakom, svojim bratom, jaz in dan odšla sva v sanje, odšla sva v noč. Tako je vsak dan, pride sonce, nastane dan, pride noč, o	wikivir.cleaned.xml	3970	Sonce, noč, dan in jaz	Tanja Nežmah Dolinšek	21	pesmi	Angel brez kril			
emotion_surprise_per_1k	205.1282051282051	wikivir-003970::document::1	wikivir-003970	document	83	Sonce, noč, dan in jaz	Tanja Nežmah Dolinšek	pesmi	21		Sonce je zasijalo in me ogrelo, me objelo s svojimi ljubečimi rokami. Vstalo je sonce, vstala sem jaz, vstalo je jutro, vstal je dan. Minil je dan, sonce je šlo na zabavo k oblakom, svojim bratom, jaz in dan odšla sva v sanje, odšla sva v noč. Tako je vsak dan, pride sonce, nastane dan, pride noč, o	83	39	0.0	0.0	0.0	0.0	7.0	179.48717948717947	0.2058823529411764	0.12492592592592594	0.0	0.0	0.0	0.0	0.0	0.0	0.0	0.0	7.0	179.48717948717947	0.2058823529411764	0.15614814814814815	3.0	76.92307692307693	0.088235294117647	0.036444444444444446	9.0	230.7692307692308	0.2647058823529412	0.07633333333333334	8.0	0.2352941176470588	0.14766666666666667	11.0	282.05128205128204	3.0	76.92307692307693	0.7113209876543208	0.39005555555555554	0.5007839506172841	0.5714285714285714	27	15	0.6923076923076923	surprise	0.2647058823529412	wikivir.cleaned.xml	3970	Angel brez kril			document	wikivir-003970	wikivir-003970.s000001|wikivir-003970.s000002|wikivir-003970.s000003|wikivir-003970.s000004|wikivir-003970.s000005|wikivir-003970.s000006|wikivir-003970.s000007|wikivir-003970.s000008|wikivir-003970.s000009|wikivir-003970.s000010|wikivir-003970.s000011|wikivir-003970.s000012|wikivir-003970.s000013|wikivir-003970.s000014|wikivir-003970.s000015|wikivir-003970.s000016|wikivir-003970.s000017|wikivir-003970.s000018|wikivir-003970.s000019|wikivir-003970.s000020	22	83	65	38	Sonce je zasijalo in me ogrelo, me objelo s svojimi ljubečimi rokami. Vstalo je sonce, vstala sem jaz, vstalo je jutro, vstal je dan. Minil je dan, sonce je šlo na zabavo k oblakom, svojim bratom, jaz in dan odšla sva v sanje, odšla sva v noč. Tako je vsak dan, pride sonce, nastane dan, pride noč, o	wikivir.cleaned.xml	3970	Sonce, noč, dan in jaz	Tanja Nežmah Dolinšek	21	pesmi	Angel brez kril			
emotion_surprise_per_1k	305.5555555555556	wikivir-010666::window::3	wikivir-010666	window	172	Pripovedka o treh bratih		ljudske pripovedke	19		vrata vzeli seboj. Prišli so v gozdu do nekega drevesa, kjer so se skrili. Ali komaj so nekoliko časa sedeli na drevesi, prišli so roparji pod drevo,pa so prinesli tri vreče denarja seboj. Ko so pa denar počeli šteti, je nekaj na drevesi zašumelo. Roparji so se prestrašili ter so vsi zbežali, samo j	172	72	15.0	208.33333333333331	0.1530612244897959	0.03435555555555555	17.0	236.11111111111111	0.173469387755102	0.15062222222222224	8.0	111.1111111111111	0.0816326530612244	0.006933333333333333	4.0	55.55555555555555	0.0408163265306122	0.05244444444444444	15.0	208.33333333333331	0.1530612244897959	0.13348888888888888	2.0	27.77777777777777	0.0204081632653061	0.025688888888888886	15.0	208.33333333333331	0.1530612244897959	0.0753111111111111	22.0	0.2244897959183673	0.21551111111111113	18.0	250.0	4.0	55.55555555555555	0.5961666666666666	0.4291111111111111	0.5162888888888889	0.6363636363636364	45	25	0.625	trust	0.22448979591836735	wikivir.cleaned.xml	10666				window	wikivir-010666	wikivir-010666.s000021|wikivir-010666.s000022|wikivir-010666.s000023|wikivir-010666.s000024|wikivir-010666.s000025|wikivir-010666.s000026|wikivir-010666.s000027|wikivir-010666.s000028|wikivir-010666.s000029|wikivir-010666.s000030	10	172	146	71	vrata vzeli seboj. Prišli so v gozdu do nekega drevesa, kjer so se skrili. Ali komaj so nekoliko časa sedeli na drevesi, prišli so roparji pod drevo,pa so prinesli tri vreče denarja seboj. Ko so pa denar počeli šteti, je nekaj na drevesi zašumelo. Roparji so se prestrašili ter so vsi zbežali, samo j	wikivir.cleaned.xml	10666	Pripovedka o treh bratih		19	ljudske pripovedke				
emotion_surprise_per_1k	200.0	wikivir-020452::window::1	wikivir-020452	window	94	Upanje (pesem NOB)		pesmi	20		Glej, upanje hodi pred nami. Vi, borci, mi gremo za vami, ko tare nas teža na rami, nam upanje v srca poda. Kadar se nam sreča obrne, da sovrag od nas se odvrne, zazremo si hrabro v oči, saj up na svobodo nas skupaj drži. »Besedilo, ki je predelava Levstikove pesmi Upanje, je objavljeno v tipkopisne	94	35	3.0	85.71428571428571	0.081081081081081	0.03457142857142857	7.0	200.0	0.1891891891891892	0.21495238095238095	0.0	0.0	0.0	0.0	5.0	142.85714285714286	0.1351351351351351	0.07733333333333335	7.0	200.0	0.1891891891891892	0.20404761904761906	1.0	28.57142857142857	0.027027027027027	0.02604761904761905	7.0	200.0	0.1891891891891892	0.10785714285714286	7.0	0.1891891891891892	0.1946190476190476	9.0	257.1428571428571	3.0	85.71428571428571	0.7168134920634921	0.45945238095238106	0.597607142857143	0.5	21	18	0.6	anticipation	0.1891891891891892	wikivir.cleaned.xml	20452				window	wikivir-020452	wikivir-020452.s000001|wikivir-020452.s000002|wikivir-020452.s000003|wikivir-020452.s000004|wikivir-020452.s000005|wikivir-020452.s000006|wikivir-020452.s000007|wikivir-020452.s000008|wikivir-020452.s000009|wikivir-020452.s000010|wikivir-020452.s000011	11	94	68	35	Glej, upanje hodi pred nami. Vi, borci, mi gremo za vami, ko tare nas teža na rami, nam upanje v srca poda. Kadar se nam sreča obrne, da sovrag od nas se odvrne, zazremo si hrabro v oči, saj up na svobodo nas skupaj drži. »Besedilo, ki je predelava Levstikove pesmi Upanje, je objavljeno v tipkopisne	wikivir.cleaned.xml	20452	Upanje (pesem NOB)		20	pesmi				
emotion_surprise_per_1k	200.0	wikivir-020452::document::1	wikivir-020452	document	95	Upanje (pesem NOB)		pesmi	20		Glej, upanje hodi pred nami. Vi, borci, mi gremo za vami, ko tare nas teža na rami, nam upanje v srca poda. Kadar se nam sreča obrne, da sovrag od nas se odvrne, zazremo si hrabro v oči, saj up na svobodo nas skupaj drži. »Besedilo, ki je predelava Levstikove pesmi Upanje, je objavljeno v tipkopisne	95	35	3.0	85.71428571428571	0.081081081081081	0.03457142857142857	7.0	200.0	0.1891891891891892	0.21495238095238095	0.0	0.0	0.0	0.0	5.0	142.85714285714286	0.1351351351351351	0.07733333333333335	7.0	200.0	0.1891891891891892	0.20404761904761906	1.0	28.57142857142857	0.027027027027027	0.02604761904761905	7.0	200.0	0.1891891891891892	0.10785714285714286	7.0	0.1891891891891892	0.1946190476190476	9.0	257.1428571428571	3.0	85.71428571428571	0.7168134920634921	0.45945238095238106	0.597607142857143	0.5	21	18	0.6	anticipation	0.1891891891891892	wikivir.cleaned.xml	20452				document	wikivir-020452	wikivir-020452.s000001|wikivir-020452.s000002|wikivir-020452.s000003|wikivir-020452.s000004|wikivir-020452.s000005|wikivir-020452.s000006|wikivir-020452.s000007|wikivir-020452.s000008|wikivir-020452.s000009|wikivir-020452.s000010|wikivir-020452.s000011	11	95	68	35	Glej, upanje hodi pred nami. Vi, borci, mi gremo za vami, ko tare nas teža na rami, nam upanje v srca poda. Kadar se nam sreča obrne, da sovrag od nas se odvrne, zazremo si hrabro v oči, saj up na svobodo nas skupaj drži. »Besedilo, ki je predelava Levstikove pesmi Upanje, je objavljeno v tipkopisne	wikivir.cleaned.xml	20452	Upanje (pesem NOB)		20	pesmi				
emotion_surprise_per_1k	80.0	wikivir-019347::window::1	wikivir-019347	window	197	Kovaška	Peter Hitzinger	pesmi	19		Kovači pridno kujemo, se nikdar ne utrudimo, pik pok, pik pok, pik pok, pik pok, pik pok, pik pok. Ko polnoči odbila je, glasno se k delu kliče vse. Pik pok itd. Ko vsaka stvar še mirno spí, v kovačnici že vse živí. Pik pok itd. Kdaj pride solnca luč svitla, ne najde noben'ga lenega. Pik pok itd. Že	197	100	0.0	0.0	0.0	0.0	5.0	50.0	0.125	0.04057692307692308	1.0	10.0	0.025	0.013826923076923077	2.0	20.0	0.05	0.01773076923076923	4.0	40.0	0.1	0.08734615384615384	1.0	10.0	0.025	0.0045000000000000005	19.0	190.0	0.475	0.1826153846153846	8.0	0.2	0.05734615384615385	7.0	70.0	23.0	230.0	0.6109070512820514	0.44618076923076927	0.48765576923076925	-0.5333333333333333	52	28	0.52	surprise	0.475	wikivir.cleaned.xml	19347				window	wikivir-019347	wikivir-019347.s000001|wikivir-019347.s000002|wikivir-019347.s000003|wikivir-019347.s000004|wikivir-019347.s000005|wikivir-019347.s000006|wikivir-019347.s000007|wikivir-019347.s000008|wikivir-019347.s000009|wikivir-019347.s000010|wikivir-019347.s000011|wikivir-019347.s000012|wikivir-019347.s000013|wikivir-019347.s000014|wikivir-019347.s000015|wikivir-019347.s000016|wikivir-019347.s000017|wikivir-019347.s000018|wikivir-019347.s000019|wikivir-019347.s000020	37	197	154	100	Kovači pridno kujemo, se nikdar ne utrudimo, pik pok, pik pok, pik pok, pik pok, pik pok, pik pok. Ko polnoči odbila je, glasno se k delu kliče vse. Pik pok itd. Ko vsaka stvar še mirno spí, v kovačnici že vse živí. Pik pok itd. Kdaj pride solnca luč svitla, ne najde noben'ga lenega. Pik pok itd. Že	wikivir.cleaned.xml	19347	Kovaška	Peter Hitzinger	19	pesmi				
emotion_surprise_per_1k	80.0	wikivir-019347::document::1	wikivir-019347	document	198	Kovaška	Peter Hitzinger	pesmi	19		Kovači pridno kujemo, se nikdar ne utrudimo, pik pok, pik pok, pik pok, pik pok, pik pok, pik pok. Ko polnoči odbila je, glasno se k delu kliče vse. Pik pok itd. Ko vsaka stvar še mirno spí, v kovačnici že vse živí. Pik pok itd. Kdaj pride solnca luč svitla, ne najde noben'ga lenega. Pik pok itd. Že	198	100	0.0	0.0	0.0	0.0	5.0	50.0	0.125	0.04057692307692308	1.0	10.0	0.025	0.013826923076923077	2.0	20.0	0.05	0.01773076923076923	4.0	40.0	0.1	0.08734615384615384	1.0	10.0	0.025	0.0045000000000000005	19.0	190.0	0.475	0.1826153846153846	8.0	0.2	0.05734615384615385	7.0	70.0	23.0	230.0	0.6109070512820514	0.44618076923076927	0.48765576923076925	-0.5333333333333333	52	28	0.52	surprise	0.475	wikivir.cleaned.xml	19347				document	wikivir-019347	wikivir-019347.s000001|wikivir-019347.s000002|wikivir-019347.s000003|wikivir-019347.s000004|wikivir-019347.s000005|wikivir-019347.s000006|wikivir-019347.s000007|wikivir-019347.s000008|wikivir-019347.s000009|wikivir-019347.s000010|wikivir-019347.s000011|wikivir-019347.s000012|wikivir-019347.s000013|wikivir-019347.s000014|wikivir-019347.s000015|wikivir-019347.s000016|wikivir-019347.s000017|wikivir-019347.s000018|wikivir-019347.s000019|wikivir-019347.s000020	37	198	154	100	Kovači pridno kujemo, se nikdar ne utrudimo, pik pok, pik pok, pik pok, pik pok, pik pok, pik pok. Ko polnoči odbila je, glasno se k delu kliče vse. Pik pok itd. Ko vsaka stvar še mirno spí, v kovačnici že vse živí. Pik pok itd. Kdaj pride solnca luč svitla, ne najde noben'ga lenega. Pik pok itd. Že	wikivir.cleaned.xml	19347	Kovaška	Peter Hitzinger	19	pesmi				
emotion_surprise_per_1k	62.5	wikivir-016307::document::1	wikivir-016307	document	80	Pionirska rutka	Vera Albreht	uganke	20		Pionirska rutka Ta pa težka ni uganka, saj je vaša stara znanka – rdečo pionir ima, več je vredna od zlata! Opombe urednice Začetek uganke je skoraj enak kot pri uganki Pikapolonica (Orehi, 1950, str. 15.): Ta pa težka ni uganka, / saj je tvoja stara znanka: Uganka Pionirska rutka je izšla z ugankam	80	32	0.0	0.0	0.0	0.0	2.0	62.5	0.1538461538461538	0.04978947368421052	0.0	0.0	0.0	0.0	2.0	62.5	0.1538461538461538	0.05257894736842105	1.0	31.25	0.0769230769230769	0.02136842105263158	0.0	0.0	0.0	0.0	6.0	187.5	0.4615384615384615	0.13326315789473683	2.0	0.1538461538461538	0.04526315789473684	2.0	62.5	2.0	62.5	0.5293192982456141	0.45911403508771914	0.5026912280701754	0.0	19	12	0.59375	surprise	0.46153846153846156	wikivir.cleaned.xml	16307				document	wikivir-016307	wikivir-016307.s000001|wikivir-016307.s000002|wikivir-016307.s000003|wikivir-016307.s000004|wikivir-016307.s000005|wikivir-016307.s000006|wikivir-016307.s000007|wikivir-016307.s000008	8	80	63	32	Pionirska rutka Ta pa težka ni uganka, saj je vaša stara znanka – rdečo pionir ima, več je vredna od zlata! Opombe urednice Začetek uganke je skoraj enak kot pri uganki Pikapolonica (Orehi, 1950, str. 15.): Ta pa težka ni uganka, / saj je tvoja stara znanka: Uganka Pionirska rutka je izšla z ugankam	wikivir.cleaned.xml	16307	Pionirska rutka	Vera Albreht	20	uganke				
emotion_surprise_per_1k	185.43046357615896	wikivir-007300::window::126	wikivir-007300	window	364	Zvesti jazbec	Neža Maurer	pravljice	20		pravim, (čudna kamela! Med maskami je bil klovn, ki se je prekopiceval in postavljal na glavo in tedaj na nogah nosil klobuk, v katerega je nabiral denar. Le zakaj mu bo denar? Ej, zato, da si bo kupil srečo! Eden si jo pridobi s poroko, drugi pa si jo mora kupiti - se je smejal klovn, ko je spet st	364	151	5.0	33.11258278145696	0.0378787878787878	0.01603125	28.0	185.43046357615896	0.2121212121212121	0.15254166666666666	7.0	46.35761589403974	0.053030303030303	0.028072916666666666	5.0	33.11258278145696	0.0378787878787878	0.035041666666666665	30.0	198.6754966887417	0.2272727272727272	0.17138541666666665	1.0	6.622516556291391	0.0075757575757575	0.0063437499999999996	28.0	185.43046357615896	0.2121212121212121	0.09785416666666664	28.0	0.2121212121212121	0.1296770833333333	38.0	251.6556291390729	8.0	52.980132450331126	0.6733828124999999	0.46741875000000005	0.5383399305555555	0.6521739130434783	96	55	0.6357615894039735	joy	0.22727272727272727	wikivir.cleaned.xml	7300				window	wikivir-007300	wikivir-007300.s001580|wikivir-007300.s001581|wikivir-007300.s001582|wikivir-007300.s001583|wikivir-007300.s001584|wikivir-007300.s001585|wikivir-007300.s001586|wikivir-007300.s001587|wikivir-007300.s001588|wikivir-007300.s001589|wikivir-007300.s001590|wikivir-007300.s001591|wikivir-007300.s001592|wikivir-007300.s001593|wikivir-007300.s001594|wikivir-007300.s001595|wikivir-007300.s001596|wikivir-007300.s001597|wikivir-007300.s001598|wikivir-007300.s001599	20	364	300	151	pravim, (čudna kamela! Med maskami je bil klovn, ki se je prekopiceval in postavljal na glavo in tedaj na nogah nosil klobuk, v katerega je nabiral denar. Le zakaj mu bo denar? Ej, zato, da si bo kupil srečo! Eden si jo pridobi s poroko, drugi pa si jo mora kupiti - se je smejal klovn, ko je spet st	wikivir.cleaned.xml	7300	Zvesti jazbec	Neža Maurer	20	pravljice				
emotion_surprise_per_1k	55.55555555555555	wikivir-004560::window::56	wikivir-004560	window	89	Med gorami	Milan Pugelj	proza	20		nad krajino, izgubi se nemudoma kakor misel. „Ustrelil ga je!“ — hripavo kriči Lukež. „Poznam pok, ostri, tenki pok: z medeno pištolo ga je, s tisto, ki jo je kupil za svatbo.“ — Kljukar gleda z debelimi očmi, nič ne ve, kaj misli, Lukež sede na prag, stisne se v kot, zobje mu šklepečejo, trese se p	89	36	7.0	194.44444444444449	0.2258064516129032	0.140375	2.0	55.55555555555555	0.064516129032258	0.04004166666666667	4.0	111.1111111111111	0.1290322580645161	0.07329166666666666	7.0	194.44444444444449	0.2258064516129032	0.157875	1.0	27.77777777777777	0.032258064516129	0.019541666666666666	2.0	55.55555555555555	0.064516129032258	0.042416666666666665	6.0	166.66666666666666	0.1935483870967742	0.122125	2.0	0.064516129032258	0.04591666666666666	3.0	83.33333333333333	9.0	250.0	0.4975347222222222	0.5067152777777778	0.48798611111111106	-0.5	24	23	0.6666666666666666	anger	0.22580645161290322	wikivir.cleaned.xml	4560				window	wikivir-004560	wikivir-004560.s000609|wikivir-004560.s000610|wikivir-004560.s000611	3	89	63	36	nad krajino, izgubi se nemudoma kakor misel. „Ustrelil ga je!“ — hripavo kriči Lukež. „Poznam pok, ostri, tenki pok: z medeno pištolo ga je, s tisto, ki jo je kupil za svatbo.“ — Kljukar gleda z debelimi očmi, nič ne ve, kaj misli, Lukež sede na prag, stisne se v kot, zobje mu šklepečejo, trese se p	wikivir.cleaned.xml	4560	Med gorami	Milan Pugelj	20	proza				
emotion_surprise_per_1k	55.55555555555555	wikivir-001564::window::14	wikivir-001564	window	90	Vila pravljica	Fran Milčinski	pravljice			bo!« Nikdo je ni videl, le sončni žarek se je igral okoli moža z detetom. Zunaj zidu, onkraj mostu sta se ločila -- izginila je v gore. Mož se je žalosten in obenem potolažen sam vrnil z ljubim sinčkom domov. Čul pa je še mnogo noči izgubljeno svojo ženo, ko je prihajala k detetu in je pri njem bede	90	36	2.0	55.55555555555555	0.0714285714285714	0.049368421052631575	5.0	138.88888888888889	0.1785714285714285	0.13405263157894737	3.0	83.33333333333333	0.1071428571428571	0.09084210526315789	3.0	83.33333333333333	0.1071428571428571	0.097	4.0	111.1111111111111	0.1428571428571428	0.11073684210526316	3.0	83.33333333333333	0.1071428571428571	0.12378947368421055	6.0	166.66666666666666	0.2142857142857142	0.10115789473684209	2.0	0.0714285714285714	0.06331578947368421	4.0	111.1111111111111	5.0	138.88888888888889	0.5215219298245615	0.44980701754385966	0.4600043859649123	-0.1111111111111111	19	19	0.5277777777777778	surprise	0.21428571428571427	wikivir.cleaned.xml	1564				window	wikivir-001564	wikivir-001564.s000116|wikivir-001564.s000117|wikivir-001564.s000118|wikivir-001564.s000119|wikivir-001564.s000120|wikivir-001564.s000121|wikivir-001564.s000122	7	90	78	34	bo!« Nikdo je ni videl, le sončni žarek se je igral okoli moža z detetom. Zunaj zidu, onkraj mostu sta se ločila -- izginila je v gore. Mož se je žalosten in obenem potolažen sam vrnil z ljubim sinčkom domov. Čul pa je še mnogo noči izgubljeno svojo ženo, ko je prihajala k detetu in je pri njem bede	wikivir.cleaned.xml	1564	Vila pravljica	Fran Milčinski		pravljice				
emotion_surprise_per_1k	239.58333333333331	wikivir-008935::window::1	wikivir-008935	window	187	Slovenske vecernice 1865/78		pesmi			4. Kraljica najbolj sveta, Brez madeža spočeta, Pred Taboj tu klečim, Slaviti Te želim! Slaviti vred Te z materjo, Svetó kato’ško cerkevjo, In pa z družino njeno vso! 5. Kraljica najbolj sveta, Brez madeža spočeta, Pred Taboj tu klečim, Slaviti Te želim! Slaviti ž njimi, k’ se veselé, Slaviti ž njim	187	96	1.0	10.416666666666666	0.0113636363636363	0.014822222222222223	23.0	239.58333333333331	0.2613636363636363	0.22791111111111112	5.0	52.083333333333336	0.0568181818181818	0.022555555555555558	1.0	10.416666666666666	0.0113636363636363	0.016177777777777777	18.0	187.5	0.2045454545454545	0.2964888888888889	1.0	10.416666666666666	0.0113636363636363	0.013622222222222221	16.0	166.66666666666666	0.1818181818181818	0.12231111111111112	23.0	0.2613636363636363	0.23344444444444445	24.0	250.0	6.0	62.5	0.7223777777777778	0.4920888888888888	0.5910666666666667	0.6	45	13	0.46875	anticipation	0.26136363636363635	wikivir.cleaned.xml	8935				window	wikivir-008935	wikivir-008935.s000001|wikivir-008935.s000002|wikivir-008935.s000003|wikivir-008935.s000004|wikivir-008935.s000005|wikivir-008935.s000006|wikivir-008935.s000007|wikivir-008935.s000008|wikivir-008935.s000009|wikivir-008935.s000010|wikivir-008935.s000011|wikivir-008935.s000012|wikivir-008935.s000013|wikivir-008935.s000014|wikivir-008935.s000015|wikivir-008935.s000016|wikivir-008935.s000017|wikivir-008935.s000018|wikivir-008935.s000019|wikivir-008935.s000020	42	187	145	87	4. Kraljica najbolj sveta, Brez madeža spočeta, Pred Taboj tu klečim, Slaviti Te želim! Slaviti vred Te z materjo, Svetó kato’ško cerkevjo, In pa z družino njeno vso! 5. Kraljica najbolj sveta, Brez madeža spočeta, Pred Taboj tu klečim, Slaviti Te želim! Slaviti ž njimi, k’ se veselé, Slaviti ž njim	wikivir.cleaned.xml	8935	Slovenske vecernice 1865/78			pesmi				
emotion_surprise_per_1k	239.58333333333331	wikivir-008935::document::1	wikivir-008935	document	188	Slovenske vecernice 1865/78		pesmi			4. Kraljica najbolj sveta, Brez madeža spočeta, Pred Taboj tu klečim, Slaviti Te želim! Slaviti vred Te z materjo, Svetó kato’ško cerkevjo, In pa z družino njeno vso! 5. Kraljica najbolj sveta, Brez madeža spočeta, Pred Taboj tu klečim, Slaviti Te želim! Slaviti ž njimi, k’ se veselé, Slaviti ž njim	188	96	1.0	10.416666666666666	0.0113636363636363	0.014822222222222223	23.0	239.58333333333331	0.2613636363636363	0.22791111111111112	5.0	52.083333333333336	0.0568181818181818	0.022555555555555558	1.0	10.416666666666666	0.0113636363636363	0.016177777777777777	18.0	187.5	0.2045454545454545	0.2964888888888889	1.0	10.416666666666666	0.0113636363636363	0.013622222222222221	16.0	166.66666666666666	0.1818181818181818	0.12231111111111112	23.0	0.2613636363636363	0.23344444444444445	24.0	250.0	6.0	62.5	0.7223777777777778	0.4920888888888888	0.5910666666666667	0.6	45	13	0.46875	anticipation	0.26136363636363635	wikivir.cleaned.xml	8935				document	wikivir-008935	wikivir-008935.s000001|wikivir-008935.s000002|wikivir-008935.s000003|wikivir-008935.s000004|wikivir-008935.s000005|wikivir-008935.s000006|wikivir-008935.s000007|wikivir-008935.s000008|wikivir-008935.s000009|wikivir-008935.s000010|wikivir-008935.s000011|wikivir-008935.s000012|wikivir-008935.s000013|wikivir-008935.s000014|wikivir-008935.s000015|wikivir-008935.s000016|wikivir-008935.s000017|wikivir-008935.s000018|wikivir-008935.s000019|wikivir-008935.s000020	42	188	145	87	4. Kraljica najbolj sveta, Brez madeža spočeta, Pred Taboj tu klečim, Slaviti Te želim! Slaviti vred Te z materjo, Svetó kato’ško cerkevjo, In pa z družino njeno vso! 5. Kraljica najbolj sveta, Brez madeža spočeta, Pred Taboj tu klečim, Slaviti Te želim! Slaviti ž njimi, k’ se veselé, Slaviti ž njim	wikivir.cleaned.xml	8935	Slovenske vecernice 1865/78			pesmi				
emotion_surprise_per_1k	255.8139534883721	wikivir-000308::document::1	wikivir-000308	document	107	Sebi	Srečko Kosovel	pesmi			Komu je mar, poet, tvojih sanj, tvojih iskanj in tvojih spoznanj? Svet išče denarja, denarja ... zlata ... in kakor pes sklanja glavo v tla. In kakor pes voha denar, denar mu je bog, denar mu je car, voha denar in mu sledi in sam je suženj svoje strasti. Le nekaj jih je, ki niso tako, le nekaj jih j	107	43	8.0	186.04651162790697	0.1538461538461538	0.05964285714285714	11.0	255.8139534883721	0.2115384615384615	0.21232142857142855	1.0	23.25581395348837	0.0192307692307692	0.02342857142857143	3.0	69.76744186046511	0.0576923076923076	0.05242857142857143	8.0	186.04651162790697	0.1538461538461538	0.1932857142857143	3.0	69.76744186046511	0.0576923076923076	0.07842857142857143	7.0	162.79069767441862	0.1346153846153846	0.06414285714285714	11.0	0.2115384615384615	0.19217857142857145	10.0	232.5581395348837	3.0	69.76744186046511	0.6234226190476191	0.5155654761904762	0.6101101190476189	0.5384615384615384	28	22	0.6511627906976745	anticipation	0.21153846153846154	wikivir.cleaned.xml	308				document	wikivir-000308	wikivir-000308.s000001|wikivir-000308.s000002|wikivir-000308.s000003|wikivir-000308.s000004|wikivir-000308.s000005|wikivir-000308.s000006|wikivir-000308.s000007|wikivir-000308.s000008|wikivir-000308.s000009|wikivir-000308.s000010|wikivir-000308.s000011|wikivir-000308.s000012|wikivir-000308.s000013|wikivir-000308.s000014	14	107	81	40	Komu je mar, poet, tvojih sanj, tvojih iskanj in tvojih spoznanj? Svet išče denarja, denarja ... zlata ... in kakor pes sklanja glavo v tla. In kakor pes voha denar, denar mu je bog, denar mu je car, voha denar in mu sledi in sam je suženj svoje strasti. Le nekaj jih je, ki niso tako, le nekaj jih j	wikivir.cleaned.xml	308	Sebi	Srečko Kosovel		pesmi				
emotion_surprise_per_1k	255.8139534883721	wikivir-000308::window::1	wikivir-000308	window	106	Sebi	Srečko Kosovel	pesmi			Komu je mar, poet, tvojih sanj, tvojih iskanj in tvojih spoznanj? Svet išče denarja, denarja ... zlata ... in kakor pes sklanja glavo v tla. In kakor pes voha denar, denar mu je bog, denar mu je car, voha denar in mu sledi in sam je suženj svoje strasti. Le nekaj jih je, ki niso tako, le nekaj jih j	106	43	8.0	186.04651162790697	0.1538461538461538	0.05964285714285714	11.0	255.8139534883721	0.2115384615384615	0.21232142857142855	1.0	23.25581395348837	0.0192307692307692	0.02342857142857143	3.0	69.76744186046511	0.0576923076923076	0.05242857142857143	8.0	186.04651162790697	0.1538461538461538	0.1932857142857143	3.0	69.76744186046511	0.0576923076923076	0.07842857142857143	7.0	162.79069767441862	0.1346153846153846	0.06414285714285714	11.0	0.2115384615384615	0.19217857142857145	10.0	232.5581395348837	3.0	69.76744186046511	0.6234226190476191	0.5155654761904762	0.6101101190476189	0.5384615384615384	28	22	0.6511627906976745	anticipation	0.21153846153846154	wikivir.cleaned.xml	308				window	wikivir-000308	wikivir-000308.s000001|wikivir-000308.s000002|wikivir-000308.s000003|wikivir-000308.s000004|wikivir-000308.s000005|wikivir-000308.s000006|wikivir-000308.s000007|wikivir-000308.s000008|wikivir-000308.s000009|wikivir-000308.s000010|wikivir-000308.s000011|wikivir-000308.s000012|wikivir-000308.s000013|wikivir-000308.s000014	14	106	81	40	Komu je mar, poet, tvojih sanj, tvojih iskanj in tvojih spoznanj? Svet išče denarja, denarja ... zlata ... in kakor pes sklanja glavo v tla. In kakor pes voha denar, denar mu je bog, denar mu je car, voha denar in mu sledi in sam je suženj svoje strasti. Le nekaj jih je, ki niso tako, le nekaj jih j	wikivir.cleaned.xml	308	Sebi	Srečko Kosovel		pesmi				
emotion_surprise_per_1k	209.30232558139537	wikivir-014949::window::1	wikivir-014949	window	118	Poet	Lojze Grozde	soneti	20		Zapoj mi, pesnik, še o sreči kaj, da bo vesela pesem vsaj enkrat, ker zmeraj jokaš, saj si vendar mlad, vse sanje, misli, ves svet tvoj je zdaj. O sreči, dragi, ti zapojem naj?! Pa veš li, kaj je sreča, dragi brat, si jo imel že vso katerikrat? Še meni, mojemu jo srcu daj! Tako skrivnostno moje je s	118	43	1.0	23.25581395348837	0.0263157894736842	0.0031666666666666666	9.0	209.30232558139537	0.2368421052631578	0.18679166666666666	1.0	23.25581395348837	0.0263157894736842	0.007833333333333333	2.0	46.51162790697674	0.0526315789473684	0.023999999999999997	8.0	186.04651162790697	0.2105263157894736	0.28025	1.0	23.25581395348837	0.0263157894736842	0.03125	7.0	162.79069767441862	0.1842105263157894	0.12699999999999997	9.0	0.2368421052631578	0.19562500000000002	12.0	279.06976744186045	3.0	69.76744186046511	0.6704427083333333	0.48300833333333326	0.5888059027777778	0.6	24	19	0.5581395348837209	anticipation	0.23684210526315788	wikivir.cleaned.xml	14949				window	wikivir-014949	wikivir-014949.s000001|wikivir-014949.s000002|wikivir-014949.s000003|wikivir-014949.s000004|wikivir-014949.s000005|wikivir-014949.s000006|wikivir-014949.s000007|wikivir-014949.s000008|wikivir-014949.s000009|wikivir-014949.s000010|wikivir-014949.s000011|wikivir-014949.s000012|wikivir-014949.s000013|wikivir-014949.s000014	14	118	91	42	Zapoj mi, pesnik, še o sreči kaj, da bo vesela pesem vsaj enkrat, ker zmeraj jokaš, saj si vendar mlad, vse sanje, misli, ves svet tvoj je zdaj. O sreči, dragi, ti zapojem naj?! Pa veš li, kaj je sreča, dragi brat, si jo imel že vso katerikrat? Še meni, mojemu jo srcu daj! Tako skrivnostno moje je s	wikivir.cleaned.xml	14949	Poet	Lojze Grozde	20	soneti				
emotion_surprise_per_1k	209.30232558139537	wikivir-014949::document::1	wikivir-014949	document	119	Poet	Lojze Grozde	soneti	20		Zapoj mi, pesnik, še o sreči kaj, da bo vesela pesem vsaj enkrat, ker zmeraj jokaš, saj si vendar mlad, vse sanje, misli, ves svet tvoj je zdaj. O sreči, dragi, ti zapojem naj?! Pa veš li, kaj je sreča, dragi brat, si jo imel že vso katerikrat? Še meni, mojemu jo srcu daj! Tako skrivnostno moje je s	119	43	1.0	23.25581395348837	0.0263157894736842	0.0031666666666666666	9.0	209.30232558139537	0.2368421052631578	0.18679166666666666	1.0	23.25581395348837	0.0263157894736842	0.007833333333333333	2.0	46.51162790697674	0.0526315789473684	0.023999999999999997	8.0	186.04651162790697	0.2105263157894736	0.28025	1.0	23.25581395348837	0.0263157894736842	0.03125	7.0	162.79069767441862	0.1842105263157894	0.12699999999999997	9.0	0.2368421052631578	0.19562500000000002	12.0	279.06976744186045	3.0	69.76744186046511	0.6704427083333333	0.48300833333333326	0.5888059027777778	0.6	24	19	0.5581395348837209	anticipation	0.23684210526315788	wikivir.cleaned.xml	14949				document	wikivir-014949	wikivir-014949.s000001|wikivir-014949.s000002|wikivir-014949.s000003|wikivir-014949.s000004|wikivir-014949.s000005|wikivir-014949.s000006|wikivir-014949.s000007|wikivir-014949.s000008|wikivir-014949.s000009|wikivir-014949.s000010|wikivir-014949.s000011|wikivir-014949.s000012|wikivir-014949.s000013|wikivir-014949.s000014	14	119	91	42	Zapoj mi, pesnik, še o sreči kaj, da bo vesela pesem vsaj enkrat, ker zmeraj jokaš, saj si vendar mlad, vse sanje, misli, ves svet tvoj je zdaj. O sreči, dragi, ti zapojem naj?! Pa veš li, kaj je sreča, dragi brat, si jo imel že vso katerikrat? Še meni, mojemu jo srcu daj! Tako skrivnostno moje je s	wikivir.cleaned.xml	14949	Poet	Lojze Grozde	20	soneti				
emotion_surprise_per_1k	115.3846153846154	wikivir-003681::window::1	wikivir-003681	window	347	Skrivnosti	Niko Grafenauer	pesmi	20		Skrivnosti Skrivnost Strah Misel Spomin Sreča Jaz Samota Ljubezen Poljub Slast Lepota Ples Hrepenenje Svoboda Nebo Čas Življenje Duša Igra Bolečina Krik Molk Smrt Nič Ogenj Voda Zemlja Zrak Skrivnost Skrivnost ima skrivališče za sedmimi pečati. Do nje vodi skrito stopnišče z devetimi skrivnimi vrati	347	182	17.0	93.4065934065934	0.1148648648648648	0.06710909090909091	29.0	159.34065934065933	0.1959459459459459	0.1384	7.0	38.46153846153847	0.0472972972972973	0.027000000000000003	22.0	120.87912087912088	0.1486486486486486	0.12641818181818182	11.0	60.43956043956044	0.0743243243243243	0.09693636363636364	12.0	65.93406593406594	0.081081081081081	0.040600000000000004	29.0	159.34065934065933	0.1959459459459459	0.16265454545454544	21.0	0.1418918918918918	0.0991090909090909	21.0	115.3846153846154	32.0	175.82417582417582	0.5522348484848483	0.46372878787878785	0.5111848484848486	-0.20754716981132076	110	73	0.6043956043956044	anticipation	0.19594594594594594	wikivir.cleaned.xml	3681				window	wikivir-003681	wikivir-003681.s000001|wikivir-003681.s000002|wikivir-003681.s000003|wikivir-003681.s000004|wikivir-003681.s000005|wikivir-003681.s000006|wikivir-003681.s000007|wikivir-003681.s000008|wikivir-003681.s000009|wikivir-003681.s000010|wikivir-003681.s000011|wikivir-003681.s000012|wikivir-003681.s000013|wikivir-003681.s000014|wikivir-003681.s000015|wikivir-003681.s000016|wikivir-003681.s000017|wikivir-003681.s000018|wikivir-003681.s000019|wikivir-003681.s000020	98	347	300	179	Skrivnosti Skrivnost Strah Misel Spomin Sreča Jaz Samota Ljubezen Poljub Slast Lepota Ples Hrepenenje Svoboda Nebo Čas Življenje Duša Igra Bolečina Krik Molk Smrt Nič Ogenj Voda Zemlja Zrak Skrivnost Skrivnost ima skrivališče za sedmimi pečati. Do nje vodi skrito stopnišče z devetimi skrivnimi vrati	wikivir.cleaned.xml	3681	Skrivnosti	Niko Grafenauer	20	pesmi				
emotion_surprise_per_1k	105.26315789473684	wikivir-004819::document::1	wikivir-004819	document	126	XXXVII. Mladosti davna leta	Simon Gregorčič	pesmi	20		Mladosti davna leta, ne kličem vas nazaj; minul si mi brez cveta, življenja mračni maj! Le redek žarek sinil mi v dušo je tedaj, še temu pa izginil je bliskoma sijaj. Tako, oh, dnevi tekli mi v temni žali so, vse meni so odrekli, kar drugim dali so. V zaton se sonce niža, hiti, hiti na moč, in meni	126	57	1.0	17.543859649122805	0.0212765957446808	0.01040625	10.0	175.43859649122803	0.2127659574468085	0.15453125	4.0	70.17543859649122	0.0851063829787234	0.06909375	5.0	87.71929824561403	0.1063829787234042	0.06940625	9.0	157.89473684210526	0.1914893617021276	0.19259374999999998	3.0	52.63157894736842	0.0638297872340425	0.05315625	9.0	157.89473684210526	0.1914893617021276	0.0981875	6.0	0.1276595744680851	0.08621875000000001	10.0	175.43859649122803	5.0	87.71929824561403	0.5845598958333333	0.4371197916666667	0.4688307291666667	0.3333333333333333	32	27	0.5614035087719298	anticipation	0.2127659574468085	wikivir.cleaned.xml	4819				document	wikivir-004819	wikivir-004819.s000001|wikivir-004819.s000002|wikivir-004819.s000003|wikivir-004819.s000004|wikivir-004819.s000005|wikivir-004819.s000006|wikivir-004819.s000007|wikivir-004819.s000008|wikivir-004819.s000009|wikivir-004819.s000010|wikivir-004819.s000011|wikivir-004819.s000012|wikivir-004819.s000013|wikivir-004819.s000014|wikivir-004819.s000015|wikivir-004819.s000016|wikivir-004819.s000017|wikivir-004819.s000018|wikivir-004819.s000019|wikivir-004819.s000020	25	126	101	56	Mladosti davna leta, ne kličem vas nazaj; minul si mi brez cveta, življenja mračni maj! Le redek žarek sinil mi v dušo je tedaj, še temu pa izginil je bliskoma sijaj. Tako, oh, dnevi tekli mi v temni žali so, vse meni so odrekli, kar drugim dali so. V zaton se sonce niža, hiti, hiti na moč, in meni 	wikivir.cleaned.xml	4819	XXXVII. Mladosti davna leta	Simon Gregorčič	20	pesmi				
emotion_surprise_per_1k	105.26315789473684	wikivir-004819::window::1	wikivir-004819	window	125	XXXVII. Mladosti davna leta	Simon Gregorčič	pesmi	20		Mladosti davna leta, ne kličem vas nazaj; minul si mi brez cveta, življenja mračni maj! Le redek žarek sinil mi v dušo je tedaj, še temu pa izginil je bliskoma sijaj. Tako, oh, dnevi tekli mi v temni žali so, vse meni so odrekli, kar drugim dali so. V zaton se sonce niža, hiti, hiti na moč, in meni	125	57	1.0	17.543859649122805	0.0212765957446808	0.01040625	10.0	175.43859649122803	0.2127659574468085	0.15453125	4.0	70.17543859649122	0.0851063829787234	0.06909375	5.0	87.71929824561403	0.1063829787234042	0.06940625	9.0	157.89473684210526	0.1914893617021276	0.19259374999999998	3.0	52.63157894736842	0.0638297872340425	0.05315625	9.0	157.89473684210526	0.1914893617021276	0.0981875	6.0	0.1276595744680851	0.08621875000000001	10.0	175.43859649122803	5.0	87.71929824561403	0.5845598958333333	0.4371197916666667	0.4688307291666667	0.3333333333333333	32	27	0.5614035087719298	anticipation	0.2127659574468085	wikivir.cleaned.xml	4819				window	wikivir-004819	wikivir-004819.s000001|wikivir-004819.s000002|wikivir-004819.s000003|wikivir-004819.s000004|wikivir-004819.s000005|wikivir-004819.s000006|wikivir-004819.s000007|wikivir-004819.s000008|wikivir-004819.s000009|wikivir-004819.s000010|wikivir-004819.s000011|wikivir-004819.s000012|wikivir-004819.s000013|wikivir-004819.s000014|wikivir-004819.s000015|wikivir-004819.s000016|wikivir-004819.s000017|wikivir-004819.s000018|wikivir-004819.s000019|wikivir-004819.s000020	25	125	101	56	Mladosti davna leta, ne kličem vas nazaj; minul si mi brez cveta, življenja mračni maj! Le redek žarek sinil mi v dušo je tedaj, še temu pa izginil je bliskoma sijaj. Tako, oh, dnevi tekli mi v temni žali so, vse meni so odrekli, kar drugim dali so. V zaton se sonce niža, hiti, hiti na moč, in meni 	wikivir.cleaned.xml	4819	XXXVII. Mladosti davna leta	Simon Gregorčič	20	pesmi				
emotion_surprise_per_1k	47.94520547945205	wikivir-003833::window::47	wikivir-003833	window	314	Navdih srca	Ana Nuška Pišek	pesmi	21		Poglejte me, kako sem velika. Ne bom padla, pa pika!« Velika biba jo prijazno pouči: »Če padla boš na tla, si nosek boš razbila, Na glavi pa buško pridobila.« BIBA SE SKRIVA Mala biba se je skrila in z zvončkom pozvonila: »Bim bim, bim bim, poiščite me kje čepim.« NAGAJIVA BIBA Biba je Evo požgečkal	314	146	0.0	0.0	0.0	0.0	9.0	61.64383561643835	0.1304347826086956	0.047625	1.0	6.849315068493151	0.0144927536231884	0.0065138888888888885	2.0	13.6986301369863	0.0289855072463768	0.00825	26.0	178.08219178082192	0.3768115942028985	0.25248611111111113	1.0	6.849315068493151	0.0144927536231884	0.003791666666666667	23.0	157.53424657534245	0.3333333333333333	0.15168055555555554	7.0	0.1014492753623188	0.05479166666666667	26.0	178.08219178082192	3.0	20.54794520547945	0.7001435185185185	0.45513194444444444	0.5585046296296297	0.7931034482758621	72	47	0.4931506849315068	joy	0.37681159420289856	wikivir.cleaned.xml	3833				window	wikivir-003833	wikivir-003833.s001408|wikivir-003833.s001409|wikivir-003833.s001410|wikivir-003833.s001411|wikivir-003833.s001412|wikivir-003833.s001413|wikivir-003833.s001414|wikivir-003833.s001415|wikivir-003833.s001416|wikivir-003833.s001417|wikivir-003833.s001418|wikivir-003833.s001419|wikivir-003833.s001420|wikivir-003833.s001421|wikivir-003833.s001422|wikivir-003833.s001423|wikivir-003833.s001424|wikivir-003833.s001425|wikivir-003833.s001426|wikivir-003833.s001427	50	314	254	145	Poglejte me, kako sem velika. Ne bom padla, pa pika!« Velika biba jo prijazno pouči: »Če padla boš na tla, si nosek boš razbila, Na glavi pa buško pridobila.« BIBA SE SKRIVA Mala biba se je skrila in z zvončkom pozvonila: »Bim bim, bim bim, poiščite me kje čepim.« NAGAJIVA BIBA Biba je Evo požgečkal	wikivir.cleaned.xml	3833	Navdih srca	Ana Nuška Pišek	21	pesmi				
emotion_surprise_per_1k	103.44827586206895	wikivir-001387::document::1	wikivir-001387	document	127	Mladosti davna leta	Simon Gregorčič	pesmi			Mladosti davna leta, ne kličem vas nazaj; minul si mi brez cveta, življenja mračni maj! Le redek žarek sinil mi v dušo je tedaj, še temu pa izginil je bliskoma sijaj. Tako, oh, dnevi tekli mi v temni žali so, vse mni so odrekli, kar drugim dali so. V zaton se sonce niža, hití, hiti na moč, in meni n	127	58	1.0	17.241379310344826	0.0217391304347826	0.01040625	9.0	155.17241379310346	0.1956521739130435	0.139625	4.0	68.9655172413793	0.0869565217391304	0.06909375	5.0	86.20689655172414	0.108695652173913	0.06940625	9.0	155.17241379310346	0.1956521739130435	0.189375	3.0	51.72413793103448	0.0652173913043478	0.05315625	9.0	155.17241379310346	0.1956521739130435	0.0981875	6.0	0.1304347826086956	0.0989375	10.0	172.41379310344828	5.0	86.20689655172414	0.5815390625	0.43422916666666667	0.46922135416666666	0.3333333333333333	32	27	0.5517241379310345	anticipation	0.1956521739130435	wikivir.cleaned.xml	1387				document	wikivir-001387	wikivir-001387.s000001|wikivir-001387.s000002|wikivir-001387.s000003|wikivir-001387.s000004|wikivir-001387.s000005|wikivir-001387.s000006|wikivir-001387.s000007|wikivir-001387.s000008|wikivir-001387.s000009|wikivir-001387.s000010|wikivir-001387.s000011|wikivir-001387.s000012|wikivir-001387.s000013|wikivir-001387.s000014|wikivir-001387.s000015|wikivir-001387.s000016|wikivir-001387.s000017|wikivir-001387.s000018|wikivir-001387.s000019|wikivir-001387.s000020	25	127	101	57	Mladosti davna leta, ne kličem vas nazaj; minul si mi brez cveta, življenja mračni maj! Le redek žarek sinil mi v dušo je tedaj, še temu pa izginil je bliskoma sijaj. Tako, oh, dnevi tekli mi v temni žali so, vse mni so odrekli, kar drugim dali so. V zaton se sonce niža, hití, hiti na moč, in meni n	wikivir.cleaned.xml	1387	Mladosti davna leta	Simon Gregorčič		pesmi				
emotion_surprise_per_1k	103.44827586206895	wikivir-001387::window::1	wikivir-001387	window	126	Mladosti davna leta	Simon Gregorčič	pesmi			Mladosti davna leta, ne kličem vas nazaj; minul si mi brez cveta, življenja mračni maj! Le redek žarek sinil mi v dušo je tedaj, še temu pa izginil je bliskoma sijaj. Tako, oh, dnevi tekli mi v temni žali so, vse mni so odrekli, kar drugim dali so. V zaton se sonce niža, hití, hiti na moč, in meni n	126	58	1.0	17.241379310344826	0.0217391304347826	0.01040625	9.0	155.17241379310346	0.1956521739130435	0.139625	4.0	68.9655172413793	0.0869565217391304	0.06909375	5.0	86.20689655172414	0.108695652173913	0.06940625	9.0	155.17241379310346	0.1956521739130435	0.189375	3.0	51.72413793103448	0.0652173913043478	0.05315625	9.0	155.17241379310346	0.1956521739130435	0.0981875	6.0	0.1304347826086956	0.0989375	10.0	172.41379310344828	5.0	86.20689655172414	0.5815390625	0.43422916666666667	0.46922135416666666	0.3333333333333333	32	27	0.5517241379310345	anticipation	0.1956521739130435	wikivir.cleaned.xml	1387				window	wikivir-001387	wikivir-001387.s000001|wikivir-001387.s000002|wikivir-001387.s000003|wikivir-001387.s000004|wikivir-001387.s000005|wikivir-001387.s000006|wikivir-001387.s000007|wikivir-001387.s000008|wikivir-001387.s000009|wikivir-001387.s000010|wikivir-001387.s000011|wikivir-001387.s000012|wikivir-001387.s000013|wikivir-001387.s000014|wikivir-001387.s000015|wikivir-001387.s000016|wikivir-001387.s000017|wikivir-001387.s000018|wikivir-001387.s000019|wikivir-001387.s000020	25	126	101	57	Mladosti davna leta, ne kličem vas nazaj; minul si mi brez cveta, življenja mračni maj! Le redek žarek sinil mi v dušo je tedaj, še temu pa izginil je bliskoma sijaj. Tako, oh, dnevi tekli mi v temni žali so, vse mni so odrekli, kar drugim dali so. V zaton se sonce niža, hití, hiti na moč, in meni n	wikivir.cleaned.xml	1387	Mladosti davna leta	Simon Gregorčič		pesmi				
emotion_surprise_per_1k	102.56410256410255	wikivir-020036::document::1	wikivir-020036	document	86	Vrnitev (''Na griču'')	Vera Albreht	osebnoizpovedne pesmi	20		Na griču ga mlada žena čaka, od zore do mraka Kar čez noč so prišli. Prej krepki, mladi zdaj starci, bolni; brez rok, brez nog, brez očij. – A vsi so bili zmage pijani ; brez rok so žené objemali, brez nog so veselja plesali, brez očij se nad rodno zemljó razjokali. A kje ste vi drugi, drugi ostali?	86	39	1.0	25.64102564102564	0.0344827586206896	0.013875	7.0	179.48717948717947	0.2413793103448276	0.089875	2.0	51.28205128205128	0.0689655172413793	0.04654166666666667	1.0	25.64102564102564	0.0344827586206896	0.025875	7.0	179.48717948717947	0.2413793103448276	0.09716666666666667	1.0	25.64102564102564	0.0344827586206896	0.024749999999999998	6.0	153.84615384615387	0.2068965517241379	0.041666666666666664	4.0	0.1379310344827586	0.08625	7.0	179.48717948717947	2.0	51.28205128205128	0.5200724206349207	0.35755257936507934	0.3930952380952381	0.5555555555555556	24	15	0.6153846153846154	anticipation	0.2413793103448276	wikivir.cleaned.xml	20036				document	wikivir-020036	wikivir-020036.s000001|wikivir-020036.s000002|wikivir-020036.s000003|wikivir-020036.s000004|wikivir-020036.s000005|wikivir-020036.s000006|wikivir-020036.s000007|wikivir-020036.s000008|wikivir-020036.s000009|wikivir-020036.s000010|wikivir-020036.s000011|wikivir-020036.s000012|wikivir-020036.s000013|wikivir-020036.s000014|wikivir-020036.s000015	15	86	67	39	Na griču ga mlada žena čaka, od zore do mraka Kar čez noč so prišli. Prej krepki, mladi zdaj starci, bolni; brez rok, brez nog, brez očij. – A vsi so bili zmage pijani ; brez rok so žené objemali, brez nog so veselja plesali, brez očij se nad rodno zemljó razjokali. A kje ste vi drugi, drugi ostali?	wikivir.cleaned.xml	20036	Vrnitev (''Na griču'')	Vera Albreht	20	osebnoizpovedne pesmi				
emotion_surprise_per_1k	102.56410256410255	wikivir-020036::window::1	wikivir-020036	window	84	Vrnitev (''Na griču'')	Vera Albreht	osebnoizpovedne pesmi	20		Na griču ga mlada žena čaka, od zore do mraka Kar čez noč so prišli. Prej krepki, mladi zdaj starci, bolni; brez rok, brez nog, brez očij. – A vsi so bili zmage pijani ; brez rok so žené objemali, brez nog so veselja plesali, brez očij se nad rodno zemljó razjokali. A kje ste vi drugi, drugi ostali?	84	39	1.0	25.64102564102564	0.0344827586206896	0.013875	7.0	179.48717948717947	0.2413793103448276	0.089875	2.0	51.28205128205128	0.0689655172413793	0.04654166666666667	1.0	25.64102564102564	0.0344827586206896	0.025875	7.0	179.48717948717947	0.2413793103448276	0.09716666666666667	1.0	25.64102564102564	0.0344827586206896	0.024749999999999998	6.0	153.84615384615387	0.2068965517241379	0.041666666666666664	4.0	0.1379310344827586	0.08625	7.0	179.48717948717947	2.0	51.28205128205128	0.5200724206349207	0.35755257936507934	0.3930952380952381	0.5555555555555556	24	15	0.6153846153846154	anticipation	0.2413793103448276	wikivir.cleaned.xml	20036				window	wikivir-020036	wikivir-020036.s000001|wikivir-020036.s000002|wikivir-020036.s000003|wikivir-020036.s000004|wikivir-020036.s000005|wikivir-020036.s000006|wikivir-020036.s000008|wikivir-020036.s000009|wikivir-020036.s000010|wikivir-020036.s000011|wikivir-020036.s000012|wikivir-020036.s000014|wikivir-020036.s000015	13	84	67	39	Na griču ga mlada žena čaka, od zore do mraka Kar čez noč so prišli. Prej krepki, mladi zdaj starci, bolni; brez rok, brez nog, brez očij. – A vsi so bili zmage pijani ; brez rok so žené objemali, brez nog so veselja plesali, brez očij se nad rodno zemljó razjokali. A kje ste vi drugi, drugi ostali?	wikivir.cleaned.xml	20036	Vrnitev (''Na griču'')	Vera Albreht	20	osebnoizpovedne pesmi				
emotion_surprise_per_1k	102.56410256410255	wikivir-013191::window::145	wikivir-013191	window	101	Strma pot		pisma	20	1936	midve odideva in spoved se prične. Midve ne nehava moliti ... In Božič, Melisanda, me je z Ditmarjem združil. Odtlej pa drug na drugega naslonjena nadaljujeva najino pot. Leta se pridružujejo letom, tudi starost se bo lahko naselila na najinem domu. Na naju ne bo ničesar predrugačila, niti potez naj	101	39	3.0	76.92307692307693	0.09375	0.06883333333333333	4.0	102.56410256410255	0.125	0.08004166666666666	3.0	76.92307692307693	0.09375	0.06283333333333334	6.0	153.84615384615387	0.1875	0.1105	2.0	51.28205128205128	0.0625	0.12054166666666667	4.0	102.56410256410255	0.125	0.10804166666666666	6.0	153.84615384615387	0.1875	0.10412500000000001	4.0	0.125	0.12079166666666667	5.0	128.2051282051282	5.0	128.2051282051282	0.5352986111111111	0.40321875	0.47494444444444445	0.0	24	22	0.6153846153846154	fear	0.1875	wikivir.cleaned.xml	13191				window	wikivir-013191	wikivir-013191.s001472|wikivir-013191.s001473|wikivir-013191.s001474|wikivir-013191.s001475|wikivir-013191.s001476|wikivir-013191.s001477|wikivir-013191.s001478|wikivir-013191.s001479|wikivir-013191.s001480|wikivir-013191.s001481	10	101	81	38	midve odideva in spoved se prične. Midve ne nehava moliti ... In Božič, Melisanda, me je z Ditmarjem združil. Odtlej pa drug na drugega naslonjena nadaljujeva najino pot. Leta se pridružujejo letom, tudi starost se bo lahko naselila na najinem domu. Na naju ne bo ničesar predrugačila, niti potez naj	wikivir.cleaned.xml	13191	Strma pot		20	pisma			1936	
emotion_surprise_per_1k	0.0	wikivir-019731::window::43	wikivir-019731	window	89	Zgodba idealista Marka	Zvonimir Kosem	kratka proza	20	1933	pod ključem, v ječi ... To ste naredili, razbojniki – ha! Ampak nikar se preveč ne veselite: prišla bo ura maščevanja in strašno bo to maščevanje !« Ni še končal, ko je z izbuljenimi očmi butnila Elza ob steno, zakrilila z rokami po zraku in si rvala lase, potem pa planila iz barake v deževno noč in	89	39	3.0	76.92307692307693	0.125	0.1173	4.0	102.56410256410255	0.1666666666666666	0.09885	2.0	51.28205128205128	0.0833333333333333	0.04805	6.0	153.84615384615387	0.25	0.23035	0.0	0.0	0.0	0.0	3.0	76.92307692307693	0.125	0.07039999999999999	6.0	153.84615384615387	0.25	0.17695	0.0	0.0	0.0242	0.0	0.0	7.0	179.48717948717947	0.45640833333333325	0.5083833333333334	0.43562500000000004	-1.0	20	18	0.5128205128205128	fear	0.25	wikivir.cleaned.xml	19731				window	wikivir-019731	wikivir-019731.s000409|wikivir-019731.s000410|wikivir-019731.s000411|wikivir-019731.s000412|wikivir-019731.s000413	5	89	73	39	pod ključem, v ječi ... To ste naredili, razbojniki – ha! Ampak nikar se preveč ne veselite: prišla bo ura maščevanja in strašno bo to maščevanje !« Ni še končal, ko je z izbuljenimi očmi butnila Elza ob steno, zakrilila z rokami po zraku in si rvala lase, potem pa planila iz barake v deževno noč in	wikivir.cleaned.xml	19731	Zgodba idealista Marka	Zvonimir Kosem	20	kratka proza			1933	
emotion_surprise_per_1k	247.05882352941177	wikivir-020787::window::225	wikivir-020787	window	201	Milica, otrok bolesti	Slavko Savinšek	romani	20		gorskih jezer, ki se je večer potopil vanji. Upanje po tuzemski sreči, po sreči skupnega življenja z dragim, čeprav samo kratek mesec, to upanje je minilo v njej in zrastlo je drugo, lepše upanje. Ker brez upanja človek ne more živeti niti tega življenja, kako bi šele v onega, v večnega stopil brez	201	85	3.0	35.294117647058826	0.032258064516129	0.02086206896551724	22.0	258.82352941176475	0.2365591397849462	0.22874137931034483	3.0	35.294117647058826	0.032258064516129	0.028017241379310345	7.0	82.3529411764706	0.075268817204301	0.04662068965517241	19.0	223.52941176470588	0.2043010752688172	0.25317241379310346	5.0	58.8235294117647	0.053763440860215	0.044758620689655165	13.0	152.94117647058826	0.1397849462365591	0.09589655172413794	21.0	0.2258064516129032	0.23750000000000002	27.0	317.6470588235294	7.0	82.3529411764706	0.6641752873563218	0.4330632183908046	0.5761077586206897	0.5882352941176471	58	39	0.6823529411764706	anticipation	0.23655913978494625	wikivir.cleaned.xml	20787				window	wikivir-020787	wikivir-020787.s002996|wikivir-020787.s002997|wikivir-020787.s002998|wikivir-020787.s002999|wikivir-020787.s003000|wikivir-020787.s003001|wikivir-020787.s003002|wikivir-020787.s003003|wikivir-020787.s003004|wikivir-020787.s003005|wikivir-020787.s003006|wikivir-020787.s003007	12	201	166	83	gorskih jezer, ki se je večer potopil vanji. Upanje po tuzemski sreči, po sreči skupnega življenja z dragim, čeprav samo kratek mesec, to upanje je minilo v njej in zrastlo je drugo, lepše upanje. Ker brez upanja človek ne more živeti niti tega življenja, kako bi šele v onega, v večnega stopil brez 	wikivir.cleaned.xml	20787	Milica, otrok bolesti	Slavko Savinšek	20	romani				
emotion_surprise_per_1k	135.59322033898306	wikivir-009584::document::1	wikivir-009584	document	130	Tebi, mati	Anica Černej	pesmi	20		To so tvoje tople roke, ki so k sebi me privile, ko so moje mlade misli zadnjo vero izgubile, ko so moje mlade misli nad življenjem ostrmele ... To so tvoje tople roke, ki so tiho me objele in peljale v novo srečo, v belo srečo duše tvoje: Daj, varuj življenja drugih, da pozabiš sama svoje! To je tv	130	59	1.0	16.949152542372882	0.0208333333333333	0.0058000000000000005	13.0	220.33898305084745	0.2708333333333333	0.10397777777777777	2.0	33.898305084745765	0.0416666666666666	0.015977777777777778	2.0	33.898305084745765	0.0416666666666666	0.03646666666666667	11.0	186.4406779661017	0.2291666666666666	0.18493333333333337	2.0	33.898305084745765	0.0416666666666666	0.02848888888888889	9.0	152.54237288135593	0.1875	0.051577777777777785	8.0	0.1666666666666666	0.0889111111111111	13.0	220.33898305084745	6.0	101.6949152542373	0.5755370370370371	0.4054777777777778	0.5038574074074074	0.3684210526315789	45	30	0.7627118644067796	anticipation	0.2708333333333333	wikivir.cleaned.xml	9584				document	wikivir-009584	wikivir-009584.s000001|wikivir-009584.s000002|wikivir-009584.s000003|wikivir-009584.s000004|wikivir-009584.s000005|wikivir-009584.s000006|wikivir-009584.s000007|wikivir-009584.s000008|wikivir-009584.s000009|wikivir-009584.s000010|wikivir-009584.s000011|wikivir-009584.s000012|wikivir-009584.s000013|wikivir-009584.s000014|wikivir-009584.s000015|wikivir-009584.s000016|wikivir-009584.s000017|wikivir-009584.s000018|wikivir-009584.s000019|wikivir-009584.s000020	24	130	111	58	To so tvoje tople roke, ki so k sebi me privile, ko so moje mlade misli zadnjo vero izgubile, ko so moje mlade misli nad življenjem ostrmele ... To so tvoje tople roke, ki so tiho me objele in peljale v novo srečo, v belo srečo duše tvoje: Daj, varuj življenja drugih, da pozabiš sama svoje! To je tv	wikivir.cleaned.xml	9584	Tebi, mati	Anica Černej	20	pesmi				
emotion_surprise_per_1k	135.59322033898306	wikivir-009584::window::1	wikivir-009584	window	129	Tebi, mati	Anica Černej	pesmi	20		To so tvoje tople roke, ki so k sebi me privile, ko so moje mlade misli zadnjo vero izgubile, ko so moje mlade misli nad življenjem ostrmele ... To so tvoje tople roke, ki so tiho me objele in peljale v novo srečo, v belo srečo duše tvoje: Daj, varuj življenja drugih, da pozabiš sama svoje! To je tv	129	59	1.0	16.949152542372882	0.0208333333333333	0.0058000000000000005	13.0	220.33898305084745	0.2708333333333333	0.10397777777777777	2.0	33.898305084745765	0.0416666666666666	0.015977777777777778	2.0	33.898305084745765	0.0416666666666666	0.03646666666666667	11.0	186.4406779661017	0.2291666666666666	0.18493333333333337	2.0	33.898305084745765	0.0416666666666666	0.02848888888888889	9.0	152.54237288135593	0.1875	0.051577777777777785	8.0	0.1666666666666666	0.0889111111111111	13.0	220.33898305084745	6.0	101.6949152542373	0.5755370370370371	0.4054777777777778	0.5038574074074074	0.3684210526315789	45	30	0.7627118644067796	anticipation	0.2708333333333333	wikivir.cleaned.xml	9584				window	wikivir-009584	wikivir-009584.s000001|wikivir-009584.s000002|wikivir-009584.s000003|wikivir-009584.s000004|wikivir-009584.s000005|wikivir-009584.s000006|wikivir-009584.s000007|wikivir-009584.s000008|wikivir-009584.s000009|wikivir-009584.s000010|wikivir-009584.s000011|wikivir-009584.s000012|wikivir-009584.s000013|wikivir-009584.s000014|wikivir-009584.s000015|wikivir-009584.s000016|wikivir-009584.s000017|wikivir-009584.s000018|wikivir-009584.s000019|wikivir-009584.s000020	24	129	111	58	To so tvoje tople roke, ki so k sebi me privile, ko so moje mlade misli zadnjo vero izgubile, ko so moje mlade misli nad življenjem ostrmele ... To so tvoje tople roke, ki so tiho me objele in peljale v novo srečo, v belo srečo duše tvoje: Daj, varuj življenja drugih, da pozabiš sama svoje! To je tv	wikivir.cleaned.xml	9584	Tebi, mati	Anica Černej	20	pesmi				
emotion_surprise_per_1k	198.7951807228916	wikivir-004441::window::130	wikivir-004441	window	354	Kupčija in obrtnija	Ferdo Kočevar		19		in sicer zato, da je v stanu, vsak čas vse svoje bankovce s kovanim denarjem spet nazaj zameniti, kajti na vsakem njenem bankovcu stoji zapisano, da ga bo banka tistemu, ki bo bankovec na banko zmenit prinesel, s kovanim srebrnim denarjem izmenila. Navadno imajo pa banke samo tretjino kovanega denar	354	166	28.0	168.67469879518072	0.1866666666666666	0.0578	27.0	162.65060240963854	0.18	0.20522666666666664	5.0	30.120481927710845	0.0333333333333333	0.030426666666666668	3.0	18.072289156626507	0.02	0.026040000000000004	24.0	144.57831325301206	0.16	0.18990666666666667	5.0	30.120481927710845	0.0333333333333333	0.039799999999999995	25.0	150.60240963855424	0.1666666666666666	0.08789333333333334	33.0	0.22	0.17477333333333334	31.0	186.74698795180723	7.0	42.16867469879518	0.6430627777777778	0.49458555555555556	0.6279783333333333	0.631578947368421	75	41	0.4518072289156626	trust	0.22	wikivir.cleaned.xml	4441				window	wikivir-004441	wikivir-004441.s002404|wikivir-004441.s002405|wikivir-004441.s002406|wikivir-004441.s002407|wikivir-004441.s002408|wikivir-004441.s002409|wikivir-004441.s002410|wikivir-004441.s002411|wikivir-004441.s002412|wikivir-004441.s002413|wikivir-004441.s002414|wikivir-004441.s002415|wikivir-004441.s002416|wikivir-004441.s002417|wikivir-004441.s002418|wikivir-004441.s002419|wikivir-004441.s002420|wikivir-004441.s002421|wikivir-004441.s002422|wikivir-004441.s002423	41	354	300	154	in sicer zato, da je v stanu, vsak čas vse svoje bankovce s kovanim denarjem spet nazaj zameniti, kajti na vsakem njenem bankovcu stoji zapisano, da ga bo banka tistemu, ki bo bankovec na banko zmenit prinesel, s kovanim srebrnim denarjem izmenila. Navadno imajo pa banke samo tretjino kovanega denar	wikivir.cleaned.xml	4441	Kupčija in obrtnija	Ferdo Kočevar	19					
emotion_surprise_per_1k	0.0	wikivir-001514::document::1	wikivir-001514	document	90	Žalostna pesem bajtarja Drejca	Karel Destovnik Kajuh	pesmi	20		Dež, dež, vse noči po strehah lije ... Dež, dež, vse noči po šipah bije. Polja in vrtovi, vse je, vse je pod vodó, in po njivah vsi plodovi v dežju gnijejo in mro. Groza, groza, temna groza se budi. Groza, groza, temna groza je zajela vse ljudi. Roke, roke, žuljave in pridne roke, roke naših žen in	90	40	6.0	150.0	0.1666666666666666	0.16071428571428573	2.0	50.0	0.0555555555555555	0.03596428571428572	6.0	150.0	0.1666666666666666	0.14057142857142857	6.0	150.0	0.1666666666666666	0.1977857142857143	2.0	50.0	0.0555555555555555	0.02975	8.0	200.0	0.2222222222222222	0.22210714285714284	6.0	150.0	0.1666666666666666	0.159	0.0	0.0	0.0	2.0	50.0	6.0	150.0	0.4478392857142858	0.4755416666666668	0.4206904761904761	-0.5	28	13	0.7	sadness	0.2222222222222222	wikivir.cleaned.xml	1514				document	wikivir-001514	wikivir-001514.s000001|wikivir-001514.s000002|wikivir-001514.s000003|wikivir-001514.s000004|wikivir-001514.s000005|wikivir-001514.s000006|wikivir-001514.s000007|wikivir-001514.s000008|wikivir-001514.s000009|wikivir-001514.s000010|wikivir-001514.s000011|wikivir-001514.s000012|wikivir-001514.s000013|wikivir-001514.s000014|wikivir-001514.s000015|wikivir-001514.s000016	16	90	64	38	Dež, dež, vse noči po strehah lije ... Dež, dež, vse noči po šipah bije. Polja in vrtovi, vse je, vse je pod vodó, in po njivah vsi plodovi v dežju gnijejo in mro. Groza, groza, temna groza se budi. Groza, groza, temna groza je zajela vse ljudi. Roke, roke, žuljave in pridne roke, roke naših žen in 	wikivir.cleaned.xml	1514	Žalostna pesem bajtarja Drejca	Karel Destovnik Kajuh	20	pesmi				
emotion_surprise_per_1k	0.0	wikivir-001514::window::1	wikivir-001514	window	86	Žalostna pesem bajtarja Drejca	Karel Destovnik Kajuh	pesmi	20		Dež, dež, vse noči po strehah lije ... Dež, dež, vse noči po šipah bije. Polja in vrtovi, vse je, vse je pod vodó, in po njivah vsi plodovi v dežju gnijejo in mro. Groza, groza, temna groza se budi. Groza, groza, temna groza je zajela vse ljudi. Roke, roke, žuljave in pridne roke, roke naših žen in	86	40	6.0	150.0	0.1666666666666666	0.16071428571428573	2.0	50.0	0.0555555555555555	0.03596428571428572	6.0	150.0	0.1666666666666666	0.14057142857142857	6.0	150.0	0.1666666666666666	0.1977857142857143	2.0	50.0	0.0555555555555555	0.02975	8.0	200.0	0.2222222222222222	0.22210714285714284	6.0	150.0	0.1666666666666666	0.159	0.0	0.0	0.0	2.0	50.0	6.0	150.0	0.4478392857142858	0.4755416666666668	0.4206904761904761	-0.5	28	13	0.7	sadness	0.2222222222222222	wikivir.cleaned.xml	1514				window	wikivir-001514	wikivir-001514.s000001|wikivir-001514.s000002|wikivir-001514.s000003|wikivir-001514.s000004|wikivir-001514.s000005|wikivir-001514.s000006|wikivir-001514.s000007|wikivir-001514.s000008|wikivir-001514.s000009|wikivir-001514.s000010|wikivir-001514.s000011|wikivir-001514.s000012|wikivir-001514.s000013|wikivir-001514.s000014|wikivir-001514.s000015|wikivir-001514.s000016	16	86	64	38	Dež, dež, vse noči po strehah lije ... Dež, dež, vse noči po šipah bije. Polja in vrtovi, vse je, vse je pod vodó, in po njivah vsi plodovi v dežju gnijejo in mro. Groza, groza, temna groza se budi. Groza, groza, temna groza je zajela vse ljudi. Roke, roke, žuljave in pridne roke, roke naših žen in 	wikivir.cleaned.xml	1514	Žalostna pesem bajtarja Drejca	Karel Destovnik Kajuh	20	pesmi				
emotion_surprise_per_1k	218.75	wikivir-016142::window::164	wikivir-016142	window	245	Veliki dnevi	Lojze Zupanc	proza	20		dalje, vse do zmage, dokler ne bomo ponesli svobode v slednjo slovensko vas. Zapojte, pionirji!« Objeli so se in objeti so stoječ drug poleg drugega zapeli veselo pesem: »Hej brigade, hitite ...« Večerilo se jo. Sonce je tonilo za Rogom, za gorovjem, kjer so se v času fašističnih hajk razvijale najv	245	128	2.0	15.625	0.0172413793103448	0.013191176470588236	29.0	226.5625	0.25	0.22366176470588234	1.0	7.8125	0.0086206896551724	0.003676470588235294	5.0	39.0625	0.043103448275862	0.04182352941176471	27.0	210.9375	0.2327586206896551	0.25004411764705886	5.0	39.0625	0.043103448275862	0.030073529411764704	19.0	148.4375	0.1637931034482758	0.09222058823529411	28.0	0.2413793103448276	0.21267647058823524	34.0	265.625	8.0	62.5	0.6652205882352941	0.48942843137254904	0.5648990196078432	0.6190476190476191	68	48	0.53125	anticipation	0.25	wikivir.cleaned.xml	16142				window	wikivir-016142	wikivir-016142.s002175|wikivir-016142.s002176|wikivir-016142.s002177|wikivir-016142.s002178|wikivir-016142.s002179|wikivir-016142.s002180|wikivir-016142.s002181|wikivir-016142.s002182|wikivir-016142.s002183|wikivir-016142.s002184|wikivir-016142.s002185|wikivir-016142.s002186|wikivir-016142.s002188|wikivir-016142.s002189|wikivir-016142.s002190|wikivir-016142.s002191	16	245	206	127	dalje, vse do zmage, dokler ne bomo ponesli svobode v slednjo slovensko vas. Zapojte, pionirji!« Objeli so se in objeti so stoječ drug poleg drugega zapeli veselo pesem: »Hej brigade, hitite ...« Večerilo se jo. Sonce je tonilo za Rogom, za gorovjem, kjer so se v času fašističnih hajk razvijale najv	wikivir.cleaned.xml	16142	Veliki dnevi	Lojze Zupanc	20	proza				
emotion_surprise_per_1k	160.49382716049382	wikivir-003770::window::3	wikivir-003770	window	213	Miška si skuje srečo	Svetlana Makarovič	pravljice	20		Seveda, sreča, kaj pa drugega. Srečo imam, da nisem srečala mačke! Ob potoku ji je spodrsnilo na mokrih kamnih pa je cepnila v potok. Komaj se je rešila na breg. -Kakšna sreča, da ni potok deroč! Pa sem se rešila, ej, srečo imam, seveda! Čisto mokra je bila, mokra kot miš, kot se reče, pa si je rekl	213	81	4.0	49.38271604938272	0.0714285714285714	0.024173076923076926	11.0	135.80246913580245	0.1964285714285714	0.13876923076923076	1.0	12.34567901234568	0.0178571428571428	0.01051923076923077	1.0	12.34567901234568	0.0178571428571428	0.01051923076923077	13.0	160.49382716049382	0.2321428571428571	0.13690384615384615	1.0	12.34567901234568	0.0178571428571428	0.014115384615384615	12.0	148.14814814814815	0.2142857142857142	0.11917307692307692	13.0	0.2321428571428571	0.1026346153846154	15.0	185.1851851851852	2.0	24.69135802469136	0.5926442307692309	0.4326442307692308	0.5070288461538462	0.7647058823529411	52	27	0.6419753086419753	joy	0.23214285714285715	wikivir.cleaned.xml	3770				window	wikivir-003770	wikivir-003770.s000032|wikivir-003770.s000033|wikivir-003770.s000034|wikivir-003770.s000035|wikivir-003770.s000036|wikivir-003770.s000037|wikivir-003770.s000038|wikivir-003770.s000039|wikivir-003770.s000040|wikivir-003770.s000041|wikivir-003770.s000042|wikivir-003770.s000043|wikivir-003770.s000044|wikivir-003770.s000045|wikivir-003770.s000046|wikivir-003770.s000047	16	213	168	80	Seveda, sreča, kaj pa drugega. Srečo imam, da nisem srečala mačke! Ob potoku ji je spodrsnilo na mokrih kamnih pa je cepnila v potok. Komaj se je rešila na breg. -Kakšna sreča, da ni potok deroč! Pa sem se rešila, ej, srečo imam, seveda! Čisto mokra je bila, mokra kot miš, kot se reče, pa si je rekl	wikivir.cleaned.xml	3770	Miška si skuje srečo	Svetlana Makarovič	20	pravljice				
emotion_surprise_per_1k	131.14754098360658	wikivir-019824::window::1	wikivir-019824	window	108	Himna sončnemu žarku	Zoran Božič	pesmi			Biti brez sonca je smrt za človeka, živali, rastline, več tisočletij nazaj vedel je že Akenaton. Ko v temini noči pojavi se žarek svetlobe, upanje spet se rodi, da prišel bo nov dan. Novo življenje dreves prihaja z enakonočjem, v brste iz korenin uporno pretaka se sok. Sonce dviguje svoj lok in topl	108	61	3.0	49.18032786885246	0.0545454545454545	0.023419354838709678	14.0	229.5081967213115	0.2545454545454545	0.23409677419354838	6.0	98.36065573770492	0.109090909090909	0.11512903225806453	3.0	49.18032786885246	0.0545454545454545	0.0377741935483871	11.0	180.32786885245903	0.2	0.26590322580645165	1.0	16.393442622950822	0.0181818181818181	0.029516129032258066	9.0	147.54098360655738	0.1636363636363636	0.07764516129032258	8.0	0.1454545454545454	0.13683870967741935	11.0	180.32786885245903	5.0	81.96721311475409	0.6577540322580645	0.4042352150537634	0.5065497311827957	0.375	31	26	0.5081967213114754	anticipation	0.2545454545454545	wikivir.cleaned.xml	19824				window	wikivir-019824	wikivir-019824.s000001|wikivir-019824.s000002|wikivir-019824.s000003|wikivir-019824.s000004|wikivir-019824.s000005|wikivir-019824.s000006|wikivir-019824.s000007|wikivir-019824.s000008|wikivir-019824.s000009|wikivir-019824.s000010|wikivir-019824.s000011|wikivir-019824.s000012	12	108	91	61	Biti brez sonca je smrt za človeka, živali, rastline, več tisočletij nazaj vedel je že Akenaton. Ko v temini noči pojavi se žarek svetlobe, upanje spet se rodi, da prišel bo nov dan. Novo življenje dreves prihaja z enakonočjem, v brste iz korenin uporno pretaka se sok. Sonce dviguje svoj lok in topl	wikivir.cleaned.xml	19824	Himna sončnemu žarku	Zoran Božič		pesmi				
emotion_surprise_per_1k	131.14754098360658	wikivir-019824::document::1	wikivir-019824	document	109	Himna sončnemu žarku	Zoran Božič	pesmi			Biti brez sonca je smrt za človeka, živali, rastline, več tisočletij nazaj vedel je že Akenaton. Ko v temini noči pojavi se žarek svetlobe, upanje spet se rodi, da prišel bo nov dan. Novo življenje dreves prihaja z enakonočjem, v brste iz korenin uporno pretaka se sok. Sonce dviguje svoj lok in topl	109	61	3.0	49.18032786885246	0.0545454545454545	0.023419354838709678	14.0	229.5081967213115	0.2545454545454545	0.23409677419354838	6.0	98.36065573770492	0.109090909090909	0.11512903225806453	3.0	49.18032786885246	0.0545454545454545	0.0377741935483871	11.0	180.32786885245903	0.2	0.26590322580645165	1.0	16.393442622950822	0.0181818181818181	0.029516129032258066	9.0	147.54098360655738	0.1636363636363636	0.07764516129032258	8.0	0.1454545454545454	0.13683870967741935	11.0	180.32786885245903	5.0	81.96721311475409	0.6577540322580645	0.4042352150537634	0.5065497311827957	0.375	31	26	0.5081967213114754	anticipation	0.2545454545454545	wikivir.cleaned.xml	19824				document	wikivir-019824	wikivir-019824.s000001|wikivir-019824.s000002|wikivir-019824.s000003|wikivir-019824.s000004|wikivir-019824.s000005|wikivir-019824.s000006|wikivir-019824.s000007|wikivir-019824.s000008|wikivir-019824.s000009|wikivir-019824.s000010|wikivir-019824.s000011|wikivir-019824.s000012	12	109	91	61	Biti brez sonca je smrt za človeka, živali, rastline, več tisočletij nazaj vedel je že Akenaton. Ko v temini noči pojavi se žarek svetlobe, upanje spet se rodi, da prišel bo nov dan. Novo življenje dreves prihaja z enakonočjem, v brste iz korenin uporno pretaka se sok. Sonce dviguje svoj lok in topl	wikivir.cleaned.xml	19824	Himna sončnemu žarku	Zoran Božič		pesmi				
emotion_surprise_per_1k	223.7762237762238	wikivir-010666::window::2	wikivir-010666	window	344	Pripovedka o treh bratih		ljudske pripovedke	19		jedla svoj živež. Poslal jih je drugič na pašo in zopet je dal vsakemu živeža za cel teden. Ko so bratje ovce prignali do nekega drevesa, splezali so nanje in začeli jesti. Ovce so se ulegle pod drevo ter so prežvekovale. Bratje to opazivši so se zelo razjezili, pa so vse ovce pobili. Ali zdaj se nis	344	143	22.0	153.84615384615387	0.1506849315068493	0.036137499999999996	25.0	174.82517482517483	0.1712328767123287	0.11688749999999999	16.0	111.8881118881119	0.1095890410958904	0.016862500000000002	6.0	41.95804195804196	0.0410958904109589	0.04395	21.0	146.85314685314685	0.1438356164383561	0.08183750000000001	3.0	20.97902097902098	0.0205479452054794	0.023312499999999996	21.0	146.85314685314685	0.1438356164383561	0.048212500000000005	32.0	0.2191780821917808	0.184075	31.0	216.7832167832168	7.0	48.95104895104895	0.6015656250000001	0.3968770833333333	0.4828541666666667	0.631578947368421	80	41	0.5594405594405595	trust	0.2191780821917808	wikivir.cleaned.xml	10666				window	wikivir-010666	wikivir-010666.s000011|wikivir-010666.s000012|wikivir-010666.s000013|wikivir-010666.s000014|wikivir-010666.s000015|wikivir-010666.s000016|wikivir-010666.s000017|wikivir-010666.s000018|wikivir-010666.s000019|wikivir-010666.s000020|wikivir-010666.s000021|wikivir-010666.s000022|wikivir-010666.s000023|wikivir-010666.s000024|wikivir-010666.s000025|wikivir-010666.s000026|wikivir-010666.s000027|wikivir-010666.s000028|wikivir-010666.s000029|wikivir-010666.s000030	20	344	296	139	jedla svoj živež. Poslal jih je drugič na pašo in zopet je dal vsakemu živeža za cel teden. Ko so bratje ovce prignali do nekega drevesa, splezali so nanje in začeli jesti. Ovce so se ulegle pod drevo ter so prežvekovale.Bratje to opazivši so se zelo razjezili, pa so vse ovce pobili. Ali zdaj se nis	wikivir.cleaned.xml	10666	Pripovedka o treh bratih		19	ljudske pripovedke				
emotion_surprise_per_1k	166.66666666666666	wikivir-016167::document::1	wikivir-016167	document	95	Dekliška pesem	Joža Lovrenčič	pesmi	20		V oknu mojem nagelji cvetejo, rudijo, solnce jih pozdravlja, zvezde ž njimi govorijo. Le cvetite, le cvetite, nagelji rudeči, vi ste neme priče moji mladi sreči! V srcu mojem je ljubezen bolj kot vi goreča, da je sama ne razumem, ko od dne do dne se veča. Zdi se mi, da mi brez ljubezni upanje ne bi	95	42	0.0	0.0	0.0	0.0	8.0	190.47619047619045	0.25	0.19175	0.0	0.0	0.0	0.0	0.0	0.0	0.0	0.0	11.0	261.9047619047619	0.34375	0.2953	0.0	0.0	0.0	0.0	6.0	142.85714285714286	0.1875	0.09455	7.0	0.21875	0.23370000000000002	13.0	309.5238095238095	0.0	0.0	0.7040916666666667	0.4003916666666667	0.5365416666666666	1.0	20	13	0.4761904761904761	joy	0.34375	wikivir.cleaned.xml	16167				document	wikivir-016167	wikivir-016167.s000001|wikivir-016167.s000002|wikivir-016167.s000003|wikivir-016167.s000004|wikivir-016167.s000005|wikivir-016167.s000006|wikivir-016167.s000007|wikivir-016167.s000008|wikivir-016167.s000009|wikivir-016167.s000010|wikivir-016167.s000011|wikivir-016167.s000012|wikivir-016167.s000013|wikivir-016167.s000014|wikivir-016167.s000015|wikivir-016167.s000016|wikivir-016167.s000017|wikivir-016167.s000018|wikivir-016167.s000019|wikivir-016167.s000020	20	95	76	41	V oknu mojem nagelji cvetejo, rudijo, solnce jih pozdravlja, zvezde ž njimi govorijo. Le cvetite, le cvetite, nagelji rudeči, vi ste neme priče moji mladi sreči! V srcu mojem je ljubezen bolj kot vi goreča, da je sama ne razumem, ko od dne do dne se veča. Zdi se mi, da mi brez ljubezni upanje ne bi 	wikivir.cleaned.xml	16167	Dekliška pesem	Joža Lovrenčič	20	pesmi				
emotion_surprise_per_1k	28.57142857142857	wikivir-002245::window::10	wikivir-002245	window	81	Čez griček v gozdiček	Anja Štefan	pravljice	20		v gozd, da jo poišče. Pes je stekel naprej, našel rokavičko in ker je v njej nekaj migalo, je glasno zalajal: »Hov, hov, hov.« Miška, žabica, zajček, lisica, volk, medved in divji prašiček so se prestrašili, planili iz rokavičke in se poskrili med travo, grmovje in drevesa. Mož pa je rokavičko pobra	81	35	3.0	85.71428571428571	0.1666666666666666	0.053375	2.0	57.14285714285714	0.1111111111111111	0.0435	1.0	28.57142857142857	0.0555555555555555	0.0024375	2.0	57.14285714285714	0.1111111111111111	0.08549999999999999	1.0	28.57142857142857	0.0555555555555555	0.005625	3.0	85.71428571428571	0.1666666666666666	0.0615	5.0	142.85714285714286	0.2777777777777778	0.1445	1.0	0.0555555555555555	0.025375	3.0	85.71428571428571	3.0	85.71428571428571	0.5303895833333334	0.48527604166666666	0.4659072916666666	0.0	16	16	0.4571428571428571	surprise	0.2777777777777778	wikivir.cleaned.xml	2245				window	wikivir-002245	wikivir-002245.s000142|wikivir-002245.s000143|wikivir-002245.s000144|wikivir-002245.s000145	4	81	62	35	v gozd, da jo poišče. Pes je stekel naprej, našel rokavičko in ker je v njej nekaj migalo, je glasno zalajal: »Hov, hov, hov.« Miška, žabica, zajček, lisica, volk, medved in divji prašiček so se prestrašili, planili iz rokavičke in se poskrili med travo, grmovje in drevesa. Mož pa je rokavičko pobra	wikivir.cleaned.xml	2245	Čez griček v gozdiček	Anja Štefan	20	pravljice				
emotion_surprise_per_1k	23.809523809523807	wikivir-013253::window::25	wikivir-013253	window	101	Apokalipsa	Stanko Majcen	drame	20		petnajst let —Nasilni človek. Kdo govori? Petnajst let! Eno samo uro za tisoč smrti! Pop. In otel te bom iz rok asirskega kralja, tebe in tvoje mesto —Nasilni človek. In bom zadavil to godbo in jo davil ... davil ... (Se poloti popa, ga stisne k tlom in ga zadavi.)Glasovi. Vojak! Vojak! Nasilni človek	101	42	9.0	214.28571428571428	0.2368421052631578	0.25395652173913047	2.0	47.61904761904761	0.0526315789473684	0.03360869565217391	6.0	142.85714285714286	0.1578947368421052	0.1749130434782609	6.0	142.85714285714286	0.1578947368421052	0.2098695652173913	0.0	0.0	0.0	0.0	8.0	190.47619047619045	0.2105263157894736	0.21843478260869562	6.0	142.85714285714286	0.1578947368421052	0.1626086956521739	1.0	0.0263157894736842	0.017304347826086957	3.0	71.42857142857143	6.0	142.85714285714286	0.36974637681159417	0.4923550724637682	0.47929710144927545	-0.3333333333333333	23	15	0.5476190476190477	anger	0.23684210526315788	wikivir.cleaned.xml	13253				window	wikivir-013253	wikivir-013253.s000938|wikivir-013253.s000939|wikivir-013253.s000940|wikivir-013253.s000941|wikivir-013253.s000942|wikivir-013253.s000943|wikivir-013253.s000944|wikivir-013253.s000945|wikivir-013253.s000946|wikivir-013253.s000947|wikivir-013253.s000948|wikivir-013253.s000949|wikivir-013253.s000950|wikivir-013253.s000951	14	101	69	42	petnajst let —Nasilni človek. Kdo govori? Petnajst let! Eno samo uro za tisoč smrti!Pop. In otel te bom iz rok asirskega kralja, tebe in tvoje mesto —Nasilni človek. In bom zadavil to godbo in jo davil ... davil ... (Se poloti popa, ga stisne k tlom in ga zadavi.)Glasovi. Vojak! Vojak!Nasilni človek	wikivir.cleaned.xml	13253	Apokalipsa	Stanko Majcen	20	drame				
emotion_surprise_per_1k	71.42857142857143	wikivir-013797::document::1	wikivir-013797	document	104	Trenotje	Miran Jarc	pesmi	20	1926	Le enkrat biti v vsem kot svit, kot dih, drevo z drevesom, biti brez imena ... Postoj! Od samega zavzetja tih je gaj, igravo sončna je koprena zapredla tebe, mene, brezo mlado v krog čarovit. Skrivnost se razodeva: O, sestra, znanka davna, kje iskala si pota, ko sva se nekoč razstala ... Odgovor v n	104	42	2.0	47.61904761904761	0.0714285714285714	0.0	7.0	166.66666666666666	0.25	0.12505555555555556	3.0	71.42857142857143	0.1071428571428571	0.030388888888888885	1.0	23.809523809523807	0.0357142857142857	0.03077777777777778	5.0	119.04761904761904	0.1785714285714285	0.0621111111111111	1.0	23.809523809523807	0.0357142857142857	0.005222222222222222	6.0	142.85714285714286	0.2142857142857142	0.04905555555555555	3.0	0.1071428571428571	0.11283333333333331	7.0	166.66666666666666	1.0	23.809523809523807	0.5081111111111112	0.2977407407407407	0.4157037037037037	0.75	18	16	0.4285714285714285	anticipation	0.25	wikivir.cleaned.xml	13797				document	wikivir-013797	wikivir-013797.s000001|wikivir-013797.s000002|wikivir-013797.s000003|wikivir-013797.s000004|wikivir-013797.s000005|wikivir-013797.s000006|wikivir-013797.s000007|wikivir-013797.s000008|wikivir-013797.s000009|wikivir-013797.s000010|wikivir-013797.s000011|wikivir-013797.s000012|wikivir-013797.s000013|wikivir-013797.s000014	14	104	78	41	Le enkrat biti v vsem kot svit, kot dih, drevo z drevesom, biti brez imena ... Postoj! Od samega zavzetja tih je gaj, igravo sončna je koprena zapredla tebe, mene, brezo mlado v krog čarovit. Skrivnost se razodeva: O, sestra, znanka davna, kje iskala si pota, ko sva se nekoč razstala ... Odgovor v n	wikivir.cleaned.xml	13797	Trenotje	Miran Jarc	20	pesmi			1926	
emotion_surprise_per_1k	166.66666666666666	wikivir-016167::window::1	wikivir-016167	window	94	Dekliška pesem	Joža Lovrenčič	pesmi	20		V oknu mojem nagelji cvetejo, rudijo, solnce jih pozdravlja, zvezde ž njimi govorijo. Le cvetite, le cvetite, nagelji rudeči, vi ste neme priče moji mladi sreči! V srcu mojem je ljubezen bolj kot vi goreča, da je sama ne razumem, ko od dne do dne se veča. Zdi se mi, da mi brez ljubezni upanje ne bi	94	42	0.0	0.0	0.0	0.0	8.0	190.47619047619045	0.25	0.19175	0.0	0.0	0.0	0.0	0.0	0.0	0.0	0.0	11.0	261.9047619047619	0.34375	0.2953	0.0	0.0	0.0	0.0	6.0	142.85714285714286	0.1875	0.09455	7.0	0.21875	0.23370000000000002	13.0	309.5238095238095	0.0	0.0	0.7040916666666667	0.4003916666666667	0.5365416666666666	1.0	20	13	0.4761904761904761	joy	0.34375	wikivir.cleaned.xml	16167				window	wikivir-016167	wikivir-016167.s000001|wikivir-016167.s000002|wikivir-016167.s000003|wikivir-016167.s000004|wikivir-016167.s000005|wikivir-016167.s000006|wikivir-016167.s000007|wikivir-016167.s000008|wikivir-016167.s000009|wikivir-016167.s000010|wikivir-016167.s000011|wikivir-016167.s000012|wikivir-016167.s000013|wikivir-016167.s000014|wikivir-016167.s000015|wikivir-016167.s000016|wikivir-016167.s000017|wikivir-016167.s000018|wikivir-016167.s000019|wikivir-016167.s000020	20	94	76	41	V oknu mojem nagelji cvetejo, rudijo, solnce jih pozdravlja, zvezde ž njimi govorijo. Le cvetite, le cvetite, nagelji rudeči, vi ste neme priče moji mladi sreči! V srcu mojem je ljubezen bolj kot vi goreča, da je sama ne razumem, ko od dne do dne se veča. Zdi se mi, da mi brez ljubezni upanje ne bi 	wikivir.cleaned.xml	16167	Dekliška pesem	Joža Lovrenčič	20	pesmi				
emotion_surprise_per_1k	71.42857142857143	wikivir-013797::window::1	wikivir-013797	window	103	Trenotje	Miran Jarc	pesmi	20	1926	Le enkrat biti v vsem kot svit, kot dih, drevo z drevesom, biti brez imena ... Postoj! Od samega zavzetja tih je gaj, igravo sončna je koprena zapredla tebe, mene, brezo mlado v krog čarovit. Skrivnost se razodeva: O, sestra, znanka davna, kje iskala si pota, ko sva se nekoč razstala ... Odgovor v n	103	42	2.0	47.61904761904761	0.0714285714285714	0.0	7.0	166.66666666666666	0.25	0.12505555555555556	3.0	71.42857142857143	0.1071428571428571	0.030388888888888885	1.0	23.809523809523807	0.0357142857142857	0.03077777777777778	5.0	119.04761904761904	0.1785714285714285	0.0621111111111111	1.0	23.809523809523807	0.0357142857142857	0.005222222222222222	6.0	142.85714285714286	0.2142857142857142	0.04905555555555555	3.0	0.1071428571428571	0.11283333333333331	7.0	166.66666666666666	1.0	23.809523809523807	0.5081111111111112	0.2977407407407407	0.4157037037037037	0.75	18	16	0.4285714285714285	anticipation	0.25	wikivir.cleaned.xml	13797				window	wikivir-013797	wikivir-013797.s000001|wikivir-013797.s000002|wikivir-013797.s000003|wikivir-013797.s000004|wikivir-013797.s000005|wikivir-013797.s000006|wikivir-013797.s000007|wikivir-013797.s000008|wikivir-013797.s000009|wikivir-013797.s000010|wikivir-013797.s000011|wikivir-013797.s000012|wikivir-013797.s000013|wikivir-013797.s000014	14	103	78	41	Le enkrat biti v vsem kot svit, kot dih, drevo z drevesom, biti brez imena ... Postoj! Od samega zavzetja tih je gaj, igravo sončna je koprena zapredla tebe, mene, brezo mlado v krog čarovit. Skrivnost se razodeva: O, sestra, znanka davna, kje iskala si pota, ko sva se nekoč razstala ... Odgovor v n	wikivir.cleaned.xml	13797	Trenotje	Miran Jarc	20	pesmi			1926	
emotion_surprise_per_1k	35.714285714285715	wikivir-000711::window::54	wikivir-000711	window	89	Iz sodnijskega življenja	Jakob Alešovec	proza	19		potem se mi je prikazovala v sanjah Francozinja bleda jn shujšana, in gledala me, kakor da bi hotela reči: Čemu si mi prišel ti na pot? Al bi ne bila srečna s svojim možem, če bi tebe ne bilo? Kdo li te je klical med naju? Med tem je vila in stezala koščene roke, da bi me bilo prav groza, ko ne bi b	89	28	1.0	35.714285714285715	0.0833333333333333	0.08333333333333333	0.0	0.0	0.0	0.0	2.0	71.42857142857143	0.1666666666666666	0.125	2.0	71.42857142857143	0.1666666666666666	0.16333333333333336	1.0	35.714285714285715	0.0833333333333333	0.101	1.0	35.714285714285715	0.0833333333333333	0.10588888888888888	4.0	142.85714285714286	0.3333333333333333	0.2561111111111111	1.0	0.0833333333333333	0.10677777777777778	2.0	71.42857142857143	1.0	35.714285714285715	0.5027592592592591	0.45444444444444443	0.46951851851851845	0.3333333333333333	9	9	0.3214285714285714	surprise	0.3333333333333333	wikivir.cleaned.xml	711				window	wikivir-000711	wikivir-000711.s000463|wikivir-000711.s000464|wikivir-000711.s000465|wikivir-000711.s000466|wikivir-000711.s000467	5	89	77	28	potem se mi je prikazovala v sanjah Francozinja bleda jn shujšana, in gledala me, kakor da bi hotela reči: Čemu si mi prišel ti na pot? Al bi ne bila srečna s svojim možem, če bi tebe ne bilo? Kdo li te je klical med naju? Med tem je vila in stezala koščene roke, da bi me bilo prav groza, ko ne bi b	wikivir.cleaned.xml	711	Iz sodnijskega življenja	Jakob Alešovec	19	proza				
emotion_surprise_per_1k	76.08695652173914	wikivir-003579::window::17	wikivir-003579	window	454	Magnetni deček	Milan Dekleva	dramska besedila	20		cmeri. Netek se ustavi pred drevesom in se čudi.) NETEK: Sem mislil, da so strahovi samo v pravljicah. A si iz pravljice? STRAH (jeclja): N-n-e, iz Mestnega arhiva... NETEK: Tam so tudi strahovi? STRAH: Ja. Nas kar gomazi. M-m-ed rokopisi, veš... POLICAJ: Sumljivo. Pri viru podatkov – BAHAVI PTIČ: S	454	184	24.0	130.43478260869566	0.1983471074380165	0.12461702127659573	8.0	43.47826086956522	0.0661157024793388	0.0406595744680851	4.0	21.73913043478261	0.0330578512396694	0.015627659574468086	32.0	173.91304347826087	0.2644628099173554	0.23447872340425532	7.0	38.04347826086957	0.0578512396694214	0.049117021276595736	6.0	32.608695652173914	0.0495867768595041	0.029734042553191495	26.0	141.30434782608694	0.2148760330578512	0.20496808510638292	14.0	0.1157024793388429	0.0653191489361702	16.0	86.95652173913044	31.0	168.47826086956522	0.4655115248226951	0.560904609929078	0.5266432624113475	-0.3191489361702128	94	65	0.5108695652173914	fear	0.2644628099173554	wikivir.cleaned.xml	3579				window	wikivir-003579	wikivir-003579.s000497|wikivir-003579.s000498|wikivir-003579.s000499|wikivir-003579.s000500|wikivir-003579.s000501|wikivir-003579.s000502|wikivir-003579.s000503|wikivir-003579.s000504|wikivir-003579.s000505|wikivir-003579.s000506|wikivir-003579.s000507|wikivir-003579.s000508|wikivir-003579.s000509|wikivir-003579.s000510|wikivir-003579.s000511|wikivir-003579.s000512|wikivir-003579.s000513|wikivir-003579.s000514|wikivir-003579.s000515|wikivir-003579.s000516	58	454	300	173	cmeri. Netek se ustavi pred drevesom in se čudi.) NETEK: Sem mislil, da so strahovi samo v pravljicah. A si iz pravljice? STRAH (jeclja): N-n-e, iz Mestnega arhiva... NETEK: Tam so tudi strahovi? STRAH: Ja. Nas kar gomazi. M-m-ed rokopisi, veš... POLICAJ: Sumljivo. Pri viru podatkov – BAHAVI PTIČ: S	wikivir.cleaned.xml	3579	Magnetni deček	Milan Dekleva	20	dramska besedila				
emotion_surprise_per_1k	76.08695652173914	wikivir-004111::window::17	wikivir-004111	window	454	Magnetni deček in sanje o govoreči češnji	Milan Dekleva	dramska besedila	20		cmeri. Netek se ustavi pred drevesom in se čudi.) NETEK: Sem mislil, da so strahovi samo v pravljicah. A si iz pravljice? STRAH (jeclja): N-n-e, iz Mestnega arhiva... NETEK: Tam so tudi strahovi? STRAH: Ja. Nas kar gomazi. M-m-ed rokopisi, veš... POLICAJ: Sumljivo. Pri viru podatkov – BAHAVI PTIČ: S	454	184	24.0	130.43478260869566	0.1983471074380165	0.12461702127659573	8.0	43.47826086956522	0.0661157024793388	0.0406595744680851	4.0	21.73913043478261	0.0330578512396694	0.015627659574468086	32.0	173.91304347826087	0.2644628099173554	0.23447872340425532	7.0	38.04347826086957	0.0578512396694214	0.049117021276595736	6.0	32.608695652173914	0.0495867768595041	0.029734042553191495	26.0	141.30434782608694	0.2148760330578512	0.20496808510638292	14.0	0.1157024793388429	0.0653191489361702	16.0	86.95652173913044	31.0	168.47826086956522	0.4655115248226951	0.560904609929078	0.5266432624113475	-0.3191489361702128	94	65	0.5108695652173914	fear	0.2644628099173554	wikivir.cleaned.xml	4111				window	wikivir-004111	wikivir-004111.s000497|wikivir-004111.s000498|wikivir-004111.s000499|wikivir-004111.s000500|wikivir-004111.s000501|wikivir-004111.s000502|wikivir-004111.s000503|wikivir-004111.s000504|wikivir-004111.s000505|wikivir-004111.s000506|wikivir-004111.s000507|wikivir-004111.s000508|wikivir-004111.s000509|wikivir-004111.s000510|wikivir-004111.s000511|wikivir-004111.s000512|wikivir-004111.s000513|wikivir-004111.s000514|wikivir-004111.s000515|wikivir-004111.s000516	58	454	300	173	cmeri. Netek se ustavi pred drevesom in se čudi.) NETEK: Sem mislil, da so strahovi samo v pravljicah. A si iz pravljice? STRAH (jeclja): N-n-e, iz Mestnega arhiva... NETEK: Tam so tudi strahovi? STRAH: Ja. Nas kar gomazi. M-m-ed rokopisi, veš... POLICAJ: Sumljivo. Pri viru podatkov – BAHAVI PTIČ: S	wikivir.cleaned.xml	4111	Magnetni deček in sanje o govoreči češnji	Milan Dekleva	20	dramska besedila				
emotion_surprise_per_1k	76.08695652173914	wikivir-004147::window::17	wikivir-004147	window	454	Magnetni deček; Sanje o govoreči češnji	Milan Dekleva	dramska besedila	20		cmeri. Netek se ustavi pred drevesom in se čudi.) NETEK: Sem mislil, da so strahovi samo v pravljicah. A si iz pravljice? STRAH (jeclja): N-n-e, iz Mestnega arhiva... NETEK: Tam so tudi strahovi? STRAH: Ja. Nas kar gomazi. M-m-ed rokopisi, veš... POLICAJ: Sumljivo. Pri viru podatkov – BAHAVI PTIČ: S	454	184	24.0	130.43478260869566	0.1983471074380165	0.12461702127659573	8.0	43.47826086956522	0.0661157024793388	0.0406595744680851	4.0	21.73913043478261	0.0330578512396694	0.015627659574468086	32.0	173.91304347826087	0.2644628099173554	0.23447872340425532	7.0	38.04347826086957	0.0578512396694214	0.049117021276595736	6.0	32.608695652173914	0.0495867768595041	0.029734042553191495	26.0	141.30434782608694	0.2148760330578512	0.20496808510638292	14.0	0.1157024793388429	0.0653191489361702	16.0	86.95652173913044	31.0	168.47826086956522	0.4655115248226951	0.560904609929078	0.5266432624113475	-0.3191489361702128	94	65	0.5108695652173914	fear	0.2644628099173554	wikivir.cleaned.xml	4147				window	wikivir-004147	wikivir-004147.s000497|wikivir-004147.s000498|wikivir-004147.s000499|wikivir-004147.s000500|wikivir-004147.s000501|wikivir-004147.s000502|wikivir-004147.s000503|wikivir-004147.s000504|wikivir-004147.s000505|wikivir-004147.s000506|wikivir-004147.s000507|wikivir-004147.s000508|wikivir-004147.s000509|wikivir-004147.s000510|wikivir-004147.s000511|wikivir-004147.s000512|wikivir-004147.s000513|wikivir-004147.s000514|wikivir-004147.s000515|wikivir-004147.s000516	58	454	300	173	cmeri. Netek se ustavi pred drevesom in se čudi.) NETEK: Sem mislil, da so strahovi samo v pravljicah. A si iz pravljice? STRAH (jeclja): N-n-e, iz Mestnega arhiva... NETEK: Tam so tudi strahovi? STRAH: Ja. Nas kar gomazi. M-m-ed rokopisi, veš... POLICAJ: Sumljivo. Pri viru podatkov – BAHAVI PTIČ: S	wikivir.cleaned.xml	4147	Magnetni deček; Sanje o govoreči češnji	Milan Dekleva	20	dramska besedila				
emotion_surprise_per_1k	140.93959731543623	wikivir-007300::window::129	wikivir-007300	window	379	Zvesti jazbec	Neža Maurer	pravljice	20		godrnjala na sonce, ki mi je za dobro jutro posijalo na oči.« »Nič ne maraj,« je s sladko vzdihujočim glasom odvrnilo sonce, »saj ti bo vse življenje sijalo sonce sreče.« Ko je bilo Jali dovolj rajanja in so se gostje že začeli razhajati, se je štirinožno sonce nenadoma znašlo ob njeni strani. »Strm	379	149	4.0	26.845637583892614	0.0377358490566037	0.008121951219512194	22.0	147.6510067114094	0.2075471698113207	0.1228658536585366	7.0	46.97986577181208	0.0660377358490566	0.03953658536585366	6.0	40.26845637583892	0.0566037735849056	0.03151219512195122	21.0	140.93959731543623	0.1981132075471698	0.12820731707317076	4.0	26.845637583892614	0.0377358490566037	0.023621951219512195	21.0	140.93959731543623	0.1981132075471698	0.07014634146341463	21.0	0.1981132075471698	0.13154878048780486	31.0	208.05369127516775	11.0	73.8255033557047	0.6636036585365854	0.42195020325203253	0.5311026422764228	0.47619047619047616	82	56	0.5503355704697986	anticipation	0.20754716981132076	wikivir.cleaned.xml	7300				window	wikivir-007300	wikivir-007300.s001608|wikivir-007300.s001609|wikivir-007300.s001610|wikivir-007300.s001611|wikivir-007300.s001612|wikivir-007300.s001613|wikivir-007300.s001614|wikivir-007300.s001615|wikivir-007300.s001616|wikivir-007300.s001617|wikivir-007300.s001618|wikivir-007300.s001619|wikivir-007300.s001620|wikivir-007300.s001621|wikivir-007300.s001622|wikivir-007300.s001623|wikivir-007300.s001624|wikivir-007300.s001625|wikivir-007300.s001626|wikivir-007300.s001627	22	379	300	149	godrnjala na sonce, ki mi je za dobro jutro posijalo na oči.« »Nič ne maraj,« je s sladko vzdihujočim glasom odvrnilo sonce, »saj ti bo vse življenje sijalo sonce sreče.« Ko je bilo Jali dovolj rajanja in so se gostje že začeli razhajati, se je štirinožno sonce nenadoma znašlo ob njeni strani. »Strm	wikivir.cleaned.xml	7300	Zvesti jazbec	Neža Maurer	20	pravljice				
emotion_trust_per_1k	442.30769230769226	wikivir-004967::document::1	wikivir-004967	document	96	Potem so peli	Vitomil Zupan	pesmi	20		Potem so peli in peli po notah zelo stare pesmi so peli in peli pesmi brez razumljivih besed. Šli smo spat in dež je pel in pel po strehi montažne hišice pel in pel pesmi brez vsakih besed. Zadremali smo in se nenadoma prebuditi v dežju ki je pel in pel in pel žuborel in šumel pel in pel in zakaj na	96	52	0.0	0.0	0.0	0.0	20.0	384.61538461538464	0.2352941176470588	0.21631578947368418	1.0	19.230769230769237	0.0117647058823529	0.008210526315789474	0.0	0.0	0.0	0.0	20.0	384.61538461538464	0.2352941176470588	0.3836842105263157	20.0	384.61538461538464	0.2352941176470588	0.01752631578947369	1.0	19.230769230769237	0.0117647058823529	0.021789473684210525	23.0	0.2705882352941176	0.2597631578947369	23.0	442.30769230769226	1.0	19.230769230769237	0.7396052631578949	0.5149605263157896	0.4533552631578947	0.9166666666666666	38	13	0.7307692307692307	trust	0.27058823529411763	wikivir.cleaned.xml	4967				document	wikivir-004967	wikivir-004967.s000001|wikivir-004967.s000002|wikivir-004967.s000003|wikivir-004967.s000004|wikivir-004967.s000005|wikivir-004967.s000006|wikivir-004967.s000007|wikivir-004967.s000008|wikivir-004967.s000009|wikivir-004967.s000010|wikivir-004967.s000011|wikivir-004967.s000012|wikivir-004967.s000013|wikivir-004967.s000014|wikivir-004967.s000015|wikivir-004967.s000016|wikivir-004967.s000017	17	96	91	51	Potem so peli in peli po notah zelo stare pesmi so peli in peli pesmi brez razumljivih besed. Šli smo spat in dež je pel in pel po strehi montažne hišice pel in pel pesmi brez vsakih besed. Zadremali smo in se nenadoma prebuditi v dežju ki je pel in pel in pel žuborel in šumel pel in pel in zakaj na	wikivir.cleaned.xml	4967	Potem so peli	Vitomil Zupan	20	pesmi				
emotion_trust_per_1k	442.30769230769226	wikivir-004967::window::1	wikivir-004967	window	95	Potem so peli	Vitomil Zupan	pesmi	20		Potem so peli in peli po notah zelo stare pesmi so peli in peli pesmi brez razumljivih besed. Šli smo spat in dež je pel in pel po strehi montažne hišice pel in pel pesmi brez vsakih besed. Zadremali smo in se nenadoma prebuditi v dežju ki je pel in pel in pel žuborel in šumel pel in pel in zakaj na	95	52	0.0	0.0	0.0	0.0	20.0	384.61538461538464	0.2352941176470588	0.21631578947368418	1.0	19.230769230769237	0.0117647058823529	0.008210526315789474	0.0	0.0	0.0	0.0	20.0	384.61538461538464	0.2352941176470588	0.3836842105263157	20.0	384.61538461538464	0.2352941176470588	0.01752631578947369	1.0	19.230769230769237	0.0117647058823529	0.021789473684210525	23.0	0.2705882352941176	0.2597631578947369	23.0	442.30769230769226	1.0	19.230769230769237	0.7396052631578949	0.5149605263157896	0.4533552631578947	0.9166666666666666	38	13	0.7307692307692307	trust	0.27058823529411763	wikivir.cleaned.xml	4967				window	wikivir-004967	wikivir-004967.s000001|wikivir-004967.s000002|wikivir-004967.s000003|wikivir-004967.s000004|wikivir-004967.s000005|wikivir-004967.s000006|wikivir-004967.s000007|wikivir-004967.s000008|wikivir-004967.s000009|wikivir-004967.s000010|wikivir-004967.s000011|wikivir-004967.s000012|wikivir-004967.s000013|wikivir-004967.s000014|wikivir-004967.s000015|wikivir-004967.s000016|wikivir-004967.s000017	17	95	91	51	Potem so peli in peli po notah zelo stare pesmi so peli in peli pesmi brez razumljivih besed. Šli smo spat in dež je pel in pel po strehi montažne hišice pel in pel pesmi brez vsakih besed. Zadremali smo in se nenadoma prebuditi v dežju ki je pel in pel in pel žuborel in šumel pel in pel in zakaj na	wikivir.cleaned.xml	4967	Potem so peli	Vitomil Zupan	20	pesmi				
emotion_trust_per_1k	405.4054054054054	wikivir-002873::window::213	wikivir-002873	window	87	Predavanja in članki	Ivan Cankar	eseji			in kaj mora biti! — Če bo vsaka mati storila to svojo sveto dolžnošt, nam ostane temelj naroda nedotaknjen, naša mladina, tisti temelj, na katerem bomo gradili naprej. — Jaz zaupam v to delo, zaupam v delo vseh. In obenem trdno in zvesto zaupam v uspešnost tega dela, zaupam v bodočnost svojega slove	87	37	1.0	27.027027027027028	0.037037037037037	0.0017307692307692306	4.0	108.10810810810813	0.1481481481481481	0.07392307692307692	0.0	0.0	0.0	0.0	2.0	54.054054054054056	0.074074074074074	0.034230769230769224	4.0	108.10810810810813	0.1481481481481481	0.1193846153846154	0.0	0.0	0.0	0.016846153846153848	1.0	27.027027027027028	0.037037037037037	0.006615384615384615	15.0	0.5555555555555556	0.36950000000000005	16.0	432.4324324324325	1.0	27.027027027027028	0.6525512820512821	0.4618397435897435	0.6659198717948718	0.8823529411764706	26	19	0.7027027027027027	trust	0.5555555555555556	wikivir.cleaned.xml	2873				window	wikivir-002873	wikivir-002873.s004371|wikivir-002873.s004372|wikivir-002873.s004373|wikivir-002873.s004374|wikivir-002873.s004376|wikivir-002873.s004377|wikivir-002873.s004378|wikivir-002873.s004379|wikivir-002873.s004380|wikivir-002873.s004381|wikivir-002873.s004382|wikivir-002873.s004383	12	87	71	37	in kaj mora biti! — Če bo vsaka mati storila to svojo sveto dolžnošt, nam ostane temelj naroda nedotaknjen, naša mladina, tisti temelj, na katerem bomo gradili naprej. — Jaz zaupam v to delo, zaupam v delo vseh. In obenem trdno in zvesto zaupam v uspešnost tega dela, zaupam v bodočnost svojega slove	wikivir.cleaned.xml	2873	Predavanja in članki	Ivan Cankar		eseji				
emotion_trust_per_1k	367.5675675675676	wikivir-002910::window::1	wikivir-002910	window	385	Sveta maša		neleposlovje			S poševno pisavo so označene besede, ki jih govorijo verniki, s pokončno pisavo pa besede duhovnika, ki vodi sveto mašo. Začetni obred Vstopni spev Duhovnik in verniki se pokrižajo: V imenu Očeta in Sina in Svetega Duha. Amen. Milost našega Gospoda Jezusa Kristusa, ljubezen Boga Očeta in občestvo Sv	385	185	12.0	64.86486486486487	0.064516129032258	0.010565573770491802	34.0	183.7837837837838	0.1827956989247312	0.12888524590163936	12.0	64.86486486486487	0.064516129032258	0.02015573770491803	23.0	124.32432432432434	0.1236559139784946	0.02578688524590164	26.0	140.54054054054055	0.1397849462365591	0.2219016393442623	4.0	21.62162162162162	0.021505376344086	0.026401639344262297	7.0	37.83783783783784	0.0376344086021505	0.02030327868852459	68.0	0.3655913978494624	0.36137704918032787	76.0	410.8108108108109	20.0	108.10810810810813	0.7051997950819671	0.4234829234972677	0.643411543715847	0.5833333333333334	122	63	0.6594594594594595	trust	0.3655913978494624	wikivir.cleaned.xml	2910				window	wikivir-002910	wikivir-002910.s000001|wikivir-002910.s000002|wikivir-002910.s000003|wikivir-002910.s000004|wikivir-002910.s000005|wikivir-002910.s000006|wikivir-002910.s000007|wikivir-002910.s000008|wikivir-002910.s000009|wikivir-002910.s000010|wikivir-002910.s000011|wikivir-002910.s000012|wikivir-002910.s000013|wikivir-002910.s000014|wikivir-002910.s000015|wikivir-002910.s000016|wikivir-002910.s000017|wikivir-002910.s000018|wikivir-002910.s000019|wikivir-002910.s000020	35	385	300	183	S poševno pisavo so označene besede, ki jih govorijo verniki, s pokončno pisavo pa besede duhovnika, ki vodi sveto mašo. Začetni obred Vstopni spev Duhovnik in verniki se pokrižajo: V imenu Očeta in Sina in Svetega Duha. Amen. Milost našega Gospoda Jezusa Kristusa, ljubezen Boga Očeta in občestvo Sv	wikivir.cleaned.xml	2910	Sveta maša			neleposlovje				
emotion_trust_per_1k	344.82758620689657	wikivir-004530::window::141	wikivir-004530	window	128	A) Basni in prilike (A. M. Slomšek)	Anton Martin Slomšek	prilike in povesti	19		"sem se, ljudi izveličat; in kdor mene najde, življenje najde, in bo izveličanstvo od Gospoda Boga prejel. Juterna, kojo tebi prinesem, je svete vednosti čisto zlato, in moja lastina je vesela večnost v svetem raji Najvišega."" To izgovorila in zginila je; njegovemu sercu pa je sveto željo zapustila p"	128	58	1.0	17.241379310344826	0.0188679245283018	0.002	15.0	258.62068965517244	0.2830188679245283	0.18278947368421053	1.0	17.241379310344826	0.0188679245283018	0.004947368421052632	2.0	34.48275862068965	0.0377358490566037	0.0061842105263157894	10.0	172.41379310344828	0.1886792452830188	0.24102631578947364	1.0	17.241379310344826	0.0188679245283018	0.023342105263157897	3.0	51.72413793103448	0.0566037735849056	0.034736842105263156	20.0	0.3773584905660377	0.3289473684210526	22.0	379.31034482758616	2.0	34.48275862068965	0.7502091165413534	0.45497048872180446	0.6511415100250626	0.8333333333333334	38	31	0.6551724137931034	trust	0.37735849056603776	wikivir.cleaned.xml	4530				window	wikivir-004530	wikivir-004530.s001531|wikivir-004530.s001532|wikivir-004530.s001533|wikivir-004530.s001534|wikivir-004530.s001535|wikivir-004530.s001536|wikivir-004530.s001537	7	128	105	58	"sem se, ljudi izveličat; in kdor mene najde, življenje najde, in bo izveličanstvo od Gospoda Boga prejel. Juterna, kojo tebi prinesem, je svete vednosti čisto zlato, in moja lastina je vesela večnost v svetem raji Najvišega."" To izgovorila in zginila je; njegovemu sercu pa je sveto željo zapustila p"	wikivir.cleaned.xml	4530	A) Basni in prilike (A. M. Slomšek)	Anton Martin Slomšek	19	prilike in povesti				
emotion_trust_per_1k	328.2442748091603	wikivir-017087::window::64	wikivir-017087	window	348	Oblaki nad sončno deželo	Črtomir Šinkovec	proza	20		načrtom. Načrt je bil nato brez sprememb odobren za vse slovenske šole na Primorskem.« Ta učni načrt je predvideval za partizanske šole naslednjo snov: politične ure, slovenščino, računovodstvo in geometrijo, zgodovino, zemljepis, prirodoslovje, petje in telovadbo. Razumljivo, da je bila odvisna upo	348	131	0.0	0.0	0.0	0.0	5.0	38.16793893129771	0.1041666666666666	0.03403846153846154	0.0	0.0	0.0	0.0	0.0	0.0	0.0	0.0	0.0	0.0	0.0	0.013807692307692307	0.0	0.0	0.0	0.0	0.0	0.0	0.0	0.0	43.0	0.8958333333333334	0.34698717948717944	23.0	175.57251908396944	4.0	30.534351145038165	0.6793555555555556	0.43588119658119656	0.6505679487179488	0.7037037037037037	78	32	0.5954198473282443	trust	0.8958333333333334	wikivir.cleaned.xml	17087				window	wikivir-017087	wikivir-017087.s000576|wikivir-017087.s000577|wikivir-017087.s000578|wikivir-017087.s000579|wikivir-017087.s000580|wikivir-017087.s000581|wikivir-017087.s000582|wikivir-017087.s000583|wikivir-017087.s000584|wikivir-017087.s000585|wikivir-017087.s000586|wikivir-017087.s000587|wikivir-017087.s000588|wikivir-017087.s000589|wikivir-017087.s000590|wikivir-017087.s000591|wikivir-017087.s000592|wikivir-017087.s000593|wikivir-017087.s000594|wikivir-017087.s000595	21	348	300	130	načrtom. Načrt je bil nato brez sprememb odobren za vse slovenske šole na Primorskem.« Ta učni načrt je predvideval za partizanske šole naslednjo snov: politične ure, slovenščino, računovodstvo in geometrijo, zgodovino, zemljepis, prirodoslovje, petje in telovadbo. Razumljivo, da je bila odvisna upo	wikivir.cleaned.xml	17087	Oblaki nad sončno deželo	Črtomir Šinkovec	20	proza				
emotion_trust_per_1k	317.36526946107784	wikivir-002910::window::10	wikivir-002910	window	361	Sveta maša		neleposlovje			vseh, da bomo v večnem življenju skupaj z božjo materjo Devico Marijo, z apostoli in vsemi svetimi, ki so živeli v tvoji ljubezni, in te bomo hvalili in slavili po tvojem Sinu Jezusu Kristusu. Po Kristusu, s Kristusom in v Kristusu, tebi, vsemogočnemu Bogu Očetu, v občestvu Svetega Duha vsa čast in	361	167	5.0	29.940119760479043	0.0357142857142857	0.023780000000000003	30.0	179.64071856287424	0.2142857142857142	0.13548000000000002	2.0	11.976047904191615	0.0142857142857142	0.00907	9.0	53.89221556886228	0.0642857142857142	0.03079	31.0	185.62874251497004	0.2214285714285714	0.21309	4.0	23.952095808383238	0.0285714285714285	0.022629999999999997	6.0	35.92814371257485	0.0428571428571428	0.01508	53.0	0.3785714285714285	0.33483999999999997	59.0	353.2934131736527	9.0	53.89221556886228	0.6905645833333333	0.4442258333333334	0.6260370833333333	0.7352941176470589	100	61	0.5988023952095808	trust	0.37857142857142856	wikivir.cleaned.xml	2910				window	wikivir-002910	wikivir-002910.s000139|wikivir-002910.s000140|wikivir-002910.s000141|wikivir-002910.s000142|wikivir-002910.s000143|wikivir-002910.s000144|wikivir-002910.s000145|wikivir-002910.s000146|wikivir-002910.s000147|wikivir-002910.s000148|wikivir-002910.s000149|wikivir-002910.s000150|wikivir-002910.s000151|wikivir-002910.s000152|wikivir-002910.s000153|wikivir-002910.s000154|wikivir-002910.s000155|wikivir-002910.s000156|wikivir-002910.s000157|wikivir-002910.s000158	27	361	300	165	vseh, da bomo v večnem življenju skupaj z božjo materjo Devico Marijo, z apostoli in vsemi svetimi, ki so živeli v tvoji ljubezni, in te bomo hvalili in slavili po tvojem Sinu Jezusu Kristusu. Po Kristusu, s Kristusom in v Kristusu, tebi, vsemogočnemu Bogu Očetu, v občestvu Svetega Duha vsa čast in 	wikivir.cleaned.xml	2910	Sveta maša			neleposlovje				
emotion_trust_per_1k	317.0731707317073	wikivir-004428::window::24	wikivir-004428	window	104	Predgovor Nouvega Zákona					da razumeš samo tisto, kar te uči Gospodov Duh po tej svoji besedi, ampak glej, da spremeniš v korist za zveličanje po pravi veri in svetem življenju to, česar si se naučil. Tako te naj to Sveto Pismo, koristno za učenje, karanje, ravnanje in poboljšanje v pravici, stori popolnoga božjega človeka, p	104	41	1.0	24.390243902439025	0.0294117647058823	0.0027142857142857142	7.0	170.7317073170732	0.2058823529411764	0.11132142857142857	1.0	24.390243902439025	0.0294117647058823	0.006714285714285714	3.0	73.17073170731707	0.088235294117647	0.016214285714285712	7.0	170.7317073170732	0.2058823529411764	0.18782142857142858	0.0	0.0	0.0	0.0	2.0	48.78048780487805	0.0588235294117647	0.03932142857142857	13.0	0.3823529411764705	0.27960714285714283	20.0	487.8048780487805	2.0	48.78048780487805	0.6857605867346939	0.43216292517006805	0.6194265731292518	0.8181818181818182	28	26	0.6829268292682927	trust	0.38235294117647056	wikivir.cleaned.xml	4428				window	wikivir-004428	wikivir-004428.s000190|wikivir-004428.s000191|wikivir-004428.s000193|wikivir-004428.s000194|wikivir-004428.s000195	5	104	83	41	da razumeš samo tisto, kar te uči Gospodov Duh po tej svoji besedi, ampak glej, da spremeniš v korist za zveličanje po pravi veri in svetem življenju to, česar si se naučil. Tako te naj to Sveto Pismo, koristno za učenje, karanje, ravnanje in poboljšanje v pravici, stori popolnoga božjega človeka, p	wikivir.cleaned.xml	4428	Predgovor Nouvega Zákona							
emotion_trust_per_1k	308.51063829787233	wikivir-006245::window::1	wikivir-006245	window	468	Lep je	Mojiceja Podgoršek	pesmi	21		LEP JE OBLAK, ker nam podari dež. Beautiful is a cloud, it gives us rain. LEP JE DEŽ, ker napoji zemljo. Beautiful is the rain, it waters our soil. LEP JE MOJ DEŽNIK, ker poskrbi, da se ne zmočim. Beautiful is my umbrella, it keeps me dry. LEP JE MOST, ker mi pomaga prečkati reko. Beautiful is the b	468	94	0.0	0.0	0.0	0.0	29.0	308.51063829787233	0.3052631578947368	0.18616666666666665	0.0	0.0	0.0	0.0	0.0	0.0	0.0	0.001893939393939394	31.0	329.7872340425532	0.3263157894736842	0.23478787878787877	0.0	0.0	0.0	0.00493939393939394	6.0	63.82978723404255	0.0631578947368421	0.03245454545454545	29.0	0.3052631578947368	0.18128787878787878	34.0	361.7021276595745	1.0	10.638297872340424	0.7397651515151515	0.4426666666666667	0.5097285353535354	0.9428571428571428	66	43	0.7021276595744681	joy	0.3263157894736842	wikivir.cleaned.xml	6245				window	wikivir-006245	wikivir-006245.s000001|wikivir-006245.s000003|wikivir-006245.s000005|wikivir-006245.s000007|wikivir-006245.s000009|wikivir-006245.s000011|wikivir-006245.s000013|wikivir-006245.s000014|wikivir-006245.s000015|wikivir-006245.s000016|wikivir-006245.s000017|wikivir-006245.s000019|wikivir-006245.s000021|wikivir-006245.s000023|wikivir-006245.s000024|wikivir-006245.s000025|wikivir-006245.s000027|wikivir-006245.s000029|wikivir-006245.s000031|wikivir-006245.s000033	26	468	187	92	LEP JE OBLAK, ker nam podari dež. Beautiful is a cloud, it gives us rain. LEP JE DEŽ, ker napoji zemljo. Beautiful is the rain, it waters our soil. LEP JE MOJ DEŽNIK, ker poskrbi, da se ne zmočim. Beautiful is my umbrella, it keeps me dry. LEP JE MOST, ker mi pomaga prečkati reko. Beautiful is the b	wikivir.cleaned.xml	6245	Lep je	Mojiceja Podgoršek	21	pesmi				
emotion_trust_per_1k	308.51063829787233	wikivir-006245::document::1	wikivir-006245	document	479	Lep je	Mojiceja Podgoršek	pesmi	21		LEP JE OBLAK, ker nam podari dež. Beautiful is a cloud, it gives us rain. LEP JE DEŽ, ker napoji zemljo. Beautiful is the rain, it waters our soil. LEP JE MOJ DEŽNIK, ker poskrbi, da se ne zmočim. Beautiful is my umbrella, it keeps me dry. LEP JE MOST, ker mi pomaga prečkati reko. Beautiful is the b	479	94	0.0	0.0	0.0	0.0	29.0	308.51063829787233	0.3052631578947368	0.18616666666666665	0.0	0.0	0.0	0.0	0.0	0.0	0.0	0.001893939393939394	31.0	329.7872340425532	0.3263157894736842	0.23478787878787877	0.0	0.0	0.0	0.00493939393939394	6.0	63.82978723404255	0.0631578947368421	0.03245454545454545	29.0	0.3052631578947368	0.18128787878787878	34.0	361.7021276595745	1.0	10.638297872340424	0.7397651515151515	0.4426666666666667	0.5097285353535354	0.9428571428571428	66	43	0.7021276595744681	joy	0.3263157894736842	wikivir.cleaned.xml	6245				document	wikivir-006245	wikivir-006245.s000001|wikivir-006245.s000002|wikivir-006245.s000003|wikivir-006245.s000004|wikivir-006245.s000005|wikivir-006245.s000006|wikivir-006245.s000007|wikivir-006245.s000008|wikivir-006245.s000009|wikivir-006245.s000010|wikivir-006245.s000011|wikivir-006245.s000012|wikivir-006245.s000013|wikivir-006245.s000014|wikivir-006245.s000015|wikivir-006245.s000016|wikivir-006245.s000017|wikivir-006245.s000018|wikivir-006245.s000019|wikivir-006245.s000020	44	479	187	92	LEP JE OBLAK, ker nam podari dež. Beautiful is a cloud, it gives us rain. LEP JE DEŽ, ker napoji zemljo. Beautiful is the rain, it waters our soil. LEP JE MOJ DEŽNIK, ker poskrbi, da se ne zmočim. Beautiful is my umbrella, it keeps me dry. LEP JE MOST, ker mi pomaga prečkati reko. Beautiful is the b	wikivir.cleaned.xml	6245	Lep je	Mojiceja Podgoršek	21	pesmi				
emotion_trust_per_1k	305.5555555555556	wikivir-010666::window::3	wikivir-010666	window	172	Pripovedka o treh bratih		ljudske pripovedke	19		vrata vzeli seboj. Prišli so v gozdu do nekega drevesa, kjer so se skrili. Ali komaj so nekoliko časa sedeli na drevesi, prišli so roparji pod drevo,pa so prinesli tri vreče denarja seboj. Ko so pa denar počeli šteti, je nekaj na drevesi zašumelo. Roparji so se prestrašili ter so vsi zbežali, samo j	172	72	15.0	208.33333333333331	0.1530612244897959	0.03435555555555555	17.0	236.11111111111111	0.173469387755102	0.15062222222222224	8.0	111.1111111111111	0.0816326530612244	0.006933333333333333	4.0	55.55555555555555	0.0408163265306122	0.05244444444444444	15.0	208.33333333333331	0.1530612244897959	0.13348888888888888	2.0	27.77777777777777	0.0204081632653061	0.025688888888888886	15.0	208.33333333333331	0.1530612244897959	0.0753111111111111	22.0	0.2244897959183673	0.21551111111111113	18.0	250.0	4.0	55.55555555555555	0.5961666666666666	0.4291111111111111	0.5162888888888889	0.6363636363636364	45	25	0.625	trust	0.22448979591836735	wikivir.cleaned.xml	10666				window	wikivir-010666	wikivir-010666.s000021|wikivir-010666.s000022|wikivir-010666.s000023|wikivir-010666.s000024|wikivir-010666.s000025|wikivir-010666.s000026|wikivir-010666.s000027|wikivir-010666.s000028|wikivir-010666.s000029|wikivir-010666.s000030	10	172	146	71	vrata vzeli seboj. Prišli so v gozdu do nekega drevesa, kjer so se skrili. Ali komaj so nekoliko časa sedeli na drevesi, prišli so roparji pod drevo,pa so prinesli tri vreče denarja seboj. Ko so pa denar počeli šteti, je nekaj na drevesi zašumelo. Roparji so se prestrašili ter so vsi zbežali, samo j	wikivir.cleaned.xml	10666	Pripovedka o treh bratih		19	ljudske pripovedke				
emotion_trust_per_1k	305.08474576271186	wikivir-018788::window::8	wikivir-018788	window	150	Tragedija iz življenja enoletnega prostovoljca	Anton Melik	dramska besedila	20	1910	tudi jaz imam pritožbo. Prostovoljec je zapustil včeraj stražo brez dovoljenja. Prostovoljec (osupel): Toda gospod poročnik! Poročnik: Ali sem vam morda dovolil? Recite vendar, da sem vam dovolil. Od vas se lahko pričakuje tudi to. Prostovoljec (na tihem): Prav ima. Ni mi dovolil, temveč mi je zapov	150	59	3.0	50.84745762711865	0.0625	0.01933333333333333	6.0	101.6949152542373	0.125	0.08241666666666667	3.0	50.84745762711865	0.0625	0.019777777777777776	8.0	135.59322033898306	0.1666666666666666	0.014083333333333333	5.0	84.7457627118644	0.1041666666666666	0.06338888888888888	3.0	50.84745762711865	0.0625	0.028972222222222226	2.0	33.898305084745765	0.0416666666666666	0.010611111111111111	18.0	0.375	0.27755555555555556	14.0	237.28813559322035	6.0	101.6949152542373	0.6193773148148147	0.42889583333333337	0.5488055555555557	0.4	36	23	0.6101694915254238	trust	0.375	wikivir.cleaned.xml	18788				window	wikivir-018788	wikivir-018788.s000149|wikivir-018788.s000150|wikivir-018788.s000151|wikivir-018788.s000152|wikivir-018788.s000153|wikivir-018788.s000154|wikivir-018788.s000155|wikivir-018788.s000156|wikivir-018788.s000157|wikivir-018788.s000158|wikivir-018788.s000159|wikivir-018788.s000160|wikivir-018788.s000161|wikivir-018788.s000162|wikivir-018788.s000163|wikivir-018788.s000164|wikivir-018788.s000165|wikivir-018788.s000166	18	150	111	57	tudi jaz imam pritožbo. Prostovoljec je zapustil včeraj stražo brez dovoljenja. Prostovoljec (osupel): Toda gospod poročnik! Poročnik: Ali sem vam morda dovolil? Recite vendar, da sem vam dovolil. Od vas se lahko pričakuje tudi to. Prostovoljec (na tihem): Prav ima. Ni mi dovolil, temveč mi je zapov	wikivir.cleaned.xml	18788	Tragedija iz življenja enoletnega prostovoljca	Anton Melik	20	dramska besedila			1910	
emotion_trust_per_1k	294.11764705882354	wikivir-002910::window::11	wikivir-002910	window	356	Sveta maša		neleposlovje			nemirom, ko polni blaženega upanja pričakujemo prihod našega Odrešenika Jezusa Kristusa. Tvoje je kraljestvo, tvoja je oblast in slava vekomaj. Pozdrav miru in sprave Gospod Jezus Kristus, svojim apostolom si rekel: MIR VAM ZAPUSTIM, SVOJ MIR VAM DAM. Ne glej na naše grehe, ampak na vero svoje Cerkv	356	187	6.0	32.0855614973262	0.0413793103448275	0.012542056074766356	32.0	171.12299465240642	0.2206896551724138	0.13937383177570092	4.0	21.3903743315508	0.0275862068965517	0.00702803738317757	11.0	58.8235294117647	0.0758620689655172	0.02119626168224299	30.0	160.42780748663102	0.2068965517241379	0.2196355140186916	1.0	5.347593582887701	0.0068965517241379	0.005803738317757009	6.0	32.0855614973262	0.0413793103448275	0.018327102803738317	55.0	0.3793103448275862	0.30783177570093456	65.0	347.59358288770056	7.0	37.4331550802139	0.6798543613707164	0.42576635514018696	0.6222437694704049	0.8055555555555556	107	64	0.5721925133689839	trust	0.3793103448275862	wikivir.cleaned.xml	2910				window	wikivir-002910	wikivir-002910.s000147|wikivir-002910.s000148|wikivir-002910.s000149|wikivir-002910.s000150|wikivir-002910.s000151|wikivir-002910.s000152|wikivir-002910.s000153|wikivir-002910.s000154|wikivir-002910.s000155|wikivir-002910.s000156|wikivir-002910.s000157|wikivir-002910.s000158|wikivir-002910.s000159|wikivir-002910.s000160|wikivir-002910.s000161|wikivir-002910.s000162|wikivir-002910.s000163|wikivir-002910.s000164|wikivir-002910.s000165|wikivir-002910.s000166	42	356	291	186	nemirom, ko polni blaženega upanja pričakujemo prihod našega Odrešenika Jezusa Kristusa. Tvoje je kraljestvo, tvoja je oblast in slava vekomaj. Pozdrav miru in sprave Gospod Jezus Kristus, svojim apostolom si rekel: MIR VAM ZAPUSTIM, SVOJ MIR VAM DAM. Ne glej na naše grehe, ampak na vero svoje Cerkv	wikivir.cleaned.xml	2910	Sveta maša			neleposlovje				
emotion_trust_per_1k	293.10344827586204	wikivir-019260::document::1	wikivir-019260	document	376	Litanije Matere Božje (lavretanske litanije)		krscanske molitve			V. Gospod, usmili se O. Gospod, usmili se V. Kristus, usmili se O. Kristus, usmili se V. Gospod, usmili se O. Gospod, usmili se V. Kristus, sliši nas O. Kristus, sliši nas V. Kristus, usliši nas O. Kristus, usliši nas V. Bog Oče nebeški O. Usmili se nas V. Bog Sin, Odrešenik sveta O. Usmili se nas V	376	232	11.0	47.41379310344827	0.0569948186528497	0.0115234375	40.0	172.41379310344828	0.2072538860103626	0.13877343749999999	11.0	47.41379310344827	0.0569948186528497	0.019625	19.0	81.89655172413792	0.0984455958549222	0.033437499999999995	27.0	116.3793103448276	0.1398963730569948	0.166953125	7.0	30.17241379310345	0.0362694300518134	0.0309453125	10.0	43.10344827586207	0.0518134715025906	0.032640625	68.0	0.3523316062176165	0.3200703125	75.0	323.2758620689655	16.0	68.9655172413793	0.7158811941964285	0.44435435267857143	0.642384412202381	0.6483516483516484	128	65	0.5517241379310345	trust	0.35233160621761656	wikivir.cleaned.xml	19260				document	wikivir-019260	wikivir-019260.s000001|wikivir-019260.s000002|wikivir-019260.s000003|wikivir-019260.s000004|wikivir-019260.s000005|wikivir-019260.s000006|wikivir-019260.s000007|wikivir-019260.s000008|wikivir-019260.s000009|wikivir-019260.s000010|wikivir-019260.s000011|wikivir-019260.s000012|wikivir-019260.s000013|wikivir-019260.s000014|wikivir-019260.s000015|wikivir-019260.s000016|wikivir-019260.s000017|wikivir-019260.s000018|wikivir-019260.s000019|wikivir-019260.s000020	88	376	303	231	V. Gospod, usmili se O. Gospod, usmili se V. Kristus, usmili se O. Kristus, usmili se V. Gospod, usmili se O. Gospod, usmili se V. Kristus, sliši nas O. Kristus, sliši nas V. Kristus, usliši nas O. Kristus, usliši nas V. Bog Oče nebeški O. Usmili se nas V. Bog Sin, Odrešenik sveta O. Usmili se nas V	wikivir.cleaned.xml	19260	Litanije Matere Božje (lavretanske litanije)			krscanske molitve				
emotion_trust_per_1k	292.81767955801104	wikivir-018788::window::1	wikivir-018788	window	450	Tragedija iz življenja enoletnega prostovoljca	Anton Melik	dramska besedila	20	1910	Prostovoljec stoji pred vrati vojašnice na straži in gleda melanholično za mimoidočimi damami. Poročnik stopi iz stražnice. Poročnik: Prostovoljec Podgornik! Prostovoljec: Tukaj! Poročnik (v prijaznem tonu): Stopite vendar bliže, dragi moj, rad bi se malo porazgovoril z vami. Prostovoljec (na tihem)	450	181	8.0	44.19889502762431	0.0567375886524822	0.014115789473684212	22.0	121.54696132596683	0.1560283687943262	0.10522105263157897	7.0	38.67403314917127	0.0496453900709219	0.019768421052631577	24.0	132.5966850828729	0.1702127659574468	0.02086315789473684	23.0	127.0718232044199	0.1631205673758865	0.11842105263157894	4.0	22.099447513812155	0.0283687943262411	0.010610526315789473	0.0	0.0	0.0	0.0	53.0	0.375886524822695	0.3054210526315789	39.0	215.4696132596685	11.0	60.773480662983424	0.6483083333333334	0.4652912280701755	0.6336627192982456	0.56	95	46	0.5248618784530387	trust	0.375886524822695	wikivir.cleaned.xml	18788				window	wikivir-018788	wikivir-018788.s000001|wikivir-018788.s000002|wikivir-018788.s000003|wikivir-018788.s000004|wikivir-018788.s000005|wikivir-018788.s000006|wikivir-018788.s000007|wikivir-018788.s000008|wikivir-018788.s000009|wikivir-018788.s000010|wikivir-018788.s000011|wikivir-018788.s000012|wikivir-018788.s000013|wikivir-018788.s000014|wikivir-018788.s000015|wikivir-018788.s000016|wikivir-018788.s000017|wikivir-018788.s000018|wikivir-018788.s000019|wikivir-018788.s000020	43	450	300	174	Prostovoljec stoji pred vrati vojašnice na straži in gleda melanholično za mimoidočimi damami. Poročnik stopi iz stražnice. Poročnik: Prostovoljec Podgornik! Prostovoljec: Tukaj! Poročnik (v prijaznem tonu): Stopite vendar bliže, dragi moj, rad bi se malo porazgovoril z vami. Prostovoljec (na tihem)	wikivir.cleaned.xml	18788	Tragedija iz življenja enoletnega prostovoljca	Anton Melik	20	dramska besedila			1910	
emotion_trust_per_1k	292.07920792079204	wikivir-002910::window::2	wikivir-002910	window	391	Sveta maša		neleposlovje			Gospod, usmili se. Gospod, usmili se. Slava (Gloria) Slava Bogu na višavah in na zemlji mir ljudem, ki so blage volje. Hvalimo te, slavimo te, molimo te, poveličujemo te, zahvaljujemo se ti zaradi tvoje velike slave. Gospod Bog, nebeški Kralj, Bog Oče vsemogočni. Gospod, edinorojeni Sin, Jezus Krist	391	202	10.0	49.50495049504951	0.0636942675159235	0.0060799999999999995	29.0	143.56435643564356	0.1847133757961783	0.11328	10.0	49.50495049504951	0.0636942675159235	0.01504	19.0	94.05940594059406	0.1210191082802547	0.018288	25.0	123.76237623762376	0.1592356687898089	0.21611999999999998	0.0	0.0	0.0	0.0048	5.0	24.752475247524757	0.0318471337579617	0.013888	59.0	0.375796178343949	0.302896	72.0	356.43564356435644	11.0	54.45544554455446	0.7111566666666667	0.41548399999999996	0.6204513333333336	0.7349397590361446	125	63	0.6188118811881188	trust	0.37579617834394907	wikivir.cleaned.xml	2910				window	wikivir-002910	wikivir-002910.s000019|wikivir-002910.s000020|wikivir-002910.s000021|wikivir-002910.s000022|wikivir-002910.s000023|wikivir-002910.s000024|wikivir-002910.s000025|wikivir-002910.s000026|wikivir-002910.s000027|wikivir-002910.s000028|wikivir-002910.s000029|wikivir-002910.s000030|wikivir-002910.s000031|wikivir-002910.s000032|wikivir-002910.s000033|wikivir-002910.s000034|wikivir-002910.s000035|wikivir-002910.s000036|wikivir-002910.s000037|wikivir-002910.s000038	43	391	300	201	Gospod, usmili se. Gospod, usmili se. Slava (Gloria) Slava Bogu na višavah in na zemlji mir ljudem, ki so blage volje. Hvalimo te, slavimo te, molimo te, poveličujemo te, zahvaljujemo se ti zaradi tvoje velike slave. Gospod Bog, nebeški Kralj, Bog Oče vsemogočni. Gospod, edinorojeni Sin, Jezus Krist	wikivir.cleaned.xml	2910	Sveta maša			neleposlovje				
emotion_trust_per_1k	290.32258064516134	wikivir-015618::document::1	wikivir-015618	document	253	O Bog, o Bog, kak' srečen sem!	Jožef Muršec	pesmi	19		1. O Bog, o Bog, kak’ srečen sem, Ker v Te verujem ino vem, Da vse ’z ničesar si ustvaril, Obilno širni svet obdaril; Vsezmožen ga držiš, mladiš, Očetovsko za vse skrbiš. 2. O Bog, o Bog, kak’ srečen sem, Ker v Te verujem, za Te vem, Objemam Te kot stvarnika, Očeta milostljivega, Neskončnega dobrotn	253	93	2.0	21.505376344086024	0.0175438596491228	0.013720000000000001	22.0	236.55913978494624	0.1929824561403508	0.20632	0.0	0.0	0.0	0.0	17.0	182.7956989247312	0.1491228070175438	0.04038	34.0	365.5913978494624	0.2982456140350877	0.4174	3.0	32.25806451612903	0.0263157894736842	0.02112	9.0	96.77419354838707	0.0789473684210526	0.08516	27.0	0.2368421052631578	0.38358	41.0	440.86021505376345	4.0	43.01075268817205	0.7635579999999998	0.4999433333333333	0.7490516666666668	0.8222222222222222	50	27	0.5376344086021505	joy	0.2982456140350877	wikivir.cleaned.xml	15618				document	wikivir-015618	wikivir-015618.s000001|wikivir-015618.s000002|wikivir-015618.s000003|wikivir-015618.s000004|wikivir-015618.s000005|wikivir-015618.s000006|wikivir-015618.s000007|wikivir-015618.s000008|wikivir-015618.s000009|wikivir-015618.s000010|wikivir-015618.s000011|wikivir-015618.s000012|wikivir-015618.s000013|wikivir-015618.s000014|wikivir-015618.s000015|wikivir-015618.s000016|wikivir-015618.s000017|wikivir-015618.s000018|wikivir-015618.s000019|wikivir-015618.s000020	44	253	188	93	1. O Bog, o Bog, kak’ srečen sem, Ker v Te verujem ino vem, Da vse ’z ničesar si ustvaril, Obilno širni svet obdaril; Vsezmožen ga držiš, mladiš, Očetovsko za vse skrbiš. 2. O Bog, o Bog, kak’ srečen sem, Ker v Te verujem, za Te vem, Objemam Te kot stvarnika, Očeta milostljivega, Neskončnega dobrotn	wikivir.cleaned.xml	15618	O Bog, o Bog, kak' srečen sem!	Jožef Muršec	19	pesmi				
emotion_trust_per_1k	290.32258064516134	wikivir-015618::window::1	wikivir-015618	window	252	O Bog, o Bog, kak' srečen sem!	Jožef Muršec	pesmi	19		1. O Bog, o Bog, kak’ srečen sem, Ker v Te verujem ino vem, Da vse ’z ničesar si ustvaril, Obilno širni svet obdaril; Vsezmožen ga držiš, mladiš, Očetovsko za vse skrbiš. 2. O Bog, o Bog, kak’ srečen sem, Ker v Te verujem, za Te vem, Objemam Te kot stvarnika, Očeta milostljivega, Neskončnega dobrotn	252	93	2.0	21.505376344086024	0.0175438596491228	0.013720000000000001	22.0	236.55913978494624	0.1929824561403508	0.20632	0.0	0.0	0.0	0.0	17.0	182.7956989247312	0.1491228070175438	0.04038	34.0	365.5913978494624	0.2982456140350877	0.4174	3.0	32.25806451612903	0.0263157894736842	0.02112	9.0	96.77419354838707	0.0789473684210526	0.08516	27.0	0.2368421052631578	0.38358	41.0	440.86021505376345	4.0	43.01075268817205	0.7635579999999998	0.4999433333333333	0.7490516666666668	0.8222222222222222	50	27	0.5376344086021505	joy	0.2982456140350877	wikivir.cleaned.xml	15618				window	wikivir-015618	wikivir-015618.s000001|wikivir-015618.s000002|wikivir-015618.s000003|wikivir-015618.s000004|wikivir-015618.s000005|wikivir-015618.s000006|wikivir-015618.s000007|wikivir-015618.s000008|wikivir-015618.s000009|wikivir-015618.s000010|wikivir-015618.s000011|wikivir-015618.s000012|wikivir-015618.s000013|wikivir-015618.s000014|wikivir-015618.s000015|wikivir-015618.s000016|wikivir-015618.s000017|wikivir-015618.s000018|wikivir-015618.s000019|wikivir-015618.s000020	44	252	188	93	1. O Bog, o Bog, kak’ srečen sem, Ker v Te verujem ino vem, Da vse ’z ničesar si ustvaril, Obilno širni svet obdaril; Vsezmožen ga držiš, mladiš, Očetovsko za vse skrbiš. 2. O Bog, o Bog, kak’ srečen sem, Ker v Te verujem, za Te vem, Objemam Te kot stvarnika, Očeta milostljivega, Neskončnega dobrotn	wikivir.cleaned.xml	15618	O Bog, o Bog, kak' srečen sem!	Jožef Muršec	19	pesmi				
emotion_trust_per_1k	288.88888888888886	wikivir-001020::window::1	wikivir-001020	window	95	Zaljšal cerkve vidijoče	France Prešeren	pesmi	19		Zaljšal cerkve, vidijóče prebival’ša je Bogá, da bi bolj molitve vroče šle v nebesa iz srca. Bog bogastvo je pogmíral čast povrnil mu s častjo. Živ rad uboge je podpiral, kar zapustil je, njih bó. Spolnil rad je vsak’mu želje, dur’ odprl mu in srce; bil prjat’ljov je veselje njim oči po njem rosé. F	95	45	0.0	0.0	0.0	0.0	7.0	155.55555555555557	0.1944444444444444	0.1436521739130435	0.0	0.0	0.0	0.0	3.0	66.66666666666667	0.0833333333333333	0.012260869565217393	10.0	222.2222222222222	0.2777777777777778	0.3502173913043478	1.0	22.22222222222222	0.0277777777777777	0.027	2.0	44.44444444444444	0.0555555555555555	0.03156521739130435	13.0	0.3611111111111111	0.3427391304347826	15.0	333.3333333333333	1.0	22.22222222222222	0.7159958592132505	0.4567867494824017	0.6335776397515527	0.875	23	20	0.5111111111111111	trust	0.3611111111111111	wikivir.cleaned.xml	1020		Matija Cop		window	wikivir-001020	wikivir-001020.s000001|wikivir-001020.s000002|wikivir-001020.s000003|wikivir-001020.s000004|wikivir-001020.s000005|wikivir-001020.s000006|wikivir-001020.s000007|wikivir-001020.s000008|wikivir-001020.s000009|wikivir-001020.s000010|wikivir-001020.s000011|wikivir-001020.s000012|wikivir-001020.s000013|wikivir-001020.s000014|wikivir-001020.s000015|wikivir-001020.s000016	16	95	77	45	Zaljšal cerkve, vidijóče prebival’ša je Bogá, da bi bolj molitve vroče šle v nebesa iz srca. Bog bogastvo je pogmíral čast povrnil mu s častjo. Živ rad uboge je podpiral, kar zapustil je, njih bó. Spolnil rad je vsak’mu želje, dur’ odprl mu in srce; bil prjat’ljov je veselje njim oči po njem rosé. F	wikivir.cleaned.xml	1020	Zaljšal cerkve vidijoče	France Prešeren	19	pesmi		Matija Cop		
emotion_trust_per_1k	288.88888888888886	wikivir-001020::document::1	wikivir-001020	document	96	Zaljšal cerkve vidijoče	France Prešeren	pesmi	19		Zaljšal cerkve, vidijóče prebival’ša je Bogá, da bi bolj molitve vroče šle v nebesa iz srca. Bog bogastvo je pogmíral čast povrnil mu s častjo. Živ rad uboge je podpiral, kar zapustil je, njih bó. Spolnil rad je vsak’mu želje, dur’ odprl mu in srce; bil prjat’ljov je veselje njim oči po njem rosé. F	96	45	0.0	0.0	0.0	0.0	7.0	155.55555555555557	0.1944444444444444	0.1436521739130435	0.0	0.0	0.0	0.0	3.0	66.66666666666667	0.0833333333333333	0.012260869565217393	10.0	222.2222222222222	0.2777777777777778	0.3502173913043478	1.0	22.22222222222222	0.0277777777777777	0.027	2.0	44.44444444444444	0.0555555555555555	0.03156521739130435	13.0	0.3611111111111111	0.3427391304347826	15.0	333.3333333333333	1.0	22.22222222222222	0.7159958592132505	0.4567867494824017	0.6335776397515527	0.875	23	20	0.5111111111111111	trust	0.3611111111111111	wikivir.cleaned.xml	1020		Matija Cop		document	wikivir-001020	wikivir-001020.s000001|wikivir-001020.s000002|wikivir-001020.s000003|wikivir-001020.s000004|wikivir-001020.s000005|wikivir-001020.s000006|wikivir-001020.s000007|wikivir-001020.s000008|wikivir-001020.s000009|wikivir-001020.s000010|wikivir-001020.s000011|wikivir-001020.s000012|wikivir-001020.s000013|wikivir-001020.s000014|wikivir-001020.s000015|wikivir-001020.s000016	16	96	77	45	Zaljšal cerkve, vidijóče prebival’ša je Bogá, da bi bolj molitve vroče šle v nebesa iz srca. Bog bogastvo je pogmíral čast povrnil mu s častjo. Živ rad uboge je podpiral, kar zapustil je, njih bó. Spolnil rad je vsak’mu želje, dur’ odprl mu in srce; bil prjat’ljov je veselje njim oči po njem rosé. F	wikivir.cleaned.xml	1020	Zaljšal cerkve vidijoče	France Prešeren	19	pesmi		Matija Cop		
emotion_trust_per_1k	286.95652173913044	wikivir-019260::window::1	wikivir-019260	window	368	Litanije Matere Božje (lavretanske litanije)		krscanske molitve			Gospod, usmili se O. Gospod, usmili se V. Kristus, usmili se O. Kristus, usmili se V. Gospod, usmili se O. Gospod, usmili se V. Kristus, sliši nas O. Kristus, sliši nas V. Kristus, usliši nas O. Kristus, usliši nas V. Bog Oče nebeški O. Usmili se nas V. Bog Sin, Odrešenik sveta O. Usmili se nas V. B	368	230	10.0	43.47826086956522	0.053475935828877	0.011103174603174603	40.0	173.91304347826087	0.213903743315508	0.14097619047619045	10.0	43.47826086956522	0.053475935828877	0.018444444444444444	18.0	78.26086956521739	0.0962566844919786	0.03284920634920634	26.0	113.04347826086956	0.1390374331550802	0.16376190476190478	7.0	30.43478260869565	0.0374331550802139	0.031436507936507936	10.0	43.47826086956522	0.053475935828877	0.03315873015873016	66.0	0.3529411764705882	0.3158492063492064	73.0	317.39130434782606	15.0	65.21739130434783	0.7158703798185939	0.4468679138321995	0.642810156840514	0.6590909090909091	126	64	0.5478260869565217	trust	0.35294117647058826	wikivir.cleaned.xml	19260				window	wikivir-019260	wikivir-019260.s000001|wikivir-019260.s000002|wikivir-019260.s000003|wikivir-019260.s000004|wikivir-019260.s000005|wikivir-019260.s000006|wikivir-019260.s000007|wikivir-019260.s000008|wikivir-019260.s000009|wikivir-019260.s000010|wikivir-019260.s000011|wikivir-019260.s000012|wikivir-019260.s000013|wikivir-019260.s000014|wikivir-019260.s000015|wikivir-019260.s000016|wikivir-019260.s000017|wikivir-019260.s000018|wikivir-019260.s000019|wikivir-019260.s000020	87	368	300	229	Gospod, usmili se O. Gospod, usmili se V. Kristus, usmili se O. Kristus, usmili se V. Gospod, usmili se O. Gospod, usmili se V. Kristus, sliši nas O. Kristus, sliši nas V. Kristus, usliši nas O. Kristus, usliši nas V. Bog Oče nebeški O. Usmili se nas V. Bog Sin, Odrešenik sveta O. Usmili se nas V. B	wikivir.cleaned.xml	19260	Litanije Matere Božje (lavretanske litanije)			krscanske molitve				
emotion_trust_per_1k	285.7142857142857	wikivir-019260::window::2	wikivir-019260	window	193	Litanije Matere Božje (lavretanske litanije)		krscanske molitve			Kraljica angelov Kraljica očakov Kraljica prerokov Kraljica apostolov Kraljica mučencev Kraljica pričevalcev Kraljica devic Kraljica vseh svetnikov Kraljica brez madeža izvirnega greha spočeta Kraljica v nebesa vzeta Kraljica svetega rožnega venca Kraljica družine Kraljica miru V. Jagnje Božje, ki o	193	105	4.0	38.0952380952381	0.0476190476190476	0.00475	18.0	171.42857142857142	0.2142857142857142	0.122328125	5.0	47.61904761904761	0.0595238095238095	0.014921875	7.0	66.66666666666667	0.0833333333333333	0.02540625	14.0	133.33333333333334	0.1666666666666666	0.15559374999999998	2.0	19.04761904761905	0.0238095238095238	0.018796874999999998	4.0	38.0952380952381	0.0476190476190476	0.02171875	30.0	0.3571428571428571	0.27123437499999997	32.0	304.7619047619048	8.0	76.1904761904762	0.7314308035714285	0.4757488839285714	0.6795708705357143	0.6	64	34	0.6095238095238096	trust	0.35714285714285715	wikivir.cleaned.xml	19260				window	wikivir-019260	wikivir-019260.s000061|wikivir-019260.s000062|wikivir-019260.s000063|wikivir-019260.s000064|wikivir-019260.s000065|wikivir-019260.s000066|wikivir-019260.s000067|wikivir-019260.s000068|wikivir-019260.s000069|wikivir-019260.s000070|wikivir-019260.s000071|wikivir-019260.s000072|wikivir-019260.s000073|wikivir-019260.s000074|wikivir-019260.s000075|wikivir-019260.s000076|wikivir-019260.s000077|wikivir-019260.s000078|wikivir-019260.s000079|wikivir-019260.s000080	28	193	153	104	Kraljica angelov Kraljica očakov Kraljica prerokov Kraljica apostolov Kraljica mučencev Kraljica pričevalcev Kraljica devic Kraljica vseh svetnikov Kraljica brez madeža izvirnega greha spočeta Kraljica v nebesa vzeta Kraljica svetega rožnega venca Kraljica družine Kraljica miru V. Jagnje Božje, ki o	wikivir.cleaned.xml	19260	Litanije Matere Božje (lavretanske litanije)			krscanske molitve				
emotion_trust_per_1k	283.0188679245283	wikivir-000811::window::93	wikivir-000811	window	352	Skavt Peter	Fran Milčinski	proza	20		sam in brez pomoči, je bilo tole: »Mir. Miru je več vrst, kakršna so tla, ki na njih poganja. Mi smo dijaki, nas najbolj zanima tisti mir, ki poganja na šolskih tleh. Mir v šoli je jako koristen za profesorje in si zelo prizadevajo, da ga ohranijo. Toda se da ohraniti mir le z nemirnimi sredstvi, to	352	159	9.0	56.60377358490566	0.0756302521008403	0.04180851063829787	24.0	150.94339622641508	0.2016806722689075	0.10977659574468084	7.0	44.0251572327044	0.0588235294117647	0.01730851063829787	8.0	50.31446540880504	0.0672268907563025	0.04178723404255319	24.0	150.94339622641508	0.2016806722689075	0.1667872340425532	2.0	12.57861635220126	0.0168067226890756	0.017808510638297873	0.0	0.0	0.0	0.0	45.0	0.3781512605042016	0.2743829787234042	39.0	245.2830188679245	11.0	69.18238993710692	0.5954199468085106	0.40327801418439707	0.509452925531915	0.56	94	51	0.5911949685534591	trust	0.37815126050420167	wikivir.cleaned.xml	811				window	wikivir-000811	wikivir-000811.s000848|wikivir-000811.s000849|wikivir-000811.s000850|wikivir-000811.s000851|wikivir-000811.s000852|wikivir-000811.s000853|wikivir-000811.s000854|wikivir-000811.s000855|wikivir-000811.s000856|wikivir-000811.s000857|wikivir-000811.s000858|wikivir-000811.s000859|wikivir-000811.s000860|wikivir-000811.s000861|wikivir-000811.s000862|wikivir-000811.s000863|wikivir-000811.s000864	17	352	300	155	sam in brez pomoči, je bilo tole: »Mir. Miru je več vrst, kakršna so tla, ki na njih poganja. Mi smo dijaki, nas najbolj zanima tisti mir, ki poganja na šolskih tleh. Mir v šoli je jako koristen za profesorje in si zelo prizadevajo, da ga ohranijo. Toda se da ohraniti mir le z nemirnimi sredstvi, to	wikivir.cleaned.xml	811	Skavt Peter	Fran Milčinski	20	proza				
emotion_trust_per_1k	281.25	wikivir-004927::document::1	wikivir-004927	document	98	Očetje in sinovi	Blaž Lukan	pesmi	20		OČETJE IN SINOVI Sem jaz sinu to, kar je bil meni moj oče, ali sem mu jaz morda kaj drugega? Sem jaz moj oče in je jaz moj sin? A tudi Moj oče je imel očeta, in tudi moj sin že nosi v sebi sina! Sem jaz sam svoj sin, sam svoj oče? Ali sem morda samo sam sebi jaz, jaz sam? In je oče oče, sin sin. Vsi	98	32	0.0	0.0	0.0	0.0	1.0	31.25	0.1	0.017035714285714286	0.0	0.0	0.0	0.0	0.0	0.0	0.0	0.010035714285714287	0.0	0.0	0.0	0.0	0.0	0.0	0.0	0.0	0.0	0.0	0.0	0.0	9.0	0.9	0.18835714285714286	0.0	0.0	0.0	0.0	0.6912107142857142	0.3664821428571429	0.5755642857142858		28	8	0.875	trust	0.9	wikivir.cleaned.xml	4927	V tihem teku			document	wikivir-004927	wikivir-004927.s000001|wikivir-004927.s000002|wikivir-004927.s000003|wikivir-004927.s000004|wikivir-004927.s000005|wikivir-004927.s000006|wikivir-004927.s000007|wikivir-004927.s000008|wikivir-004927.s000009|wikivir-004927.s000010|wikivir-004927.s000011|wikivir-004927.s000012|wikivir-004927.s000013|wikivir-004927.s000014|wikivir-004927.s000015|wikivir-004927.s000016|wikivir-004927.s000017|wikivir-004927.s000018	18	98	82	30	OČETJE IN SINOVI Sem jaz sinu to, kar je bil meni moj oče, ali sem mu jaz morda kaj drugega? Sem jaz moj oče in je jaz moj sin? A tudi Moj oče je imel očeta, in tudi moj sin že nosi v sebi sina! Sem jaz sam svoj sin, sam svoj oče? Ali sem morda samo sam sebi jaz, jaz sam? In je oče oče, sin sin. Vsi	wikivir.cleaned.xml	4927	Očetje in sinovi	Blaž Lukan	20	pesmi	V tihem teku			
emotion_trust_per_1k	281.25	wikivir-004927::window::1	wikivir-004927	window	97	Očetje in sinovi	Blaž Lukan	pesmi	20		OČETJE IN SINOVI Sem jaz sinu to, kar je bil meni moj oče, ali sem mu jaz morda kaj drugega? Sem jaz moj oče in je jaz moj sin? A tudi Moj oče je imel očeta, in tudi moj sin že nosi v sebi sina! Sem jaz sam svoj sin, sam svoj oče? Ali sem morda samo sam sebi jaz, jaz sam? In je oče oče, sin sin. Vsi	97	32	0.0	0.0	0.0	0.0	1.0	31.25	0.1	0.017035714285714286	0.0	0.0	0.0	0.0	0.0	0.0	0.0	0.010035714285714287	0.0	0.0	0.0	0.0	0.0	0.0	0.0	0.0	0.0	0.0	0.0	0.0	9.0	0.9	0.18835714285714286	0.0	0.0	0.0	0.0	0.6912107142857142	0.3664821428571429	0.5755642857142858		28	8	0.875	trust	0.9	wikivir.cleaned.xml	4927	V tihem teku			window	wikivir-004927	wikivir-004927.s000001|wikivir-004927.s000002|wikivir-004927.s000003|wikivir-004927.s000004|wikivir-004927.s000005|wikivir-004927.s000006|wikivir-004927.s000007|wikivir-004927.s000008|wikivir-004927.s000009|wikivir-004927.s000010|wikivir-004927.s000011|wikivir-004927.s000012|wikivir-004927.s000013|wikivir-004927.s000014|wikivir-004927.s000015|wikivir-004927.s000016|wikivir-004927.s000017|wikivir-004927.s000018	18	97	82	30	OČETJE IN SINOVI Sem jaz sinu to, kar je bil meni moj oče, ali sem mu jaz morda kaj drugega? Sem jaz moj oče in je jaz moj sin? A tudi Moj oče je imel očeta, in tudi moj sin že nosi v sebi sina! Sem jaz sam svoj sin, sam svoj oče? Ali sem morda samo sam sebi jaz, jaz sam? In je oče oče, sin sin. Vsi	wikivir.cleaned.xml	4927	Očetje in sinovi	Blaž Lukan	20	pesmi	V tihem teku			
emotion_trust_per_1k	280.4232804232804	wikivir-002819::window::14	wikivir-002819	window	437	Krajnska pismenost	Valentin Vodnik	neleposlovje	19		tepka je sladka, tele je kislo tako tudi ljubi oče, huba mati, ljubo dete. Perlog se spozna, če se mu lahko perstavi ime človek ali reč, postavim: vesel je perlog, ker se lahko reče: vesel človek. §. 17. Vsi perlogi imajo troji spol, troje število, šest padežev in troje sklanjanje, to je, za vsaki s	437	189	1.0	5.291005291005291	0.0060975609756097	0.004269230769230769	51.0	269.8412698412698	0.3109756097560975	0.2747051282051282	1.0	5.291005291005291	0.0060975609756097	0.00741025641025641	3.0	15.873015873015872	0.0182926829268292	0.022384615384615385	52.0	275.13227513227514	0.3170731707317073	0.32157692307692304	1.0	5.291005291005291	0.0060975609756097	0.007615384615384615	2.0	10.582010582010582	0.0121951219512195	0.011025641025641025	53.0	0.3231707317073171	0.25958974358974357	53.0	280.4232804232804	3.0	15.873015873015872	0.7389861111111111	0.4764805555555556	0.5228260683760684	0.8928571428571429	78	21	0.4126984126984127	trust	0.3231707317073171	wikivir.cleaned.xml	2819				window	wikivir-002819	wikivir-002819.s000279|wikivir-002819.s000280|wikivir-002819.s000282|wikivir-002819.s000283|wikivir-002819.s000284|wikivir-002819.s000285|wikivir-002819.s000286|wikivir-002819.s000287|wikivir-002819.s000288|wikivir-002819.s000289|wikivir-002819.s000290|wikivir-002819.s000291|wikivir-002819.s000292|wikivir-002819.s000293|wikivir-002819.s000294|wikivir-002819.s000295|wikivir-002819.s000296|wikivir-002819.s000297|wikivir-002819.s000298|wikivir-002819.s000299	44	437	300	184	tepka je sladka, tele je kislo tako tudi ljubi oče, huba mati, ljubo dete. Perlog se spozna, če se mu lahko perstavi ime človek ali reč, postavim: vesel je perlog, ker se lahko reče: vesel človek. §. 17. Vsi perlogi imajo troji spol, troje število, šest padežev in troje sklanjanje, to je, za vsaki s	wikivir.cleaned.xml	2819	Krajnska pismenost	Valentin Vodnik	19	neleposlovje				
emotion_trust_per_1k	275.8620689655172	wikivir-002910::window::9	wikivir-002910	window	362	Sveta maša		neleposlovje			in pijte iz njega vsi, to je kelih moje krvi, Nove in večne zaveze, ki se za vas in za vse preliva v odpuščanje grehov. To delajte v moj spomin. Skrivnost vere. Tvojo smrt oznanjamo Gospod, in tvoje vstajenje slavimo, dokler ne prideš v slavi. Sveti Oče, spominjamo se Kristusove smrti in vstajenja.	362	145	6.0	41.37931034482759	0.0530973451327433	0.026708333333333334	19.0	131.0344827586207	0.168141592920354	0.08690625	6.0	41.37931034482759	0.0530973451327433	0.0325625	9.0	62.06896551724138	0.079646017699115	0.05520833333333333	17.0	117.24137931034484	0.1504424778761062	0.16533333333333333	9.0	62.06896551724138	0.079646017699115	0.05673958333333332	7.0	48.27586206896552	0.0619469026548672	0.03141666666666667	40.0	0.3539823008849557	0.2721458333333333	42.0	289.65517241379314	17.0	117.24137931034484	0.6646119791666667	0.45560416666666664	0.6046822916666666	0.423728813559322	96	65	0.6620689655172414	trust	0.35398230088495575	wikivir.cleaned.xml	2910				window	wikivir-002910	wikivir-002910.s000128|wikivir-002910.s000129|wikivir-002910.s000130|wikivir-002910.s000131|wikivir-002910.s000132|wikivir-002910.s000133|wikivir-002910.s000134|wikivir-002910.s000135|wikivir-002910.s000136|wikivir-002910.s000137|wikivir-002910.s000138|wikivir-002910.s000139|wikivir-002910.s000140|wikivir-002910.s000141|wikivir-002910.s000142|wikivir-002910.s000143|wikivir-002910.s000144|wikivir-002910.s000145|wikivir-002910.s000146|wikivir-002910.s000147	20	362	300	143	in pijte iz njega vsi, to je kelih moje krvi, Nove in večne zaveze, ki se za vas in za vse preliva v odpuščanje grehov. To delajte v moj spomin. Skrivnost vere. Tvojo smrt oznanjamo Gospod, in tvoje vstajenje slavimo, dokler ne prideš v slavi. Sveti Oče, spominjamo se Kristusove smrti in vstajenja. 	wikivir.cleaned.xml	2910	Sveta maša			neleposlovje				
emotion_trust_per_1k	274.5098039215687	wikivir-008990::window::3	wikivir-008990	window	116	Slomsek Apostolska hrana/81					"Jezus veli ino prosi Očeta rekoč: ,,Sveti Oče, posveti jih v resnici."" Jan. 17. „Po njim svetim (. Kristusi), ki vas je poklical, tudi vi u vsim svojim djanji sveti bodite"" — nas sv. Peter I. 1, 15 opomina. Ino kotjko njenih Svetnikov, marternikov ino devic se že v ne- besah veseli, katire, kakor izv"	116	51	1.0	19.607843137254903	0.0294117647058823	0.020681818181818183	10.0	196.078431372549	0.2941176470588235	0.1555	0.0	0.0	0.0	0.0	1.0	19.607843137254903	0.0294117647058823	0.021318181818181816	4.0	78.43137254901961	0.1176470588235294	0.10004545454545456	2.0	39.21568627450981	0.0588235294117647	0.026909090909090907	2.0	39.21568627450981	0.0588235294117647	0.029454545454545455	14.0	0.4117647058823529	0.38145454545454544	12.0	235.2941176470588	3.0	58.8235294117647	0.6935984848484849	0.4003863636363636	0.6399166666666666	0.6	22	14	0.4313725490196078	trust	0.4117647058823529	wikivir.cleaned.xml	8990				window	wikivir-008990	wikivir-008990.s000049|wikivir-008990.s000050|wikivir-008990.s000051|wikivir-008990.s000052|wikivir-008990.s000053|wikivir-008990.s000054|wikivir-008990.s000055|wikivir-008990.s000056|wikivir-008990.s000057|wikivir-008990.s000058|wikivir-008990.s000059|wikivir-008990.s000060	12	116	83	49	"Jezus veli ino prosi Očeta rekoč: ,,Sveti Oče, posveti jih v resnici."" Jan. 17. „Po njim svetim (.Kristusi), ki vas je poklical, tudi vi u vsim svojim djanji sveti bodite"" — nas sv. Peter I. 1, 15 opomina. Ino kotjko njenih Svetnikov, marternikov ino devic se že v ne- besah veseli, katire, kakor izv"	wikivir.cleaned.xml	8990	Slomsek Apostolska hrana/81							
emotion_trust_per_1k	273.4375	wikivir-007562::window::1	wikivir-007562	window	301	Vila je dala svojo hčer kraljeviču		ljudske pripovedke			Nekoč je živel kralj, ki je imel tri sinove. Dva sta bila nora, eden pa pameten. Oče je dal vsakemu nekaj denarja ter jim rekel, naj gredo po svetu, ter naj si kupijo šopek, ki bo najlepši na vsem svetu. Šli so, pa sta nora brata pametnega pretepla in mu vzela denar. Šel je na neki most ter zelo jok	301	128	5.0	39.0625	0.053763440860215	0.004404761904761904	19.0	148.4375	0.2043010752688172	0.0967142857142857	0.0	0.0	0.0	0.0	2.0	15.625	0.021505376344086	0.015261904761904763	17.0	132.8125	0.1827956989247312	0.10396428571428572	5.0	39.0625	0.053763440860215	0.03961904761904762	10.0	78.125	0.1075268817204301	0.03348809523809524	35.0	0.3763440860215054	0.20207142857142854	32.0	250.0	7.0	54.6875	0.6577063492063492	0.4753988095238095	0.547125992063492	0.6410256410256411	84	30	0.65625	trust	0.3763440860215054	wikivir.cleaned.xml	7562				window	wikivir-007562	wikivir-007562.s000001|wikivir-007562.s000002|wikivir-007562.s000003|wikivir-007562.s000004|wikivir-007562.s000005|wikivir-007562.s000006|wikivir-007562.s000007|wikivir-007562.s000008|wikivir-007562.s000009|wikivir-007562.s000010|wikivir-007562.s000011|wikivir-007562.s000012|wikivir-007562.s000013|wikivir-007562.s000014|wikivir-007562.s000015|wikivir-007562.s000016|wikivir-007562.s000017|wikivir-007562.s000018|wikivir-007562.s000019|wikivir-007562.s000020	24	301	254	128	Nekoč je živel kralj, ki je imel tri sinove. Dva sta bila nora, eden pa pameten. Oče je dal vsakemu nekaj denarja ter jim rekel, naj gredo po svetu, ter naj si kupijo šopek, ki bo najlepši na vsem svetu. Šli so, pa sta nora brata pametnega pretepla in mu vzela denar. Šel je na neki most ter zelo jok	wikivir.cleaned.xml	7562	Vila je dala svojo hčer kraljeviču			ljudske pripovedke				
emotion_trust_per_1k	273.4375	wikivir-007562::document::1	wikivir-007562	document	302	Vila je dala svojo hčer kraljeviču		ljudske pripovedke			Nekoč je živel kralj, ki je imel tri sinove. Dva sta bila nora, eden pa pameten. Oče je dal vsakemu nekaj denarja ter jim rekel, naj gredo po svetu, ter naj si kupijo šopek, ki bo najlepši na vsem svetu. Šli so, pa sta nora brata pametnega pretepla in mu vzela denar. Šel je na neki most ter zelo jok	302	128	5.0	39.0625	0.053763440860215	0.004404761904761904	19.0	148.4375	0.2043010752688172	0.0967142857142857	0.0	0.0	0.0	0.0	2.0	15.625	0.021505376344086	0.015261904761904763	17.0	132.8125	0.1827956989247312	0.10396428571428572	5.0	39.0625	0.053763440860215	0.03961904761904762	10.0	78.125	0.1075268817204301	0.03348809523809524	35.0	0.3763440860215054	0.20207142857142854	32.0	250.0	7.0	54.6875	0.6577063492063492	0.4753988095238095	0.547125992063492	0.6410256410256411	84	30	0.65625	trust	0.3763440860215054	wikivir.cleaned.xml	7562				document	wikivir-007562	wikivir-007562.s000001|wikivir-007562.s000002|wikivir-007562.s000003|wikivir-007562.s000004|wikivir-007562.s000005|wikivir-007562.s000006|wikivir-007562.s000007|wikivir-007562.s000008|wikivir-007562.s000009|wikivir-007562.s000010|wikivir-007562.s000011|wikivir-007562.s000012|wikivir-007562.s000013|wikivir-007562.s000014|wikivir-007562.s000015|wikivir-007562.s000016|wikivir-007562.s000017|wikivir-007562.s000018|wikivir-007562.s000019|wikivir-007562.s000020	24	302	254	128	Nekoč je živel kralj, ki je imel tri sinove. Dva sta bila nora, eden pa pameten. Oče je dal vsakemu nekaj denarja ter jim rekel, naj gredo po svetu, ter naj si kupijo šopek, ki bo najlepši na vsem svetu. Šli so, pa sta nora brata pametnega pretepla in mu vzela denar. Šel je na neki most ter zelo jok	wikivir.cleaned.xml	7562	Vila je dala svojo hčer kraljeviču			ljudske pripovedke				
emotion_trust_per_1k	272.7272727272727	wikivir-017804::window::89	wikivir-017804	window	365	Popotnik široke in ozke poti	Franc Veriti	proza	19	1828	Nikolj nisim take časti vidil; čast vsih kraljov, in cesarjov je memo njegove ko blato, Salomon, ménim, ni bil njemu enak v časti in modrosti: hiša kralja Resnice je njegove visokosti vredna, ona je podoba nebeškiga kraljestva, kakor je on podoba nebeškiga kralja. Učenci na gori so bili neizrečeno v	365	165	4.0	24.24242424242424	0.0338983050847457	0.02214102564102564	22.0	133.33333333333334	0.1864406779661017	0.13603846153846155	4.0	24.24242424242424	0.0338983050847457	0.02243589743589744	6.0	36.36363636363636	0.0508474576271186	0.01903846153846154	21.0	127.27272727272728	0.1779661016949152	0.20465384615384613	5.0	30.303030303030305	0.0423728813559322	0.02926923076923077	11.0	66.66666666666667	0.0932203389830508	0.057679487179487184	45.0	0.3813559322033898	0.4064871794871795	50.0	303.03030303030306	11.0	66.66666666666667	0.695837148962149	0.4863297313797314	0.6566389804639805	0.639344262295082	78	42	0.4727272727272727	trust	0.3813559322033898	wikivir.cleaned.xml	17804				window	wikivir-017804	wikivir-017804.s000639|wikivir-017804.s000640|wikivir-017804.s000641|wikivir-017804.s000642|wikivir-017804.s000643|wikivir-017804.s000644|wikivir-017804.s000645|wikivir-017804.s000646|wikivir-017804.s000647	9	365	300	162	Nikolj nisim take časti vidil; čast vsih kraljov, in cesarjov je memo njegove ko blato, Salomon, ménim, ni bil njemu enak v časti in modrosti: hiša kralja Resnice je njegove visokosti vredna, ona je podoba nebeškiga kraljestva, kakor je on podoba nebeškiga kralja. Učenci na gori so bili neizrečeno v	wikivir.cleaned.xml	17804	Popotnik široke in ozke poti	Franc Veriti	19	proza			1828	
emotion_trust_per_1k	272.7272727272727	wikivir-004441::window::177	wikivir-004441	window	355	Kupčija in obrtnija	Ferdo Kočevar		19		burze za kupčijo, to so banke za denarstvo. Burze pospešujejo, da se premetava blago, banke pa pospešujejo, da kolobari denar. S početka, ko so banke postale, pečale so se samo s tim, da so le menjale denar. To opravilo je danes menjačem (vekslerjem) prepuščeno, banke se ž njim le malo pečajo. Glavn	355	165	6.0	36.36363636363636	0.0769230769230769	0.0051034482758620684	10.0	60.60606060606061	0.1282051282051282	0.06340229885057472	0.0	0.0	0.0	0.0	1.0	6.0606060606060606	0.0128205128205128	0.009517241379310344	8.0	48.48484848484848	0.1025641025641025	0.06288505747126437	1.0	6.0606060606060606	0.0128205128205128	0.0029770114942528738	7.0	42.42424242424243	0.0897435897435897	0.019034482758620692	45.0	0.5769230769230769	0.23483908045977017	25.0	151.51515151515153	5.0	30.303030303030305	0.6063052681992337	0.42064865900383136	0.5798761494252875	0.6666666666666666	87	39	0.5272727272727272	trust	0.5769230769230769	wikivir.cleaned.xml	4441				window	wikivir-004441	wikivir-004441.s003320|wikivir-004441.s003321|wikivir-004441.s003322|wikivir-004441.s003323|wikivir-004441.s003324|wikivir-004441.s003325|wikivir-004441.s003326|wikivir-004441.s003327|wikivir-004441.s003328|wikivir-004441.s003329|wikivir-004441.s003330|wikivir-004441.s003331|wikivir-004441.s003332|wikivir-004441.s003333|wikivir-004441.s003334|wikivir-004441.s003335|wikivir-004441.s003336|wikivir-004441.s003337|wikivir-004441.s003338|wikivir-004441.s003339	41	355	300	154	burze za kupčijo, to so banke za denarstvo. Burze pospešujejo, da se premetava blago, banke pa pospešujejo, da kolobari denar. S početka, ko so banke postale, pečale so se samo s tim, da so le menjale denar. To opravilo je danes menjačem (vekslerjem) prepuščeno, banke se ž njim le malo pečajo. Glavn	wikivir.cleaned.xml	4441	Kupčija in obrtnija	Ferdo Kočevar	19					
emotion_trust_per_1k	271.6049382716049	wikivir-014584::window::121	wikivir-014584	window	423	Žrtev razmer	Miroslav Malovrh	proza	20	1903	Da, gospod.« — »Ali pa tudi Vi ljubite svojega nebeškega ženina, ki Vam je tako naklonjen, da Vas je poljubil?« — »Od vsega srca, gospod.« — »Nikdar ga ne morete zadosti ljubiti, ker njegova ljubezen je neskončna in če ste je vredni, ne ostane samo pri poljubih. Ali se spominjate, da prosi verna duš	423	162	7.0	43.20987654320987	0.0463576158940397	0.0094	37.0	228.39506172839504	0.2450331125827814	0.25237647058823526	6.0	37.03703703703704	0.0397350993377483	0.013270588235294119	9.0	55.55555555555555	0.0596026490066225	0.0254	39.0	240.74074074074076	0.2582781456953642	0.3376235294117647	5.0	30.8641975308642	0.0331125827814569	0.02309411764705882	4.0	24.69135802469136	0.0264900662251655	0.0182	44.0	0.2913907284768212	0.29887058823529405	54.0	333.3333333333333	11.0	67.90123456790123	0.735578543417367	0.5016693277310923	0.590802801120448	0.6615384615384615	85	43	0.5246913580246914	trust	0.2913907284768212	wikivir.cleaned.xml	14584				window	wikivir-014584	wikivir-014584.s001191|wikivir-014584.s001192|wikivir-014584.s001193|wikivir-014584.s001194|wikivir-014584.s001195|wikivir-014584.s001196|wikivir-014584.s001197|wikivir-014584.s001198|wikivir-014584.s001199|wikivir-014584.s001200|wikivir-014584.s001201|wikivir-014584.s001202|wikivir-014584.s001203|wikivir-014584.s001204|wikivir-014584.s001205|wikivir-014584.s001206|wikivir-014584.s001207|wikivir-014584.s001208|wikivir-014584.s001209|wikivir-014584.s001210	24	423	300	156	Da, gospod.« — »Ali pa tudi Vi ljubite svojega nebeškega ženina, ki Vam je tako naklonjen, da Vas je poljubil?« — »Od vsega srca, gospod.« — »Nikdar ga ne morete zadosti ljubiti, ker njegova ljubezen je neskončna in če ste je vredni, ne ostane samo pri poljubih. Ali se spominjate, da prosi verna duš	wikivir.cleaned.xml	14584	Žrtev razmer	Miroslav Malovrh	20	proza			1903	
emotion_trust_per_1k	270.44025157232704	wikivir-004441::window::178	wikivir-004441	window	356	Kupčija in obrtnija	Ferdo Kočevar		19		ter vsak položi v vkupno denarnico, ali recimo raje: v banko 100.000 goldinarjev. Če potem trgovec A od trgovca B, ki je tudi 100.000 goldinarjev v banko vložil, za 40.000 goldinarjev blaga kupi, ni treba, da bi trgovec A to blago trgovcu B v gotovem denarji plačal, na mesto tega se ta kup enostalno	356	159	5.0	31.446540880503143	0.0675675675675675	0.010465116279069766	10.0	62.893081761006286	0.1351351351351351	0.06513953488372093	0.0	0.0	0.0	0.0	2.0	12.57861635220126	0.027027027027027	0.01072093023255814	8.0	50.31446540880504	0.1081081081081081	0.0651627906976744	1.0	6.289308176100629	0.0135135135135135	0.0030116279069767444	5.0	31.446540880503143	0.0675675675675675	0.011802325581395351	43.0	0.581081081081081	0.22382558139534878	21.0	132.0754716981132	4.0	25.15723270440252	0.5872615310077519	0.4115081395348837	0.5685842054263566	0.68	86	39	0.5408805031446541	trust	0.581081081081081	wikivir.cleaned.xml	4441				window	wikivir-004441	wikivir-004441.s003340|wikivir-004441.s003341|wikivir-004441.s003342|wikivir-004441.s003343|wikivir-004441.s003344|wikivir-004441.s003345|wikivir-004441.s003346|wikivir-004441.s003347|wikivir-004441.s003348|wikivir-004441.s003349|wikivir-004441.s003350|wikivir-004441.s003351|wikivir-004441.s003352|wikivir-004441.s003353|wikivir-004441.s003354|wikivir-004441.s003355|wikivir-004441.s003356|wikivir-004441.s003357|wikivir-004441.s003358|wikivir-004441.s003359	39	356	300	149	ter vsak položi v vkupno denarnico, ali recimo raje: v banko 100.000 goldinarjev. Če potem trgovec A od trgovca B, ki je tudi 100.000 goldinarjev v banko vložil, za 40.000 goldinarjev blaga kupi, ni treba, da bi trgovec A to blago trgovcu B v gotovem denarji plačal, na mesto tega se ta kup enostalno	wikivir.cleaned.xml	4441	Kupčija in obrtnija	Ferdo Kočevar	19					
emotion_trust_per_1k	268.1159420289856	wikivir-008993::window::2	wikivir-008993	window	288	Slomsek Apostolska hrana/84					ko bi tebe pozabil. Sveto božjo cerkev smo dolžni ljubiti, pa ne le v besedi, ampak tud v djanji, skerheti, de se po vsim sveti med vse narode razšira. Pomagali katolikim mhjonarjam z molitvijo ino z milodarami, nevernim ljudstvam sveto vero oznanovat ino jih v sveto katolško cerkev pripeljat je kat	288	138	2.0	14.492753623188406	0.0208333333333333	0.007079365079365079	28.0	202.8985507246377	0.2916666666666667	0.1736507936507936	2.0	14.492753623188406	0.0208333333333333	0.006079365079365079	4.0	28.98550724637681	0.0416666666666666	0.017126984126984126	19.0	137.68115942028984	0.1979166666666666	0.16517460317460314	1.0	7.246376811594203	0.0104166666666666	0.006492063492063492	3.0	21.73913043478261	0.03125	0.018111111111111113	37.0	0.3854166666666667	0.3324444444444445	37.0	268.1159420289856	3.0	21.73913043478261	0.6711772486772487	0.4137862433862434	0.6123539682539685	0.85	63	35	0.4565217391304347	trust	0.3854166666666667	wikivir.cleaned.xml	8993				window	wikivir-008993	wikivir-008993.s000025|wikivir-008993.s000026|wikivir-008993.s000027|wikivir-008993.s000028|wikivir-008993.s000029|wikivir-008993.s000030|wikivir-008993.s000031|wikivir-008993.s000032|wikivir-008993.s000033|wikivir-008993.s000034|wikivir-008993.s000035|wikivir-008993.s000036|wikivir-008993.s000037|wikivir-008993.s000038|wikivir-008993.s000039|wikivir-008993.s000041|wikivir-008993.s000043|wikivir-008993.s000044|wikivir-008993.s000045|wikivir-008993.s000046	33	288	219	134	ko bi tebe pozabil. Sveto božjo cerkev smo dolžni ljubiti, pa ne le v besedi, ampak tud v djanji, skerheti, de se po vsim sveti med vse narode razšira. Pomagali katolikim mhjonarjam z molitvijo ino z milodarami, nevernim ljudstvam sveto vero oznanovat ino jih v sveto katolško cerkev pripeljat je kat	wikivir.cleaned.xml	8993	Slomsek Apostolska hrana/84							
emotion_trust_per_1k	267.85714285714283	wikivir-001993::window::2	wikivir-001993	window	238	Limbarska gora	Anton Medved	legende			"klicala. Glej, polnoči ne bo še preč, ne bo vse tvoje sreče več."" Stori se kmalu črna noč, se čudno skaže božja moč. Deset še ura bila ni, goved se v hlevu poduši; in žena je vsa žalostna do neba glasno klicala: ""Pomagaj Bog, svet Valentin in brat njegov, svet Peregrin!"" Devet še ura bila ni, iz sod"	238	112	2.0	17.857142857142858	0.0227272727272727	0.012968253968253967	24.0	214.28571428571428	0.2727272727272727	0.1608888888888889	4.0	35.714285714285715	0.0454545454545454	0.015888888888888886	9.0	80.35714285714286	0.1022727272727272	0.04515873015873016	9.0	80.35714285714286	0.1022727272727272	0.08898412698412698	5.0	44.642857142857146	0.0568181818181818	0.03893650793650794	5.0	44.642857142857146	0.0568181818181818	0.06065079365079365	30.0	0.3409090909090909	0.2845555555555556	34.0	303.57142857142856	6.0	53.57142857142857	0.6770551776266062	0.4242456538170824	0.5661532501889645	0.7	63	30	0.5625	trust	0.3409090909090909	wikivir.cleaned.xml	1993				window	wikivir-001993	wikivir-001993.s000031|wikivir-001993.s000032|wikivir-001993.s000033|wikivir-001993.s000034|wikivir-001993.s000035|wikivir-001993.s000036|wikivir-001993.s000037|wikivir-001993.s000038|wikivir-001993.s000039|wikivir-001993.s000040|wikivir-001993.s000041|wikivir-001993.s000042|wikivir-001993.s000043|wikivir-001993.s000044|wikivir-001993.s000045|wikivir-001993.s000046|wikivir-001993.s000047|wikivir-001993.s000048|wikivir-001993.s000049|wikivir-001993.s000050	39	238	181	107	"klicala. Glej, polnoči ne bo še preč, ne bo vse tvoje sreče več."" Stori se kmalu črna noč, se čudno skaže božja moč. Deset še ura bila ni, goved se v hlevu poduši; in žena je vsa žalostna do neba glasno klicala: ""Pomagaj Bog, svet Valentin in brat njegov, svet Peregrin!"" Devet še ura bila ni, iz sod"	wikivir.cleaned.xml	1993	Limbarska gora	Anton Medved		legende				
emotion_trust_per_1k	267.44186046511624	wikivir-015645::window::8	wikivir-015645	window	197	Krištof Šmid		kratka proza	19	1861	tudi jaz bom za vas molil. Neizrečeno me bo veselilo, če bom tudi v tujem kraji slišal, da ste dobri in pobožni; žalosten pa bi bil, serčno žalosten, ako bi slišati mogel, da ste proti svojim dušnim pastirjem terdovratni, da vas zastonj učé in svaré, da grehu služite! Bog ne daj tega! In zdaj ostani	197	86	3.0	34.88372093023256	0.036144578313253	0.02698	19.0	220.93023255813955	0.2289156626506024	0.20025999999999997	3.0	34.88372093023256	0.036144578313253	0.018439999999999998	6.0	69.76744186046511	0.072289156626506	0.02032	21.0	244.1860465116279	0.253012048192771	0.30372	3.0	34.88372093023256	0.036144578313253	0.043100000000000006	5.0	58.13953488372093	0.0602409638554216	0.031760000000000004	23.0	0.2771084337349397	0.29833999999999994	31.0	360.4651162790697	7.0	81.39534883720931	0.712015	0.39754333333333336	0.6038250000000001	0.631578947368421	50	33	0.5813953488372093	trust	0.27710843373493976	wikivir.cleaned.xml	15645				window	wikivir-015645	wikivir-015645.s000073|wikivir-015645.s000074|wikivir-015645.s000075|wikivir-015645.s000076|wikivir-015645.s000077|wikivir-015645.s000078|wikivir-015645.s000079|wikivir-015645.s000080|wikivir-015645.s000081|wikivir-015645.s000082|wikivir-015645.s000083	11	197	160	86	tudi jaz bom za vas molil. Neizrečeno me bo veselilo, če bom tudi v tujem kraji slišal, da ste dobri in pobožni; žalosten pa bi bil, serčno žalosten, ako bi slišati mogel, da ste proti svojim dušnim pastirjem terdovratni, da vas zastonj učé in svaré, da grehu služite! Bog ne daj tega! In zdaj ostani	wikivir.cleaned.xml	15645	Krištof Šmid		19	kratka proza			1861	
emotion_trust_per_1k	267.44186046511624	wikivir-016761::window::40	wikivir-016761	window	419	Prevaljška legenda	Franc Sušnik	proza	20	1933	prazne monštrance, pred njo pa je klečal na rdečem klečalniku sam presvetli škof. Bel hermelin je imel okrog ramen, dolga sinja vlečka se mu je vlekla daleč po tleh. Beli duhovniki so klečali za njim in svetili z dolgimi voščenkami. Z glasom, ki se je vil iz votle globine, je molil presvetli litanij	419	172	6.0	34.88372093023256	0.0444444444444444	0.005307692307692307	33.0	191.86046511627907	0.2444444444444444	0.12078846153846155	6.0	34.88372093023256	0.0444444444444444	0.010317307692307692	8.0	46.51162790697674	0.0592592592592592	0.014586538461538463	20.0	116.27906976744184	0.1481481481481481	0.11282692307692309	8.0	46.51162790697674	0.0592592592592592	0.03650961538461538	8.0	46.51162790697674	0.0592592592592592	0.02935576923076923	46.0	0.3407407407407407	0.23676923076923076	46.0	267.44186046511624	16.0	93.02325581395348	0.5936742788461539	0.35980128205128215	0.5263609775641025	0.4838709677419355	104	61	0.6046511627906976	trust	0.34074074074074073	wikivir.cleaned.xml	16761				window	wikivir-016761	wikivir-016761.s000700|wikivir-016761.s000701|wikivir-016761.s000702|wikivir-016761.s000703|wikivir-016761.s000704|wikivir-016761.s000705|wikivir-016761.s000706|wikivir-016761.s000707|wikivir-016761.s000708|wikivir-016761.s000709|wikivir-016761.s000710|wikivir-016761.s000711|wikivir-016761.s000712|wikivir-016761.s000713|wikivir-016761.s000714|wikivir-016761.s000715|wikivir-016761.s000716|wikivir-016761.s000717|wikivir-016761.s000718|wikivir-016761.s000719	39	419	300	169	prazne monštrance, pred njo pa je klečal na rdečem klečalniku sam presvetli škof. Bel hermelin je imel okrog ramen, dolga sinja vlečka se mu je vlekla daleč po tleh. Beli duhovniki so klečali za njim in svetili z dolgimi voščenkami. Z glasom, ki se je vil iz votle globine, je molil presvetli litanij	wikivir.cleaned.xml	16761	Prevaljška legenda	Franc Sušnik	20	proza			1933	
emotion_trust_per_1k	266.9856459330144	wikivir-002910::document::1	wikivir-002910	document	2218	Sveta maša		neleposlovje			S poševno pisavo so označene besede, ki jih govorijo verniki, s pokončno pisavo pa besede duhovnika, ki vodi sveto mašo. Začetni obred Vstopni spev Duhovnik in verniki se pokrižajo: V imenu Očeta in Sina in Svetega Duha. Amen. Milost našega Gospoda Jezusa Kristusa, ljubezen Boga Očeta in občestvo Sv	2218	1045	43.0	41.14832535885168	0.0547770700636942	0.013105431309904152	148.0	141.62679425837322	0.1885350318471337	0.10895367412140577	41.0	39.23444976076555	0.0522292993630573	0.018445686900958467	83.0	79.42583732057416	0.1057324840764331	0.03395047923322684	126.0	120.57416267942584	0.1605095541401273	0.18258146964856228	29.0	27.751196172248804	0.0369426751592356	0.02988817891373802	36.0	34.44976076555024	0.0458598726114649	0.024800319488817894	279.0	0.3554140127388535	0.28169488817891375	324.0	310.0478468899521	76.0	72.72727272727272	0.6751663205537806	0.4269883652822151	0.6093805378061767	0.62	626	231	0.5990430622009569	trust	0.3554140127388535	wikivir.cleaned.xml	2910				document	wikivir-002910	wikivir-002910.s000001|wikivir-002910.s000002|wikivir-002910.s000003|wikivir-002910.s000004|wikivir-002910.s000005|wikivir-002910.s000006|wikivir-002910.s000007|wikivir-002910.s000008|wikivir-002910.s000009|wikivir-002910.s000010|wikivir-002910.s000011|wikivir-002910.s000012|wikivir-002910.s000013|wikivir-002910.s000014|wikivir-002910.s000015|wikivir-002910.s000016|wikivir-002910.s000017|wikivir-002910.s000018|wikivir-002910.s000019|wikivir-002910.s000020	188	2218	1791	1035	S poševno pisavo so označene besede, ki jih govorijo verniki, s pokončno pisavo pa besede duhovnika, ki vodi sveto mašo. Začetni obred Vstopni spev Duhovnik in verniki se pokrižajo: V imenu Očeta in Sina in Svetega Duha. Amen. Milost našega Gospoda Jezusa Kristusa, ljubezen Boga Očeta in občestvo Sv	wikivir.cleaned.xml	2910	Sveta maša			neleposlovje				
emotion_trust_per_1k	266.6666666666667	wikivir-014549::window::10	wikivir-014549	window	116	Svetniki	Alojzij Kokalj	kratka proza	20	1913	gledal prijazno se razgovarjajočo skupino slovenskih svetnikov, šepetal mi je na uho nebeški vratar: »Tu imaš živ dokaz za resnico mojih besedi. Tu zreš na lastne oči slovenske svetnike, ki uživajo največje spoštovanje med svojimi tovariši in mej vsemi nebeščani. Trnjevo pot do nebes so si ugladili	116	60	1.0	16.666666666666668	0.0227272727272727	0.0025588235294117644	9.0	150.0	0.2045454545454545	0.11905882352941177	2.0	33.333333333333336	0.0454545454545454	0.015411764705882354	1.0	16.666666666666668	0.0227272727272727	0.0013823529411764706	11.0	183.3333333333333	0.25	0.21720588235294117	1.0	16.666666666666668	0.0227272727272727	0.0018235294117647058	3.0	50.0	0.0681818181818181	0.04108823529411765	16.0	0.3636363636363636	0.3204705882352941	15.0	250.0	0.0	0.0	0.683924019607843	0.4095245098039216	0.5977598039215687	1.0	34	31	0.5666666666666667	trust	0.36363636363636365	wikivir.cleaned.xml	14549				window	wikivir-014549	wikivir-014549.s000073|wikivir-014549.s000074|wikivir-014549.s000075|wikivir-014549.s000076|wikivir-014549.s000078|wikivir-014549.s000079	6	116	97	58	gledal prijazno se razgovarjajočo skupino slovenskih svetnikov, šepetal mi je na uho nebeški vratar: »Tu imaš živ dokaz za resnico mojih besedi. Tu zreš na lastne oči slovenske svetnike, ki uživajo največje spoštovanje med svojimi tovariši in mej vsemi nebeščani. Trnjevo pot do nebes so si ugladili 	wikivir.cleaned.xml	14549	Svetniki	Alojzij Kokalj	20	kratka proza			1913	
emotion_trust_per_1k	264.1509433962264	wikivir-002714::window::3	wikivir-002714	window	124	Trije bratje		ljudske pripovedke			trije bratje svojega gospoda, hudega duha. Ta jim reče: «V hudo skušnjavo sem vas spravil, a ker ste bili mož-beseda in ste mi pomagali, da tega krčmarja — ubijalca pred dobim v pekel, dobote zdaj plačo. Dal je vsakemu veliko mošnjo, polno rumenega zlata. Sodniku pa je naznanil, kdo je in tudi poved	124	53	11.0	207.5471698113208	0.171875	0.15123529411764708	3.0	56.60377358490566	0.046875	0.04711764705882353	5.0	94.33962264150944	0.078125	0.0636764705882353	12.0	226.41509433962264	0.1875	0.18338235294117647	5.0	94.33962264150944	0.078125	0.08241176470588236	9.0	169.81132075471697	0.140625	0.16026470588235295	5.0	94.33962264150944	0.078125	0.0686764705882353	14.0	0.21875	0.24400000000000002	15.0	283.0188679245283	10.0	188.67924528301887	0.5165532212885154	0.5424404761904762	0.5520658263305322	0.2	34	31	0.6415094339622641	trust	0.21875	wikivir.cleaned.xml	2714				window	wikivir-002714	wikivir-002714.s000019|wikivir-002714.s000020|wikivir-002714.s000021|wikivir-002714.s000022|wikivir-002714.s000023|wikivir-002714.s000024	6	124	103	53	trije bratje svojega gospoda, hudega duha. Ta jim reče: «V hudo skušnjavo sem vas spravil, a ker ste bili mož-beseda in ste mi pomagali, da tega krčmarja — ubijalca pred dobim v pekel, dobote zdaj plačo. Dal je vsakemu veliko mošnjo, polno rumenega zlata. Sodniku pa je naznanil, kdo je in tudi poved	wikivir.cleaned.xml	2714	Trije bratje			ljudske pripovedke				
emotion_trust_per_1k	263.1578947368421	wikivir-002910::window::12	wikivir-002910	window	170	Sveta maša		neleposlovje			grehe sveta. Gospod, nisem vreden, da prideš k meni, ampak reci le (z) besedo in ozdravljena bo moja duša. Blagor povabljenim na Gospodovo gostijo. Obhajanje vernikov Duhovnik najprej sam použije hostijo in izpije vino iz keliha, potem pa ponudi hostije zbranim vernikom. Vsakemu pokaže hostijo z bes	170	95	3.0	31.57894736842105	0.0508474576271186	0.004	10.0	105.26315789473684	0.1694915254237288	0.0819298245614035	3.0	31.57894736842105	0.0508474576271186	0.009894736842105263	6.0	63.15789473684211	0.1016949152542373	0.012368421052631577	10.0	105.26315789473684	0.1694915254237288	0.20926315789473682	0.0	0.0	0.0	0.0	2.0	21.052631578947366	0.0338983050847457	0.017140350877192984	25.0	0.423728813559322	0.2615438596491228	31.0	326.3157894736842	4.0	42.10526315789473	0.6797229532163742	0.4183260233918129	0.6194758771929825	0.7714285714285715	57	39	0.6	trust	0.423728813559322	wikivir.cleaned.xml	2910				window	wikivir-002910	wikivir-002910.s000165|wikivir-002910.s000166|wikivir-002910.s000167|wikivir-002910.s000168|wikivir-002910.s000169|wikivir-002910.s000170|wikivir-002910.s000171|wikivir-002910.s000172|wikivir-002910.s000173|wikivir-002910.s000174|wikivir-002910.s000175|wikivir-002910.s000176|wikivir-002910.s000177|wikivir-002910.s000178|wikivir-002910.s000179|wikivir-002910.s000180|wikivir-002910.s000181|wikivir-002910.s000182|wikivir-002910.s000183|wikivir-002910.s000184	24	170	141	95	grehe sveta. Gospod, nisem vreden, da prideš k meni, ampak reci le (z) besedo in ozdravljena bo moja duša. Blagor povabljenim na Gospodovo gostijo. Obhajanje vernikov Duhovnik najprej sam použije hostijo in izpije vino iz keliha, potem pa ponudi hostije zbranim vernikom. Vsakemu pokaže hostijo z bes	wikivir.cleaned.xml	2910	Sveta maša			neleposlovje				
emotion_trust_per_1k	262.5698324022346	wikivir-010959::window::127	wikivir-010959	window	496	Kratkočasnice	Anton Brezovnik		19		treba popraviti«. — »Tega pa, tega, pa našo vero naj nam v miru pusté«, odgovoré kmetje. Neradovoljna priča. Predsednik: »Žandarm! Pripeljite prihodnjo pričo!« (Žandarm odide. Takoj pri vratih pokaže na predsednika, na kar pride pred njega, nek mož.) Predsednik: »Kako se pišete?« Peter: »Peter Žrjav	496	179	9.0	50.27932960893855	0.0978260869565217	0.017741176470588236	6.0	33.5195530726257	0.0652173913043478	0.03062352941176471	6.0	33.5195530726257	0.0652173913043478	0.014729411764705883	5.0	27.932960893854748	0.0543478260869565	0.008294117647058823	12.0	67.0391061452514	0.1304347826086956	0.1022470588235294	3.0	16.75977653631285	0.0326086956521739	0.013047058823529412	4.0	22.3463687150838	0.0434782608695652	0.0194	47.0	0.5108695652173914	0.2888470588235294	48.0	268.1564245810056	15.0	83.79888268156424	0.6381161764705882	0.46557352941176483	0.6566485294117649	0.5238095238095238	85	42	0.4748603351955307	trust	0.5108695652173914	wikivir.cleaned.xml	10959				window	wikivir-010959	wikivir-010959.s003279|wikivir-010959.s003280|wikivir-010959.s003281|wikivir-010959.s003282|wikivir-010959.s003283|wikivir-010959.s003284|wikivir-010959.s003285|wikivir-010959.s003286|wikivir-010959.s003287|wikivir-010959.s003288|wikivir-010959.s003289|wikivir-010959.s003290|wikivir-010959.s003291|wikivir-010959.s003292|wikivir-010959.s003293|wikivir-010959.s003294|wikivir-010959.s003295|wikivir-010959.s003296|wikivir-010959.s003297|wikivir-010959.s003298	65	496	300	174	treba popraviti«. — »Tega pa, tega, pa našo vero naj nam v miru pusté«, odgovoré kmetje. Neradovoljna priča. Predsednik: »Žandarm! Pripeljite prihodnjo pričo!« (Žandarm odide. Takoj pri vratih pokaže na predsednika, na kar pride pred njega, nek mož.) Predsednik: »Kako se pišete?« Peter: »Peter Žrjav	wikivir.cleaned.xml	10959	Kratkočasnice	Anton Brezovnik	19					
emotion_trust_per_1k	262.29508196721315	wikivir-002910::window::3	wikivir-002910	window	373	Sveta maša		neleposlovje			kraljuje vekomaj. Amen Besedno bogoslužje Branje Božje besede Besedno bogoslužje ima ob delavnikih naslednje sestavne dele: berilo, psalm, vzklik aleluja, evangelij. Ob nedeljah in praznikih pa: prvo berilo, psalm, drugo berilo, vzklik aleluja, evangelij. Besedno bogoslužje za današnji dan Bralec na	373	183	5.0	27.3224043715847	0.0423728813559322	0.007663716814159292	22.0	120.21857923497268	0.1864406779661017	0.09212389380530973	4.0	21.85792349726776	0.0338983050847457	0.006654867256637168	14.0	76.50273224043715	0.1186440677966101	0.029743362831858407	19.0	103.82513661202186	0.1610169491525423	0.1666283185840708	3.0	16.393442622950822	0.0254237288135593	0.02053982300884956	3.0	16.393442622950822	0.0254237288135593	0.021929203539823007	48.0	0.4067796610169492	0.25602654867256636	55.0	300.5464480874317	8.0	43.71584699453552	0.6729151917404128	0.4159115044247788	0.5963377581120944	0.746031746031746	113	65	0.6174863387978142	trust	0.4067796610169492	wikivir.cleaned.xml	2910				window	wikivir-002910	wikivir-002910.s000035|wikivir-002910.s000036|wikivir-002910.s000037|wikivir-002910.s000038|wikivir-002910.s000039|wikivir-002910.s000040|wikivir-002910.s000041|wikivir-002910.s000042|wikivir-002910.s000043|wikivir-002910.s000044|wikivir-002910.s000045|wikivir-002910.s000046|wikivir-002910.s000047|wikivir-002910.s000048|wikivir-002910.s000049|wikivir-002910.s000050|wikivir-002910.s000051|wikivir-002910.s000052|wikivir-002910.s000053|wikivir-002910.s000054	34	373	300	182	kraljuje vekomaj. Amen Besedno bogoslužje Branje Božje besede Besedno bogoslužje ima ob delavnikih naslednje sestavne dele: berilo, psalm, vzklik aleluja, evangelij. Ob nedeljah in praznikih pa: prvo berilo, psalm, drugo berilo, vzklik aleluja, evangelij. Besedno bogoslužje za današnji dan Bralec na	wikivir.cleaned.xml	2910	Sveta maša			neleposlovje				
emotion_trust_per_1k	262.29508196721315	wikivir-001334::window::1	wikivir-001334	window	129	K zmagi	Srečko Kosovel	pesmi	20		Večkrat sem premišljeval o zmagi. In slišal sem zmago v zvoku fanfar, videl sem zmago v pisanih praporih, videl sem zmago v mirnih očeh, ki so gledale morje. In morje se je pomirilo. Videl sem zmago: z duhom, vojsko in silo. A zmaga s silo ni zmaga, to je nasilje. Bobni so peli, vojaki kričali, ljud	129	61	6.0	98.36065573770492	0.0845070422535211	0.09351282051282052	14.0	229.5081967213115	0.1971830985915492	0.21002564102564106	3.0	49.18032786885246	0.0422535211267605	0.04956410256410256	6.0	98.36065573770492	0.0845070422535211	0.1081794871794872	14.0	229.5081967213115	0.1971830985915492	0.2966923076923077	6.0	98.36065573770492	0.0845070422535211	0.07323076923076922	6.0	98.36065573770492	0.0845070422535211	0.08053846153846153	16.0	0.2253521126760563	0.2344102564102564	24.0	393.44262295081967	7.0	114.75409836065576	0.6794743589743589	0.5447606837606839	0.60367094017094	0.5483870967741935	39	25	0.639344262295082	trust	0.22535211267605634	wikivir.cleaned.xml	1334				window	wikivir-001334	wikivir-001334.s000001|wikivir-001334.s000002|wikivir-001334.s000003|wikivir-001334.s000004|wikivir-001334.s000005|wikivir-001334.s000006|wikivir-001334.s000007|wikivir-001334.s000008|wikivir-001334.s000009|wikivir-001334.s000010|wikivir-001334.s000011|wikivir-001334.s000012|wikivir-001334.s000013|wikivir-001334.s000014|wikivir-001334.s000015|wikivir-001334.s000016|wikivir-001334.s000017|wikivir-001334.s000018|wikivir-001334.s000019	19	129	106	59	Večkrat sem premišljeval o zmagi. In slišal sem zmago v zvoku fanfar, videl sem zmago v pisanih praporih, videl sem zmago v mirnih očeh, ki so gledale morje. In morje se je pomirilo. Videl sem zmago: z duhom, vojsko in silo. A zmaga s silo ni zmaga, to je nasilje. Bobni so peli, vojaki kričali, ljud	wikivir.cleaned.xml	1334	K zmagi	Srečko Kosovel	20	pesmi				
emotion_trust_per_1k	262.29508196721315	wikivir-001334::document::1	wikivir-001334	document	130	K zmagi	Srečko Kosovel	pesmi	20		Večkrat sem premišljeval o zmagi. In slišal sem zmago v zvoku fanfar, videl sem zmago v pisanih praporih, videl sem zmago v mirnih očeh, ki so gledale morje. In morje se je pomirilo. Videl sem zmago: z duhom, vojsko in silo. A zmaga s silo ni zmaga, to je nasilje. Bobni so peli, vojaki kričali, ljud	130	61	6.0	98.36065573770492	0.0845070422535211	0.09351282051282052	14.0	229.5081967213115	0.1971830985915492	0.21002564102564106	3.0	49.18032786885246	0.0422535211267605	0.04956410256410256	6.0	98.36065573770492	0.0845070422535211	0.1081794871794872	14.0	229.5081967213115	0.1971830985915492	0.2966923076923077	6.0	98.36065573770492	0.0845070422535211	0.07323076923076922	6.0	98.36065573770492	0.0845070422535211	0.08053846153846153	16.0	0.2253521126760563	0.2344102564102564	24.0	393.44262295081967	7.0	114.75409836065576	0.6794743589743589	0.5447606837606839	0.60367094017094	0.5483870967741935	39	25	0.639344262295082	trust	0.22535211267605634	wikivir.cleaned.xml	1334				document	wikivir-001334	wikivir-001334.s000001|wikivir-001334.s000002|wikivir-001334.s000003|wikivir-001334.s000004|wikivir-001334.s000005|wikivir-001334.s000006|wikivir-001334.s000007|wikivir-001334.s000008|wikivir-001334.s000009|wikivir-001334.s000010|wikivir-001334.s000011|wikivir-001334.s000012|wikivir-001334.s000013|wikivir-001334.s000014|wikivir-001334.s000015|wikivir-001334.s000016|wikivir-001334.s000017|wikivir-001334.s000018|wikivir-001334.s000019	19	130	106	59	Večkrat sem premišljeval o zmagi. In slišal sem zmago v zvoku fanfar, videl sem zmago v pisanih praporih, videl sem zmago v mirnih očeh, ki so gledale morje. In morje se je pomirilo. Videl sem zmago: z duhom, vojsko in silo. A zmaga s silo ni zmaga, to je nasilje. Bobni so peli, vojaki kričali, ljud	wikivir.cleaned.xml	1334	K zmagi	Srečko Kosovel	20	pesmi				
emotion_trust_per_1k	261.74496644295306	wikivir-004530::window::140	wikivir-004530	window	322	A) Basni in prilike (A. M. Slomšek)	Anton Martin Slomšek	prilike in povesti	19		"reče: „poprej bom jaz vse široko in globoko morje v to jamico pozajel, kakor boš ti prečudno skrivnost presvete Trojice razumel in zapopadel."" — Mladenček to izustil in zginul je; sv. Avguštin pa spoznal, da mu je Bog po angelu naznanil, kako prazno je razlagati človeškemu umu, kar je nerazumljivega"	322	149	2.0	13.422818791946307	0.019047619047619	0.007180722891566265	28.0	187.91946308724832	0.2666666666666666	0.16116867469879517	2.0	13.422818791946307	0.019047619047619	0.007349397590361445	4.0	26.845637583892614	0.0380952380952381	0.010554216867469879	20.0	134.2281879194631	0.1904761904761904	0.202	2.0	13.422818791946307	0.019047619047619	0.020313253012048192	8.0	53.69127516778524	0.0761904761904762	0.0488433734939759	39.0	0.3714285714285714	0.2870963855421687	43.0	288.59060402684565	5.0	33.557046979865774	0.7142761761331038	0.4453813539873781	0.6242513912794034	0.7916666666666666	83	60	0.5570469798657718	trust	0.37142857142857144	wikivir.cleaned.xml	4530				window	wikivir-004530	wikivir-004530.s001521|wikivir-004530.s001522|wikivir-004530.s001523|wikivir-004530.s001524|wikivir-004530.s001526|wikivir-004530.s001527|wikivir-004530.s001528|wikivir-004530.s001529|wikivir-004530.s001530|wikivir-004530.s001531|wikivir-004530.s001532|wikivir-004530.s001533|wikivir-004530.s001534|wikivir-004530.s001535|wikivir-004530.s001536|wikivir-004530.s001537	16	322	255	147	"reče: „poprej bom jaz vse široko in globoko morje v to jamico pozajel, kakor boš ti prečudno skrivnost presvete Trojice razumel in zapopadel."" — Mladenček to izustil in zginul je; sv. Avguštin pa spoznal, da mu je Bog po angelu naznanil, kako prazno je razlagati človeškemu umu, kar je nerazumljivega"	wikivir.cleaned.xml	4530	A) Basni in prilike (A. M. Slomšek)	Anton Martin Slomšek	19	prilike in povesti				
emotion_trust_per_1k	261.53846153846155	wikivir-003371::window::1	wikivir-003371	window	105	Beli muc.	Neža Maurer	pesmi	20		Belo polje, beli gozd, belo jutro, beli mraz – črni muc po mleko gre po stezici v belo vas. Bela koza belo mleko v belo kanglo nacedi, potlej urno dver zapahne, da ji v hlev ne zasneži. Mucke gledajo skoz okno: Kdaj bo črni muc prišel? Burja cvili, sneg se usiplje – skoraj je že gaz zamel. Nekaj bel	105	65	0.0	0.0	0.0	0.0	14.0	215.3846153846154	0.2692307692307692	0.028638888888888887	1.0	15.384615384615383	0.0192307692307692	0.0036944444444444446	0.0	0.0	0.0	0.0	16.0	246.15384615384616	0.3076923076923077	0.05605555555555555	3.0	46.15384615384615	0.0576923076923076	0.0	1.0	15.384615384615383	0.0192307692307692	0.008666666666666666	17.0	0.3269230769230769	0.06663888888888889	16.0	246.15384615384616	3.0	46.15384615384615	0.348125	0.20570833333333333	0.21804166666666666	0.6842105263157895	36	18	0.5538461538461539	trust	0.3269230769230769	wikivir.cleaned.xml	3371				window	wikivir-003371	wikivir-003371.s000001|wikivir-003371.s000002|wikivir-003371.s000003|wikivir-003371.s000004|wikivir-003371.s000005|wikivir-003371.s000006|wikivir-003371.s000007|wikivir-003371.s000008|wikivir-003371.s000009|wikivir-003371.s000010|wikivir-003371.s000011|wikivir-003371.s000012|wikivir-003371.s000013|wikivir-003371.s000014|wikivir-003371.s000015|wikivir-003371.s000016|wikivir-003371.s000017|wikivir-003371.s000018|wikivir-003371.s000019|wikivir-003371.s000020	20	105	88	65	Belo polje, beli gozd, belo jutro, beli mraz – črni muc po mleko gre po stezici v belo vas. Bela koza belo mleko v belo kanglo nacedi, potlej urno dver zapahne, da ji v hlev ne zasneži. Mucke gledajo skoz okno: Kdaj bo črni muc prišel? Burja cvili, sneg se usiplje – skoraj je že gaz zamel. Nekaj bel	wikivir.cleaned.xml	3371	Beli muc.	Neža Maurer	20	pesmi				
emotion_trust_per_1k	261.53846153846155	wikivir-003371::document::1	wikivir-003371	document	106	Beli muc.	Neža Maurer	pesmi	20		Belo polje, beli gozd, belo jutro, beli mraz – črni muc po mleko gre po stezici v belo vas. Bela koza belo mleko v belo kanglo nacedi, potlej urno dver zapahne, da ji v hlev ne zasneži. Mucke gledajo skoz okno: Kdaj bo črni muc prišel? Burja cvili, sneg se usiplje – skoraj je že gaz zamel. Nekaj bel	106	65	0.0	0.0	0.0	0.0	14.0	215.3846153846154	0.2692307692307692	0.028638888888888887	1.0	15.384615384615383	0.0192307692307692	0.0036944444444444446	0.0	0.0	0.0	0.0	16.0	246.15384615384616	0.3076923076923077	0.05605555555555555	3.0	46.15384615384615	0.0576923076923076	0.0	1.0	15.384615384615383	0.0192307692307692	0.008666666666666666	17.0	0.3269230769230769	0.06663888888888889	16.0	246.15384615384616	3.0	46.15384615384615	0.348125	0.20570833333333333	0.21804166666666666	0.6842105263157895	36	18	0.5538461538461539	trust	0.3269230769230769	wikivir.cleaned.xml	3371				document	wikivir-003371	wikivir-003371.s000001|wikivir-003371.s000002|wikivir-003371.s000003|wikivir-003371.s000004|wikivir-003371.s000005|wikivir-003371.s000006|wikivir-003371.s000007|wikivir-003371.s000008|wikivir-003371.s000009|wikivir-003371.s000010|wikivir-003371.s000011|wikivir-003371.s000012|wikivir-003371.s000013|wikivir-003371.s000014|wikivir-003371.s000015|wikivir-003371.s000016|wikivir-003371.s000017|wikivir-003371.s000018|wikivir-003371.s000019|wikivir-003371.s000020	20	106	88	65	Belo polje, beli gozd, belo jutro, beli mraz – črni muc po mleko gre po stezici v belo vas. Bela koza belo mleko v belo kanglo nacedi, potlej urno dver zapahne, da ji v hlev ne zasneži. Mucke gledajo skoz okno: Kdaj bo črni muc prišel? Burja cvili, sneg se usiplje – skoraj je že gaz zamel. Nekaj bel	wikivir.cleaned.xml	3371	Beli muc.	Neža Maurer	20	pesmi				
emotion_trust_per_1k	260.8695652173913	wikivir-004539::window::11	wikivir-004539	window	366	Preprosto pismo v raj	Berta Golob	črtice	21		tvoje, posvečeno bodi tvoje ime, pridi k nam tvoje kraljestvo ki je ... zaradi ki je zaradi nje mami jokala Zgodi se tvoja volja mami je zmeraj samo žalostna ne zgodi se tvoja volja, kakor v nebesih zakaj mu je rekla, da nima človeškega ne volja kakor v nebesih, tako srca, slišala sem tako na zemlji	366	184	5.0	27.17391304347826	0.0271739130434782	0.018218181818181817	45.0	244.56521739130437	0.2445652173913043	0.1886909090909091	1.0	5.434782608695652	0.0054347826086956	0.0019181818181818182	13.0	70.65217391304347	0.0706521739130434	0.029227272727272727	46.0	250.0	0.25	0.3236727272727273	6.0	32.608695652173914	0.0326086956521739	0.029945454545454542	20.0	108.69565217391305	0.108695652173913	0.06842727272727273	48.0	0.2608695652173913	0.2092363636363636	51.0	277.17391304347825	10.0	54.34782608695652	0.704774891774892	0.4661637445887446	0.5781965367965368	0.6721311475409836	110	63	0.5978260869565217	trust	0.2608695652173913	wikivir.cleaned.xml	4539				window	wikivir-004539	wikivir-004539.s000231|wikivir-004539.s000232|wikivir-004539.s000233|wikivir-004539.s000234|wikivir-004539.s000235|wikivir-004539.s000236|wikivir-004539.s000237|wikivir-004539.s000238|wikivir-004539.s000239|wikivir-004539.s000240|wikivir-004539.s000241|wikivir-004539.s000242|wikivir-004539.s000243|wikivir-004539.s000244|wikivir-004539.s000245|wikivir-004539.s000246|wikivir-004539.s000247|wikivir-004539.s000248|wikivir-004539.s000249|wikivir-004539.s000250	43	366	300	181	tvoje, posvečeno bodi tvoje ime, pridi k nam tvoje kraljestvo ki je ... zaradi ki je zaradi nje mami jokala Zgodi se tvoja volja mami je zmeraj samo žalostna ne zgodi se tvoja volja, kakor v nebesih zakaj mu je rekla, da nima človeškega ne volja kakor v nebesih, tako srca, slišala sem tako na zemlji	wikivir.cleaned.xml	4539	Preprosto pismo v raj	Berta Golob	21	črtice				
