segment_id	bertopic_topic	review_score	review_score_source
wikivir-004503::window::8	0	0.9206933435305374	centroid_cosine
wikivir-016521::window::225	0	0.9196642821483446	centroid_cosine
wikivir-015751::window::112	0	0.9186827950458157	centroid_cosine
wikivir-004206::window::227	0	0.9183303215003223	centroid_cosine
wikivir-015362::window::112	0	0.9168659193504103	centroid_cosine
wikivir-018971::window::26	0	0.9163197395946658	centroid_cosine
wikivir-000969::window::289	0	0.9100098602569268	centroid_cosine
wikivir-014336::window::39	0	0.9095058398929237	centroid_cosine
wikivir-002782::window::16	0	0.9085423510466903	centroid_cosine
wikivir-002852::window::11	0	0.9079733368579452	centroid_cosine
wikivir-004228::window::63	0	0.9076468529988562	centroid_cosine
wikivir-014842::window::200	0	0.9073047717047973	centroid_cosine
wikivir-020299::window::55	0	0.907251501754688	centroid_cosine
wikivir-015436::window::221	0	0.9065840988298111	centroid_cosine
wikivir-004210::window::48	0	0.9057306371408267	centroid_cosine
wikivir-000946::window::190	0	0.905326723194279	centroid_cosine
wikivir-020827::window::51	0	0.9052403154613782	centroid_cosine
wikivir-002864::window::156	0	0.904680938470099	centroid_cosine
wikivir-001753::window::100	0	0.9045697161551677	centroid_cosine
wikivir-020817::window::228	0	0.9026242891907323	centroid_cosine
wikivir-017508::window::174	0	0.9022943421675815	centroid_cosine
wikivir-021169::window::8	0	0.9020835590600426	centroid_cosine
wikivir-020237::window::7	0	0.9020529471515482	centroid_cosine
wikivir-016102::window::291	0	0.9018991693110496	centroid_cosine
wikivir-014101::window::28	0	0.9018764763195446	centroid_cosine
wikivir-016869::window::83	0	0.8488214737147448	centroid_cosine
wikivir-021152::window::730	0	0.7963591162693597	centroid_cosine
wikivir-016504::window::7	0	0.8244321931541592	centroid_cosine
wikivir-015042::window::261	0	0.8512838276489014	centroid_cosine
wikivir-000666::window::31	0	0.8740693068684702	centroid_cosine
wikivir-016003::window::3	0	0.8412516855079817	centroid_cosine
wikivir-003122::window::7	0	0.840418667794447	centroid_cosine
wikivir-000800::window::40	0	0.8471075576382291	centroid_cosine
wikivir-017434::window::19	0	0.8664122211604618	centroid_cosine
wikivir-000885::window::37	0	0.7903984582638592	centroid_cosine
wikivir-016893::window::1041	1	0.9201880311321327	centroid_cosine
wikivir-003412::window::143	1	0.912113818353498	centroid_cosine
wikivir-020822::window::55	1	0.9057589299897161	centroid_cosine
wikivir-017453::window::23	1	0.9048334103828111	centroid_cosine
wikivir-014293::window::6	1	0.9047922213200564	centroid_cosine
wikivir-014941::window::30	1	0.9019090891837428	centroid_cosine
wikivir-016063::window::154	1	0.9007008081962593	centroid_cosine
wikivir-004452::window::24	1	0.8999912805366248	centroid_cosine
wikivir-013197::window::305	1	0.8975392681961073	centroid_cosine
wikivir-007303::window::43	1	0.8962011756677264	centroid_cosine
wikivir-021170::window::84	1	0.8958141126985895	centroid_cosine
wikivir-017116::window::135	1	0.8943810914997857	centroid_cosine
wikivir-010840::window::125	1	0.8935469419992026	centroid_cosine
wikivir-004228::window::118	1	0.8930627191024105	centroid_cosine
wikivir-003879::window::35	1	0.8918775915132475	centroid_cosine
wikivir-011729::window::501	1	0.8918234178059734	centroid_cosine
wikivir-002883::window::97	1	0.891562909911499	centroid_cosine
wikivir-013597::window::504	1	0.8907503913341477	centroid_cosine
wikivir-015509::window::156	1	0.8890031751188614	centroid_cosine
wikivir-021022::window::1030	1	0.8887759794539154	centroid_cosine
wikivir-014406::window::147	1	0.8886079935888782	centroid_cosine
wikivir-017154::window::771	1	0.8884536300571397	centroid_cosine
wikivir-001568::window::3	1	0.8881591575087886	centroid_cosine
wikivir-015756::window::138	1	0.8877617913878126	centroid_cosine
wikivir-004219::window::109	1	0.8874042903142385	centroid_cosine
wikivir-016893::window::1440	1	0.70525055135906	centroid_cosine
wikivir-011616::window::113	1	0.7733613875356198	centroid_cosine
wikivir-018782::window::6	1	0.7976780455750181	centroid_cosine
wikivir-014712::window::24	1	0.7959262989507095	centroid_cosine
wikivir-000702::window::232	1	0.8287243846417038	centroid_cosine
wikivir-014650::window::159	1	0.7492320956041365	centroid_cosine
wikivir-017154::window::243	1	0.8433111442883396	centroid_cosine
wikivir-016143::window::52	1	0.837003222985379	centroid_cosine
wikivir-015733::window::545	1	0.7843310619966066	centroid_cosine
wikivir-015982::window::30	1	0.7649631398273914	centroid_cosine
wikivir-016097::window::78	2	0.9202827027483458	centroid_cosine
wikivir-000910::window::23	2	0.9147302745122423	centroid_cosine
wikivir-018993::window::191	2	0.9124757639989778	centroid_cosine
wikivir-020102::window::110	2	0.9118596850689784	centroid_cosine
wikivir-004570::window::143	2	0.909774640339122	centroid_cosine
wikivir-010840::window::158	2	0.9073342118250817	centroid_cosine
wikivir-012675::window::61	2	0.9067929559709966	centroid_cosine
wikivir-013136::window::222	2	0.9065207857625563	centroid_cosine
wikivir-015131::window::25	2	0.9064148512213619	centroid_cosine
wikivir-015407::window::7	2	0.9062938668509374	centroid_cosine
wikivir-020259::window::66	2	0.9048234032483464	centroid_cosine
wikivir-010216::window::6	2	0.9046296488770758	centroid_cosine
wikivir-001654::window::14	2	0.9044069707465764	centroid_cosine
wikivir-004225::window::189	2	0.9043731218335122	centroid_cosine
wikivir-015661::window::18	2	0.9043308433074004	centroid_cosine
wikivir-018136::window::2	2	0.9039681361302193	centroid_cosine
wikivir-000942::window::73	2	0.9033548351218089	centroid_cosine
wikivir-000801::window::114	2	0.9031317873228883	centroid_cosine
wikivir-016097::window::10	2	0.9023519343770893	centroid_cosine
wikivir-003097::window::407	2	0.9021008576391386	centroid_cosine
wikivir-019181::window::174	2	0.9018695035603885	centroid_cosine
wikivir-017190::window::21	2	0.9006777737817727	centroid_cosine
wikivir-010836::window::133	2	0.9003605137627334	centroid_cosine
wikivir-015277::window::3	2	0.9001994555490295	centroid_cosine
wikivir-000966::window::208	2	0.8990683455984145	centroid_cosine
wikivir-016432::window::254	2	0.8545619171947708	centroid_cosine
wikivir-014520::window::166	2	0.8237368937304558	centroid_cosine
wikivir-000614::window::209	2	0.8335124981389455	centroid_cosine
wikivir-006981::window::12	2	0.8172510568399876	centroid_cosine
wikivir-020785::window::334	2	0.8416597536880832	centroid_cosine
wikivir-000868::window::77	2	0.8313755075377052	centroid_cosine
wikivir-016433::window::1138	2	0.8477969841735745	centroid_cosine
wikivir-006237::window::2	2	0.7683733178596632	centroid_cosine
wikivir-004607::window::67	2	0.7858625129332601	centroid_cosine
wikivir-002828::window::124	2	0.8139516803144896	centroid_cosine
wikivir-016976::window::288	3	0.9076053885205764	centroid_cosine
wikivir-016140::window::52	3	0.8990257398743204	centroid_cosine
wikivir-000708::window::43	3	0.898049996846867	centroid_cosine
wikivir-002995::window::33	3	0.8974073157498181	centroid_cosine
wikivir-004219::window::60	3	0.897000246701787	centroid_cosine
wikivir-014145::window::147	3	0.8955165234040395	centroid_cosine
wikivir-015056::window::384	3	0.8949472147374573	centroid_cosine
wikivir-003755::window::106	3	0.8940284946385488	centroid_cosine
wikivir-015041::window::237	3	0.8933756883167743	centroid_cosine
wikivir-004568::window::113	3	0.8930485006235429	centroid_cosine
wikivir-004539::window::72	3	0.8922629052783896	centroid_cosine
wikivir-000662::window::104	3	0.8918389754580018	centroid_cosine
wikivir-011687::window::14	3	0.890725573782054	centroid_cosine
wikivir-007000::window::20	3	0.8892626875003328	centroid_cosine
wikivir-012875::window::3	3	0.8888843311684849	centroid_cosine
wikivir-020083::window::26	3	0.8886296092562961	centroid_cosine
wikivir-002781::window::362	3	0.8883090978543369	centroid_cosine
wikivir-018492::window::8	3	0.8879578155747478	centroid_cosine
wikivir-017405::window::32	3	0.8878133234990919	centroid_cosine
wikivir-013408::window::51	3	0.8877541635888453	centroid_cosine
wikivir-011675::window::35	3	0.8876008953168057	centroid_cosine
wikivir-011729::window::354	3	0.8875498520030352	centroid_cosine
wikivir-009559::window::34	3	0.8869447016089367	centroid_cosine
wikivir-002718::window::12	3	0.8867400047419849	centroid_cosine
wikivir-000579::window::85	3	0.8865457211390793	centroid_cosine
wikivir-017405::window::26	3	0.8309932780379995	centroid_cosine
wikivir-003785::window::174	3	0.7776794995340897	centroid_cosine
wikivir-020259::window::8	3	0.8398446585694821	centroid_cosine
wikivir-016879::window::281	3	0.7773528713597738	centroid_cosine
wikivir-004482::window::118	3	0.7559817932356739	centroid_cosine
wikivir-013435::window::4	3	0.8008012229857165	centroid_cosine
wikivir-000811::window::91	3	0.7687574866918955	centroid_cosine
wikivir-000576::window::111	3	0.8268609008490174	centroid_cosine
wikivir-014333::window::38	3	0.7785273091785804	centroid_cosine
wikivir-014842::window::37	3	0.7117249457395705	centroid_cosine
wikivir-010840::window::277	4	0.9008650362885624	centroid_cosine
wikivir-000703::window::127	4	0.9003569055062439	centroid_cosine
wikivir-016181::window::7	4	0.8982405896400183	centroid_cosine
wikivir-020397::window::62	4	0.8887763495741821	centroid_cosine
wikivir-016183::window::97	4	0.8876695293997813	centroid_cosine
wikivir-016432::window::37	4	0.8874193317404088	centroid_cosine
wikivir-018448::window::40	4	0.887162384087075	centroid_cosine
wikivir-003858::window::76	4	0.887082350102715	centroid_cosine
wikivir-000942::window::96	4	0.8843222065886882	centroid_cosine
wikivir-011659::window::138	4	0.8830538539825059	centroid_cosine
wikivir-000821::window::15	4	0.8817416764936268	centroid_cosine
wikivir-015751::window::362	4	0.8817125840681276	centroid_cosine
wikivir-016433::window::63	4	0.8808672715395083	centroid_cosine
wikivir-016181::window::38	4	0.8806068970041855	centroid_cosine
wikivir-016063::window::22	4	0.8800042025248486	centroid_cosine
wikivir-018819::window::8	4	0.8790074434025432	centroid_cosine
wikivir-015659::window::264	4	0.8789305932096048	centroid_cosine
wikivir-016433::window::108	4	0.8781071028428971	centroid_cosine
wikivir-010348::window::264	4	0.87767882896153	centroid_cosine
wikivir-004461::window::82	4	0.8763942090231873	centroid_cosine
wikivir-002850::window::3	4	0.8763818324560065	centroid_cosine
wikivir-003858::window::144	4	0.875762522308441	centroid_cosine
wikivir-015360::window::4	4	0.8750683939159741	centroid_cosine
wikivir-000817::window::91	4	0.874925314316537	centroid_cosine
wikivir-014510::window::88	4	0.8747964433382979	centroid_cosine
wikivir-015428::window::36	4	0.7402869968553635	centroid_cosine
wikivir-016433::window::979	4	0.761002547001002	centroid_cosine
wikivir-016976::window::550	4	0.7958233454948005	centroid_cosine
wikivir-001025::window::117	4	0.7166086272289263	centroid_cosine
wikivir-002853::window::4	4	0.8364453336983602	centroid_cosine
wikivir-016101::window::38	4	0.8134894665495774	centroid_cosine
wikivir-015449::window::15	4	0.82828361766103	centroid_cosine
wikivir-017117::window::342	4	0.7171084278248168	centroid_cosine
wikivir-000626::window::118	4	0.8020641724758939	centroid_cosine
wikivir-015754::window::171	4	0.7121907911209895	centroid_cosine
wikivir-010764::window::375	5	0.9120805431869543	centroid_cosine
wikivir-013257::window::18	5	0.9105945221944582	centroid_cosine
wikivir-000691::window::92	5	0.910312398650428	centroid_cosine
wikivir-004228::window::60	5	0.9100144308154945	centroid_cosine
wikivir-003446::window::1	5	0.9099360380526826	centroid_cosine
wikivir-004461::window::95	5	0.9071432839905702	centroid_cosine
wikivir-003375::window::24	5	0.9043499580241723	centroid_cosine
wikivir-003843::window::3	5	0.9026110336460167	centroid_cosine
wikivir-016700::window::9	5	0.9000970581784544	centroid_cosine
wikivir-020032::window::7	5	0.8982105647931496	centroid_cosine
wikivir-001546::window::45	5	0.897548459441373	centroid_cosine
wikivir-016869::window::173	5	0.8954880111130434	centroid_cosine
wikivir-004186::window::18	5	0.8952871229526645	centroid_cosine
wikivir-002862::window::117	5	0.8938652050916037	centroid_cosine
wikivir-015517::window::8	5	0.8935928391775023	centroid_cosine
wikivir-014408::window::229	5	0.8935593181701704	centroid_cosine
wikivir-003446::window::36	5	0.8929871600732724	centroid_cosine
wikivir-002864::window::128	5	0.8917344560342044	centroid_cosine
wikivir-015734::window::20	5	0.8913240415234043	centroid_cosine
wikivir-006718::window::65	5	0.8911470197399092	centroid_cosine
wikivir-014520::window::207	5	0.8894339283362218	centroid_cosine
wikivir-016090::window::10	5	0.8888402468441039	centroid_cosine
wikivir-004570::window::321	5	0.8882980623623093	centroid_cosine
wikivir-016205::window::7	5	0.8874925762381813	centroid_cosine
wikivir-015056::window::338	5	0.8873699850265524	centroid_cosine
wikivir-001025::window::232	5	0.8135818223358646	centroid_cosine
wikivir-013202::window::26	5	0.6951551159462633	centroid_cosine
wikivir-003100::window::622	5	0.8163832369265037	centroid_cosine
wikivir-016490::window::7	5	0.7602433221629841	centroid_cosine
wikivir-018569::window::16	5	0.7584977774586034	centroid_cosine
wikivir-002463::window::2	5	0.6934621011693249	centroid_cosine
wikivir-017079::window::104	5	0.7914087121463167	centroid_cosine
wikivir-004475::window::110	5	0.7803922921441268	centroid_cosine
wikivir-006357::window::20	5	0.7692895963403257	centroid_cosine
wikivir-001546::window::49	5	0.8056183465327569	centroid_cosine
wikivir-016878::window::596	6	0.9087754873726823	centroid_cosine
wikivir-014279::window::11	6	0.9027841609315159	centroid_cosine
wikivir-006724::window::38	6	0.8973518066552297	centroid_cosine
wikivir-016976::window::299	6	0.8905027110867239	centroid_cosine
wikivir-000931::window::149	6	0.8871026754908269	centroid_cosine
wikivir-004739::window::276	6	0.8856437081552229	centroid_cosine
wikivir-004739::window::269	6	0.8855124448016201	centroid_cosine
wikivir-004419::window::63	6	0.8842239221842221	centroid_cosine
wikivir-014333::window::85	6	0.8839202186904946	centroid_cosine
wikivir-004200::window::143	6	0.8828059064261795	centroid_cosine
wikivir-000605::window::101	6	0.8811790982875867	centroid_cosine
wikivir-004200::window::90	6	0.8805261379511989	centroid_cosine
wikivir-016878::window::1968	6	0.8794205243011368	centroid_cosine
wikivir-017380::window::155	6	0.8783484688815828	centroid_cosine
wikivir-012556::window::4	6	0.8782759776608711	centroid_cosine
wikivir-001452::window::182	6	0.8777240336234122	centroid_cosine
wikivir-019705::window::7	6	0.8776007185078891	centroid_cosine
wikivir-014399::window::84	6	0.8762556222998509	centroid_cosine
wikivir-001452::window::198	6	0.8762534600838745	centroid_cosine
wikivir-002781::window::356	6	0.8759595606053445	centroid_cosine
wikivir-004347::window::301	6	0.8758816874113746	centroid_cosine
wikivir-016879::window::240	6	0.8756355337416931	centroid_cosine
wikivir-015733::window::370	6	0.875502996745958	centroid_cosine
wikivir-011670::window::120	6	0.8750750356622938	centroid_cosine
wikivir-016893::window::1385	6	0.8743462341777206	centroid_cosine
wikivir-020299::window::531	6	0.7132818592389834	centroid_cosine
wikivir-007725::window::7	6	0.7108350138343522	centroid_cosine
wikivir-000947::window::512	6	0.7023323032154264	centroid_cosine
wikivir-017154::window::679	6	0.7301487396799355	centroid_cosine
wikivir-010169::window::201	6	0.684679913690001	centroid_cosine
wikivir-000590::window::371	6	0.8248510568519278	centroid_cosine
wikivir-000931::window::488	6	0.5684775433826554	centroid_cosine
wikivir-016027::window::22	6	0.8102678290621557	centroid_cosine
wikivir-021170::window::168	6	0.8128175808299041	centroid_cosine
wikivir-015766::window::83	6	0.8208073792512514	centroid_cosine
wikivir-011660::window::24	7	0.9268866194131085	centroid_cosine
wikivir-016518::window::46	7	0.9013507479066407	centroid_cosine
wikivir-014670::window::112	7	0.8997097075339452	centroid_cosine
wikivir-004199::window::199	7	0.8993354282105617	centroid_cosine
wikivir-020889::window::5	7	0.8982982233564083	centroid_cosine
wikivir-012437::window::6	7	0.8979189985241145	centroid_cosine
wikivir-000943::window::239	7	0.8965144160768302	centroid_cosine
wikivir-016097::window::82	7	0.8963282243139618	centroid_cosine
wikivir-006128::window::104	7	0.8947741353113274	centroid_cosine
wikivir-021024::window::24	7	0.8924419518130406	centroid_cosine
wikivir-000779::window::37	7	0.8921947773906254	centroid_cosine
wikivir-003163::window::135	7	0.8911031820081524	centroid_cosine
wikivir-003890::window::115	7	0.8899500615720752	centroid_cosine
wikivir-002870::window::275	7	0.8898197682729271	centroid_cosine
wikivir-002888::window::14	7	0.8897465524260053	centroid_cosine
wikivir-002876::window::26	7	0.889599847367923	centroid_cosine
wikivir-017235::window::44	7	0.8887335699243626	centroid_cosine
wikivir-013186::window::141	7	0.8887128434303955	centroid_cosine
wikivir-010867::window::74	7	0.8886753328517711	centroid_cosine
wikivir-002861::window::25	7	0.888583599436227	centroid_cosine
wikivir-002863::window::87	7	0.8885179450725538	centroid_cosine
wikivir-003163::window::117	7	0.8884131933582639	centroid_cosine
wikivir-004201::window::23	7	0.888096740876245	centroid_cosine
wikivir-003093::window::101	7	0.8879439356879106	centroid_cosine
wikivir-003391::window::30	7	0.887638056179866	centroid_cosine
wikivir-014850::window::499	7	0.8179881589094187	centroid_cosine
wikivir-004667::window::79	7	0.7171610012417964	centroid_cosine
wikivir-021182::window::12	7	0.8210454571119452	centroid_cosine
wikivir-017071::window::474	7	0.7852191995558316	centroid_cosine
wikivir-000627::window::240	7	0.729921624795428	centroid_cosine
wikivir-016587::window::35	7	0.7582456228866872	centroid_cosine
wikivir-020833::window::24	7	0.8148669527439886	centroid_cosine
wikivir-000884::window::37	7	0.8236911179657221	centroid_cosine
wikivir-017425::window::10	7	0.6847318752762687	centroid_cosine
wikivir-000782::window::150	7	0.8056364069484797	centroid_cosine
wikivir-016970::window::108	8	0.9214907879768753	centroid_cosine
wikivir-015374::window::5	8	0.9202080877044807	centroid_cosine
wikivir-016879::window::1194	8	0.9188008354601858	centroid_cosine
wikivir-004213::window::34	8	0.9183017350132029	centroid_cosine
wikivir-020617::window::338	8	0.9177524832218613	centroid_cosine
wikivir-010348::window::186	8	0.9176067228834681	centroid_cosine
wikivir-018553::window::4	8	0.9175494821520426	centroid_cosine
wikivir-004231::window::33	8	0.9147679711696725	centroid_cosine
wikivir-000805::window::233	8	0.9134561957034286	centroid_cosine
wikivir-000910::window::230	8	0.9133909505697826	centroid_cosine
wikivir-016138::window::37	8	0.9128572916914415	centroid_cosine
wikivir-000918::window::57	8	0.9127276506704671	centroid_cosine
wikivir-004427::window::35	8	0.9120736985263881	centroid_cosine
wikivir-016433::window::261	8	0.9119645453634071	centroid_cosine
wikivir-016099::window::3	8	0.9117785265927133	centroid_cosine
wikivir-000553::window::55	8	0.9116686333793799	centroid_cosine
wikivir-012816::window::1	8	0.9114932641481012	centroid_cosine
wikivir-000910::window::72	8	0.9104180764299723	centroid_cosine
wikivir-000968::window::158	8	0.9103382662254642	centroid_cosine
wikivir-008354::window::1	8	0.9096413495992011	centroid_cosine
wikivir-016878::window::1003	8	0.9090822669211784	centroid_cosine
wikivir-004225::window::109	8	0.9085975539573761	centroid_cosine
wikivir-016433::window::457	8	0.9083644527778525	centroid_cosine
wikivir-004201::window::108	8	0.9083471834951636	centroid_cosine
wikivir-016878::window::1025	8	0.9081447322158236	centroid_cosine
wikivir-016432::window::984	8	0.8418245821546222	centroid_cosine
wikivir-016878::window::1039	8	0.7594004354517939	centroid_cosine
wikivir-016474::window::32	8	0.727767594559793	centroid_cosine
wikivir-007299::window::72	8	0.7351298612076826	centroid_cosine
wikivir-021171::window::9	8	0.8331876125809263	centroid_cosine
wikivir-016879::window::743	8	0.7477731590769054	centroid_cosine
wikivir-020408::window::185	8	0.7181180111089882	centroid_cosine
wikivir-011394::window::84	8	0.8519323775006016	centroid_cosine
wikivir-020102::window::140	8	0.8372378373435447	centroid_cosine
wikivir-017067::window::217	8	0.7168397952219769	centroid_cosine
wikivir-000820::window::208	9	0.9110218362927966	centroid_cosine
wikivir-016168::window::25	9	0.9096826653517192	centroid_cosine
wikivir-004208::window::59	9	0.9067776243291503	centroid_cosine
wikivir-015051::window::272	9	0.90337590852392	centroid_cosine
wikivir-015753::window::70	9	0.9027162935949797	centroid_cosine
wikivir-004718::window::43	9	0.8980367930525008	centroid_cosine
wikivir-004210::window::96	9	0.8977561209467309	centroid_cosine
wikivir-020827::window::229	9	0.896832134633696	centroid_cosine
wikivir-020081::window::147	9	0.8945417425923563	centroid_cosine
wikivir-016964::window::220	9	0.8943256452633583	centroid_cosine
wikivir-000966::window::333	9	0.8924171389397609	centroid_cosine
wikivir-003099::window::80	9	0.8902021796212287	centroid_cosine
wikivir-004711::window::52	9	0.890099027017833	centroid_cosine
wikivir-000577::window::269	9	0.8896736623268744	centroid_cosine
wikivir-014322::window::102	9	0.8892624739695121	centroid_cosine
wikivir-007380::window::137	9	0.8890404160658353	centroid_cosine
wikivir-019140::window::202	9	0.8888692811060214	centroid_cosine
wikivir-014145::window::218	9	0.8888626818924201	centroid_cosine
wikivir-019706::window::103	9	0.8888543708851513	centroid_cosine
wikivir-016102::window::74	9	0.8886814436733853	centroid_cosine
wikivir-004316::window::254	9	0.8881015945107311	centroid_cosine
wikivir-011652::window::11	9	0.8870341872648513	centroid_cosine
wikivir-017576::window::188	9	0.8869957967317096	centroid_cosine
wikivir-018806::window::4	9	0.8864733527797242	centroid_cosine
wikivir-016138::window::55	9	0.8861598949124018	centroid_cosine
wikivir-004230::window::94	9	0.7999667845480954	centroid_cosine
wikivir-019721::window::12	9	0.7085775903823934	centroid_cosine
wikivir-000237::window::105	9	0.7691552713008414	centroid_cosine
wikivir-015934::window::3	9	0.7746348096716786	centroid_cosine
wikivir-000820::window::183	9	0.839619493381344	centroid_cosine
wikivir-004628::window::132	9	0.8488917009567312	centroid_cosine
wikivir-004572::window::181	9	0.8057390859797104	centroid_cosine
wikivir-010270::window::13	9	0.8372068032018218	centroid_cosine
wikivir-007754::window::15	9	0.8600130126858128	centroid_cosine
wikivir-002888::window::90	9	0.7169975146339655	centroid_cosine
wikivir-004110::window::14	10	0.9031802817071737	centroid_cosine
wikivir-004230::window::165	10	0.8858445294004806	centroid_cosine
wikivir-011674::window::98	10	0.8829935217481565	centroid_cosine
wikivir-000798::window::23	10	0.8798224533439766	centroid_cosine
wikivir-016878::window::728	10	0.8765760025931177	centroid_cosine
wikivir-015751::window::63	10	0.8762869284053638	centroid_cosine
wikivir-013697::window::199	10	0.8716975579386819	centroid_cosine
wikivir-006718::window::312	10	0.8687866389160205	centroid_cosine
wikivir-002205::window::94	10	0.8684997449766172	centroid_cosine
wikivir-015751::window::370	10	0.8684632548157694	centroid_cosine
wikivir-000605::window::193	10	0.8679958811901777	centroid_cosine
wikivir-004229::window::168	10	0.8650838108743475	centroid_cosine
wikivir-017755::window::108	10	0.8637192693696607	centroid_cosine
wikivir-014593::window::109	10	0.8636872256890252	centroid_cosine
wikivir-016063::window::201	10	0.8634441612589123	centroid_cosine
wikivir-020798::window::21	10	0.8623184571975289	centroid_cosine
wikivir-019181::window::175	10	0.862136751168268	centroid_cosine
wikivir-015751::window::60	10	0.861954534982815	centroid_cosine
wikivir-000705::window::307	10	0.8611565043618752	centroid_cosine
wikivir-000691::window::383	10	0.8608877528142793	centroid_cosine
wikivir-020798::window::217	10	0.8595193142675919	centroid_cosine
wikivir-016743::window::16	10	0.8587138276071089	centroid_cosine
wikivir-004212::window::100	10	0.8586021186275061	centroid_cosine
wikivir-017379::window::64	10	0.8585633767444689	centroid_cosine
wikivir-020081::window::110	10	0.8585326736524324	centroid_cosine
wikivir-019998::window::119	10	0.781508821165892	centroid_cosine
wikivir-017977::window::29	10	0.6896903753374832	centroid_cosine
wikivir-016433::window::286	10	0.7583964385937538	centroid_cosine
wikivir-017398::window::1	10	0.618857105709131	centroid_cosine
wikivir-016432::window::151	10	0.7956548603141839	centroid_cosine
wikivir-016755::window::162	10	0.7356604735601842	centroid_cosine
wikivir-015412::window::156	10	0.7273111951980954	centroid_cosine
wikivir-000931::window::413	10	0.7027210303653524	centroid_cosine
wikivir-000818::window::261	10	0.773791087151068	centroid_cosine
wikivir-004461::window::341	10	0.7916199268574564	centroid_cosine
wikivir-015407::window::95	11	0.9046550959980288	centroid_cosine
wikivir-015752::window::707	11	0.8976883537368959	centroid_cosine
wikivir-016194::window::12	11	0.896210360048475	centroid_cosine
wikivir-004545::window::31	11	0.8961838195232358	centroid_cosine
wikivir-000703::window::193	11	0.8958706131140336	centroid_cosine
wikivir-013187::window::110	11	0.8917084397353516	centroid_cosine
wikivir-017433::window::5	11	0.8911901550537202	centroid_cosine
wikivir-000820::window::311	11	0.8899275413236369	centroid_cosine
wikivir-003163::window::44	11	0.8882257253662363	centroid_cosine
wikivir-017399::window::44	11	0.8881674550317116	centroid_cosine
wikivir-015659::window::76	11	0.8880738851598021	centroid_cosine
wikivir-018674::window::11	11	0.8871787177759018	centroid_cosine
wikivir-014314::window::153	11	0.8871768124784896	centroid_cosine
wikivir-016100::window::51	11	0.8858581891806799	centroid_cosine
wikivir-004866::window::31	11	0.8855779507425738	centroid_cosine
wikivir-010612::window::56	11	0.8855061259858403	centroid_cosine
wikivir-003161::window::6	11	0.8839404415783526	centroid_cosine
wikivir-019934::window::64	11	0.8834858007585651	centroid_cosine
wikivir-014668::window::25	11	0.8832555018499073	centroid_cosine
wikivir-003446::window::4	11	0.883176722478108	centroid_cosine
wikivir-004212::window::118	11	0.8823593750244219	centroid_cosine
wikivir-020827::window::186	11	0.8823439103844534	centroid_cosine
wikivir-011675::window::20	11	0.8822137193155529	centroid_cosine
wikivir-014515::window::10	11	0.8820679744982121	centroid_cosine
wikivir-020852::window::262	11	0.8818961605739527	centroid_cosine
wikivir-010823::window::7	11	0.7771792435640392	centroid_cosine
wikivir-010160::window::236	11	0.738168863683533	centroid_cosine
wikivir-013163::window::45	11	0.7898359298659372	centroid_cosine
wikivir-013185::window::83	11	0.7939463124226691	centroid_cosine
wikivir-014520::window::137	11	0.741765733911509	centroid_cosine
wikivir-000577::window::437	11	0.8006724186294027	centroid_cosine
wikivir-004323::window::59	11	0.8259200297528422	centroid_cosine
wikivir-003860::window::226	11	0.740694741061114	centroid_cosine
wikivir-004239::window::53	11	0.8104922510129775	centroid_cosine
wikivir-006915::window::1	11	0.7345809259697655	centroid_cosine
wikivir-000910::window::334	12	0.9203535744026119	centroid_cosine
wikivir-009610::window::1	12	0.9170043313857712	centroid_cosine
wikivir-008492::window::1	12	0.9145459613226969	centroid_cosine
wikivir-011629::window::17	12	0.9136973093778594	centroid_cosine
wikivir-017116::window::30	12	0.9122647849532324	centroid_cosine
wikivir-011373::window::18	12	0.9119361967912007	centroid_cosine
wikivir-004347::window::351	12	0.9070555608990581	centroid_cosine
wikivir-001203::window::2	12	0.9051378369436054	centroid_cosine
wikivir-011024::window::1	12	0.9037831194746588	centroid_cosine
wikivir-009893::window::1	12	0.9028662479004017	centroid_cosine
wikivir-003264::window::379	12	0.9026613584111125	centroid_cosine
wikivir-016097::window::154	12	0.902082450280409	centroid_cosine
wikivir-016878::window::359	12	0.9020118945685294	centroid_cosine
wikivir-013697::window::251	12	0.901608773558982	centroid_cosine
wikivir-000943::window::15	12	0.900672632624542	centroid_cosine
wikivir-002839::window::53	12	0.9003022906803491	centroid_cosine
wikivir-013408::window::22	12	0.9001192142018096	centroid_cosine
wikivir-000781::window::108	12	0.8997214504089128	centroid_cosine
wikivir-000665::window::23	12	0.8989201845191958	centroid_cosine
wikivir-021022::window::75	12	0.8984081578597088	centroid_cosine
wikivir-016739::window::11	12	0.8981974650345961	centroid_cosine
wikivir-016099::window::4	12	0.8975452170286868	centroid_cosine
wikivir-002804::window::22	12	0.8975339672915759	centroid_cosine
wikivir-017116::window::165	12	0.8971464192536003	centroid_cosine
wikivir-014670::window::79	12	0.8967337950041925	centroid_cosine
wikivir-020929::window::285	12	0.7305648792627076	centroid_cosine
wikivir-008035::window::1	12	0.7233676855981424	centroid_cosine
wikivir-003488::window::131	12	0.808724166498705	centroid_cosine
wikivir-019931::window::94	12	0.8630834016115129	centroid_cosine
wikivir-014875::window::278	12	0.783765619181374	centroid_cosine
wikivir-017781::window::261	12	0.7755279204478754	centroid_cosine
wikivir-000705::window::13	12	0.7819293010235591	centroid_cosine
wikivir-016869::window::236	12	0.7878644551721983	centroid_cosine
wikivir-012901::window::32	12	0.7897660540452144	centroid_cosine
wikivir-000704::window::220	12	0.8167378956446125	centroid_cosine
wikivir-020859::window::63	13	0.9125127646106421	centroid_cosine
wikivir-011671::window::46	13	0.9065594939438943	centroid_cosine
wikivir-013408::window::58	13	0.9063690606466944	centroid_cosine
wikivir-004229::window::129	13	0.9008650330532574	centroid_cosine
wikivir-016895::window::116	13	0.9006838065761625	centroid_cosine
wikivir-003057::window::3	13	0.8994734681462626	centroid_cosine
wikivir-004483::window::407	13	0.8987252115065041	centroid_cosine
wikivir-015428::window::122	13	0.8986971097866068	centroid_cosine
wikivir-010973::window::99	13	0.8971755987088892	centroid_cosine
wikivir-000679::window::85	13	0.8953577010556117	centroid_cosine
wikivir-015107::window::22	13	0.8946997444920362	centroid_cosine
wikivir-016231::window::5	13	0.8942841009394238	centroid_cosine
wikivir-004200::window::16	13	0.8940411101946499	centroid_cosine
wikivir-000577::window::211	13	0.8934790115836642	centroid_cosine
wikivir-011659::window::66	13	0.8931731351490071	centroid_cosine
wikivir-012475::window::4	13	0.8923059449297887	centroid_cosine
wikivir-000806::window::84	13	0.8915292032717232	centroid_cosine
wikivir-013536::window::41	13	0.891262873127729	centroid_cosine
wikivir-016116::window::28	13	0.8905775260647255	centroid_cosine
wikivir-000868::window::247	13	0.8895931712041838	centroid_cosine
wikivir-004219::window::87	13	0.8893971397189275	centroid_cosine
wikivir-015752::window::198	13	0.8893433772227074	centroid_cosine
wikivir-020787::window::190	13	0.8885556778088436	centroid_cosine
wikivir-016140::window::13	13	0.8882783254114099	centroid_cosine
wikivir-017431::window::59	13	0.8880127369814589	centroid_cosine
wikivir-004186::window::60	13	0.7899273142049423	centroid_cosine
wikivir-016097::window::21	13	0.7877279042723841	centroid_cosine
wikivir-003879::window::33	13	0.7871602654053697	centroid_cosine
wikivir-010823::window::6	13	0.7121799025030999	centroid_cosine
wikivir-004377::window::129	13	0.7837371155753075	centroid_cosine
wikivir-013741::window::15	13	0.8097615115139986	centroid_cosine
wikivir-014696::window::217	13	0.7625106646660349	centroid_cosine
wikivir-014331::window::9	13	0.8149695726925226	centroid_cosine
wikivir-015928::window::119	13	0.8112986235080215	centroid_cosine
wikivir-003817::window::47	13	0.8211583680172889	centroid_cosine
wikivir-018034::window::103	14	0.8946042814964461	centroid_cosine
wikivir-004214::window::147	14	0.8888359509650876	centroid_cosine
wikivir-004657::window::39	14	0.8865505531362949	centroid_cosine
wikivir-019140::window::9	14	0.8840396266570418	centroid_cosine
wikivir-002782::window::212	14	0.8813321435223278	centroid_cosine
wikivir-000946::window::282	14	0.8787053721819726	centroid_cosine
wikivir-011659::window::151	14	0.8772916068487623	centroid_cosine
wikivir-005165::window::1	14	0.8762822433923589	centroid_cosine
wikivir-015412::window::356	14	0.8759486446697229	centroid_cosine
wikivir-004205::window::97	14	0.8755390439761677	centroid_cosine
wikivir-017754::window::24	14	0.8755265864880465	centroid_cosine
wikivir-015126::window::66	14	0.8752237476043985	centroid_cosine
wikivir-017080::window::4	14	0.8748305228674533	centroid_cosine
wikivir-000931::window::741	14	0.8728420720349563	centroid_cosine
wikivir-000576::window::112	14	0.8725246063315432	centroid_cosine
wikivir-020068::window::50	14	0.8716610045106834	centroid_cosine
wikivir-003273::window::61	14	0.8709775245044056	centroid_cosine
wikivir-015056::window::308	14	0.8700976908730431	centroid_cosine
wikivir-000910::window::37	14	0.8688619543334046	centroid_cosine
wikivir-003098::window::219	14	0.8687036178474874	centroid_cosine
wikivir-003092::window::139	14	0.8679708376750627	centroid_cosine
wikivir-001027::window::360	14	0.8661693437820247	centroid_cosine
wikivir-004229::window::202	14	0.8659020321187827	centroid_cosine
wikivir-003127::window::54	14	0.8656876692782164	centroid_cosine
wikivir-003755::window::51	14	0.8654690339995059	centroid_cosine
wikivir-017628::window::191	14	0.7631868559941973	centroid_cosine
wikivir-015729::window::739	14	0.7522709623145081	centroid_cosine
wikivir-003092::window::427	14	0.8232283426183957	centroid_cosine
wikivir-013243::window::469	14	0.8059393465289798	centroid_cosine
wikivir-014856::window::182	14	0.7728896629876696	centroid_cosine
wikivir-004210::window::148	14	0.8002905189055575	centroid_cosine
wikivir-010614::window::35	14	0.8364160503124266	centroid_cosine
wikivir-014843::window::21	14	0.7431842893228726	centroid_cosine
wikivir-016560::window::92	14	0.7822916139918941	centroid_cosine
wikivir-015453::window::2	14	0.6580878437847241	centroid_cosine
wikivir-000805::window::89	15	0.9260774532776401	centroid_cosine
wikivir-015042::window::229	15	0.9208096864665907	centroid_cosine
wikivir-020558::window::200	15	0.9072484997656634	centroid_cosine
wikivir-021106::window::280	15	0.9046091038550657	centroid_cosine
wikivir-004272::window::172	15	0.9024254836952772	centroid_cosine
wikivir-004228::window::138	15	0.902171184053481	centroid_cosine
wikivir-016782::window::5	15	0.9020751979076918	centroid_cosine
wikivir-011641::window::13	15	0.9011011883490536	centroid_cosine
wikivir-010959::window::13	15	0.9006347156256556	centroid_cosine
wikivir-004197::window::67	15	0.9001951597276286	centroid_cosine
wikivir-015614::window::10	15	0.8995331962318485	centroid_cosine
wikivir-018035::window::182	15	0.8991747682281297	centroid_cosine
wikivir-020102::window::41	15	0.8986473785937439	centroid_cosine
wikivir-020170::window::238	15	0.8984414483393575	centroid_cosine
wikivir-000622::window::222	15	0.8969455117572842	centroid_cosine
wikivir-012397::window::13	15	0.8968439487891857	centroid_cosine
wikivir-003998::window::81	15	0.8963846142928712	centroid_cosine
wikivir-018034::window::313	15	0.8955229757194121	centroid_cosine
wikivir-019934::window::95	15	0.8937800501146792	centroid_cosine
wikivir-000692::window::133	15	0.8930921718775702	centroid_cosine
wikivir-016432::window::386	15	0.8929804770186698	centroid_cosine
wikivir-004202::window::69	15	0.8928863839528332	centroid_cosine
wikivir-011658::window::129	15	0.8927817551727892	centroid_cosine
wikivir-004197::window::64	15	0.891775975325151	centroid_cosine
wikivir-010221::window::48	15	0.8908596234540078	centroid_cosine
wikivir-016177::window::139	15	0.7857087718164142	centroid_cosine
wikivir-000941::window::16	15	0.7801138784758757	centroid_cosine
wikivir-016076::window::31	15	0.7982124394432782	centroid_cosine
wikivir-016064::window::58	15	0.7572870934703175	centroid_cosine
wikivir-000705::window::284	15	0.7668671314329657	centroid_cosine
wikivir-015369::window::7	15	0.7502894225320663	centroid_cosine
wikivir-003276::window::120	15	0.787514847245395	centroid_cosine
wikivir-000818::window::16	15	0.7843220985926651	centroid_cosine
wikivir-004272::window::189	15	0.7942778667915731	centroid_cosine
wikivir-004457::window::69	15	0.8272431695667892	centroid_cosine
wikivir-016102::window::124	16	0.9166056702731556	centroid_cosine
wikivir-014842::window::209	16	0.9118478276111006	centroid_cosine
wikivir-017117::window::352	16	0.9107084708117608	centroid_cosine
wikivir-004211::window::165	16	0.9068441100030569	centroid_cosine
wikivir-016102::window::313	16	0.9038364141228159	centroid_cosine
wikivir-018987::window::10	16	0.9021425495206435	centroid_cosine
wikivir-012382::window::10	16	0.901974952168919	centroid_cosine
wikivir-013944::window::55	16	0.9018559332855256	centroid_cosine
wikivir-016140::window::25	16	0.9013717946622904	centroid_cosine
wikivir-015552::window::70	16	0.9009922538407211	centroid_cosine
wikivir-016097::window::125	16	0.8981482496848541	centroid_cosine
wikivir-017071::window::557	16	0.8965817047103313	centroid_cosine
wikivir-017382::window::93	16	0.896450757220081	centroid_cosine
wikivir-021022::window::981	16	0.8959018373956311	centroid_cosine
wikivir-004206::window::235	16	0.8958638349817406	centroid_cosine
wikivir-020852::window::38	16	0.8957591436355795	centroid_cosine
wikivir-014605::window::254	16	0.8943373161937413	centroid_cosine
wikivir-015600::window::19	16	0.8937046518465346	centroid_cosine
wikivir-015041::window::363	16	0.8912507012979523	centroid_cosine
wikivir-020646::window::35	16	0.8910731881931448	centroid_cosine
wikivir-013697::window::81	16	0.8910175066093102	centroid_cosine
wikivir-021022::window::1714	16	0.8908214969136812	centroid_cosine
wikivir-003344::window::36	16	0.8904506470699732	centroid_cosine
wikivir-020852::window::151	16	0.890432945649254	centroid_cosine
wikivir-017380::window::85	16	0.8902098790263375	centroid_cosine
wikivir-017059::window::202	16	0.8894777948335533	centroid_cosine
wikivir-001182::window::271	16	0.7788987541937205	centroid_cosine
wikivir-016893::window::204	16	0.7723795562837324	centroid_cosine
wikivir-016882::window::17	16	0.8824226346352875	centroid_cosine
wikivir-000817::window::71	16	0.767296207798368	centroid_cosine
wikivir-016474::window::111	16	0.7929731762511031	centroid_cosine
wikivir-003412::window::116	16	0.7838997977197464	centroid_cosine
wikivir-000893::window::19	16	0.7577499876817884	centroid_cosine
wikivir-004536::window::80	16	0.862984885422305	centroid_cosine
wikivir-004600::window::181	16	0.8557093140707153	centroid_cosine
wikivir-017434::window::11	17	0.9084923762575209	centroid_cosine
wikivir-015526::window::235	17	0.883247760741501	centroid_cosine
wikivir-003092::window::341	17	0.8815596112702164	centroid_cosine
wikivir-016878::window::1949	17	0.8814003700500341	centroid_cosine
wikivir-013123::window::175	17	0.8807479784683627	centroid_cosine
wikivir-003273::window::181	17	0.8801695067645114	centroid_cosine
wikivir-014322::window::75	17	0.8799239326580681	centroid_cosine
wikivir-016115::window::180	17	0.8784790892156091	centroid_cosine
wikivir-017071::window::407	17	0.8783204377170052	centroid_cosine
wikivir-003092::window::689	17	0.8774134343064068	centroid_cosine
wikivir-000590::window::286	17	0.877405366337527	centroid_cosine
wikivir-000906::window::381	17	0.8767961889597022	centroid_cosine
wikivir-017091::window::67	17	0.8752756594178523	centroid_cosine
wikivir-015135::window::160	17	0.8741779915923145	centroid_cosine
wikivir-003463::window::129	17	0.8733971963907787	centroid_cosine
wikivir-004190::window::59	17	0.8731317996485968	centroid_cosine
wikivir-003095::window::328	17	0.8721019606481835	centroid_cosine
wikivir-016102::window::397	17	0.8715677411049534	centroid_cosine
wikivir-004202::window::90	17	0.8715634803986587	centroid_cosine
wikivir-016102::window::390	17	0.8713874408139032	centroid_cosine
wikivir-004190::window::41	17	0.8707274919305561	centroid_cosine
wikivir-010973::window::231	17	0.8703573773292737	centroid_cosine
wikivir-015916::window::124	17	0.8695266440426567	centroid_cosine
wikivir-014333::window::122	17	0.8690315716639798	centroid_cosine
wikivir-016523::window::62	17	0.8689267174935558	centroid_cosine
wikivir-002999::window::249	17	0.7170757496605142	centroid_cosine
wikivir-010840::window::314	17	0.8275679679137132	centroid_cosine
wikivir-016879::window::912	17	0.8007734288839884	centroid_cosine
wikivir-014642::window::146	17	0.6459121756004733	centroid_cosine
wikivir-000578::window::170	17	0.8297969938876109	centroid_cosine
wikivir-013616::window::134	17	0.6492510921865475	centroid_cosine
wikivir-013737::window::184	17	0.7734724314802066	centroid_cosine
wikivir-015447::window::225	17	0.7831563895813533	centroid_cosine
wikivir-016181::window::73	17	0.6659440929058869	centroid_cosine
wikivir-000690::window::492	17	0.7601223012105027	centroid_cosine
wikivir-011383::window::106	18	0.9005330161083241	centroid_cosine
wikivir-011451::window::1	18	0.8996093905485263	centroid_cosine
wikivir-004274::window::54	18	0.8974006040322958	centroid_cosine
wikivir-000966::window::282	18	0.893932577358138	centroid_cosine
wikivir-014796::window::12	18	0.8938101532639745	centroid_cosine
wikivir-013860::window::73	18	0.893706225398112	centroid_cosine
wikivir-020784::window::310	18	0.8891326999753347	centroid_cosine
wikivir-014521::window::98	18	0.887333436160667	centroid_cosine
wikivir-016433::window::961	18	0.885698962993386	centroid_cosine
wikivir-019203::window::110	18	0.8847825962570404	centroid_cosine
wikivir-016895::window::16	18	0.8843703901079594	centroid_cosine
wikivir-016878::window::1496	18	0.8843109358674613	centroid_cosine
wikivir-019032::window::18	18	0.8837463236265204	centroid_cosine
wikivir-002866::window::12	18	0.8836361232006433	centroid_cosine
wikivir-021022::window::1551	18	0.8817411700068867	centroid_cosine
wikivir-016432::window::1308	18	0.8802847260044614	centroid_cosine
wikivir-016893::window::1767	18	0.8802332143870906	centroid_cosine
wikivir-019041::window::28	18	0.8797558075651895	centroid_cosine
wikivir-016893::window::1626	18	0.8795526640750466	centroid_cosine
wikivir-016027::window::51	18	0.8793400757084919	centroid_cosine
wikivir-004470::window::21	18	0.879005113844092	centroid_cosine
wikivir-014341::window::210	18	0.878907762772094	centroid_cosine
wikivir-012926::window::14	18	0.8788584246840736	centroid_cosine
wikivir-000667::window::4	18	0.8785093612994579	centroid_cosine
wikivir-000801::window::127	18	0.8783689089427886	centroid_cosine
wikivir-002806::window::22	18	0.7835915418318808	centroid_cosine
wikivir-014201::window::52	18	0.7526804508412156	centroid_cosine
wikivir-000343::window::46	18	0.8004622729282913	centroid_cosine
wikivir-013860::window::58	18	0.8320169006421265	centroid_cosine
wikivir-000660::window::34	18	0.7466072664635114	centroid_cosine
wikivir-016903::window::1	18	0.6039175672157839	centroid_cosine
wikivir-008464::window::1	18	0.8692421679936553	centroid_cosine
wikivir-015446::window::8	18	0.8096297848285072	centroid_cosine
wikivir-013605::window::360	18	0.8070058667165776	centroid_cosine
wikivir-017116::window::31	18	0.8471261604865964	centroid_cosine
wikivir-008698::window::1	19	0.9402999806274295	centroid_cosine
wikivir-010935::window::1	19	0.9356761155941076	centroid_cosine
wikivir-012224::window::1	19	0.9338309843579568	centroid_cosine
wikivir-011445::window::4	19	0.9328721377772402	centroid_cosine
wikivir-008822::window::1	19	0.929994197142107	centroid_cosine
wikivir-012283::window::1	19	0.9274552264218019	centroid_cosine
wikivir-014899::window::16	19	0.9241088570661556	centroid_cosine
wikivir-008685::window::1	19	0.9240417317929094	centroid_cosine
wikivir-007908::window::1	19	0.9235219496208831	centroid_cosine
wikivir-011808::window::20	19	0.9223260063177081	centroid_cosine
wikivir-011506::window::1	19	0.9222610926551451	centroid_cosine
wikivir-013136::window::293	19	0.9222197854816202	centroid_cosine
wikivir-019129::window::19	19	0.9218596079416601	centroid_cosine
wikivir-017116::window::83	19	0.9217716303704881	centroid_cosine
wikivir-004246::window::382	19	0.9216165238959915	centroid_cosine
wikivir-007839::window::1	19	0.9215789235851807	centroid_cosine
wikivir-008775::window::1	19	0.9213214751962207	centroid_cosine
wikivir-012428::window::11	19	0.9212941410524049	centroid_cosine
wikivir-011457::window::1	19	0.9212032071863868	centroid_cosine
wikivir-010898::window::1	19	0.9205894995080977	centroid_cosine
wikivir-019178::window::32	19	0.9203331624979545	centroid_cosine
wikivir-012814::window::1	19	0.9201389648261923	centroid_cosine
wikivir-010896::window::1	19	0.9200322276776141	centroid_cosine
wikivir-011373::window::3	19	0.9197831449299901	centroid_cosine
wikivir-008339::window::1	19	0.9189488951010966	centroid_cosine
wikivir-003086::window::58	19	0.7342835187529047	centroid_cosine
wikivir-002376::window::20	19	0.8503072387902268	centroid_cosine
wikivir-015563::window::1	19	0.7696601835307434	centroid_cosine
wikivir-010250::window::266	19	0.8132196187876856	centroid_cosine
wikivir-011532::window::2	19	0.7753023151233481	centroid_cosine
wikivir-015714::window::58	19	0.8562677528035574	centroid_cosine
wikivir-000969::window::19	19	0.7947127922683022	centroid_cosine
wikivir-004607::window::24	19	0.8155228740426588	centroid_cosine
wikivir-014077::window::14	19	0.8104429378459066	centroid_cosine
wikivir-018993::window::407	19	0.755567756912988	centroid_cosine
wikivir-008857::window::5	20	0.9022365650292028	centroid_cosine
wikivir-016433::window::1223	20	0.9021616499314404	centroid_cosine
wikivir-012096::window::131	20	0.8998881088039755	centroid_cosine
wikivir-000946::window::240	20	0.8920046650162787	centroid_cosine
wikivir-004214::window::64	20	0.8914614454508084	centroid_cosine
wikivir-010937::window::9	20	0.8869673904352422	centroid_cosine
wikivir-015436::window::136	20	0.885437000302273	centroid_cosine
wikivir-014450::window::17	20	0.8840308394296146	centroid_cosine
wikivir-000946::window::318	20	0.8838622111478734	centroid_cosine
wikivir-004194::window::844	20	0.8826874094626458	centroid_cosine
wikivir-004212::window::115	20	0.8823190882881391	centroid_cosine
wikivir-020299::window::293	20	0.8797738888186339	centroid_cosine
wikivir-003098::window::94	20	0.8788869598438938	centroid_cosine
wikivir-016432::window::1070	20	0.8776551667063437	centroid_cosine
wikivir-016432::window::84	20	0.8775434020999007	centroid_cosine
wikivir-016432::window::741	20	0.8771918727554284	centroid_cosine
wikivir-015751::window::387	20	0.8770904915151703	centroid_cosine
wikivir-016432::window::562	20	0.8768777785045478	centroid_cosine
wikivir-016433::window::501	20	0.8765118819030573	centroid_cosine
wikivir-016433::window::1537	20	0.8762981576597915	centroid_cosine
wikivir-000942::window::95	20	0.8761180746070796	centroid_cosine
wikivir-000931::window::853	20	0.876035178066916	centroid_cosine
wikivir-015753::window::319	20	0.8760020771022392	centroid_cosine
wikivir-002999::window::171	20	0.8739193447885524	centroid_cosine
wikivir-008484::window::1	20	0.8735237766670746	centroid_cosine
wikivir-014657::window::47	20	0.8332231311738821	centroid_cosine
wikivir-020190::window::8	20	0.826527334884694	centroid_cosine
wikivir-014851::window::494	20	0.7221523985496769	centroid_cosine
wikivir-001446::window::191	20	0.7326863763596465	centroid_cosine
wikivir-011392::window::567	20	0.6921948474409413	centroid_cosine
wikivir-017079::window::290	20	0.7610287540761356	centroid_cosine
wikivir-004668::window::194	20	0.7006539529648579	centroid_cosine
wikivir-013515::window::1	20	0.8035503406464578	centroid_cosine
wikivir-013204::window::9	20	0.8094595900621682	centroid_cosine
wikivir-020242::window::5	20	0.7214662771692686	centroid_cosine
wikivir-000691::window::374	21	0.9153539407241705	centroid_cosine
wikivir-004622::window::154	21	0.9008745854923859	centroid_cosine
wikivir-016139::window::83	21	0.8947753935898974	centroid_cosine
wikivir-004210::window::236	21	0.8918360371610536	centroid_cosine
wikivir-004323::window::40	21	0.8910606791510705	centroid_cosine
wikivir-014666::window::141	21	0.8906759215535665	centroid_cosine
wikivir-000969::window::257	21	0.8900674419743181	centroid_cosine
wikivir-015976::window::3	21	0.8899661023430743	centroid_cosine
wikivir-016102::window::188	21	0.8885298839334517	centroid_cosine
wikivir-013187::window::74	21	0.8885172249867164	centroid_cosine
wikivir-011659::window::128	21	0.8881311902399861	centroid_cosine
wikivir-011729::window::104	21	0.8874911550654929	centroid_cosine
wikivir-016140::window::72	21	0.887389283254223	centroid_cosine
wikivir-012096::window::162	21	0.8871079873792723	centroid_cosine
wikivir-013150::window::133	21	0.8870357694550475	centroid_cosine
wikivir-017433::window::213	21	0.8838725811357728	centroid_cosine
wikivir-000819::window::100	21	0.883520765623467	centroid_cosine
wikivir-004463::window::22	21	0.8830993720516958	centroid_cosine
wikivir-004469::window::168	21	0.8824750305236908	centroid_cosine
wikivir-016187::window::12	21	0.8822424446923548	centroid_cosine
wikivir-017405::window::8	21	0.8820315569663637	centroid_cosine
wikivir-003802::window::5	21	0.8793966109568674	centroid_cosine
wikivir-016115::window::137	21	0.8791904267232533	centroid_cosine
wikivir-014336::window::40	21	0.8783161457067787	centroid_cosine
wikivir-020953::window::67	21	0.8781608328652616	centroid_cosine
wikivir-017755::window::150	21	0.7764154430168556	centroid_cosine
wikivir-016140::window::65	21	0.8338065201836821	centroid_cosine
wikivir-013434::window::2	21	0.7129972927488845	centroid_cosine
wikivir-003944::window::2	21	0.7144653267167519	centroid_cosine
wikivir-013597::window::380	21	0.7940756875225675	centroid_cosine
wikivir-016097::window::62	21	0.8502645650298095	centroid_cosine
wikivir-019604::window::32	21	0.7657833871427757	centroid_cosine
wikivir-014707::window::8	21	0.7223794165583628	centroid_cosine
wikivir-001776::window::12	21	0.7278241210975174	centroid_cosine
wikivir-004689::window::21	21	0.7298935194500235	centroid_cosine
wikivir-017090::window::216	22	0.9048496897660248	centroid_cosine
wikivir-000966::window::256	22	0.903404263381317	centroid_cosine
wikivir-016784::window::46	22	0.9029108295729489	centroid_cosine
wikivir-020832::window::12	22	0.9020001475468851	centroid_cosine
wikivir-010839::window::60	22	0.8987477828251191	centroid_cosine
wikivir-010250::window::542	22	0.8969418204718389	centroid_cosine
wikivir-010611::window::32	22	0.8965602263717976	centroid_cosine
wikivir-016474::window::240	22	0.8955160355835864	centroid_cosine
wikivir-003093::window::238	22	0.8938581511868485	centroid_cosine
wikivir-004218::window::140	22	0.892386514197741	centroid_cosine
wikivir-020361::window::12	22	0.891056251279766	centroid_cosine
wikivir-016501::window::3	22	0.8909627259986528	centroid_cosine
wikivir-016183::window::42	22	0.890601315487691	centroid_cosine
wikivir-017141::window::23	22	0.8897660794524643	centroid_cosine
wikivir-001441::window::25	22	0.8896821993877342	centroid_cosine
wikivir-001961::window::98	22	0.8893476451263704	centroid_cosine
wikivir-002870::window::341	22	0.8891326678568963	centroid_cosine
wikivir-003062::window::141	22	0.8879863492042683	centroid_cosine
wikivir-016993::window::91	22	0.8879765263443671	centroid_cosine
wikivir-015034::window::66	22	0.8879541354001022	centroid_cosine
wikivir-010840::window::36	22	0.8873683101915435	centroid_cosine
wikivir-017091::window::90	22	0.8869493396038067	centroid_cosine
wikivir-014660::window::159	22	0.8852004799242836	centroid_cosine
wikivir-018804::window::2	22	0.8848726545776519	centroid_cosine
wikivir-000591::window::148	22	0.8839024527516401	centroid_cosine
wikivir-000906::window::111	22	0.757251406815816	centroid_cosine
wikivir-016063::window::105	22	0.7243358704997716	centroid_cosine
wikivir-004193::window::301	22	0.845101846940934	centroid_cosine
wikivir-012877::window::2	22	0.7873622812009371	centroid_cosine
wikivir-004215::window::41	22	0.6896877196937052	centroid_cosine
wikivir-013621::window::33	22	0.7767371430831808	centroid_cosine
wikivir-015621::window::1	22	0.7950243553082047	centroid_cosine
wikivir-013688::window::10	22	0.8001510486162635	centroid_cosine
wikivir-016893::window::960	22	0.8556302808501679	centroid_cosine
wikivir-014517::window::48	22	0.8484897939962004	centroid_cosine
wikivir-017116::window::37	23	0.9162771009376773	centroid_cosine
wikivir-019203::window::77	23	0.9144625660781979	centroid_cosine
wikivir-019044::window::31	23	0.9116660637166758	centroid_cosine
wikivir-016046::window::58	23	0.910393907183985	centroid_cosine
wikivir-012677::window::1	23	0.9045039755113893	centroid_cosine
wikivir-010229::window::1	23	0.9033933854696985	centroid_cosine
wikivir-002826::window::19	23	0.9017599705277362	centroid_cosine
wikivir-015218::window::9	23	0.8993128681479795	centroid_cosine
wikivir-019175::window::63	23	0.8990228155625404	centroid_cosine
wikivir-012158::window::37	23	0.8976308851933676	centroid_cosine
wikivir-002817::window::11	23	0.8966778353857259	centroid_cosine
wikivir-016068::window::32	23	0.8959961568042252	centroid_cosine
wikivir-019145::window::28	23	0.8956297012369066	centroid_cosine
wikivir-002880::window::52	23	0.8953815552390865	centroid_cosine
wikivir-017508::window::242	23	0.8953343285800175	centroid_cosine
wikivir-004607::window::75	23	0.8948706849394819	centroid_cosine
wikivir-019175::window::60	23	0.894849242346332	centroid_cosine
wikivir-002817::window::56	23	0.8945642593810852	centroid_cosine
wikivir-019203::window::44	23	0.8925976392775447	centroid_cosine
wikivir-008046::window::1	23	0.8920121498588021	centroid_cosine
wikivir-011370::window::9	23	0.8911573919023561	centroid_cosine
wikivir-011033::window::1	23	0.8910922963580328	centroid_cosine
wikivir-019041::window::11	23	0.8904551920326436	centroid_cosine
wikivir-016051::window::17	23	0.8902119979727496	centroid_cosine
wikivir-019044::window::18	23	0.889818524694297	centroid_cosine
wikivir-001969::window::35	23	0.8120787371415364	centroid_cosine
wikivir-020728::window::1	23	0.7196230098879948	centroid_cosine
wikivir-007015::window::1	23	0.7198301451356613	centroid_cosine
wikivir-016118::window::31	23	0.7861079848325674	centroid_cosine
wikivir-007152::window::1	23	0.7786031065370496	centroid_cosine
wikivir-006390::window::40	23	0.8313990679604201	centroid_cosine
wikivir-000626::window::66	23	0.7724439773301163	centroid_cosine
wikivir-015672::window::60	23	0.8076325433259655	centroid_cosine
wikivir-001938::window::7	23	0.7691271219313485	centroid_cosine
wikivir-016262::window::56	23	0.7826703590082036	centroid_cosine
wikivir-003092::window::516	24	0.9165523996590499	centroid_cosine
wikivir-011616::window::356	24	0.9049888225992175	centroid_cosine
wikivir-010764::window::148	24	0.8993547980796817	centroid_cosine
wikivir-004735::window::155	24	0.8981076658331152	centroid_cosine
wikivir-000893::window::66	24	0.8980481870986082	centroid_cosine
wikivir-003472::window::31	24	0.8949057951642801	centroid_cosine
wikivir-013653::window::317	24	0.894494831595742	centroid_cosine
wikivir-013997::window::17	24	0.8941291683284588	centroid_cosine
wikivir-000590::window::23	24	0.89405261046601	centroid_cosine
wikivir-000936::window::265	24	0.8916487527353605	centroid_cosine
wikivir-000931::window::822	24	0.8901896342506428	centroid_cosine
wikivir-015447::window::253	24	0.8901615165523751	centroid_cosine
wikivir-013089::window::24	24	0.8888026181876363	centroid_cosine
wikivir-000936::window::61	24	0.8884184516212505	centroid_cosine
wikivir-018666::window::12	24	0.8877938904568233	centroid_cosine
wikivir-020787::window::46	24	0.8873531462783093	centroid_cosine
wikivir-004194::window::309	24	0.8869702154743433	centroid_cosine
wikivir-010612::window::179	24	0.8861010782627272	centroid_cosine
wikivir-015041::window::50	24	0.8855001649546894	centroid_cosine
wikivir-002247::window::164	24	0.8846407686150212	centroid_cosine
wikivir-015733::window::106	24	0.8846379325348497	centroid_cosine
wikivir-011583::window::99	24	0.8839421860908032	centroid_cosine
wikivir-003121::window::37	24	0.8838192562338583	centroid_cosine
wikivir-000609::window::103	24	0.8837419337011532	centroid_cosine
wikivir-013199::window::18	24	0.8830411716865811	centroid_cosine
wikivir-018782::window::1	24	0.6811750054963631	centroid_cosine
wikivir-000876::window::4	24	0.8722002531107215	centroid_cosine
wikivir-017584::window::356	24	0.6503619994668147	centroid_cosine
wikivir-014634::window::43	24	0.8170045278946421	centroid_cosine
wikivir-013185::window::85	24	0.7700709838403226	centroid_cosine
wikivir-000779::window::22	24	0.7436846294092587	centroid_cosine
wikivir-004445::window::254	24	0.710433299620746	centroid_cosine
wikivir-001516::window::426	24	0.7652663751933391	centroid_cosine
wikivir-011678::window::194	24	0.7866472825951671	centroid_cosine
wikivir-014656::window::435	24	0.7350376450876493	centroid_cosine
wikivir-000777::window::2	25	0.894743334304173	centroid_cosine
wikivir-010841::window::186	25	0.8941376464359444	centroid_cosine
wikivir-019558::window::1	25	0.8916474760977384	centroid_cosine
wikivir-011372::window::56	25	0.8911537316007406	centroid_cosine
wikivir-000821::window::101	25	0.8892329473915679	centroid_cosine
wikivir-017428::window::9	25	0.8847732416826111	centroid_cosine
wikivir-020889::window::8	25	0.8845490286348111	centroid_cosine
wikivir-016893::window::1247	25	0.8840907218880039	centroid_cosine
wikivir-004488::window::32	25	0.8840299181436156	centroid_cosine
wikivir-002806::window::19	25	0.8839099675496023	centroid_cosine
wikivir-017219::window::1	25	0.8831088953240924	centroid_cosine
wikivir-013759::window::1	25	0.8823404952914825	centroid_cosine
wikivir-004199::window::95	25	0.8818638147158662	centroid_cosine
wikivir-014022::window::67	25	0.8812478868395756	centroid_cosine
wikivir-011756::window::2	25	0.8812123311795139	centroid_cosine
wikivir-014329::window::1	25	0.8811448663743253	centroid_cosine
wikivir-002808::window::21	25	0.8809245363006699	centroid_cosine
wikivir-013423::window::15	25	0.8805981294239726	centroid_cosine
wikivir-013607::window::8	25	0.8802917929931278	centroid_cosine
wikivir-020034::window::148	25	0.8789046647724507	centroid_cosine
wikivir-000781::window::70	25	0.8775022411359235	centroid_cosine
wikivir-003470::window::13	25	0.8774917853543638	centroid_cosine
wikivir-019382::window::1	25	0.8767379787965834	centroid_cosine
wikivir-019288::window::4	25	0.8766567065151176	centroid_cosine
wikivir-014294::window::7	25	0.8764931749750416	centroid_cosine
wikivir-004647::window::161	25	0.795533368318259	centroid_cosine
wikivir-004319::window::108	25	0.8216733313871193	centroid_cosine
wikivir-000934::window::42	25	0.810737132085531	centroid_cosine
wikivir-004532::window::36	25	0.8237244049575008	centroid_cosine
wikivir-014391::window::14	25	0.7939203096481351	centroid_cosine
wikivir-017526::window::2	25	0.7750227865378292	centroid_cosine
wikivir-004787::window::83	25	0.8431241015883342	centroid_cosine
wikivir-013605::window::313	25	0.7041955162702584	centroid_cosine
wikivir-013197::window::297	25	0.7697242383570508	centroid_cosine
wikivir-003941::window::60	25	0.8107690478908168	centroid_cosine
wikivir-013653::window::222	26	0.9112286433929591	centroid_cosine
wikivir-004551::window::7	26	0.9058886396121555	centroid_cosine
wikivir-020784::window::112	26	0.905738386867879	centroid_cosine
wikivir-004551::window::89	26	0.9042028537519651	centroid_cosine
wikivir-013199::window::47	26	0.9032378874489969	centroid_cosine
wikivir-000577::window::214	26	0.9009019624008655	centroid_cosine
wikivir-015756::window::190	26	0.9001125067690559	centroid_cosine
wikivir-014605::window::246	26	0.8999213863839374	centroid_cosine
wikivir-011640::window::74	26	0.8998108876656072	centroid_cosine
wikivir-011530::window::13	26	0.899084462173183	centroid_cosine
wikivir-015728::window::154	26	0.8987590736269777	centroid_cosine
wikivir-004667::window::193	26	0.8983465169670463	centroid_cosine
wikivir-003100::window::359	26	0.898258028988942	centroid_cosine
wikivir-016976::window::378	26	0.8982540637395314	centroid_cosine
wikivir-000820::window::171	26	0.8981221199455753	centroid_cosine
wikivir-004570::window::21	26	0.8977582233300325	centroid_cosine
wikivir-003412::window::148	26	0.896723305295299	centroid_cosine
wikivir-020073::window::154	26	0.8955712174207886	centroid_cosine
wikivir-017404::window::55	26	0.895338481607163	centroid_cosine
wikivir-004210::window::271	26	0.8953226413504436	centroid_cosine
wikivir-020060::window::45	26	0.8938288707717474	centroid_cosine
wikivir-019934::window::137	26	0.8936585571685174	centroid_cosine
wikivir-000601::window::154	26	0.892405175292366	centroid_cosine
wikivir-010836::window::85	26	0.8920319556755832	centroid_cosine
wikivir-004459::window::64	26	0.8917002661236795	centroid_cosine
wikivir-004445::window::253	26	0.7738865503571981	centroid_cosine
wikivir-013399::window::13	26	0.7981126185005447	centroid_cosine
wikivir-020953::window::120	26	0.826377058359038	centroid_cosine
wikivir-017686::window::75	26	0.8243386128658692	centroid_cosine
wikivir-021022::window::324	26	0.8434703742260647	centroid_cosine
wikivir-003612::window::57	26	0.8524092933019152	centroid_cosine
wikivir-017401::window::379	26	0.8265946876529651	centroid_cosine
wikivir-004524::window::224	26	0.8197272354090515	centroid_cosine
wikivir-004541::window::45	26	0.7075165946478578	centroid_cosine
wikivir-014642::window::144	26	0.7899226124156791	centroid_cosine
wikivir-019192::window::50	27	0.9097331768729319	centroid_cosine
wikivir-013462::window::28	27	0.9042202533557501	centroid_cosine
wikivir-010216::window::218	27	0.9012263404066896	centroid_cosine
wikivir-015436::window::149	27	0.8948260269577584	centroid_cosine
wikivir-015041::window::307	27	0.89315984707771	centroid_cosine
wikivir-017071::window::324	27	0.8931202172163655	centroid_cosine
wikivir-000804::window::218	27	0.8903947907599677	centroid_cosine
wikivir-013395::window::143	27	0.8882401572307547	centroid_cosine
wikivir-020259::window::49	27	0.8868108947430228	centroid_cosine
wikivir-003273::window::263	27	0.8855590270548557	centroid_cosine
wikivir-019146::window::103	27	0.8853554395649046	centroid_cosine
wikivir-017434::window::7	27	0.8843385294741002	centroid_cosine
wikivir-004452::window::94	27	0.8839424714392509	centroid_cosine
wikivir-003163::window::73	27	0.8838407646375879	centroid_cosine
wikivir-015914::window::120	27	0.8834674073546857	centroid_cosine
wikivir-011729::window::521	27	0.8816356479595959	centroid_cosine
wikivir-015430::window::135	27	0.8816071025771519	centroid_cosine
wikivir-000577::window::125	27	0.8815551236251367	centroid_cosine
wikivir-013395::window::10	27	0.8811951100353778	centroid_cosine
wikivir-016120::window::67	27	0.8807438508979175	centroid_cosine
wikivir-010973::window::223	27	0.880666007837219	centroid_cosine
wikivir-004536::window::77	27	0.8796298452821489	centroid_cosine
wikivir-021022::window::2279	27	0.8796241815249223	centroid_cosine
wikivir-006995::window::26	27	0.8791383485507351	centroid_cosine
wikivir-018450::window::97	27	0.8790613442412796	centroid_cosine
wikivir-000690::window::440	27	0.7999075250930234	centroid_cosine
wikivir-014330::window::87	27	0.7367568349741594	centroid_cosine
wikivir-002991::window::38	27	0.7496726698254874	centroid_cosine
wikivir-016996::window::5	27	0.8154138942739848	centroid_cosine
wikivir-016087::window::79	27	0.8187105081387881	centroid_cosine
wikivir-004722::window::269	27	0.7954828447017239	centroid_cosine
wikivir-000818::window::237	27	0.8307791460520438	centroid_cosine
wikivir-014620::window::198	27	0.776494631470058	centroid_cosine
wikivir-007738::window::2	27	0.7471194080744727	centroid_cosine
wikivir-000868::window::170	27	0.7916721129361322	centroid_cosine
wikivir-003111::window::54	28	0.8831040691671321	centroid_cosine
wikivir-017220::window::1	28	0.8828678010911288	centroid_cosine
wikivir-000254::window::86	28	0.8826387312474369	centroid_cosine
wikivir-004247::window::57	28	0.881113021790145	centroid_cosine
wikivir-015737::window::6	28	0.8801035280413629	centroid_cosine
wikivir-006838::window::9	28	0.8795851778539111	centroid_cosine
wikivir-015402::window::48	28	0.8793853199109594	centroid_cosine
wikivir-017781::window::52	28	0.8792545852498572	centroid_cosine
wikivir-015659::window::57	28	0.8787976381582081	centroid_cosine
wikivir-019125::window::1	28	0.8760215880435398	centroid_cosine
wikivir-000579::window::27	28	0.8751043022696152	centroid_cosine
wikivir-018993::window::20	28	0.8744802218760035	centroid_cosine
wikivir-010685::window::1	28	0.8744667194086666	centroid_cosine
wikivir-001078::window::53	28	0.8741878746649054	centroid_cosine
wikivir-017138::window::3	28	0.8739183757459308	centroid_cosine
wikivir-017831::window::8	28	0.8736412881080131	centroid_cosine
wikivir-017834::window::8	28	0.8736412881080131	centroid_cosine
wikivir-016117::window::49	28	0.8735585794818033	centroid_cosine
wikivir-013464::window::1	28	0.8731818800769241	centroid_cosine
wikivir-019434::window::1	28	0.8731361989829979	centroid_cosine
wikivir-000704::window::17	28	0.8726545900824632	centroid_cosine
wikivir-008149::window::2	28	0.8725838551730005	centroid_cosine
wikivir-008050::window::1	28	0.8724633049965898	centroid_cosine
wikivir-007296::window::6	28	0.8720942931768971	centroid_cosine
wikivir-006203::window::55	28	0.8718212996779162	centroid_cosine
wikivir-018322::window::45	28	0.5844864441302716	centroid_cosine
wikivir-019134::window::345	28	0.6918612855214976	centroid_cosine
wikivir-000785::window::1	28	0.8045583970138743	centroid_cosine
wikivir-015309::window::223	28	0.7381017842673341	centroid_cosine
wikivir-013614::window::33	28	0.8407093091982057	centroid_cosine
wikivir-004438::window::92	28	0.710311615454827	centroid_cosine
wikivir-020268::window::103	28	0.7514436401965331	centroid_cosine
wikivir-018165::window::115	28	0.7311606961502263	centroid_cosine
wikivir-013616::window::250	28	0.7795236670455366	centroid_cosine
wikivir-014417::window::72	28	0.7026195943409423	centroid_cosine
wikivir-012541::window::1	29	0.9079313267710588	centroid_cosine
wikivir-012616::window::1	29	0.90422562544398	centroid_cosine
wikivir-002376::window::69	29	0.9035178581698484	centroid_cosine
wikivir-017403::window::6	29	0.8987905894132763	centroid_cosine
wikivir-011375::window::96	29	0.895757394443996	centroid_cosine
wikivir-002376::window::86	29	0.8943303685266637	centroid_cosine
wikivir-007942::window::1	29	0.889570332973851	centroid_cosine
wikivir-002823::window::6	29	0.8881198090409008	centroid_cosine
wikivir-002924::window::2	29	0.8869221260914849	centroid_cosine
wikivir-004488::window::15	29	0.8864312376793377	centroid_cosine
wikivir-010942::window::1	29	0.8861442386087053	centroid_cosine
wikivir-012531::window::1	29	0.8858732960471759	centroid_cosine
wikivir-019892::window::17	29	0.8855811281738711	centroid_cosine
wikivir-011040::window::1	29	0.885575758942187	centroid_cosine
wikivir-015221::window::10	29	0.8836313858829149	centroid_cosine
wikivir-010575::window::7	29	0.8835720089343088	centroid_cosine
wikivir-004574::window::3	29	0.8829888506343568	centroid_cosine
wikivir-018136::window::4	29	0.8824072572107813	centroid_cosine
wikivir-003945::window::74	29	0.8820192560760455	centroid_cosine
wikivir-015899::window::8	29	0.8808215641246031	centroid_cosine
wikivir-017661::window::65	29	0.8803682110728175	centroid_cosine
wikivir-016455::window::2	29	0.8802612668719544	centroid_cosine
wikivir-013380::window::25	29	0.8800234511817908	centroid_cosine
wikivir-003093::window::3	29	0.8799367368297922	centroid_cosine
wikivir-004661::window::72	29	0.8798927156538674	centroid_cosine
wikivir-010349::window::44	29	0.7999215563938757	centroid_cosine
wikivir-004553::window::33	29	0.8075418953660021	centroid_cosine
wikivir-010834::window::72	29	0.7049004870695099	centroid_cosine
wikivir-008070::window::1	29	0.8078867953073257	centroid_cosine
wikivir-004308::window::4	29	0.793332471457632	centroid_cosine
wikivir-018578::window::8	29	0.866059495763793	centroid_cosine
wikivir-007702::window::51	29	0.6420147012212796	centroid_cosine
wikivir-001455::window::38	29	0.6896363760414714	centroid_cosine
wikivir-003879::window::2	29	0.6544976096376226	centroid_cosine
wikivir-013462::window::11	29	0.826799588515746	centroid_cosine
wikivir-011379::window::162	30	0.9170684136365936	centroid_cosine
wikivir-004470::window::165	30	0.9011136949462515	centroid_cosine
wikivir-018156::window::6	30	0.8999985858308084	centroid_cosine
wikivir-013859::window::128	30	0.8986196516730975	centroid_cosine
wikivir-015056::window::373	30	0.8972057712280419	centroid_cosine
wikivir-012901::window::11	30	0.896130379703868	centroid_cosine
wikivir-016432::window::101	30	0.8954317197991103	centroid_cosine
wikivir-015926::window::279	30	0.8947267996178073	centroid_cosine
wikivir-000935::window::48	30	0.8944664576762545	centroid_cosine
wikivir-017755::window::116	30	0.8935083745478585	centroid_cosine
wikivir-016432::window::588	30	0.8927615803969324	centroid_cosine
wikivir-016433::window::506	30	0.8918092016514616	centroid_cosine
wikivir-001452::window::221	30	0.8917576268158163	centroid_cosine
wikivir-016137::window::63	30	0.8907176290043775	centroid_cosine
wikivir-008595::window::1	30	0.890572871311389	centroid_cosine
wikivir-019483::window::7	30	0.8903221927214395	centroid_cosine
wikivir-002817::window::47	30	0.8901918527035594	centroid_cosine
wikivir-002070::window::2	30	0.8898430146422847	centroid_cosine
wikivir-014707::window::223	30	0.8893407291078081	centroid_cosine
wikivir-015423::window::73	30	0.8891780228977297	centroid_cosine
wikivir-000798::window::144	30	0.888875597160162	centroid_cosine
wikivir-011687::window::141	30	0.8885386625355041	centroid_cosine
wikivir-017693::window::10	30	0.88816302900554	centroid_cosine
wikivir-000649::window::32	30	0.8879405573245387	centroid_cosine
wikivir-004192::window::243	30	0.8877673389131921	centroid_cosine
wikivir-000777::window::44	30	0.850276817265422	centroid_cosine
wikivir-000798::window::150	30	0.8009282052534765	centroid_cosine
wikivir-002660::window::6	30	0.8720742480490282	centroid_cosine
wikivir-013859::window::119	30	0.8217517777601082	centroid_cosine
wikivir-014654::window::26	30	0.8465222049120308	centroid_cosine
wikivir-016665::window::1	30	0.7868650270205324	centroid_cosine
wikivir-018151::window::1	30	0.7974105163979078	centroid_cosine
wikivir-016432::window::784	30	0.7656655853725896	centroid_cosine
wikivir-018325::window::18	30	0.7836433988489585	centroid_cosine
wikivir-000614::window::85	30	0.8711957986942908	centroid_cosine
wikivir-016879::window::402	31	0.898046239003599	centroid_cosine
wikivir-000935::window::282	31	0.8952626137565718	centroid_cosine
wikivir-004235::window::174	31	0.8896319352508164	centroid_cosine
wikivir-010347::window::300	31	0.8879513138840547	centroid_cosine
wikivir-021171::window::12	31	0.8876069023854589	centroid_cosine
wikivir-000622::window::279	31	0.8836010542628294	centroid_cosine
wikivir-020183::window::49	31	0.8820073448369009	centroid_cosine
wikivir-011680::window::15	31	0.8819757382528526	centroid_cosine
wikivir-018950::window::9	31	0.8819051137687449	centroid_cosine
wikivir-016879::window::1100	31	0.8813976881213375	centroid_cosine
wikivir-016879::window::342	31	0.8804729509688931	centroid_cosine
wikivir-014627::window::126	31	0.8803823328284385	centroid_cosine
wikivir-003092::window::786	31	0.8803115708424454	centroid_cosine
wikivir-000910::window::117	31	0.8800174675928707	centroid_cosine
wikivir-010973::window::68	31	0.8797337641161858	centroid_cosine
wikivir-002861::window::200	31	0.8784033826407146	centroid_cosine
wikivir-015521::window::62	31	0.8770544391605781	centroid_cosine
wikivir-016757::window::4	31	0.8768755615837349	centroid_cosine
wikivir-020102::window::105	31	0.8767371898733493	centroid_cosine
wikivir-000620::window::12	31	0.8764658762629252	centroid_cosine
wikivir-004219::window::74	31	0.8762560924797356	centroid_cosine
wikivir-011796::window::11	31	0.8761010855695746	centroid_cosine
wikivir-002436::window::19	31	0.8757515112477571	centroid_cosine
wikivir-004491::window::18	31	0.8754965680377713	centroid_cosine
wikivir-019892::window::118	31	0.8749700826370331	centroid_cosine
wikivir-013395::window::24	31	0.8255584231826792	centroid_cosine
wikivir-014627::window::39	31	0.7180342838282655	centroid_cosine
wikivir-002782::window::183	31	0.8140732623692203	centroid_cosine
wikivir-001445::window::207	31	0.7628500483669745	centroid_cosine
wikivir-016432::window::114	31	0.790271853278	centroid_cosine
wikivir-001024::window::26	31	0.690962919314449	centroid_cosine
wikivir-004480::window::27	31	0.7567196285749567	centroid_cosine
wikivir-000931::window::964	31	0.7816995574996651	centroid_cosine
wikivir-015605::window::64	31	0.7971253441023511	centroid_cosine
wikivir-000680::window::34	31	0.7801180147726399	centroid_cosine
wikivir-015056::window::770	32	0.9017579025992003	centroid_cosine
wikivir-020083::window::15	32	0.9017377778461179	centroid_cosine
wikivir-004525::window::27	32	0.899403556813427	centroid_cosine
wikivir-004210::window::23	32	0.8973341568520425	centroid_cosine
wikivir-004206::window::77	32	0.8902460753021693	centroid_cosine
wikivir-021124::window::27	32	0.8897876372779139	centroid_cosine
wikivir-018606::window::252	32	0.8893933977317106	centroid_cosine
wikivir-013150::window::30	32	0.8861005572935107	centroid_cosine
wikivir-018233::window::17	32	0.885189280694292	centroid_cosine
wikivir-011729::window::391	32	0.8835707726654008	centroid_cosine
wikivir-013360::window::72	32	0.8829806700920113	centroid_cosine
wikivir-016999::window::8	32	0.8819964499958711	centroid_cosine
wikivir-014605::window::134	32	0.880166868199428	centroid_cosine
wikivir-014526::window::17	32	0.8798199861006295	centroid_cosine
wikivir-020886::window::9	32	0.8792930861199773	centroid_cosine
wikivir-003391::window::159	32	0.8788021993740196	centroid_cosine
wikivir-013966::window::21	32	0.8771474667180101	centroid_cosine
wikivir-002862::window::53	32	0.8769300627784149	centroid_cosine
wikivir-004303::window::345	32	0.8763484775523779	centroid_cosine
wikivir-019872::window::244	32	0.8762509540651091	centroid_cosine
wikivir-016268::window::367	32	0.875000165588025	centroid_cosine
wikivir-004227::window::118	32	0.8748100227218338	centroid_cosine
wikivir-001452::window::223	32	0.8748020347418162	centroid_cosine
wikivir-020181::window::165	32	0.8737175799197824	centroid_cosine
wikivir-002860::window::135	32	0.8736910825457218	centroid_cosine
wikivir-016879::window::88	32	0.7409451560462436	centroid_cosine
wikivir-000691::window::387	32	0.7325025268065147	centroid_cosine
wikivir-013186::window::72	32	0.7920547067913888	centroid_cosine
wikivir-014678::window::249	32	0.7576557547822823	centroid_cosine
wikivir-016976::window::10	32	0.791465626966779	centroid_cosine
wikivir-013944::window::160	32	0.734646497707324	centroid_cosine
wikivir-014668::window::147	32	0.6578723451571875	centroid_cosine
wikivir-016097::window::144	32	0.7951700409081692	centroid_cosine
wikivir-015056::window::483	32	0.7521995802041798	centroid_cosine
wikivir-017444::window::238	32	0.8037504473774603	centroid_cosine
wikivir-020170::window::42	33	0.9162835244083682	centroid_cosine
wikivir-014573::window::114	33	0.9041239281972056	centroid_cosine
wikivir-014660::window::86	33	0.8991380895091546	centroid_cosine
wikivir-021174::window::31	33	0.8980508466819114	centroid_cosine
wikivir-014842::window::147	33	0.8940994962463853	centroid_cosine
wikivir-004231::window::87	33	0.8939007461641977	centroid_cosine
wikivir-014842::window::34	33	0.8932506397139746	centroid_cosine
wikivir-017396::window::42	33	0.8927364231174801	centroid_cosine
wikivir-003344::window::106	33	0.8925771578604026	centroid_cosine
wikivir-017018::window::9	33	0.8921376976557576	centroid_cosine
wikivir-013182::window::55	33	0.8904339530307241	centroid_cosine
wikivir-003755::window::194	33	0.890225572946366	centroid_cosine
wikivir-001445::window::334	33	0.8891523268032678	centroid_cosine
wikivir-003890::window::102	33	0.8887660209472664	centroid_cosine
wikivir-015118::window::106	33	0.8885047579204124	centroid_cosine
wikivir-014842::window::214	33	0.8883116521519852	centroid_cosine
wikivir-020359::window::47	33	0.8873427606175028	centroid_cosine
wikivir-004536::window::106	33	0.8865054041083453	centroid_cosine
wikivir-018477::window::187	33	0.8860138371050781	centroid_cosine
wikivir-011745::window::14	33	0.8853384365810619	centroid_cosine
wikivir-017094::window::4	33	0.8840400019745951	centroid_cosine
wikivir-020064::window::115	33	0.8837889351382076	centroid_cosine
wikivir-020064::window::11	33	0.8837846813320311	centroid_cosine
wikivir-003890::window::106	33	0.882546120546768	centroid_cosine
wikivir-003121::window::60	33	0.8824867106449724	centroid_cosine
wikivir-014842::window::10	33	0.8270454333503443	centroid_cosine
wikivir-004211::window::137	33	0.7445709669494945	centroid_cosine
wikivir-014691::window::167	33	0.8273507626853127	centroid_cosine
wikivir-014420::window::99	33	0.7312807930549006	centroid_cosine
wikivir-004549::window::77	33	0.7330363967557003	centroid_cosine
wikivir-011765::window::4	33	0.6254966126821881	centroid_cosine
wikivir-004209::window::31	33	0.7065987060876135	centroid_cosine
wikivir-020170::window::89	33	0.7722276032700107	centroid_cosine
wikivir-018937::window::33	33	0.7681517997214676	centroid_cosine
wikivir-017433::window::56	33	0.8408834225939426	centroid_cosine
wikivir-003098::window::287	34	0.9036263020854575	centroid_cosine
wikivir-014670::window::51	34	0.9004434874879148	centroid_cosine
wikivir-013395::window::154	34	0.9001217057941986	centroid_cosine
wikivir-021170::window::309	34	0.8985055927461162	centroid_cosine
wikivir-017405::window::52	34	0.8975600990615407	centroid_cosine
wikivir-003446::window::53	34	0.8972042614416393	centroid_cosine
wikivir-004207::window::57	34	0.8938568502108689	centroid_cosine
wikivir-016090::window::11	34	0.8919232233405561	centroid_cosine
wikivir-000704::window::185	34	0.8910515651978272	centroid_cosine
wikivir-020068::window::63	34	0.8910458154927046	centroid_cosine
wikivir-004303::window::234	34	0.8882600821046204	centroid_cosine
wikivir-016976::window::424	34	0.8860283193212546	centroid_cosine
wikivir-020064::window::99	34	0.8860169477627385	centroid_cosine
wikivir-015753::window::225	34	0.8857748778184787	centroid_cosine
wikivir-004475::window::63	34	0.885248156554393	centroid_cosine
wikivir-014520::window::162	34	0.884218251853139	centroid_cosine
wikivir-014408::window::137	34	0.8832865645196675	centroid_cosine
wikivir-000969::window::33	34	0.88243335728707	centroid_cosine
wikivir-011576::window::196	34	0.8821953753973739	centroid_cosine
wikivir-010221::window::170	34	0.8821778500616126	centroid_cosine
wikivir-018034::window::52	34	0.8820610829742614	centroid_cosine
wikivir-004570::window::338	34	0.8816704330291202	centroid_cosine
wikivir-020100::window::132	34	0.881522164178415	centroid_cosine
wikivir-004553::window::91	34	0.8813890862142435	centroid_cosine
wikivir-011729::window::373	34	0.8811036098933072	centroid_cosine
wikivir-004568::window::69	34	0.8096216430863814	centroid_cosine
wikivir-004681::window::28	34	0.8513953959129388	centroid_cosine
wikivir-016115::window::32	34	0.8129720603691284	centroid_cosine
wikivir-006440::window::154	34	0.76107328453773	centroid_cosine
wikivir-020169::window::43	34	0.831307555334241	centroid_cosine
wikivir-002870::window::232	34	0.8214372174901836	centroid_cosine
wikivir-010840::window::155	34	0.7695220028103098	centroid_cosine
wikivir-003101::window::63	34	0.8453104613443913	centroid_cosine
wikivir-004210::window::162	34	0.782615290262246	centroid_cosine
wikivir-010840::window::232	34	0.7634169300756132	centroid_cosine
wikivir-008794::window::1	35	0.931313891622169	centroid_cosine
wikivir-005297::window::1	35	0.9247332126431214	centroid_cosine
wikivir-008716::window::1	35	0.9217828529186824	centroid_cosine
wikivir-001081::window::4	35	0.919785639140681	centroid_cosine
wikivir-009824::window::1	35	0.9171690995038856	centroid_cosine
wikivir-008958::window::2	35	0.9137271923027456	centroid_cosine
wikivir-010357::window::64	35	0.911355802733012	centroid_cosine
wikivir-010835::window::81	35	0.9106880068144767	centroid_cosine
wikivir-005908::window::1	35	0.9090029480701676	centroid_cosine
wikivir-010076::window::1	35	0.9086812387493156	centroid_cosine
wikivir-019181::window::114	35	0.9076811666806983	centroid_cosine
wikivir-010065::window::1	35	0.9069575669101226	centroid_cosine
wikivir-003134::window::5	35	0.9053554276843705	centroid_cosine
wikivir-010094::window::1	35	0.9053439334205613	centroid_cosine
wikivir-010097::window::1	35	0.9047352367535269	centroid_cosine
wikivir-004715::window::5	35	0.904471665308626	centroid_cosine
wikivir-009437::window::2	35	0.9041322318560265	centroid_cosine
wikivir-010115::window::1	35	0.9034482007681393	centroid_cosine
wikivir-000969::window::212	35	0.9031142493802159	centroid_cosine
wikivir-005157::window::1	35	0.9026755270625857	centroid_cosine
wikivir-012879::window::15	35	0.9017618040563737	centroid_cosine
wikivir-005044::window::1	35	0.9007823340418605	centroid_cosine
wikivir-009784::window::1	35	0.9006448659947487	centroid_cosine
wikivir-017116::window::173	35	0.900224613681938	centroid_cosine
wikivir-009738::window::1	35	0.9001081430951647	centroid_cosine
wikivir-009844::window::4	35	0.8974237980515695	centroid_cosine
wikivir-015751::window::396	35	0.8560280125777502	centroid_cosine
wikivir-009907::window::1	35	0.8562195052815088	centroid_cosine
wikivir-018940::window::203	35	0.816617852661934	centroid_cosine
wikivir-011633::window::47	35	0.7521394066009307	centroid_cosine
wikivir-014744::window::3	35	0.6303361402651322	centroid_cosine
wikivir-008986::window::1	35	0.8471387772530752	centroid_cosine
wikivir-004196::window::85	35	0.6859569422934896	centroid_cosine
wikivir-000600::window::7	35	0.611147813275288	centroid_cosine
wikivir-017804::window::71	35	0.7699959314379994	centroid_cosine
wikivir-016893::window::1950	36	0.9148529187328505	centroid_cosine
wikivir-013185::window::178	36	0.911438132129435	centroid_cosine
wikivir-001150::window::1	36	0.9027360510899396	centroid_cosine
wikivir-000034::window::1	36	0.9015419487553892	centroid_cosine
wikivir-006203::window::52	36	0.9008631093650199	centroid_cosine
wikivir-017085::window::78	36	0.8964854425874386	centroid_cosine
wikivir-002809::window::36	36	0.8963860896354185	centroid_cosine
wikivir-011683::window::22	36	0.8961792991574031	centroid_cosine
wikivir-004574::window::142	36	0.8960640566646298	centroid_cosine
wikivir-003817::window::119	36	0.8956951832302507	centroid_cosine
wikivir-000801::window::183	36	0.8955469733283177	centroid_cosine
wikivir-013605::window::318	36	0.8951409180837324	centroid_cosine
wikivir-003093::window::142	36	0.8944217247544367	centroid_cosine
wikivir-019188::window::20	36	0.8933884156013487	centroid_cosine
wikivir-010764::window::222	36	0.8910070914684636	centroid_cosine
wikivir-016031::window::47	36	0.8909168773091274	centroid_cosine
wikivir-002803::window::37	36	0.8901445110337758	centroid_cosine
wikivir-002806::window::7	36	0.8892727834120575	centroid_cosine
wikivir-012428::window::30	36	0.888243292976091	centroid_cosine
wikivir-002807::window::61	36	0.8878296316179912	centroid_cosine
wikivir-000749::window::63	36	0.8865464199726629	centroid_cosine
wikivir-000345::window::50	36	0.8862502744341254	centroid_cosine
wikivir-015714::window::92	36	0.8854772810612276	centroid_cosine
wikivir-018646::window::1	36	0.8852114844397401	centroid_cosine
wikivir-011756::window::68	36	0.8841147100384764	centroid_cosine
wikivir-004305::window::46	36	0.6833010006510243	centroid_cosine
wikivir-004585::window::355	36	0.7018611509609345	centroid_cosine
wikivir-003099::window::78	36	0.7991024620898441	centroid_cosine
wikivir-004463::window::79	36	0.8206237006167789	centroid_cosine
wikivir-016521::window::246	36	0.7725394382188154	centroid_cosine
wikivir-000794::window::57	36	0.7370759972267095	centroid_cosine
wikivir-000805::window::105	36	0.8340892223392056	centroid_cosine
wikivir-000782::window::105	36	0.833594412420096	centroid_cosine
wikivir-010354::window::25	36	0.661569303876371	centroid_cosine
wikivir-003092::window::442	36	0.8237411330839237	centroid_cosine
wikivir-020649::window::34	37	0.9118796368662572	centroid_cosine
wikivir-003386::window::228	37	0.8958159440505225	centroid_cosine
wikivir-011591::window::403	37	0.8951975210183053	centroid_cosine
wikivir-018961::window::15	37	0.8924430381124047	centroid_cosine
wikivir-016065::window::25	37	0.8917761673655801	centroid_cosine
wikivir-004823::window::33	37	0.889061832753934	centroid_cosine
wikivir-021153::window::33	37	0.888391844201379	centroid_cosine
wikivir-002828::window::29	37	0.8881624196009982	centroid_cosine
wikivir-015385::window::6	37	0.8851393642258983	centroid_cosine
wikivir-015407::window::49	37	0.8842610932275543	centroid_cosine
wikivir-013563::window::37	37	0.8838681056372806	centroid_cosine
wikivir-016682::window::3	37	0.8819678897304452	centroid_cosine
wikivir-000676::window::71	37	0.8811087091157738	centroid_cosine
wikivir-004199::window::185	37	0.8809730591652971	centroid_cosine
wikivir-004470::window::118	37	0.8806351801358632	centroid_cosine
wikivir-001297::window::1	37	0.8799011704828787	centroid_cosine
wikivir-011755::window::7	37	0.8798322803825231	centroid_cosine
wikivir-013075::window::5	37	0.8785845349596884	centroid_cosine
wikivir-000943::window::99	37	0.8784364680107504	centroid_cosine
wikivir-015213::window::7	37	0.8779591181816665	centroid_cosine
wikivir-011720::window::7	37	0.8768502381333315	centroid_cosine
wikivir-021153::window::24	37	0.8762867420065303	centroid_cosine
wikivir-003386::window::138	37	0.8757865143972304	centroid_cosine
wikivir-003386::window::224	37	0.8747850694235955	centroid_cosine
wikivir-002817::window::10	37	0.8739170972508663	centroid_cosine
wikivir-004566::window::7	37	0.7905925594294608	centroid_cosine
wikivir-013597::window::522	37	0.7817571726897592	centroid_cosine
wikivir-016065::window::14	37	0.7166148061829658	centroid_cosine
wikivir-013700::window::176	37	0.758750975177019	centroid_cosine
wikivir-004767::window::10	37	0.7651541920699123	centroid_cosine
wikivir-004575::window::238	37	0.6735804044747216	centroid_cosine
wikivir-015926::window::243	37	0.7451557074832476	centroid_cosine
wikivir-011653::window::39	37	0.8144709797093043	centroid_cosine
wikivir-003489::window::18	37	0.7063289352183006	centroid_cosine
wikivir-004325::window::191	37	0.735189779631667	centroid_cosine
wikivir-004207::window::44	38	0.9007801433539573	centroid_cosine
wikivir-020102::window::79	38	0.8997901221033435	centroid_cosine
wikivir-004210::window::18	38	0.8982838065480414	centroid_cosine
wikivir-010840::window::73	38	0.8970138488777144	centroid_cosine
wikivir-004562::window::189	38	0.8969865701276105	centroid_cosine
wikivir-021047::window::180	38	0.895443269659401	centroid_cosine
wikivir-004225::window::198	38	0.8947024772803976	centroid_cosine
wikivir-019938::window::49	38	0.8929308658027357	centroid_cosine
wikivir-003244::window::106	38	0.8918445592113851	centroid_cosine
wikivir-013203::window::7	38	0.8918173978873166	centroid_cosine
wikivir-000944::window::99	38	0.8910978007898105	centroid_cosine
wikivir-016976::window::95	38	0.8902373814322582	centroid_cosine
wikivir-004545::window::36	38	0.8894120380672925	centroid_cosine
wikivir-016102::window::21	38	0.8891901378926239	centroid_cosine
wikivir-020953::window::124	38	0.8882877499095678	centroid_cosine
wikivir-014517::window::46	38	0.887718429174458	centroid_cosine
wikivir-016204::window::5	38	0.8875231599082306	centroid_cosine
wikivir-001756::window::11	38	0.8848936079852221	centroid_cosine
wikivir-021022::window::1041	38	0.8847859320412281	centroid_cosine
wikivir-015756::window::241	38	0.8845141659201291	centroid_cosine
wikivir-010248::window::188	38	0.8827936499151199	centroid_cosine
wikivir-020863::window::13	38	0.8824123570205922	centroid_cosine
wikivir-016893::window::771	38	0.882296657683056	centroid_cosine
wikivir-004445::window::362	38	0.8813125834992999	centroid_cosine
wikivir-003097::window::344	38	0.8808341103099006	centroid_cosine
wikivir-004570::window::348	38	0.8644093246257603	centroid_cosine
wikivir-002377::window::94	38	0.7113271808861499	centroid_cosine
wikivir-004311::window::49	38	0.811082468089168	centroid_cosine
wikivir-000935::window::10	38	0.784202199055993	centroid_cosine
wikivir-020100::window::75	38	0.7892703621254666	centroid_cosine
wikivir-017425::window::60	38	0.7430298187690123	centroid_cosine
wikivir-013180::window::123	38	0.7150538236211635	centroid_cosine
wikivir-010764::window::353	38	0.7237683852540495	centroid_cosine
wikivir-004544::window::49	38	0.781090674381072	centroid_cosine
wikivir-007217::window::81	38	0.7850917283364598	centroid_cosine
wikivir-014969::window::107	39	0.902486300121542	centroid_cosine
wikivir-010841::window::175	39	0.893417738308331	centroid_cosine
wikivir-004274::window::71	39	0.8889109167473253	centroid_cosine
wikivir-018035::window::258	39	0.8851244137462644	centroid_cosine
wikivir-004600::window::227	39	0.8839320117620465	centroid_cosine
wikivir-000579::window::350	39	0.8837000272695903	centroid_cosine
wikivir-004194::window::381	39	0.883509415820187	centroid_cosine
wikivir-014634::window::97	39	0.8821636624679786	centroid_cosine
wikivir-012534::window::37	39	0.8791330820184318	centroid_cosine
wikivir-000931::window::325	39	0.8760346721135733	centroid_cosine
wikivir-014678::window::270	39	0.8744870439820962	centroid_cosine
wikivir-014850::window::285	39	0.8742016195143937	centroid_cosine
wikivir-012078::window::10	39	0.873862200388077	centroid_cosine
wikivir-000678::window::46	39	0.8719146920235772	centroid_cosine
wikivir-016070::window::9	39	0.871513944675532	centroid_cosine
wikivir-013436::window::5	39	0.8712887796949041	centroid_cosine
wikivir-016029::window::25	39	0.8710723489926646	centroid_cosine
wikivir-016433::window::479	39	0.8705484365835885	centroid_cosine
wikivir-018122::window::70	39	0.8699305544415983	centroid_cosine
wikivir-016072::window::45	39	0.8698336599148466	centroid_cosine
wikivir-015751::window::171	39	0.8693877355665179	centroid_cosine
wikivir-015041::window::61	39	0.8693310477233058	centroid_cosine
wikivir-001516::window::207	39	0.8693164062529979	centroid_cosine
wikivir-015042::window::119	39	0.8692875519000428	centroid_cosine
wikivir-016072::window::46	39	0.8692815381390641	centroid_cosine
wikivir-013583::window::49	39	0.7856818860975487	centroid_cosine
wikivir-019888::window::32	39	0.7128529755541942	centroid_cosine
wikivir-000944::window::380	39	0.7280118181602877	centroid_cosine
wikivir-016436::window::23	39	0.8104075205540797	centroid_cosine
wikivir-018652::window::38	39	0.7075808677125939	centroid_cosine
wikivir-011675::window::60	39	0.7961593442867372	centroid_cosine
wikivir-003412::window::10	39	0.6978914210671536	centroid_cosine
wikivir-019654::window::4	39	0.7811233442666308	centroid_cosine
wikivir-019153::window::48	39	0.6966144987971377	centroid_cosine
wikivir-015543::window::3	39	0.7118432526230991	centroid_cosine
wikivir-003005::window::74	40	0.9261922883947962	centroid_cosine
wikivir-016762::window::2	40	0.9182761278049598	centroid_cosine
wikivir-004311::window::21	40	0.9174348568995857	centroid_cosine
wikivir-015751::window::73	40	0.9164254364716212	centroid_cosine
wikivir-016976::window::107	40	0.9125228357545991	centroid_cosine
wikivir-017116::window::162	40	0.9119277415242597	centroid_cosine
wikivir-015751::window::44	40	0.911177618827699	centroid_cosine
wikivir-014322::window::13	40	0.9102809082378085	centroid_cosine
wikivir-013198::window::25	40	0.910127250127295	centroid_cosine
wikivir-004194::window::119	40	0.90995215658369	centroid_cosine
wikivir-004194::window::134	40	0.9083897495587538	centroid_cosine
wikivir-010928::window::15	40	0.9070166431603255	centroid_cosine
wikivir-017059::window::59	40	0.9069000353758161	centroid_cosine
wikivir-017433::window::185	40	0.9057279342443073	centroid_cosine
wikivir-013164::window::4	40	0.9053096213393568	centroid_cosine
wikivir-016076::window::23	40	0.9052838125969047	centroid_cosine
wikivir-010975::window::187	40	0.905272293233288	centroid_cosine
wikivir-015928::window::164	40	0.9050924947888197	centroid_cosine
wikivir-012422::window::256	40	0.9037710582383173	centroid_cosine
wikivir-011676::window::953	40	0.9034969745448934	centroid_cosine
wikivir-004194::window::30	40	0.9024729238296674	centroid_cosine
wikivir-004647::window::4	40	0.9017849680464622	centroid_cosine
wikivir-010216::window::438	40	0.9017341425143066	centroid_cosine
wikivir-004194::window::608	40	0.901524531368805	centroid_cosine
wikivir-000592::window::2	40	0.9001503689097733	centroid_cosine
wikivir-004055::window::16	40	0.7985257607228757	centroid_cosine
wikivir-015593::window::56	40	0.7629473546537597	centroid_cosine
wikivir-004190::window::89	40	0.6922792713901109	centroid_cosine
wikivir-016094::window::28	40	0.8023091208576528	centroid_cosine
wikivir-004503::window::23	40	0.7188644510868842	centroid_cosine
wikivir-000819::window::107	40	0.8628217575456258	centroid_cosine
wikivir-013563::window::5	40	0.8505648343328962	centroid_cosine
wikivir-004861::window::7	40	0.6973203265594372	centroid_cosine
wikivir-019508::window::15	40	0.8502260610944423	centroid_cosine
wikivir-001449::window::70	40	0.8051397221034065	centroid_cosine
wikivir-020926::window::44	41	0.9001954474947573	centroid_cosine
wikivir-008869::window::1	41	0.8963988217715975	centroid_cosine
wikivir-015127::window::15	41	0.8952821935028574	centroid_cosine
wikivir-004206::window::90	41	0.8929196977162608	centroid_cosine
wikivir-015430::window::231	41	0.8924116827187196	centroid_cosine
wikivir-006440::window::105	41	0.8910661440774602	centroid_cosine
wikivir-016097::window::141	41	0.8903031764207533	centroid_cosine
wikivir-002205::window::82	41	0.885156141283514	centroid_cosine
wikivir-001860::window::145	41	0.884970367711803	centroid_cosine
wikivir-021022::window::1761	41	0.8844077523783835	centroid_cosine
wikivir-004205::window::28	41	0.8828418134365364	centroid_cosine
wikivir-004230::window::36	41	0.8815247492309388	centroid_cosine
wikivir-013175::window::152	41	0.8801274452267145	centroid_cosine
wikivir-020827::window::199	41	0.8791961919222857	centroid_cosine
wikivir-014293::window::89	41	0.8790137634435872	centroid_cosine
wikivir-010840::window::157	41	0.8755635743374142	centroid_cosine
wikivir-020011::window::68	41	0.8751953103320715	centroid_cosine
wikivir-002781::window::199	41	0.8749085413479146	centroid_cosine
wikivir-011655::window::30	41	0.8743563664006926	centroid_cosine
wikivir-013545::window::30	41	0.8743563664006926	centroid_cosine
wikivir-015436::window::120	41	0.8739784925007796	centroid_cosine
wikivir-011633::window::32	41	0.8733819673978993	centroid_cosine
wikivir-010851::window::162	41	0.8726382117360609	centroid_cosine
wikivir-004707::window::89	41	0.8725910760263171	centroid_cosine
wikivir-004214::window::98	41	0.8723377213844228	centroid_cosine
wikivir-000691::window::234	41	0.7611595762719922	centroid_cosine
wikivir-021194::window::25	41	0.7255749052062751	centroid_cosine
wikivir-016144::window::24	41	0.7587998600231021	centroid_cosine
wikivir-010160::window::212	41	0.6984681843366307	centroid_cosine
wikivir-001587::window::2	41	0.685137175745571	centroid_cosine
wikivir-015104::window::73	41	0.7178168871935675	centroid_cosine
wikivir-015447::window::23	41	0.7586050284079726	centroid_cosine
wikivir-004568::window::176	41	0.7756798455823595	centroid_cosine
wikivir-016051::window::8	41	0.748327205053414	centroid_cosine
wikivir-016176::window::121	41	0.8496034076708201	centroid_cosine
wikivir-015468::window::212	42	0.9136585359756297	centroid_cosine
wikivir-007967::window::1	42	0.9131975055495329	centroid_cosine
wikivir-002709::window::25	42	0.9003171136995003	centroid_cosine
wikivir-003156::window::129	42	0.8954408527919087	centroid_cosine
wikivir-004644::window::65	42	0.8940124593518295	centroid_cosine
wikivir-004522::window::7	42	0.8928570861908031	centroid_cosine
wikivir-004193::window::154	42	0.8912657329021736	centroid_cosine
wikivir-015468::window::175	42	0.8897578741531145	centroid_cosine
wikivir-008216::window::1	42	0.8896312557040735	centroid_cosine
wikivir-002737::window::20	42	0.8894765303102826	centroid_cosine
wikivir-010169::window::159	42	0.8846906019221242	centroid_cosine
wikivir-001858::window::4	42	0.8844989406391948	centroid_cosine
wikivir-012583::window::33	42	0.8838698988352369	centroid_cosine
wikivir-002709::window::4	42	0.883446167252118	centroid_cosine
wikivir-003264::window::211	42	0.8808231191151299	centroid_cosine
wikivir-010676::window::18	42	0.8798416685127392	centroid_cosine
wikivir-004569::window::26	42	0.8788921460087438	centroid_cosine
wikivir-010219::window::223	42	0.8781795765378801	centroid_cosine
wikivir-017527::window::1	42	0.8772106945169817	centroid_cosine
wikivir-012534::window::148	42	0.8770201558322874	centroid_cosine
wikivir-009157::window::2	42	0.8767567024246793	centroid_cosine
wikivir-000818::window::253	42	0.8765876749773356	centroid_cosine
wikivir-003944::window::67	42	0.8763717370170471	centroid_cosine
wikivir-010250::window::459	42	0.8763650700018126	centroid_cosine
wikivir-011811::window::42	42	0.8757156055842841	centroid_cosine
wikivir-011616::window::283	42	0.8273845005005664	centroid_cosine
wikivir-004192::window::30	42	0.7510198265319131	centroid_cosine
wikivir-017531::window::3	42	0.7895417587908053	centroid_cosine
wikivir-001657::window::4	42	0.7388554987737957	centroid_cosine
wikivir-019149::window::128	42	0.7504288532498506	centroid_cosine
wikivir-010169::window::70	42	0.7714154623362004	centroid_cosine
wikivir-000600::window::24	42	0.6939160663849477	centroid_cosine
wikivir-004325::window::236	42	0.721146140984708	centroid_cosine
wikivir-019603::window::39	42	0.7264900894969653	centroid_cosine
wikivir-004325::window::218	42	0.8665705734817335	centroid_cosine
wikivir-017431::window::33	43	0.8873897219486584	centroid_cosine
wikivir-020787::window::53	43	0.8803003218684244	centroid_cosine
wikivir-004694::window::320	43	0.8771530827310722	centroid_cosine
wikivir-020270::window::96	43	0.8741256160510527	centroid_cosine
wikivir-004229::window::216	43	0.8717188426729623	centroid_cosine
wikivir-000944::window::195	43	0.8694605306100146	centroid_cosine
wikivir-013210::window::25	43	0.8683852319769055	centroid_cosine
wikivir-017104::window::60	43	0.8651909313824852	centroid_cosine
wikivir-011659::window::134	43	0.8634682051134679	centroid_cosine
wikivir-001245::window::24	43	0.8630649563758506	centroid_cosine
wikivir-000123::window::17	43	0.8620725230486239	centroid_cosine
wikivir-016076::window::69	43	0.8614433317081018	centroid_cosine
wikivir-020784::window::192	43	0.8611258792937188	centroid_cosine
wikivir-017425::window::108	43	0.859596083510426	centroid_cosine
wikivir-020140::window::1	43	0.8592168285798056	centroid_cosine
wikivir-015406::window::9	43	0.8585739767293069	centroid_cosine
wikivir-000971::window::170	43	0.8572297302364569	centroid_cosine
wikivir-011670::window::81	43	0.8571216976868392	centroid_cosine
wikivir-021170::window::305	43	0.8570728209002669	centroid_cosine
wikivir-004562::window::137	43	0.857014962707819	centroid_cosine
wikivir-017431::window::92	43	0.856940180626902	centroid_cosine
wikivir-004210::window::170	43	0.8563684611197697	centroid_cosine
wikivir-020181::window::250	43	0.8536183054968225	centroid_cosine
wikivir-004545::window::23	43	0.8530994275584887	centroid_cosine
wikivir-020123::window::1	43	0.8525067598843328	centroid_cosine
wikivir-004714::window::19	43	0.6563418838963438	centroid_cosine
wikivir-003092::window::374	43	0.7583265633092806	centroid_cosine
wikivir-001028::window::16	43	0.7333990316131489	centroid_cosine
wikivir-004682::window::37	43	0.8196290872718122	centroid_cosine
wikivir-012362::window::72	43	0.7297084868660624	centroid_cosine
wikivir-003244::window::156	43	0.7973418155664782	centroid_cosine
wikivir-000623::window::4	43	0.709221351640431	centroid_cosine
wikivir-001445::window::9	43	0.7463389585000625	centroid_cosine
wikivir-019596::window::14	43	0.8037971323214255	centroid_cosine
wikivir-019150::window::204	43	0.7071926177385004	centroid_cosine
wikivir-020858::window::46	44	0.8931790633777605	centroid_cosine
wikivir-001025::window::122	44	0.8931495405244745	centroid_cosine
wikivir-011485::window::1	44	0.887289273500152	centroid_cosine
wikivir-001452::window::219	44	0.8845972257026429	centroid_cosine
wikivir-010847::window::31	44	0.884448074091189	centroid_cosine
wikivir-003062::window::84	44	0.8841580100937829	centroid_cosine
wikivir-012926::window::19	44	0.8833103752219531	centroid_cosine
wikivir-000577::window::80	44	0.8827032818273807	centroid_cosine
wikivir-004570::window::80	44	0.8811910822262108	centroid_cosine
wikivir-000691::window::393	44	0.8801790670936185	centroid_cosine
wikivir-019146::window::124	44	0.8787861861464662	centroid_cosine
wikivir-020359::window::23	44	0.8748722364291963	centroid_cosine
wikivir-003098::window::17	44	0.8738017221363403	centroid_cosine
wikivir-001448::window::78	44	0.8736010852548006	centroid_cosine
wikivir-000966::window::368	44	0.8691823023406894	centroid_cosine
wikivir-012096::window::37	44	0.8680698927971704	centroid_cosine
wikivir-017405::window::150	44	0.8678496002714131	centroid_cosine
wikivir-020852::window::48	44	0.8671767792705476	centroid_cosine
wikivir-013944::window::99	44	0.8668753080487965	centroid_cosine
wikivir-001827::window::394	44	0.8666488891438879	centroid_cosine
wikivir-017441::window::147	44	0.8660960076364288	centroid_cosine
wikivir-014408::window::77	44	0.8660413570355421	centroid_cosine
wikivir-021022::window::1713	44	0.8640981611567589	centroid_cosine
wikivir-000912::window::202	44	0.8626530676734819	centroid_cosine
wikivir-014875::window::44	44	0.8623586358782175	centroid_cosine
wikivir-004194::window::924	44	0.643353576005137	centroid_cosine
wikivir-017690::window::34	44	0.7995128785453494	centroid_cosine
wikivir-014733::window::1	44	0.6484415040087312	centroid_cosine
wikivir-004562::window::90	44	0.7388720525500265	centroid_cosine
wikivir-011597::window::6	44	0.6823398112659856	centroid_cosine
wikivir-000652::window::261	44	0.7071649481626177	centroid_cosine
wikivir-016878::window::89	44	0.7879024791092419	centroid_cosine
wikivir-004377::window::140	44	0.6285188590332927	centroid_cosine
wikivir-019595::window::5	44	0.6980726218549127	centroid_cosine
wikivir-006442::window::89	44	0.670252156035106	centroid_cosine
wikivir-010079::window::1	45	0.902490298411041	centroid_cosine
wikivir-005040::window::1	45	0.8978214623122245	centroid_cosine
wikivir-018158::window::17	45	0.8967734447629322	centroid_cosine
wikivir-014850::window::68	45	0.8960887277270781	centroid_cosine
wikivir-010046::window::1	45	0.8938249463802155	centroid_cosine
wikivir-001081::window::5	45	0.8924262473547685	centroid_cosine
wikivir-010090::window::1	45	0.8911885274980256	centroid_cosine
wikivir-015751::window::245	45	0.8896168638607509	centroid_cosine
wikivir-005084::window::1	45	0.8890156782391327	centroid_cosine
wikivir-009768::window::2	45	0.8888724878279236	centroid_cosine
wikivir-005210::window::1	45	0.8883766067075761	centroid_cosine
wikivir-009751::window::1	45	0.8879180195613615	centroid_cosine
wikivir-009609::window::1	45	0.8858309113779141	centroid_cosine
wikivir-009883::window::1	45	0.8856847765233911	centroid_cosine
wikivir-000619::window::9	45	0.8854203179894258	centroid_cosine
wikivir-005270::window::1	45	0.8849267278607258	centroid_cosine
wikivir-015204::window::1	45	0.8846144277745787	centroid_cosine
wikivir-010006::window::1	45	0.8839066524223802	centroid_cosine
wikivir-008160::window::1	45	0.8838117784420819	centroid_cosine
wikivir-011811::window::52	45	0.8827311346486514	centroid_cosine
wikivir-010018::window::1	45	0.8820126594843293	centroid_cosine
wikivir-013697::window::273	45	0.8819810157542631	centroid_cosine
wikivir-003130::window::12	45	0.8817121831056149	centroid_cosine
wikivir-019181::window::62	45	0.8793053717329682	centroid_cosine
wikivir-011383::window::33	45	0.8788665476498907	centroid_cosine
wikivir-010347::window::229	45	0.6759753825197172	centroid_cosine
wikivir-017781::window::16	45	0.7593908418061461	centroid_cosine
wikivir-015175::window::78	45	0.7613976443645745	centroid_cosine
wikivir-004457::window::21	45	0.7807933093595825	centroid_cosine
wikivir-016741::window::1	45	0.7097600869513052	centroid_cosine
wikivir-000803::window::9	45	0.7768548341563111	centroid_cosine
wikivir-016185::window::71	45	0.73668659465858	centroid_cosine
wikivir-004461::window::1090	45	0.8101620199691855	centroid_cosine
wikivir-019605::window::22	45	0.6515729044419991	centroid_cosine
wikivir-018543::window::8	45	0.8670109164879366	centroid_cosine
wikivir-013653::window::231	46	0.8629328264765757	centroid_cosine
wikivir-004228::window::120	46	0.8616705757293293	centroid_cosine
wikivir-000912::window::172	46	0.8609310857629566	centroid_cosine
wikivir-000579::window::60	46	0.8593535096274181	centroid_cosine
wikivir-011659::window::15	46	0.8570667443762108	centroid_cosine
wikivir-000967::window::69	46	0.8502396139920807	centroid_cosine
wikivir-000808::window::156	46	0.84970958216914	centroid_cosine
wikivir-020102::window::154	46	0.846517218345049	centroid_cosine
wikivir-004230::window::43	46	0.8463029895332583	centroid_cosine
wikivir-015752::window::50	46	0.8455946032383829	centroid_cosine
wikivir-017138::window::111	46	0.8445799844849798	centroid_cosine
wikivir-000966::window::312	46	0.8443323492916146	centroid_cosine
wikivir-003100::window::369	46	0.8432758169579024	centroid_cosine
wikivir-004557::window::81	46	0.8432653569073344	centroid_cosine
wikivir-016432::window::349	46	0.8432463101725882	centroid_cosine
wikivir-004223::window::97	46	0.8399532164995682	centroid_cosine
wikivir-000967::window::148	46	0.8385658497802344	centroid_cosine
wikivir-015752::window::188	46	0.8375395445343471	centroid_cosine
wikivir-014341::window::237	46	0.8374809849626915	centroid_cosine
wikivir-019175::window::79	46	0.8373442437205671	centroid_cosine
wikivir-016433::window::302	46	0.8356140569311341	centroid_cosine
wikivir-014707::window::192	46	0.8355245094818493	centroid_cosine
wikivir-004648::window::253	46	0.8345898987426715	centroid_cosine
wikivir-000806::window::106	46	0.834334742418811	centroid_cosine
wikivir-019181::window::165	46	0.834178880119133	centroid_cosine
wikivir-020169::window::120	46	0.7765778184319988	centroid_cosine
wikivir-004460::window::132	46	0.7131808869404405	centroid_cosine
wikivir-000931::window::680	46	0.6543923874152128	centroid_cosine
wikivir-015466::window::207	46	0.7049462374455946	centroid_cosine
wikivir-011645::window::24	46	0.7145758199681246	centroid_cosine
wikivir-011661::window::87	46	0.7038654116712896	centroid_cosine
wikivir-017367::window::10	46	0.8018694421861317	centroid_cosine
wikivir-003755::window::118	46	0.7413591576017189	centroid_cosine
wikivir-000622::window::250	46	0.7046940469637144	centroid_cosine
wikivir-016894::window::572	46	0.6600820984640363	centroid_cosine
wikivir-004735::window::60	47	0.9127680714225903	centroid_cosine
wikivir-003412::window::61	47	0.892829449084891	centroid_cosine
wikivir-000936::window::207	47	0.8894638852718525	centroid_cosine
wikivir-011651::window::50	47	0.8889845500996252	centroid_cosine
wikivir-017116::window::155	47	0.8874354741953969	centroid_cosine
wikivir-018032::window::403	47	0.8805275139437689	centroid_cosine
wikivir-007749::window::9	47	0.8766520675031908	centroid_cosine
wikivir-016432::window::1141	47	0.8753056110812609	centroid_cosine
wikivir-004195::window::46	47	0.8752140902278072	centroid_cosine
wikivir-002781::window::148	47	0.8716765985308543	centroid_cosine
wikivir-020852::window::246	47	0.8712513483913038	centroid_cosine
wikivir-004667::window::305	47	0.8689873134584161	centroid_cosine
wikivir-010349::window::677	47	0.8686103929656591	centroid_cosine
wikivir-002862::window::196	47	0.8680680423024913	centroid_cosine
wikivir-004477::window::38	47	0.8666951606539921	centroid_cosine
wikivir-003412::window::154	47	0.8650657362566198	centroid_cosine
wikivir-003095::window::25	47	0.8649435978553832	centroid_cosine
wikivir-020180::window::16	47	0.8648157900403786	centroid_cosine
wikivir-021022::window::964	47	0.8646508491851599	centroid_cosine
wikivir-021022::window::2088	47	0.864351830224017	centroid_cosine
wikivir-000935::window::87	47	0.8634827463796297	centroid_cosine
wikivir-017367::window::97	47	0.8629387317876989	centroid_cosine
wikivir-012361::window::55	47	0.8627979274032902	centroid_cosine
wikivir-015510::window::22	47	0.8626682722627838	centroid_cosine
wikivir-000868::window::158	47	0.862245632528913	centroid_cosine
wikivir-006380::window::28	47	0.7206457828138806	centroid_cosine
wikivir-004666::window::35	47	0.7883731699655638	centroid_cosine
wikivir-016894::window::1231	47	0.7359784076300206	centroid_cosine
wikivir-017423::window::13	47	0.748499337594236	centroid_cosine
wikivir-004722::window::212	47	0.7638196869074958	centroid_cosine
wikivir-014678::window::7	47	0.7270709722301778	centroid_cosine
wikivir-004445::window::168	47	0.7468468579361002	centroid_cosine
wikivir-000906::window::395	47	0.8187361242197517	centroid_cosine
wikivir-000627::window::312	47	0.6978650296344782	centroid_cosine
wikivir-001516::window::170	47	0.7500508095278238	centroid_cosine
wikivir-004501::window::13	48	0.8956699838039884	centroid_cosine
wikivir-004230::window::127	48	0.8890406352340707	centroid_cosine
wikivir-014314::window::63	48	0.8875091171995442	centroid_cosine
wikivir-016878::window::450	48	0.8821916976834014	centroid_cosine
wikivir-010850::window::14	48	0.8820179822111738	centroid_cosine
wikivir-015733::window::334	48	0.8808818916112531	centroid_cosine
wikivir-001452::window::131	48	0.8802317111078428	centroid_cosine
wikivir-003412::window::161	48	0.8800542395307676	centroid_cosine
wikivir-004694::window::216	48	0.8794954248802712	centroid_cosine
wikivir-015091::window::82	48	0.8788706961148465	centroid_cosine
wikivir-018745::window::17	48	0.8786659913495094	centroid_cosine
wikivir-016878::window::499	48	0.8784365240255426	centroid_cosine
wikivir-000934::window::322	48	0.8774922781828793	centroid_cosine
wikivir-004502::window::23	48	0.876880905714432	centroid_cosine
wikivir-004501::window::23	48	0.8766251812118894	centroid_cosine
wikivir-015733::window::436	48	0.8759406122412119	centroid_cosine
wikivir-000343::window::43	48	0.8756728770835129	centroid_cosine
wikivir-015733::window::333	48	0.8753270310330723	centroid_cosine
wikivir-004501::window::10	48	0.8749685023104912	centroid_cosine
wikivir-020827::window::110	48	0.8749584663472898	centroid_cosine
wikivir-004562::window::82	48	0.873662190698683	centroid_cosine
wikivir-000343::window::25	48	0.8733429396846817	centroid_cosine
wikivir-003121::window::14	48	0.8729494537492755	centroid_cosine
wikivir-016894::window::1382	48	0.8721754310580844	centroid_cosine
wikivir-016878::window::1788	48	0.8718769848711242	centroid_cosine
wikivir-015422::window::144	48	0.728930070586766	centroid_cosine
wikivir-016474::window::320	48	0.7247533125436516	centroid_cosine
wikivir-014969::window::54	48	0.49581394234139664	centroid_cosine
wikivir-016871::window::28	48	0.7684931303179874	centroid_cosine
wikivir-017071::window::47	48	0.7730898823541408	centroid_cosine
wikivir-004543::window::62	48	0.7406644953170276	centroid_cosine
wikivir-003963::window::11	48	0.7851417830666356	centroid_cosine
wikivir-021152::window::904	48	0.806234080629372	centroid_cosine
wikivir-015426::window::191	48	0.7682186723674022	centroid_cosine
wikivir-021022::window::326	48	0.7281249327125517	centroid_cosine
wikivir-020799::window::52	49	0.8820616161587178	centroid_cosine
wikivir-010975::window::268	49	0.8801168949898306	centroid_cosine
wikivir-016097::window::105	49	0.8777440943466011	centroid_cosine
wikivir-004448::window::59	49	0.8737224193336455	centroid_cosine
wikivir-000910::window::237	49	0.8715346675298971	centroid_cosine
wikivir-020795::window::161	49	0.8713599012168213	centroid_cosine
wikivir-020795::window::133	49	0.8708331326291892	centroid_cosine
wikivir-004223::window::71	49	0.8701192148973508	centroid_cosine
wikivir-000609::window::107	49	0.8670496531315308	centroid_cosine
wikivir-004229::window::143	49	0.8657982004682779	centroid_cosine
wikivir-015200::window::120	49	0.8626932092374202	centroid_cosine
wikivir-017154::window::595	49	0.8616770019748384	centroid_cosine
wikivir-014314::window::245	49	0.8615291560690506	centroid_cosine
wikivir-019134::window::97	49	0.8613802637026087	centroid_cosine
wikivir-004303::window::126	49	0.8608460207924458	centroid_cosine
wikivir-018109::window::16	49	0.8607514146746983	centroid_cosine
wikivir-016891::window::83	49	0.86053274925409	centroid_cosine
wikivir-015430::window::129	49	0.8595841653485228	centroid_cosine
wikivir-015459::window::201	49	0.859236668170555	centroid_cosine
wikivir-000820::window::159	49	0.8591818273154539	centroid_cosine
wikivir-000679::window::18	49	0.8591133905576268	centroid_cosine
wikivir-000944::window::142	49	0.8574694806814084	centroid_cosine
wikivir-020074::window::125	49	0.8572543279257779	centroid_cosine
wikivir-011740::window::75	49	0.8568684018294678	centroid_cosine
wikivir-013944::window::106	49	0.8565750929852733	centroid_cosine
wikivir-004693::window::116	49	0.7365396086076612	centroid_cosine
wikivir-000609::window::95	49	0.7291214272562638	centroid_cosine
wikivir-004198::window::567	49	0.7458451216304803	centroid_cosine
wikivir-011642::window::66	49	0.81887534621962	centroid_cosine
wikivir-017046::window::1	49	0.6308093087387009	centroid_cosine
wikivir-013184::window::235	49	0.768332689599531	centroid_cosine
wikivir-015755::window::220	49	0.6844039151025203	centroid_cosine
wikivir-017367::window::146	49	0.8274273048912911	centroid_cosine
wikivir-013199::window::169	49	0.7715657453152241	centroid_cosine
wikivir-004208::window::69	49	0.7774834221594595	centroid_cosine
wikivir-004304::window::23	50	0.9065838374858382	centroid_cosine
wikivir-020617::window::407	50	0.895182642796923	centroid_cosine
wikivir-007381::window::109	50	0.8922536547866506	centroid_cosine
wikivir-016521::window::36	50	0.8856583202167669	centroid_cosine
wikivir-018753::window::6	50	0.8852224525045094	centroid_cosine
wikivir-015051::window::347	50	0.8820812493869326	centroid_cosine
wikivir-018753::window::10	50	0.8809677372929224	centroid_cosine
wikivir-016973::window::90	50	0.8747703506971287	centroid_cosine
wikivir-013087::window::15	50	0.8741574754048729	centroid_cosine
wikivir-013601::window::6	50	0.8739988443971717	centroid_cosine
wikivir-004461::window::53	50	0.8738469446243193	centroid_cosine
wikivir-000949::window::2	50	0.8733210014564154	centroid_cosine
wikivir-010303::window::23	50	0.8729200363131864	centroid_cosine
wikivir-015432::window::70	50	0.8715548961739178	centroid_cosine
wikivir-016548::window::375	50	0.870285261190897	centroid_cosine
wikivir-015893::window::23	50	0.8697965759268625	centroid_cosine
wikivir-000782::window::107	50	0.8691859072164982	centroid_cosine
wikivir-015906::window::14	50	0.8687048379334292	centroid_cosine
wikivir-004541::window::155	50	0.8678680389567426	centroid_cosine
wikivir-015051::window::500	50	0.8678428034201183	centroid_cosine
wikivir-015437::window::142	50	0.8673289930316073	centroid_cosine
wikivir-016578::window::11	50	0.8671716539887177	centroid_cosine
wikivir-003345::window::38	50	0.867094792785821	centroid_cosine
wikivir-004541::window::47	50	0.8668825134989524	centroid_cosine
wikivir-000891::window::14	50	0.8667981345972504	centroid_cosine
wikivir-017106::window::98	50	0.7060371638349217	centroid_cosine
wikivir-004305::window::40	50	0.7198456970761381	centroid_cosine
wikivir-013735::window::2	50	0.7499908988265432	centroid_cosine
wikivir-018067::window::16	50	0.729756056564874	centroid_cosine
wikivir-006171::window::2	50	0.7741422351369501	centroid_cosine
wikivir-000816::window::32	50	0.7056063500931818	centroid_cosine
wikivir-004347::window::289	50	0.7377471556559329	centroid_cosine
wikivir-013715::window::3	50	0.7043577126399188	centroid_cosine
wikivir-004572::window::26	50	0.786061508738324	centroid_cosine
wikivir-000893::window::8	50	0.7833363776589755	centroid_cosine
wikivir-020296::window::866	51	0.8890041439426807	centroid_cosine
wikivir-004436::window::125	51	0.884578686642459	centroid_cosine
wikivir-007382::window::48	51	0.8808970279588273	centroid_cosine
wikivir-013687::window::2	51	0.8796261360111175	centroid_cosine
wikivir-004445::window::311	51	0.8790196622737267	centroid_cosine
wikivir-004481::window::257	51	0.878827650445565	centroid_cosine
wikivir-000590::window::256	51	0.8729640602728046	centroid_cosine
wikivir-013848::window::6	51	0.872256708547485	centroid_cosine
wikivir-016094::window::68	51	0.8712485268992551	centroid_cosine
wikivir-014642::window::306	51	0.8674052990847593	centroid_cosine
wikivir-016755::window::130	51	0.8673535132476594	centroid_cosine
wikivir-004700::window::29	51	0.866266978175159	centroid_cosine
wikivir-003098::window::58	51	0.8658318353995553	centroid_cosine
wikivir-016432::window::743	51	0.8650801047480754	centroid_cosine
wikivir-000948::window::54	51	0.8645623699287975	centroid_cosine
wikivir-013139::window::5	51	0.8645437601038529	centroid_cosine
wikivir-011687::window::45	51	0.8641005034290243	centroid_cosine
wikivir-016100::window::307	51	0.8625679098666792	centroid_cosine
wikivir-014447::window::145	51	0.8607697620230952	centroid_cosine
wikivir-007303::window::26	51	0.8606247698422294	centroid_cosine
wikivir-004194::window::596	51	0.8601731295837238	centroid_cosine
wikivir-000590::window::300	51	0.8563820380580864	centroid_cosine
wikivir-020299::window::329	51	0.8561226145117227	centroid_cosine
wikivir-014662::window::33	51	0.8560316596407384	centroid_cosine
wikivir-000590::window::251	51	0.8551658808867486	centroid_cosine
wikivir-016094::window::115	51	0.6970232205561302	centroid_cosine
wikivir-000615::window::481	51	0.8109477593686134	centroid_cosine
wikivir-000967::window::649	51	0.7486778085800554	centroid_cosine
wikivir-000948::window::46	51	0.7451819349871922	centroid_cosine
wikivir-014850::window::460	51	0.7137186415599521	centroid_cosine
wikivir-000946::window::269	51	0.8231638271224333	centroid_cosine
wikivir-004436::window::4	51	0.522589922167495	centroid_cosine
wikivir-011392::window::98	51	0.6412576356158619	centroid_cosine
wikivir-000945::window::410	51	0.78525637922704	centroid_cosine
wikivir-014753::window::8	51	0.6460807796178847	centroid_cosine
wikivir-017452::window::3	52	0.8995451912302064	centroid_cosine
wikivir-000614::window::234	52	0.8974124076186867	centroid_cosine
wikivir-000935::window::8	52	0.8942234370102242	centroid_cosine
wikivir-015751::window::86	52	0.8893999753980134	centroid_cosine
wikivir-016104::window::27	52	0.8885355715958865	centroid_cosine
wikivir-016976::window::571	52	0.8836356277686552	centroid_cosine
wikivir-016102::window::405	52	0.8825924744863463	centroid_cosine
wikivir-000679::window::119	52	0.8820653926163036	centroid_cosine
wikivir-020862::window::84	52	0.8817223523389975	centroid_cosine
wikivir-000585::window::4	52	0.8805440396857496	centroid_cosine
wikivir-011000::window::45	52	0.8800997491056135	centroid_cosine
wikivir-001441::window::31	52	0.8791525598401086	centroid_cosine
wikivir-016976::window::140	52	0.8783514189929504	centroid_cosine
wikivir-020798::window::48	52	0.8782912453905491	centroid_cosine
wikivir-003738::window::10	52	0.8780891746278612	centroid_cosine
wikivir-015730::window::15	52	0.8771586612034197	centroid_cosine
wikivir-004230::window::2	52	0.8764017963609038	centroid_cosine
wikivir-019520::window::3	52	0.8761514766234244	centroid_cosine
wikivir-014312::window::4	52	0.8761426542015209	centroid_cosine
wikivir-012534::window::12	52	0.8747821626525626	centroid_cosine
wikivir-011729::window::271	52	0.8747312687868971	centroid_cosine
wikivir-014851::window::283	52	0.8744047150437567	centroid_cosine
wikivir-002805::window::11	52	0.8742500112823873	centroid_cosine
wikivir-013175::window::187	52	0.8739094812775015	centroid_cosine
wikivir-001182::window::381	52	0.8713452699419111	centroid_cosine
wikivir-015177::window::78	52	0.8658256923107469	centroid_cosine
wikivir-000590::window::72	52	0.7871642523466935	centroid_cosine
wikivir-000967::window::240	52	0.7817278962072596	centroid_cosine
wikivir-000934::window::110	52	0.7172819518909996	centroid_cosine
wikivir-014041::window::7	52	0.8207576680528417	centroid_cosine
wikivir-000912::window::42	52	0.7603459990703325	centroid_cosine
wikivir-004211::window::123	52	0.8135556101120456	centroid_cosine
wikivir-006789::window::1	52	0.7845010116397544	centroid_cosine
wikivir-000910::window::52	52	0.7924500771894509	centroid_cosine
wikivir-013737::window::138	52	0.8027617475880662	centroid_cosine
wikivir-014333::window::103	53	0.9105307170566271	centroid_cosine
wikivir-000936::window::106	53	0.9100500175111301	centroid_cosine
wikivir-011674::window::101	53	0.8950000669876597	centroid_cosine
wikivir-003098::window::283	53	0.8936788811622433	centroid_cosine
wikivir-004470::window::132	53	0.8899915215518182	centroid_cosine
wikivir-016063::window::41	53	0.8898761490861605	centroid_cosine
wikivir-010264::window::136	53	0.8882793463449583	centroid_cosine
wikivir-020102::window::196	53	0.8859189783776962	centroid_cosine
wikivir-020827::window::239	53	0.8836531343545435	centroid_cosine
wikivir-000935::window::49	53	0.8816308187253591	centroid_cosine
wikivir-016976::window::421	53	0.879119180425854	centroid_cosine
wikivir-004568::window::71	53	0.8765143583683012	centroid_cosine
wikivir-016878::window::541	53	0.8759721294361733	centroid_cosine
wikivir-004463::window::257	53	0.8756967624068785	centroid_cosine
wikivir-017089::window::302	53	0.875485552353278	centroid_cosine
wikivir-016102::window::281	53	0.8751399929821955	centroid_cosine
wikivir-017067::window::22	53	0.8734754862675497	centroid_cosine
wikivir-004739::window::86	53	0.8734136609046885	centroid_cosine
wikivir-013578::window::14	53	0.8732468557678192	centroid_cosine
wikivir-016989::window::26	53	0.8726508493753884	centroid_cosine
wikivir-001182::window::22	53	0.8721031819661772	centroid_cosine
wikivir-015766::window::281	53	0.8717992649072179	centroid_cosine
wikivir-011391::window::8	53	0.8717917066446503	centroid_cosine
wikivir-003092::window::213	53	0.8717890236157406	centroid_cosine
wikivir-016954::window::10	53	0.8708055445845414	centroid_cosine
wikivir-016893::window::881	53	0.817644668029508	centroid_cosine
wikivir-002836::window::52	53	0.7239978781827947	centroid_cosine
wikivir-019150::window::1258	53	0.7622134549009673	centroid_cosine
wikivir-021152::window::834	53	0.7206160826466802	centroid_cosine
wikivir-009484::window::36	53	0.7416259316368096	centroid_cosine
wikivir-014660::window::91	53	0.8472663477922695	centroid_cosine
wikivir-010349::window::7	53	0.7553159089250708	centroid_cosine
wikivir-000884::window::134	53	0.8000051967672338	centroid_cosine
wikivir-004540::window::165	53	0.7830788456744964	centroid_cosine
wikivir-001445::window::251	53	0.7605119868187595	centroid_cosine
wikivir-014341::window::180	54	0.8609983572374375	centroid_cosine
wikivir-017090::window::149	54	0.845271824269795	centroid_cosine
wikivir-003964::window::16	54	0.8447790133252939	centroid_cosine
wikivir-008398::window::1	54	0.8444066809974762	centroid_cosine
wikivir-003044::window::8	54	0.8420160375815474	centroid_cosine
wikivir-020155::window::55	54	0.8408782059122812	centroid_cosine
wikivir-000654::window::450	54	0.8387652869342268	centroid_cosine
wikivir-004647::window::50	54	0.8376293507572008	centroid_cosine
wikivir-010686::window::186	54	0.8340938394259708	centroid_cosine
wikivir-017090::window::182	54	0.8336446047869952	centroid_cosine
wikivir-000697::window::62	54	0.8321245898016456	centroid_cosine
wikivir-002888::window::26	54	0.8299863788724431	centroid_cosine
wikivir-016150::window::20	54	0.8286901189692835	centroid_cosine
wikivir-014490::window::36	54	0.8281540378579753	centroid_cosine
wikivir-008505::window::1	54	0.8257684608988576	centroid_cosine
wikivir-004214::window::119	54	0.8257439166971637	centroid_cosine
wikivir-015188::window::5	54	0.8254566096972753	centroid_cosine
wikivir-010347::window::228	54	0.8254275058735301	centroid_cosine
wikivir-015673::window::62	54	0.8251341807172434	centroid_cosine
wikivir-015714::window::37	54	0.8246604369568089	centroid_cosine
wikivir-015423::window::16	54	0.8233231787131567	centroid_cosine
wikivir-005283::window::1	54	0.8233149644642673	centroid_cosine
wikivir-000800::window::221	54	0.8222277632036483	centroid_cosine
wikivir-003092::window::377	54	0.8206560255409405	centroid_cosine
wikivir-010350::window::38	54	0.8199011622163892	centroid_cosine
wikivir-019604::window::21	54	0.6387641975733742	centroid_cosine
wikivir-002833::window::13	54	0.6342994592506529	centroid_cosine
wikivir-020181::window::139	54	0.5980488788351688	centroid_cosine
wikivir-012876::window::26	54	0.6737738837765759	centroid_cosine
wikivir-010357::window::47	54	0.7491691335183671	centroid_cosine
wikivir-014969::window::16	54	0.7247927725821592	centroid_cosine
wikivir-010764::window::243	54	0.6185816234458312	centroid_cosine
wikivir-000820::window::368	54	0.7207678029579715	centroid_cosine
wikivir-004501::window::150	54	0.6685193511575098	centroid_cosine
wikivir-000970::window::40	54	0.6385312440904947	centroid_cosine
wikivir-002807::window::27	55	0.8891032723748781	centroid_cosine
wikivir-004464::window::89	55	0.8879006753989729	centroid_cosine
wikivir-010365::window::130	55	0.8847435041056655	centroid_cosine
wikivir-000580::window::225	55	0.8768635034207779	centroid_cosine
wikivir-010847::window::16	55	0.8721175155270755	centroid_cosine
wikivir-000580::window::375	55	0.8711072467003789	centroid_cosine
wikivir-017427::window::164	55	0.8677510391656726	centroid_cosine
wikivir-000580::window::105	55	0.8668089278893572	centroid_cosine
wikivir-000580::window::228	55	0.8662355281212036	centroid_cosine
wikivir-016177::window::43	55	0.8655674935718398	centroid_cosine
wikivir-013372::window::14	55	0.8645350915767854	centroid_cosine
wikivir-000580::window::121	55	0.8643328050000878	centroid_cosine
wikivir-015616::window::4	55	0.862067809757904	centroid_cosine
wikivir-012516::window::3	55	0.8608005413453907	centroid_cosine
wikivir-011396::window::75	55	0.8607080884541778	centroid_cosine
wikivir-015529::window::6	55	0.8605739607081823	centroid_cosine
wikivir-015926::window::62	55	0.8587723205330104	centroid_cosine
wikivir-011616::window::28	55	0.8583262099560067	centroid_cosine
wikivir-014660::window::209	55	0.857957515000676	centroid_cosine
wikivir-016262::window::66	55	0.8575538765370253	centroid_cosine
wikivir-016879::window::1042	55	0.8573668937452026	centroid_cosine
wikivir-010681::window::35	55	0.8557633735814778	centroid_cosine
wikivir-015605::window::98	55	0.8547919123892473	centroid_cosine
wikivir-015856::window::55	55	0.8543890619926469	centroid_cosine
wikivir-010841::window::166	55	0.854271559894042	centroid_cosine
wikivir-013344::window::1	55	0.6903568017675044	centroid_cosine
wikivir-021184::window::11	55	0.6449566965072566	centroid_cosine
wikivir-004501::window::79	55	0.6893467019104185	centroid_cosine
wikivir-017882::window::113	55	0.6716247602261217	centroid_cosine
wikivir-000690::window::459	55	0.7106662700259105	centroid_cosine
wikivir-020185::window::65	55	0.6288594620915557	centroid_cosine
wikivir-006443::window::18	55	0.6762387851977869	centroid_cosine
wikivir-014850::window::436	55	0.7816861285387611	centroid_cosine
wikivir-003462::window::44	55	0.6461680928243706	centroid_cosine
wikivir-003462::window::85	55	0.6945016668657062	centroid_cosine
wikivir-014941::window::61	56	0.8910320086454075	centroid_cosine
wikivir-000591::window::112	56	0.8821464519335731	centroid_cosine
wikivir-010836::window::99	56	0.8797580833268908	centroid_cosine
wikivir-000806::window::12	56	0.878576185320657	centroid_cosine
wikivir-017396::window::12	56	0.8783383699695851	centroid_cosine
wikivir-011672::window::16	56	0.8778272596583261	centroid_cosine
wikivir-016082::window::49	56	0.877409478930386	centroid_cosine
wikivir-017584::window::364	56	0.875247146900218	centroid_cosine
wikivir-015752::window::350	56	0.8745494884828446	centroid_cosine
wikivir-016077::window::90	56	0.8735158833519712	centroid_cosine
wikivir-016087::window::147	56	0.8722508788509542	centroid_cosine
wikivir-000577::window::382	56	0.8714572794008726	centroid_cosine
wikivir-013616::window::218	56	0.871168800709341	centroid_cosine
wikivir-004570::window::231	56	0.869988782585751	centroid_cosine
wikivir-017154::window::628	56	0.8698442902529213	centroid_cosine
wikivir-017431::window::105	56	0.8686154035502351	centroid_cosine
wikivir-004324::window::81	56	0.8683670521881732	centroid_cosine
wikivir-015766::window::146	56	0.8675072742457719	centroid_cosine
wikivir-011678::window::405	56	0.8666512549367145	centroid_cosine
wikivir-013616::window::70	56	0.8665429599121888	centroid_cosine
wikivir-016893::window::973	56	0.8663849040316955	centroid_cosine
wikivir-021152::window::421	56	0.8663782331136183	centroid_cosine
wikivir-016569::window::196	56	0.8652794624056096	centroid_cosine
wikivir-015756::window::109	56	0.8646713623298259	centroid_cosine
wikivir-015593::window::71	56	0.8637478601036386	centroid_cosine
wikivir-000579::window::395	56	0.7858472911452509	centroid_cosine
wikivir-004212::window::179	56	0.8199773135242451	centroid_cosine
wikivir-011665::window::87	56	0.7275960445878737	centroid_cosine
wikivir-013653::window::316	56	0.7670934701952457	centroid_cosine
wikivir-000808::window::308	56	0.71167600445936	centroid_cosine
wikivir-016878::window::13	56	0.8323983117993692	centroid_cosine
wikivir-015407::window::8	56	0.7219907572565476	centroid_cosine
wikivir-016894::window::514	56	0.8540241031925856	centroid_cosine
wikivir-013807::window::13	56	0.8181218006554386	centroid_cosine
wikivir-003093::window::62	56	0.7946128530432985	centroid_cosine
wikivir-020304::window::1	57	0.9092584459037393	centroid_cosine
wikivir-011756::window::110	57	0.9071703540486838	centroid_cosine
wikivir-019931::window::100	57	0.9054654976583482	centroid_cosine
wikivir-011108::window::1	57	0.9013737197352618	centroid_cosine
wikivir-004488::window::76	57	0.8958705844173911	centroid_cosine
wikivir-011756::window::98	57	0.8944311507766435	centroid_cosine
wikivir-016547::window::5	57	0.8929600178026517	centroid_cosine
wikivir-003501::window::73	57	0.8926681626698242	centroid_cosine
wikivir-003832::window::40	57	0.8904206556372299	centroid_cosine
wikivir-019660::window::1	57	0.8885889488316658	centroid_cosine
wikivir-011756::window::69	57	0.8880255903942162	centroid_cosine
wikivir-001343::window::1	57	0.8852227141881	centroid_cosine
wikivir-015714::window::4	57	0.8836256898647012	centroid_cosine
wikivir-001208::window::1	57	0.8834730625328562	centroid_cosine
wikivir-000782::window::185	57	0.8833441718588675	centroid_cosine
wikivir-016518::window::60	57	0.8830401049407537	centroid_cosine
wikivir-008538::window::1	57	0.8821808655894867	centroid_cosine
wikivir-011718::window::12	57	0.8818315771364937	centroid_cosine
wikivir-016547::window::37	57	0.8815207361048532	centroid_cosine
wikivir-007072::window::2	57	0.8808937980686036	centroid_cosine
wikivir-011374::window::2	57	0.8806694350206667	centroid_cosine
wikivir-011718::window::6	57	0.8802496736585717	centroid_cosine
wikivir-010253::window::1	57	0.8801873653286689	centroid_cosine
wikivir-015714::window::6	57	0.8799003670256639	centroid_cosine
wikivir-003812::window::73	57	0.878988507111888	centroid_cosine
wikivir-015457::window::13	57	0.7599242912935962	centroid_cosine
wikivir-003293::window::49	57	0.7084923281076903	centroid_cosine
wikivir-017408::window::155	57	0.7421448673244464	centroid_cosine
wikivir-016319::window::1	57	0.7547212606677215	centroid_cosine
wikivir-004570::window::96	57	0.689080256167088	centroid_cosine
wikivir-018981::window::114	57	0.7749579346410198	centroid_cosine
wikivir-002941::window::6	57	0.7753695250873657	centroid_cosine
wikivir-000935::window::112	57	0.7904588206730965	centroid_cosine
wikivir-008429::window::1	57	0.8190871529679438	centroid_cosine
wikivir-013691::window::27	57	0.7756771893500587	centroid_cosine
wikivir-003005::window::548	58	0.8909902373555205	centroid_cosine
wikivir-015552::window::100	58	0.8888625811606297	centroid_cosine
wikivir-016456::window::7	58	0.8859110019430009	centroid_cosine
wikivir-013236::window::386	58	0.8817604868761568	centroid_cosine
wikivir-016077::window::49	58	0.8805227593289522	centroid_cosine
wikivir-006718::window::343	58	0.8786601310871381	centroid_cosine
wikivir-016634::window::154	58	0.8753033792159307	centroid_cosine
wikivir-017725::window::167	58	0.8742574140354378	centroid_cosine
wikivir-020134::window::116	58	0.8731512624147839	centroid_cosine
wikivir-014851::window::809	58	0.8722344843695968	centroid_cosine
wikivir-020929::window::383	58	0.8700296506026041	centroid_cosine
wikivir-002820::window::433	58	0.8684687472867951	centroid_cosine
wikivir-016432::window::1517	58	0.8678602440893892	centroid_cosine
wikivir-018459::window::3	58	0.8676817345799651	centroid_cosine
wikivir-015946::window::1	58	0.8660709669961904	centroid_cosine
wikivir-001444::window::8	58	0.8651141599005792	centroid_cosine
wikivir-004562::window::68	58	0.8642304226668716	centroid_cosine
wikivir-015810::window::146	58	0.8634055305134768	centroid_cosine
wikivir-010825::window::428	58	0.8594147043290273	centroid_cosine
wikivir-004311::window::73	58	0.8584622514704382	centroid_cosine
wikivir-010686::window::281	58	0.8581712441851513	centroid_cosine
wikivir-004668::window::17	58	0.856681348279299	centroid_cosine
wikivir-016077::window::320	58	0.8563011476682355	centroid_cosine
wikivir-014678::window::5	58	0.8551169215116607	centroid_cosine
wikivir-004668::window::39	58	0.8531828061230178	centroid_cosine
wikivir-020868::window::439	58	0.7674893059640043	centroid_cosine
wikivir-000800::window::156	58	0.744155584141267	centroid_cosine
wikivir-002873::window::35	58	0.7550525947664506	centroid_cosine
wikivir-000937::window::1	58	0.6605927564379344	centroid_cosine
wikivir-020289::window::52	58	0.4844590137383838	centroid_cosine
wikivir-011777::window::7	58	0.7141224343630808	centroid_cosine
wikivir-011591::window::472	58	0.7390114428445735	centroid_cosine
wikivir-013141::window::21	58	0.8038423766216176	centroid_cosine
wikivir-002997::window::155	58	0.6871802016109828	centroid_cosine
wikivir-001168::window::26	58	0.7982433078004219	centroid_cosine
wikivir-011666::window::19	59	0.8883449387328669	centroid_cosine
wikivir-011797::window::3	59	0.86581568561038	centroid_cosine
wikivir-009484::window::147	59	0.8621435801961224	centroid_cosine
wikivir-014336::window::48	59	0.8606808578183022	centroid_cosine
wikivir-013697::window::332	59	0.8606256880087774	centroid_cosine
wikivir-003754::window::9	59	0.859005253212199	centroid_cosine
wikivir-004235::window::83	59	0.8575093709031409	centroid_cosine
wikivir-016460::window::11	59	0.8572632581463926	centroid_cosine
wikivir-017424::window::21	59	0.8544637523459488	centroid_cosine
wikivir-012096::window::79	59	0.8540235681010853	centroid_cosine
wikivir-004463::window::240	59	0.8535275165459709	centroid_cosine
wikivir-018477::window::52	59	0.8510875768038311	centroid_cosine
wikivir-000934::window::316	59	0.8502770929698589	centroid_cosine
wikivir-011677::window::292	59	0.849761369241543	centroid_cosine
wikivir-015177::window::26	59	0.8476741165428152	centroid_cosine
wikivir-011379::window::106	59	0.8466509576702095	centroid_cosine
wikivir-000577::window::180	59	0.8439927670278985	centroid_cosine
wikivir-015293::window::3	59	0.8439456330455345	centroid_cosine
wikivir-004228::window::99	59	0.8438114249666038	centroid_cosine
wikivir-011379::window::62	59	0.8431050502872462	centroid_cosine
wikivir-015436::window::147	59	0.8425360939066381	centroid_cosine
wikivir-004207::window::24	59	0.8419000677868922	centroid_cosine
wikivir-012096::window::42	59	0.8405391958078905	centroid_cosine
wikivir-015430::window::24	59	0.8403909563408696	centroid_cosine
wikivir-006380::window::36	59	0.8400038824685192	centroid_cosine
wikivir-018216::window::1	59	0.7410070611299924	centroid_cosine
wikivir-000692::window::6	59	0.7964146806945025	centroid_cosine
wikivir-015593::window::23	59	0.669862047224004	centroid_cosine
wikivir-011698::window::13	59	0.6478550846320836	centroid_cosine
wikivir-004501::window::5	59	0.7309041283894923	centroid_cosine
wikivir-006198::window::1	59	0.61999376817717	centroid_cosine
wikivir-006451::window::9	59	0.6835979955842881	centroid_cosine
wikivir-014202::window::4	59	0.7628425174319833	centroid_cosine
wikivir-019726::window::5	59	0.7125565817569489	centroid_cosine
wikivir-017403::window::140	59	0.7245109409625078	centroid_cosine
wikivir-010850::window::7	60	0.9128340790252076	centroid_cosine
wikivir-021022::window::1987	60	0.8842556041724787	centroid_cosine
wikivir-003005::window::77	60	0.8812657118596179	centroid_cosine
wikivir-003121::window::34	60	0.8804012078948724	centroid_cosine
wikivir-013859::window::62	60	0.8762034165321169	centroid_cosine
wikivir-014511::window::14	60	0.8737292567242281	centroid_cosine
wikivir-004686::window::105	60	0.8734240757400324	centroid_cosine
wikivir-015509::window::37	60	0.8722567257571308	centroid_cosine
wikivir-000967::window::112	60	0.8717209102797298	centroid_cosine
wikivir-020787::window::93	60	0.870598490903723	centroid_cosine
wikivir-021022::window::1446	60	0.8704924859071308	centroid_cosine
wikivir-004553::window::22	60	0.8662729246964768	centroid_cosine
wikivir-010169::window::131	60	0.8656783583883783	centroid_cosine
wikivir-001025::window::153	60	0.8654267229906835	centroid_cosine
wikivir-003273::window::22	60	0.8653751111455898	centroid_cosine
wikivir-003941::window::161	60	0.8638703968940915	centroid_cosine
wikivir-010850::window::27	60	0.8638664977312341	centroid_cosine
wikivir-015739::window::371	60	0.8629022486639564	centroid_cosine
wikivir-000946::window::159	60	0.8621807926756382	centroid_cosine
wikivir-011379::window::213	60	0.8609966186783236	centroid_cosine
wikivir-017408::window::72	60	0.8609463000095379	centroid_cosine
wikivir-000942::window::41	60	0.8605323931607526	centroid_cosine
wikivir-004568::window::57	60	0.8589422870255061	centroid_cosine
wikivir-020299::window::144	60	0.858902125670249	centroid_cosine
wikivir-014842::window::91	60	0.8586935074163863	centroid_cosine
wikivir-010165::window::34	60	0.7311681116269764	centroid_cosine
wikivir-001827::window::116	60	0.730002826999745	centroid_cosine
wikivir-007653::window::72	60	0.7638176000778127	centroid_cosine
wikivir-002711::window::15	60	0.741865805062021	centroid_cosine
wikivir-000910::window::150	60	0.7078465537049656	centroid_cosine
wikivir-000591::window::7	60	0.7688840757958036	centroid_cosine
wikivir-015433::window::38	60	0.7901225104189042	centroid_cosine
wikivir-020181::window::140	60	0.7400186958536377	centroid_cosine
wikivir-016474::window::557	60	0.7652252755896178	centroid_cosine
wikivir-014640::window::220	60	0.6371536936245297	centroid_cosine
wikivir-010840::window::164	61	0.8946324098607801	centroid_cosine
wikivir-001860::window::41	61	0.8895616406845823	centroid_cosine
wikivir-003887::window::9	61	0.8873312567967795	centroid_cosine
wikivir-004231::window::66	61	0.8815728456041344	centroid_cosine
wikivir-001860::window::15	61	0.8786565847109009	centroid_cosine
wikivir-009484::window::52	61	0.8775973814664915	centroid_cosine
wikivir-015742::window::89	61	0.8747220415771038	centroid_cosine
wikivir-004628::window::88	61	0.8744253997152194	centroid_cosine
wikivir-000868::window::131	61	0.8724745447444178	centroid_cosine
wikivir-002862::window::9	61	0.8720986605779668	centroid_cosine
wikivir-000343::window::36	61	0.8694400005333953	centroid_cosine
wikivir-004681::window::39	61	0.8692396333355621	centroid_cosine
wikivir-020617::window::92	61	0.8690675023581729	centroid_cosine
wikivir-004766::window::10	61	0.8672211807709285	centroid_cosine
wikivir-010861::window::14	61	0.8654664469684219	centroid_cosine
wikivir-015742::window::77	61	0.8650389377371159	centroid_cosine
wikivir-003937::window::204	61	0.863587288801572	centroid_cosine
wikivir-003158::window::39	61	0.8627194652375061	centroid_cosine
wikivir-014453::window::13	61	0.8626595538407468	centroid_cosine
wikivir-016058::window::13	61	0.8621250951831309	centroid_cosine
wikivir-001827::window::28	61	0.8608607758141187	centroid_cosine
wikivir-013597::window::547	61	0.8608365472753139	centroid_cosine
wikivir-003446::window::51	61	0.8602787822919071	centroid_cosine
wikivir-003937::window::175	61	0.8600958208602713	centroid_cosine
wikivir-010165::window::137	61	0.8598761409734496	centroid_cosine
wikivir-003110::window::41	61	0.6220567156131558	centroid_cosine
wikivir-020296::window::722	61	0.817992783861494	centroid_cosine
wikivir-016548::window::465	61	0.7440312370113894	centroid_cosine
wikivir-013194::window::22	61	0.8443511298148143	centroid_cosine
wikivir-018749::window::3	61	0.6093801957212566	centroid_cosine
wikivir-002811::window::62	61	0.7093171648276999	centroid_cosine
wikivir-003937::window::7	61	0.6761473854621252	centroid_cosine
wikivir-015520::window::36	61	0.7117172384909141	centroid_cosine
wikivir-004417::window::161	61	0.7112637093404975	centroid_cosine
wikivir-011391::window::10	61	0.6793235280523883	centroid_cosine
wikivir-014850::window::316	62	0.8826924567002365	centroid_cosine
wikivir-003768::window::105	62	0.8781689297746067	centroid_cosine
wikivir-004701::window::479	62	0.87567144765555	centroid_cosine
wikivir-004165::window::251	62	0.8722444456498042	centroid_cosine
wikivir-013456::window::74	62	0.871053600192773	centroid_cosine
wikivir-015602::window::52	62	0.8663796939201668	centroid_cosine
wikivir-014776::window::1	62	0.8607733972141656	centroid_cosine
wikivir-000945::window::43	62	0.8578162917112357	centroid_cosine
wikivir-011783::window::76	62	0.8575395197512169	centroid_cosine
wikivir-020081::window::23	62	0.8552203708520327	centroid_cosine
wikivir-016869::window::79	62	0.8549309288607823	centroid_cosine
wikivir-014545::window::122	62	0.8544365186561464	centroid_cosine
wikivir-010848::window::102	62	0.8538426842575582	centroid_cosine
wikivir-013858::window::5	62	0.8526934229832335	centroid_cosine
wikivir-003348::window::1562	62	0.8519047780607368	centroid_cosine
wikivir-004701::window::151	62	0.8515200737376631	centroid_cosine
wikivir-003348::window::1706	62	0.8508488202244175	centroid_cosine
wikivir-003348::window::1626	62	0.8504154348665476	centroid_cosine
wikivir-018264::window::5	62	0.8499250863364154	centroid_cosine
wikivir-003348::window::2009	62	0.8485496890617288	centroid_cosine
wikivir-011606::window::156	62	0.8480163707622759	centroid_cosine
wikivir-004481::window::165	62	0.8479186803139215	centroid_cosine
wikivir-003348::window::368	62	0.8476575601037828	centroid_cosine
wikivir-003348::window::1128	62	0.8467769535706677	centroid_cosine
wikivir-012756::window::283	62	0.8466863752010625	centroid_cosine
wikivir-004272::window::157	62	0.7673978271258672	centroid_cosine
wikivir-004165::window::333	62	0.7055519047460247	centroid_cosine
wikivir-018032::window::631	62	0.6626836913530407	centroid_cosine
wikivir-004548::window::97	62	0.7781292466043348	centroid_cosine
wikivir-000947::window::325	62	0.614559969657783	centroid_cosine
wikivir-004701::window::827	62	0.7609388786154971	centroid_cosine
wikivir-015615::window::4	62	0.716435612942554	centroid_cosine
wikivir-018192::window::9	62	0.6566917715091423	centroid_cosine
wikivir-000652::window::24	62	0.7370788695830215	centroid_cosine
wikivir-000945::window::17	62	0.6456895565433446	centroid_cosine
wikivir-016195::window::152	63	0.8894913999887926	centroid_cosine
wikivir-015056::window::113	63	0.8823054566878715	centroid_cosine
wikivir-016976::window::102	63	0.8722178248177093	centroid_cosine
wikivir-000691::window::317	63	0.8669649156371294	centroid_cosine
wikivir-014279::window::17	63	0.8643243358618513	centroid_cosine
wikivir-017116::window::52	63	0.8620090582114237	centroid_cosine
wikivir-011379::window::73	63	0.8615832236704069	centroid_cosine
wikivir-016139::window::74	63	0.8598689788143452	centroid_cosine
wikivir-020628::window::10	63	0.8597363153620434	centroid_cosine
wikivir-017382::window::147	63	0.8583524495884971	centroid_cosine
wikivir-019228::window::42	63	0.8577205203048812	centroid_cosine
wikivir-016852::window::19	63	0.8548335031446003	centroid_cosine
wikivir-014605::window::20	63	0.853396098725051	centroid_cosine
wikivir-014520::window::17	63	0.8520771329890826	centroid_cosine
wikivir-017485::window::69	63	0.8520093362670949	centroid_cosine
wikivir-007419::window::1	63	0.8499575690242136	centroid_cosine
wikivir-014842::window::129	63	0.8493201705651281	centroid_cosine
wikivir-000920::window::44	63	0.8474682144339871	centroid_cosine
wikivir-014390::window::3	63	0.8469171328715954	centroid_cosine
wikivir-004618::window::149	63	0.8461861804330975	centroid_cosine
wikivir-003161::window::1	63	0.8454784828627075	centroid_cosine
wikivir-010613::window::66	63	0.8443086437303664	centroid_cosine
wikivir-015452::window::12	63	0.8432227983509113	centroid_cosine
wikivir-014875::window::91	63	0.8422640507395255	centroid_cosine
wikivir-019181::window::130	63	0.8406063002976539	centroid_cosine
wikivir-013840::window::1	63	0.7578489505632191	centroid_cosine
wikivir-011679::window::627	63	0.808008424437848	centroid_cosine
wikivir-020150::window::52	63	0.5833540805556051	centroid_cosine
wikivir-014640::window::242	63	0.6266076270531935	centroid_cosine
wikivir-001447::window::2	63	0.7740952663359808	centroid_cosine
wikivir-015309::window::186	63	0.7134669010762178	centroid_cosine
wikivir-019210::window::42	63	0.6752231527317845	centroid_cosine
wikivir-020323::window::84	63	0.7734620100141744	centroid_cosine
wikivir-000797::window::124	63	0.7164095725879092	centroid_cosine
wikivir-001068::window::105	63	0.6391521425183002	centroid_cosine
wikivir-004734::window::168	64	0.8579606378836059	centroid_cosine
wikivir-018032::window::135	64	0.8393281035699204	centroid_cosine
wikivir-016069::window::37	64	0.8310652639184393	centroid_cosine
wikivir-011624::window::109	64	0.8295831196674263	centroid_cosine
wikivir-020171::window::22	64	0.8289408497166073	centroid_cosine
wikivir-014447::window::186	64	0.8288782004646489	centroid_cosine
wikivir-016174::window::34	64	0.8242783759253101	centroid_cosine
wikivir-004734::window::169	64	0.8228911319779233	centroid_cosine
wikivir-020798::window::323	64	0.820522143299754	centroid_cosine
wikivir-016111::window::29	64	0.8199543160334264	centroid_cosine
wikivir-018574::window::2	64	0.81902258079806	centroid_cosine
wikivir-012876::window::10	64	0.818538270465877	centroid_cosine
wikivir-007421::window::148	64	0.8182478697652338	centroid_cosine
wikivir-000968::window::108	64	0.8176458897834697	centroid_cosine
wikivir-004190::window::21	64	0.8174691709906081	centroid_cosine
wikivir-020821::window::31	64	0.8173017191972332	centroid_cosine
wikivir-004190::window::13	64	0.8159337510933861	centroid_cosine
wikivir-018606::window::444	64	0.8138313705479603	centroid_cosine
wikivir-011669::window::26	64	0.8137986975310647	centroid_cosine
wikivir-000931::window::1046	64	0.8134864397004848	centroid_cosine
wikivir-014479::window::1	64	0.8132125656826534	centroid_cosine
wikivir-004585::window::7	64	0.8117233938477821	centroid_cosine
wikivir-004608::window::184	64	0.8111323588935131	centroid_cosine
wikivir-011676::window::631	64	0.8106312871620827	centroid_cosine
wikivir-000931::window::491	64	0.8105932237449239	centroid_cosine
wikivir-004739::window::122	64	0.6867059355372044	centroid_cosine
wikivir-004707::window::80	64	0.6680736398750869	centroid_cosine
wikivir-003945::window::15	64	0.7886054612350005	centroid_cosine
wikivir-002997::window::294	64	0.6362154503269899	centroid_cosine
wikivir-007710::window::38	64	0.7262422394956982	centroid_cosine
wikivir-003090::window::124	64	0.7126565307596107	centroid_cosine
wikivir-003090::window::61	64	0.6964004410545402	centroid_cosine
wikivir-012561::window::3	64	0.6971695420159214	centroid_cosine
wikivir-000931::window::208	64	0.6113212734535696	centroid_cosine
wikivir-014642::window::287	64	0.6815732777136547	centroid_cosine
wikivir-018993::window::564	65	0.9003820802427225	centroid_cosine
wikivir-010250::window::605	65	0.899615274484568	centroid_cosine
wikivir-004303::window::123	65	0.8969550831584736	centroid_cosine
wikivir-000338::window::48	65	0.891260926192866	centroid_cosine
wikivir-004739::window::94	65	0.8901389851490114	centroid_cosine
wikivir-004231::window::109	65	0.8868481597686676	centroid_cosine
wikivir-001452::window::94	65	0.8863156853962834	centroid_cosine
wikivir-002478::window::6	65	0.8832221198269886	centroid_cosine
wikivir-014620::window::116	65	0.8821321498712367	centroid_cosine
wikivir-004225::window::132	65	0.8813678152543538	centroid_cosine
wikivir-012901::window::35	65	0.8803586263154928	centroid_cosine
wikivir-015407::window::180	65	0.8796809642684436	centroid_cosine
wikivir-012461::window::9	65	0.8788962469131057	centroid_cosine
wikivir-013653::window::132	65	0.8783040658141379	centroid_cosine
wikivir-014280::window::7	65	0.878106262794086	centroid_cosine
wikivir-016183::window::133	65	0.8772907816053541	centroid_cosine
wikivir-001516::window::610	65	0.8770261585085565	centroid_cosine
wikivir-014706::window::212	65	0.8768504192399211	centroid_cosine
wikivir-010365::window::131	65	0.8767949268530694	centroid_cosine
wikivir-011606::window::152	65	0.8756471915956525	centroid_cosine
wikivir-016432::window::868	65	0.8741248112671298	centroid_cosine
wikivir-000817::window::6	65	0.8738819833771596	centroid_cosine
wikivir-014620::window::42	65	0.872530285179877	centroid_cosine
wikivir-003998::window::6	65	0.8720694047669142	centroid_cosine
wikivir-004732::window::55	65	0.871469598080108	centroid_cosine
wikivir-020784::window::309	65	0.7714273758059791	centroid_cosine
wikivir-017087::window::130	65	0.7873399890551616	centroid_cosine
wikivir-019998::window::91	65	0.8490791916530493	centroid_cosine
wikivir-015916::window::54	65	0.8082927229310357	centroid_cosine
wikivir-000691::window::358	65	0.7646020255976526	centroid_cosine
wikivir-020847::window::86	65	0.7779744111884161	centroid_cosine
wikivir-016869::window::171	65	0.8261132921930294	centroid_cosine
wikivir-016102::window::257	65	0.8342712788481316	centroid_cosine
wikivir-011616::window::176	65	0.7360153240046373	centroid_cosine
wikivir-011624::window::127	65	0.7541225025734998	centroid_cosine
wikivir-016099::window::22	66	0.8741640449198403	centroid_cosine
wikivir-001546::window::25	66	0.8589395443507032	centroid_cosine
wikivir-003386::window::137	66	0.8586435348285704	centroid_cosine
wikivir-000777::window::49	66	0.8572538227686102	centroid_cosine
wikivir-015408::window::49	66	0.8560715013567151	centroid_cosine
wikivir-014628::window::55	66	0.852667106367422	centroid_cosine
wikivir-016893::window::1817	66	0.8520260457192587	centroid_cosine
wikivir-003092::window::158	66	0.8504842634998104	centroid_cosine
wikivir-000605::window::298	66	0.8504174805024124	centroid_cosine
wikivir-002861::window::137	66	0.8497034231026225	centroid_cosine
wikivir-017444::window::694	66	0.8470008169207432	centroid_cosine
wikivir-000605::window::268	66	0.846729812002357	centroid_cosine
wikivir-010596::window::6	66	0.8459804994241416	centroid_cosine
wikivir-017444::window::698	66	0.8456695181549381	centroid_cosine
wikivir-018513::window::6	66	0.8438258341934843	centroid_cosine
wikivir-017444::window::469	66	0.8437983322527772	centroid_cosine
wikivir-003887::window::83	66	0.8429230800247678	centroid_cosine
wikivir-011639::window::146	66	0.8418431109437364	centroid_cosine
wikivir-011591::window::330	66	0.8415054170442324	centroid_cosine
wikivir-001446::window::20	66	0.8391313226490307	centroid_cosine
wikivir-014526::window::5	66	0.8379763674808727	centroid_cosine
wikivir-014662::window::72	66	0.837915450734614	centroid_cosine
wikivir-000691::window::75	66	0.8378616768207265	centroid_cosine
wikivir-004461::window::670	66	0.8351799366889854	centroid_cosine
wikivir-020299::window::56	66	0.8343164267435303	centroid_cosine
wikivir-020453::window::44	66	0.7249799413208056	centroid_cosine
wikivir-006563::window::1	66	0.7153895182341659	centroid_cosine
wikivir-013185::window::156	66	0.7927389166681654	centroid_cosine
wikivir-011553::window::33	66	0.7754580224902573	centroid_cosine
wikivir-020792::window::156	66	0.713022075319298	centroid_cosine
wikivir-017444::window::460	66	0.752383537893263	centroid_cosine
wikivir-020232::window::3	66	0.746034539736542	centroid_cosine
wikivir-011589::window::58	66	0.5920389482615678	centroid_cosine
wikivir-019150::window::1000	66	0.7300935606788662	centroid_cosine
wikivir-020296::window::477	66	0.7642228814443269	centroid_cosine
wikivir-020868::window::1361	67	0.9230930687944029	centroid_cosine
wikivir-018855::window::1	67	0.9148353314733229	centroid_cosine
wikivir-010686::window::546	67	0.9101792370419239	centroid_cosine
wikivir-020868::window::664	67	0.90533686578088	centroid_cosine
wikivir-018464::window::1	67	0.9036982728795857	centroid_cosine
wikivir-017800::window::37	67	0.9033966694835596	centroid_cosine
wikivir-013236::window::237	67	0.9005525208163934	centroid_cosine
wikivir-015729::window::212	67	0.8978233352360463	centroid_cosine
wikivir-012756::window::4	67	0.8964632871854641	centroid_cosine
wikivir-012077::window::24	67	0.8959933001404777	centroid_cosine
wikivir-020868::window::1238	67	0.8948546598086071	centroid_cosine
wikivir-011706::window::2	67	0.8944803216047506	centroid_cosine
wikivir-020868::window::238	67	0.8940487213735919	centroid_cosine
wikivir-017628::window::274	67	0.8933205003012595	centroid_cosine
wikivir-002820::window::288	67	0.8925400686637879	centroid_cosine
wikivir-020868::window::814	67	0.8916681509762823	centroid_cosine
wikivir-018911::window::4	67	0.8907956819630445	centroid_cosine
wikivir-003501::window::66	67	0.8883398873621442	centroid_cosine
wikivir-002820::window::470	67	0.8877753030391715	centroid_cosine
wikivir-000713::window::22	67	0.8875973204360638	centroid_cosine
wikivir-002820::window::83	67	0.8868260021715306	centroid_cosine
wikivir-017724::window::18	67	0.8861554515390471	centroid_cosine
wikivir-002820::window::421	67	0.885809535761227	centroid_cosine
wikivir-004715::window::307	67	0.8855722198884504	centroid_cosine
wikivir-020868::window::251	67	0.8854544159371727	centroid_cosine
wikivir-002820::window::184	67	0.697457350169303	centroid_cosine
wikivir-003155::window::24	67	0.7504395964750176	centroid_cosine
wikivir-020868::window::854	67	0.752547105684938	centroid_cosine
wikivir-017065::window::8	67	0.7715829233022626	centroid_cosine
wikivir-003155::window::215	67	0.7252484745022958	centroid_cosine
wikivir-020868::window::957	67	0.7707311754309366	centroid_cosine
wikivir-016431::window::13	67	0.6031164760775379	centroid_cosine
wikivir-003153::window::103	67	0.7128796212318639	centroid_cosine
wikivir-020868::window::1729	67	0.7479587027524317	centroid_cosine
wikivir-000652::window::26	67	0.7896191690395422	centroid_cosine
wikivir-000342::window::36	68	0.8645893598144105	centroid_cosine
wikivir-004211::window::69	68	0.8605737601304286	centroid_cosine
wikivir-002876::window::5	68	0.8587438344608685	centroid_cosine
wikivir-004715::window::119	68	0.8583957474824886	centroid_cosine
wikivir-020792::window::33	68	0.857147470738852	centroid_cosine
wikivir-020868::window::625	68	0.8527262982722748	centroid_cosine
wikivir-013697::window::107	68	0.8505934598558582	centroid_cosine
wikivir-012756::window::240	68	0.8504516067332908	centroid_cosine
wikivir-018542::window::15	68	0.8495855217828896	centroid_cosine
wikivir-017800::window::39	68	0.8492859745765091	centroid_cosine
wikivir-016593::window::17	68	0.8439234931905593	centroid_cosine
wikivir-001026::window::62	68	0.8425196714468353	centroid_cosine
wikivir-016077::window::186	68	0.8406719299584837	centroid_cosine
wikivir-017628::window::89	68	0.8404164613706138	centroid_cosine
wikivir-020868::window::656	68	0.8401394045705464	centroid_cosine
wikivir-018192::window::31	68	0.8393172051700712	centroid_cosine
wikivir-015262::window::12	68	0.8389789261567013	centroid_cosine
wikivir-021041::window::179	68	0.8389185764934244	centroid_cosine
wikivir-006718::window::106	68	0.8374763164842038	centroid_cosine
wikivir-003092::window::287	68	0.837278411452349	centroid_cosine
wikivir-014059::window::32	68	0.8367730806487491	centroid_cosine
wikivir-021041::window::394	68	0.8361836840733763	centroid_cosine
wikivir-011044::window::7	68	0.8355798470066665	centroid_cosine
wikivir-020100::window::73	68	0.8354772005080501	centroid_cosine
wikivir-003757::window::5	68	0.8347704525082278	centroid_cosine
wikivir-013177::window::141	68	0.6727200309306466	centroid_cosine
wikivir-016992::window::16	68	0.7088618840306651	centroid_cosine
wikivir-015540::window::3	68	0.7423323687415622	centroid_cosine
wikivir-002781::window::22	68	0.7759640465108634	centroid_cosine
wikivir-018101::window::47	68	0.693006296025145	centroid_cosine
wikivir-010249::window::44	68	0.724799117436588	centroid_cosine
wikivir-018165::window::75	68	0.633951274714237	centroid_cosine
wikivir-004697::window::226	68	0.6251201863687863	centroid_cosine
wikivir-015729::window::693	68	0.735149553412098	centroid_cosine
wikivir-012756::window::168	68	0.7244170071120413	centroid_cosine
wikivir-015714::window::8	69	0.929706586162885	centroid_cosine
wikivir-003736::window::6	69	0.9271314538798043	centroid_cosine
wikivir-013136::window::214	69	0.9260124894270763	centroid_cosine
wikivir-008754::window::1	69	0.9244267231322483	centroid_cosine
wikivir-006591::window::1	69	0.9243700360285438	centroid_cosine
wikivir-012389::window::1	69	0.9222111435752238	centroid_cosine
wikivir-008778::window::1	69	0.9214498979024586	centroid_cosine
wikivir-008846::window::1	69	0.9198886140622616	centroid_cosine
wikivir-014703::window::46	69	0.9182690126075765	centroid_cosine
wikivir-004243::window::182	69	0.9179618104638638	centroid_cosine
wikivir-010357::window::54	69	0.9179500967901623	centroid_cosine
wikivir-008480::window::1	69	0.917692324003694	centroid_cosine
wikivir-017415::window::4	69	0.9171009202499595	centroid_cosine
wikivir-008658::window::1	69	0.9169384933680506	centroid_cosine
wikivir-002791::window::41	69	0.9167246253055574	centroid_cosine
wikivir-017465::window::3	69	0.9149012508414983	centroid_cosine
wikivir-018940::window::210	69	0.9142712264274748	centroid_cosine
wikivir-004715::window::374	69	0.9140609833892241	centroid_cosine
wikivir-004243::window::26	69	0.9139587743743567	centroid_cosine
wikivir-001076::window::23	69	0.9129310501811978	centroid_cosine
wikivir-009153::window::1	69	0.9121863110964833	centroid_cosine
wikivir-011756::window::109	69	0.9119771363931053	centroid_cosine
wikivir-008131::window::1	69	0.9114545173840839	centroid_cosine
wikivir-012628::window::1	69	0.9101769340884005	centroid_cosine
wikivir-006520::window::18	69	0.9099166956991719	centroid_cosine
wikivir-000714::window::34	69	0.7889701115010955	centroid_cosine
wikivir-018067::window::87	69	0.7554235478153761	centroid_cosine
wikivir-000868::window::109	69	0.782065550997949	centroid_cosine
wikivir-018122::window::85	69	0.8638721326490534	centroid_cosine
wikivir-002910::window::12	69	0.7657787643605569	centroid_cosine
wikivir-006019::window::1	69	0.8723329496124735	centroid_cosine
wikivir-000803::window::8	69	0.7687685127484427	centroid_cosine
wikivir-009790::window::1	69	0.8586203019288254	centroid_cosine
wikivir-004194::window::657	69	0.8480744255121784	centroid_cosine
wikivir-004421::window::130	69	0.7560821386756811	centroid_cosine
wikivir-020006::window::9	70	0.8930484389866866	centroid_cosine
wikivir-017382::window::31	70	0.8844537479147276	centroid_cosine
wikivir-004186::window::274	70	0.8802765587234249	centroid_cosine
wikivir-020267::window::186	70	0.8696436361002313	centroid_cosine
wikivir-015753::window::308	70	0.8678557732813442	centroid_cosine
wikivir-013237::window::1	70	0.8648269670615429	centroid_cosine
wikivir-018608::window::7	70	0.8647908498353117	centroid_cosine
wikivir-000797::window::255	70	0.8641593038469522	centroid_cosine
wikivir-016553::window::5	70	0.8627880197141706	centroid_cosine
wikivir-010764::window::402	70	0.8618271397326893	centroid_cosine
wikivir-011576::window::64	70	0.8596355600936983	centroid_cosine
wikivir-014851::window::30	70	0.859269094709645	centroid_cosine
wikivir-014709::window::380	70	0.8591466894479363	centroid_cosine
wikivir-019892::window::138	70	0.8581519682324632	centroid_cosine
wikivir-014662::window::62	70	0.8579948916370238	centroid_cosine
wikivir-015753::window::466	70	0.8573186517543694	centroid_cosine
wikivir-013146::window::2	70	0.857186324060772	centroid_cosine
wikivir-004194::window::873	70	0.856482833753361	centroid_cosine
wikivir-018549::window::2	70	0.8558574103389389	centroid_cosine
wikivir-013388::window::7	70	0.8555821818178733	centroid_cosine
wikivir-020286::window::123	70	0.8555401827633307	centroid_cosine
wikivir-015129::window::43	70	0.8553042189298338	centroid_cosine
wikivir-011674::window::61	70	0.8551995758432284	centroid_cosine
wikivir-006352::window::6	70	0.854137477353486	centroid_cosine
wikivir-003891::window::160	70	0.8541148534526557	centroid_cosine
wikivir-002829::window::37	70	0.6823455613050797	centroid_cosine
wikivir-017105::window::104	70	0.7835305199510123	centroid_cosine
wikivir-014330::window::66	70	0.7001775662268949	centroid_cosine
wikivir-020172::window::55	70	0.7246143497726266	centroid_cosine
wikivir-016894::window::989	70	0.7329636062972689	centroid_cosine
wikivir-003075::window::77	70	0.7436474279943968	centroid_cosine
wikivir-004493::window::181	70	0.7460185471724675	centroid_cosine
wikivir-017154::window::238	70	0.6675434143637727	centroid_cosine
wikivir-006356::window::11	70	0.8204249868730231	centroid_cosine
wikivir-003462::window::48	70	0.7411234150748607	centroid_cosine
wikivir-021041::window::274	71	0.8619860857251501	centroid_cosine
wikivir-019168::window::1	71	0.8589832068020906	centroid_cosine
wikivir-015066::window::28	71	0.858377718573545	centroid_cosine
wikivir-011593::window::78	71	0.856117493233798	centroid_cosine
wikivir-017605::window::8	71	0.8463134214118715	centroid_cosine
wikivir-003501::window::54	71	0.8461149906345311	centroid_cosine
wikivir-010870::window::12	71	0.8398559720282901	centroid_cosine
wikivir-020868::window::383	71	0.8383463963594746	centroid_cosine
wikivir-015729::window::340	71	0.8372172060708577	centroid_cosine
wikivir-017628::window::281	71	0.8369336743385658	centroid_cosine
wikivir-003940::window::17	71	0.83427062341452	centroid_cosine
wikivir-013679::window::5	71	0.8338179162501282	centroid_cosine
wikivir-011590::window::36	71	0.8334743251301349	centroid_cosine
wikivir-004178::window::131	71	0.8329342200456862	centroid_cosine
wikivir-011060::window::12	71	0.8292644928043498	centroid_cosine
wikivir-003501::window::112	71	0.8283047983643747	centroid_cosine
wikivir-013236::window::116	71	0.8272094174539943	centroid_cosine
wikivir-001025::window::105	71	0.826794910338697	centroid_cosine
wikivir-015729::window::304	71	0.8256612154576372	centroid_cosine
wikivir-013236::window::32	71	0.8254446717576662	centroid_cosine
wikivir-015729::window::826	71	0.8252566575343491	centroid_cosine
wikivir-011593::window::80	71	0.8244898297305645	centroid_cosine
wikivir-014696::window::141	71	0.824301371858903	centroid_cosine
wikivir-010266::window::11	71	0.8242282928174831	centroid_cosine
wikivir-015729::window::111	71	0.8239896991239202	centroid_cosine
wikivir-003345::window::60	71	0.802653548948678	centroid_cosine
wikivir-019150::window::202	71	0.7079841222458523	centroid_cosine
wikivir-013086::window::17	71	0.615481222080632	centroid_cosine
wikivir-000819::window::169	71	0.6996615491712775	centroid_cosine
wikivir-014850::window::195	71	0.7051640252642605	centroid_cosine
wikivir-015877::window::1	71	0.7617615454140314	centroid_cosine
wikivir-018165::window::20	71	0.6582248405629226	centroid_cosine
wikivir-000893::window::33	71	0.6361882285706799	centroid_cosine
wikivir-003964::window::45	71	0.7748628236921432	centroid_cosine
wikivir-016593::window::49	71	0.7809004362419747	centroid_cosine
wikivir-014658::window::16	72	0.8730706355237565	centroid_cosine
wikivir-014639::window::79	72	0.8662073733200457	centroid_cosine
wikivir-021109::window::68	72	0.8659393568245402	centroid_cosine
wikivir-003264::window::188	72	0.8609081471382304	centroid_cosine
wikivir-000942::window::203	72	0.8589631583671496	centroid_cosine
wikivir-016077::window::242	72	0.8549888694326029	centroid_cosine
wikivir-003348::window::603	72	0.8541072774775398	centroid_cosine
wikivir-003348::window::626	72	0.8521531886207558	centroid_cosine
wikivir-020798::window::187	72	0.8510537360595971	centroid_cosine
wikivir-000590::window::154	72	0.8489996256279078	centroid_cosine
wikivir-000605::window::325	72	0.8476889209711929	centroid_cosine
wikivir-004548::window::41	72	0.8458028417253945	centroid_cosine
wikivir-002790::window::69	72	0.8445427487364245	centroid_cosine
wikivir-004198::window::275	72	0.8431330457406375	centroid_cosine
wikivir-021109::window::33	72	0.8427781910707759	centroid_cosine
wikivir-004701::window::72	72	0.8412752060319997	centroid_cosine
wikivir-004194::window::579	72	0.8390368201060494	centroid_cosine
wikivir-016077::window::262	72	0.838267020524641	centroid_cosine
wikivir-018572::window::2	72	0.8379218915677481	centroid_cosine
wikivir-000578::window::397	72	0.837830686022817	centroid_cosine
wikivir-003348::window::634	72	0.8369013706165295	centroid_cosine
wikivir-014851::window::772	72	0.8353424330373402	centroid_cosine
wikivir-000627::window::864	72	0.8339229878529526	centroid_cosine
wikivir-003348::window::1251	72	0.833838883092854	centroid_cosine
wikivir-021173::window::11	72	0.831077501574025	centroid_cosine
wikivir-016077::window::286	72	0.6608223832002449	centroid_cosine
wikivir-004701::window::487	72	0.7021522818747565	centroid_cosine
wikivir-003348::window::1842	72	0.674843702638123	centroid_cosine
wikivir-000948::window::95	72	0.6925764325755244	centroid_cosine
wikivir-011783::window::393	72	0.6888281052566501	centroid_cosine
wikivir-004377::window::241	72	0.7026386947711609	centroid_cosine
wikivir-003348::window::446	72	0.6643128787076192	centroid_cosine
wikivir-004235::window::370	72	0.7209568408219067	centroid_cosine
wikivir-003964::window::11	72	0.6898014626101774	centroid_cosine
wikivir-013883::window::417	72	0.7868576449206899	centroid_cosine
wikivir-000798::window::72	73	0.9056372362287919	centroid_cosine
wikivir-007937::window::1	73	0.9035743334167897	centroid_cosine
wikivir-014941::window::101	73	0.882929838005945	centroid_cosine
wikivir-002630::window::3	73	0.8799480703594404	centroid_cosine
wikivir-011019::window::1	73	0.8765366733877082	centroid_cosine
wikivir-017433::window::306	73	0.8746925734659741	centroid_cosine
wikivir-002738::window::9	73	0.8742904452933192	centroid_cosine
wikivir-017678::window::6	73	0.8740902358762126	centroid_cosine
wikivir-002790::window::82	73	0.8719995647343752	centroid_cosine
wikivir-002433::window::2	73	0.8719611066157584	centroid_cosine
wikivir-018149::window::5	73	0.8687492325350264	centroid_cosine
wikivir-006390::window::37	73	0.8652005294039107	centroid_cosine
wikivir-012111::window::10	73	0.8637816675465251	centroid_cosine
wikivir-019317::window::1	73	0.8621028118182841	centroid_cosine
wikivir-021132::window::26	73	0.8618372100140668	centroid_cosine
wikivir-014706::window::74	73	0.861566293576807	centroid_cosine
wikivir-002427::window::3	73	0.8582417083251381	centroid_cosine
wikivir-004725::window::8	73	0.8580490790700657	centroid_cosine
wikivir-012646::window::5	73	0.8551192153875038	centroid_cosine
wikivir-013380::window::21	73	0.8550908292010884	centroid_cosine
wikivir-017116::window::81	73	0.8542383883572846	centroid_cosine
wikivir-011361::window::4	73	0.8534096128085564	centroid_cosine
wikivir-002738::window::6	73	0.8524341821174137	centroid_cosine
wikivir-000580::window::470	73	0.8523364545261343	centroid_cosine
wikivir-013864::window::4	73	0.8522128557896791	centroid_cosine
wikivir-016268::window::522	73	0.6758412774715142	centroid_cosine
wikivir-020150::window::8	73	0.7152222034472575	centroid_cosine
wikivir-011866::window::1	73	0.6471922387023967	centroid_cosine
wikivir-004866::window::214	73	0.8096369448712036	centroid_cosine
wikivir-004418::window::18	73	0.6682230949172093	centroid_cosine
wikivir-020875::window::31	73	0.7664156641268277	centroid_cosine
wikivir-002551::window::2	73	0.6278129944485318	centroid_cosine
wikivir-016915::window::1	73	0.7172182799731677	centroid_cosine
wikivir-004184::window::149	73	0.69629623797054	centroid_cosine
wikivir-015435::window::113	73	0.7836185193709526	centroid_cosine
wikivir-002820::window::326	74	0.8974977137488753	centroid_cosine
wikivir-017628::window::371	74	0.8890168509861422	centroid_cosine
wikivir-017628::window::253	74	0.8806559540414146	centroid_cosine
wikivir-017628::window::192	74	0.8777222671686373	centroid_cosine
wikivir-004243::window::194	74	0.870256234958268	centroid_cosine
wikivir-002820::window::759	74	0.8693022654789364	centroid_cosine
wikivir-002820::window::376	74	0.8691404142761743	centroid_cosine
wikivir-017628::window::312	74	0.8660102853694596	centroid_cosine
wikivir-021041::window::258	74	0.8657820560809737	centroid_cosine
wikivir-018462::window::4	74	0.8654791308060207	centroid_cosine
wikivir-003491::window::343	74	0.865269873635981	centroid_cosine
wikivir-017628::window::178	74	0.864900058143166	centroid_cosine
wikivir-002820::window::192	74	0.8644191746978749	centroid_cosine
wikivir-021041::window::428	74	0.8613250905394279	centroid_cosine
wikivir-002820::window::408	74	0.8612824480936745	centroid_cosine
wikivir-002820::window::585	74	0.8599019595861812	centroid_cosine
wikivir-013236::window::175	74	0.8596246613155425	centroid_cosine
wikivir-002820::window::702	74	0.8589046181366138	centroid_cosine
wikivir-003501::window::517	74	0.8586188684385692	centroid_cosine
wikivir-017628::window::147	74	0.8565971379036398	centroid_cosine
wikivir-002820::window::188	74	0.8563194088585933	centroid_cosine
wikivir-011704::window::3	74	0.85538394501861	centroid_cosine
wikivir-003501::window::612	74	0.8547353861969601	centroid_cosine
wikivir-003501::window::531	74	0.8546415864389103	centroid_cosine
wikivir-004172::window::101	74	0.8545730970425188	centroid_cosine
wikivir-018439::window::47	74	0.6245193728495904	centroid_cosine
wikivir-004701::window::181	74	0.7468771979158986	centroid_cosine
wikivir-018439::window::93	74	0.6773302988001182	centroid_cosine
wikivir-003115::window::21	74	0.7214819352585113	centroid_cosine
wikivir-011783::window::553	74	0.6404468068675557	centroid_cosine
wikivir-015729::window::207	74	0.8303333920265181	centroid_cosine
wikivir-003491::window::201	74	0.7952886368298409	centroid_cosine
wikivir-002820::window::422	74	0.7570042607566233	centroid_cosine
wikivir-021041::window::192	74	0.8496197884284982	centroid_cosine
wikivir-003491::window::115	74	0.6911871917696628	centroid_cosine
wikivir-020170::window::173	75	0.8746594897105213	centroid_cosine
wikivir-004479::window::51	75	0.8638374193753574	centroid_cosine
wikivir-015854::window::1	75	0.8545043990737298	centroid_cosine
wikivir-015742::window::85	75	0.8499410124851224	centroid_cosine
wikivir-011382::window::3	75	0.8482114965901401	centroid_cosine
wikivir-000695::window::57	75	0.8474382802204069	centroid_cosine
wikivir-013537::window::14	75	0.8473743801444489	centroid_cosine
wikivir-011572::window::57	75	0.8472867897229168	centroid_cosine
wikivir-020299::window::333	75	0.8472536814350322	centroid_cosine
wikivir-004274::window::41	75	0.8462845980456684	centroid_cosine
wikivir-000803::window::147	75	0.8462101598602709	centroid_cosine
wikivir-018036::window::365	75	0.8459788660570023	centroid_cosine
wikivir-015753::window::239	75	0.8435799027321793	centroid_cosine
wikivir-017464::window::2	75	0.8421361251239516	centroid_cosine
wikivir-000801::window::94	75	0.8401637028030224	centroid_cosine
wikivir-003092::window::983	75	0.8400180782469436	centroid_cosine
wikivir-004530::window::1	75	0.8369513551693682	centroid_cosine
wikivir-010221::window::4	75	0.8368899053275191	centroid_cosine
wikivir-015753::window::242	75	0.8368519325563971	centroid_cosine
wikivir-016032::window::3	75	0.8364059508052755	centroid_cosine
wikivir-015753::window::334	75	0.8337059345172645	centroid_cosine
wikivir-015126::window::36	75	0.8307646656873284	centroid_cosine
wikivir-011616::window::473	75	0.8292206360275705	centroid_cosine
wikivir-002809::window::49	75	0.826950158504479	centroid_cosine
wikivir-020296::window::404	75	0.8269389355072161	centroid_cosine
wikivir-014678::window::131	75	0.7633589469964667	centroid_cosine
wikivir-013883::window::370	75	0.6637259103021141	centroid_cosine
wikivir-020152::window::21	75	0.7476902824291123	centroid_cosine
wikivir-004460::window::66	75	0.6896564177976189	centroid_cosine
wikivir-019913::window::4	75	0.6330152613039562	centroid_cosine
wikivir-004493::window::60	75	0.7106024357004967	centroid_cosine
wikivir-015431::window::18	75	0.8029186174466703	centroid_cosine
wikivir-004552::window::149	75	0.7338975389768932	centroid_cosine
wikivir-014659::window::61	75	0.7527384962115835	centroid_cosine
wikivir-002809::window::7	75	0.7985705094626405	centroid_cosine
wikivir-000837::window::114	76	0.8923261540825137	centroid_cosine
wikivir-000649::window::35	76	0.8892937529936316	centroid_cosine
wikivir-011375::window::75	76	0.887612338501506	centroid_cosine
wikivir-011375::window::40	76	0.8834269268773093	centroid_cosine
wikivir-015131::window::307	76	0.8772234783640832	centroid_cosine
wikivir-011666::window::80	76	0.8753248776236036	centroid_cosine
wikivir-010347::window::382	76	0.8746360719415003	centroid_cosine
wikivir-004744::window::160	76	0.8743908358463892	centroid_cosine
wikivir-004235::window::222	76	0.8737583008595652	centroid_cosine
wikivir-016893::window::1729	76	0.8715785058417227	centroid_cosine
wikivir-002376::window::31	76	0.8712810104501364	centroid_cosine
wikivir-015041::window::257	76	0.868616619840615	centroid_cosine
wikivir-016065::window::170	76	0.8666122648305302	centroid_cosine
wikivir-012422::window::97	76	0.8660982262269725	centroid_cosine
wikivir-003488::window::115	76	0.8653844267112192	centroid_cosine
wikivir-014447::window::347	76	0.8644227891497606	centroid_cosine
wikivir-000817::window::60	76	0.8625632278626144	centroid_cosine
wikivir-010348::window::324	76	0.8618789439206055	centroid_cosine
wikivir-000648::window::62	76	0.861622647464644	centroid_cosine
wikivir-003488::window::41	76	0.8615487221434013	centroid_cosine
wikivir-017071::window::734	76	0.8607700751990724	centroid_cosine
wikivir-016585::window::7	76	0.8599779992225778	centroid_cosine
wikivir-001451::window::30	76	0.8585965490426626	centroid_cosine
wikivir-013283::window::6	76	0.8582881644781502	centroid_cosine
wikivir-004495::window::86	76	0.8581146323286039	centroid_cosine
wikivir-016879::window::464	76	0.7463617177928188	centroid_cosine
wikivir-003348::window::1926	76	0.7186557059237612	centroid_cosine
wikivir-018660::window::15	76	0.6887085104391151	centroid_cosine
wikivir-000718::window::49	76	0.7349204046638709	centroid_cosine
wikivir-012759::window::90	76	0.7944278115628619	centroid_cosine
wikivir-002950::window::7	76	0.80002121692011	centroid_cosine
wikivir-016992::window::170	76	0.7159551866875424	centroid_cosine
wikivir-014573::window::111	76	0.7650174484471362	centroid_cosine
wikivir-000969::window::121	76	0.7164950972407031	centroid_cosine
wikivir-017679::window::10	76	0.6942675701017194	centroid_cosine
wikivir-004316::window::323	77	0.9000883750414232	centroid_cosine
wikivir-003118::window::75	77	0.8882725086519417	centroid_cosine
wikivir-016076::window::55	77	0.8824673789030943	centroid_cosine
wikivir-017661::window::135	77	0.8822572443422232	centroid_cosine
wikivir-020784::window::53	77	0.8795577504818181	centroid_cosine
wikivir-004483::window::34	77	0.8782337610900504	centroid_cosine
wikivir-004470::window::78	77	0.8771735581197602	centroid_cosine
wikivir-004202::window::11	77	0.8762912060103044	centroid_cosine
wikivir-004617::window::23	77	0.8761383966541374	centroid_cosine
wikivir-002998::window::117	77	0.8759149588647219	centroid_cosine
wikivir-010348::window::340	77	0.874385658663494	centroid_cosine
wikivir-000935::window::6	77	0.8743219119362037	centroid_cosine
wikivir-004347::window::151	77	0.872305035190707	centroid_cosine
wikivir-014850::window::146	77	0.8721375952680077	centroid_cosine
wikivir-016262::window::18	77	0.8718205591320651	centroid_cosine
wikivir-020150::window::106	77	0.8709059091915032	centroid_cosine
wikivir-004717::window::1	77	0.8701722560810818	centroid_cosine
wikivir-002864::window::84	77	0.8699883195170341	centroid_cosine
wikivir-011529::window::68	77	0.8699130306517644	centroid_cosine
wikivir-015313::window::224	77	0.8698513156450566	centroid_cosine
wikivir-002995::window::42	77	0.8698203805930527	centroid_cosine
wikivir-003941::window::54	77	0.8698180916591157	centroid_cosine
wikivir-004222::window::52	77	0.8696936218851129	centroid_cosine
wikivir-015887::window::11	77	0.8695046931567898	centroid_cosine
wikivir-000800::window::80	77	0.8692507940109617	centroid_cosine
wikivir-020176::window::13	77	0.7804070203624287	centroid_cosine
wikivir-016993::window::93	77	0.7979541582394889	centroid_cosine
wikivir-015720::window::25	77	0.6727237399390075	centroid_cosine
wikivir-004207::window::12	77	0.7819915498325467	centroid_cosine
wikivir-001024::window::54	77	0.8145231262737298	centroid_cosine
wikivir-006447::window::38	77	0.8203620077085563	centroid_cosine
wikivir-016268::window::169	77	0.8294582232565177	centroid_cosine
wikivir-002839::window::80	77	0.7438373403610627	centroid_cosine
wikivir-004199::window::103	77	0.83125886340775	centroid_cosine
wikivir-013563::window::17	77	0.7154964393476606	centroid_cosine
wikivir-012583::window::97	78	0.8785353792730122	centroid_cosine
wikivir-012080::window::3	78	0.8639668536697954	centroid_cosine
wikivir-010348::window::229	78	0.8608370191033843	centroid_cosine
wikivir-014706::window::240	78	0.8585897262146999	centroid_cosine
wikivir-013697::window::19	78	0.8576313389569787	centroid_cosine
wikivir-004708::window::63	78	0.8543834142020428	centroid_cosine
wikivir-011781::window::4	78	0.8539834978814811	centroid_cosine
wikivir-017138::window::49	78	0.8539433335281126	centroid_cosine
wikivir-000647::window::2	78	0.8536256815042402	centroid_cosine
wikivir-019181::window::58	78	0.8528656735786899	centroid_cosine
wikivir-015552::window::6	78	0.852864989361195	centroid_cosine
wikivir-004708::window::111	78	0.8525130782143137	centroid_cosine
wikivir-015751::window::327	78	0.8522483405350902	centroid_cosine
wikivir-018371::window::9	78	0.8502812378225805	centroid_cosine
wikivir-000601::window::119	78	0.8481852078659664	centroid_cosine
wikivir-003163::window::173	78	0.8478703342846158	centroid_cosine
wikivir-005180::window::1	78	0.8476152768565454	centroid_cosine
wikivir-019140::window::212	78	0.8476008566873707	centroid_cosine
wikivir-000967::window::327	78	0.8474730313727583	centroid_cosine
wikivir-009776::window::1	78	0.8472351598748153	centroid_cosine
wikivir-013408::window::54	78	0.8466476539768428	centroid_cosine
wikivir-010822::window::31	78	0.8466435434495564	centroid_cosine
wikivir-000967::window::212	78	0.846629643360714	centroid_cosine
wikivir-016096::window::45	78	0.8458401303182328	centroid_cosine
wikivir-004689::window::45	78	0.8449552655756711	centroid_cosine
wikivir-013182::window::66	78	0.7261291277907482	centroid_cosine
wikivir-015035::window::75	78	0.7470913257690454	centroid_cosine
wikivir-017090::window::240	78	0.6044002654464327	centroid_cosine
wikivir-004190::window::34	78	0.6926353421660338	centroid_cosine
wikivir-014343::window::4	78	0.6680234886732439	centroid_cosine
wikivir-000818::window::99	78	0.7020811738317025	centroid_cosine
wikivir-014620::window::187	78	0.7668288650194874	centroid_cosine
wikivir-012562::window::1	78	0.717786639507833	centroid_cosine
wikivir-000971::window::282	78	0.6787812800320165	centroid_cosine
wikivir-016569::window::18	78	0.7815488424051021	centroid_cosine
wikivir-004848::window::14	79	0.8940424969168955	centroid_cosine
wikivir-011000::window::49	79	0.8923690415699282	centroid_cosine
wikivir-007303::window::137	79	0.8900716398915519	centroid_cosine
wikivir-003612::window::71	79	0.8798436592115055	centroid_cosine
wikivir-016559::window::3	79	0.8796629078474453	centroid_cosine
wikivir-004725::window::66	79	0.8758561930504171	centroid_cosine
wikivir-003612::window::72	79	0.8750133359236543	centroid_cosine
wikivir-004463::window::126	79	0.8733666722323639	centroid_cosine
wikivir-018920::window::10	79	0.8717718450685774	centroid_cosine
wikivir-014598::window::242	79	0.8716567544997983	centroid_cosine
wikivir-017243::window::1	79	0.8703439242594403	centroid_cosine
wikivir-020492::window::1	79	0.8699475245462968	centroid_cosine
wikivir-007740::window::7	79	0.8685521921691071	centroid_cosine
wikivir-016204::window::3	79	0.8672712892839806	centroid_cosine
wikivir-010173::window::10	79	0.8654782207343806	centroid_cosine
wikivir-014598::window::287	79	0.8652632502398292	centroid_cosine
wikivir-016559::window::4	79	0.8644034575985069	centroid_cosine
wikivir-002851::window::5	79	0.8637585491249966	centroid_cosine
wikivir-004192::window::84	79	0.8599688722453347	centroid_cosine
wikivir-020879::window::11	79	0.8599654262111742	centroid_cosine
wikivir-006506::window::1	79	0.8597098549556403	centroid_cosine
wikivir-014598::window::194	79	0.8596206528172459	centroid_cosine
wikivir-019487::window::4	79	0.8587713817139193	centroid_cosine
wikivir-019076::window::9	79	0.8585324677709683	centroid_cosine
wikivir-004323::window::6	79	0.857708560178544	centroid_cosine
wikivir-001068::window::49	79	0.535293048221116	centroid_cosine
wikivir-012031::window::1	79	0.5831764977670658	centroid_cosine
wikivir-003264::window::248	79	0.7095579414644552	centroid_cosine
wikivir-014028::window::18	79	0.7312795306508215	centroid_cosine
wikivir-015266::window::289	79	0.677631095179492	centroid_cosine
wikivir-011284::window::1	79	0.7145261083329466	centroid_cosine
wikivir-006997::window::3	79	0.6708648367251141	centroid_cosine
wikivir-016503::window::6	79	0.7268004969313369	centroid_cosine
wikivir-003612::window::61	79	0.7545093267050629	centroid_cosine
wikivir-014619::window::45	79	0.761740334153237	centroid_cosine
wikivir-017235::window::41	80	0.8780971077875817	centroid_cosine
wikivir-000605::window::311	80	0.8756203701369374	centroid_cosine
wikivir-004193::window::327	80	0.8705703895590904	centroid_cosine
wikivir-011673::window::48	80	0.8681947406406154	centroid_cosine
wikivir-011740::window::40	80	0.8665830799265564	centroid_cosine
wikivir-003767::window::74	80	0.8649394351943984	centroid_cosine
wikivir-011379::window::108	80	0.8637631755451363	centroid_cosine
wikivir-000605::window::309	80	0.8633533972299798	centroid_cosine
wikivir-016142::window::87	80	0.86199854796662	centroid_cosine
wikivir-020296::window::648	80	0.8615719588880784	centroid_cosine
wikivir-010822::window::200	80	0.859540389197271	centroid_cosine
wikivir-002790::window::87	80	0.8569185542913824	centroid_cosine
wikivir-020006::window::22	80	0.856873738589653	centroid_cosine
wikivir-012640::window::102	80	0.8530966226050354	centroid_cosine
wikivir-004226::window::11	80	0.8527802534215512	centroid_cosine
wikivir-001448::window::45	80	0.85158732453543	centroid_cosine
wikivir-017116::window::123	80	0.8515730792684351	centroid_cosine
wikivir-016783::window::14	80	0.848910410090905	centroid_cosine
wikivir-020073::window::232	80	0.8487626169646905	centroid_cosine
wikivir-020063::window::121	80	0.8473332140831646	centroid_cosine
wikivir-003401::window::1	80	0.8470791753365189	centroid_cosine
wikivir-014840::window::55	80	0.8468509286303849	centroid_cosine
wikivir-020783::window::20	80	0.845279008183653	centroid_cosine
wikivir-020783::window::18	80	0.844344137611594	centroid_cosine
wikivir-002839::window::326	80	0.8438609453598079	centroid_cosine
wikivir-004221::window::19	80	0.7817849586412887	centroid_cosine
wikivir-016131::window::89	80	0.7306292538219318	centroid_cosine
wikivir-011571::window::252	80	0.7584989712115404	centroid_cosine
wikivir-014703::window::360	80	0.76752547685138	centroid_cosine
wikivir-016144::window::7	80	0.782190194754045	centroid_cosine
wikivir-013944::window::1	80	0.7231876027753019	centroid_cosine
wikivir-014851::window::461	80	0.6946178126055857	centroid_cosine
wikivir-010834::window::28	80	0.6860691372845007	centroid_cosine
wikivir-007382::window::20	80	0.7299392749778266	centroid_cosine
wikivir-020081::window::125	80	0.7863307702690152	centroid_cosine
wikivir-003086::window::43	81	0.8744796608388554	centroid_cosine
wikivir-004541::window::203	81	0.8640164511850686	centroid_cosine
wikivir-004538::window::108	81	0.8621675351229892	centroid_cosine
wikivir-019038::window::498	81	0.8608354173054666	centroid_cosine
wikivir-017041::window::6	81	0.8492445753799664	centroid_cosine
wikivir-017106::window::84	81	0.8465805834611292	centroid_cosine
wikivir-020691::window::15	81	0.8437305417166512	centroid_cosine
wikivir-014682::window::71	81	0.8432200241526652	centroid_cosine
wikivir-010825::window::236	81	0.8421179005631605	centroid_cosine
wikivir-000728::window::14	81	0.8415957854578342	centroid_cosine
wikivir-020289::window::68	81	0.8415810352330315	centroid_cosine
wikivir-004742::window::47	81	0.8392668911890512	centroid_cosine
wikivir-018495::window::1	81	0.838584135759407	centroid_cosine
wikivir-000674::window::32	81	0.8371084181167241	centroid_cosine
wikivir-000816::window::39	81	0.8356366675380834	centroid_cosine
wikivir-003104::window::50	81	0.8331715079176012	centroid_cosine
wikivir-000807::window::132	81	0.8323098935351962	centroid_cosine
wikivir-016176::window::18	81	0.8320848349523929	centroid_cosine
wikivir-017106::window::34	81	0.8309408719597554	centroid_cosine
wikivir-017657::window::11	81	0.8285584725394959	centroid_cosine
wikivir-018542::window::16	81	0.8284565111019712	centroid_cosine
wikivir-020617::window::432	81	0.8276937756819722	centroid_cosine
wikivir-016474::window::537	81	0.8268290012945866	centroid_cosine
wikivir-007381::window::186	81	0.8258122759681461	centroid_cosine
wikivir-020029::window::25	81	0.8251870757105357	centroid_cosine
wikivir-014704::window::21	81	0.7274442035322669	centroid_cosine
wikivir-017821::window::303	81	0.6633153322602943	centroid_cosine
wikivir-004567::window::130	81	0.5915130713295085	centroid_cosine
wikivir-015421::window::178	81	0.6424490067821823	centroid_cosine
wikivir-002988::window::11	81	0.6969694851959085	centroid_cosine
wikivir-003045::window::14	81	0.7302792127312461	centroid_cosine
wikivir-018101::window::86	81	0.7079370967205244	centroid_cosine
wikivir-019150::window::883	81	0.6040681933489389	centroid_cosine
wikivir-019150::window::774	81	0.7038656136737128	centroid_cosine
wikivir-020785::window::358	81	0.6720365280165435	centroid_cosine
wikivir-004708::window::171	82	0.8750234946680442	centroid_cosine
wikivir-016063::window::108	82	0.8613311642409118	centroid_cosine
wikivir-018534::window::98	82	0.8489618914500654	centroid_cosine
wikivir-002781::window::520	82	0.8466192946455109	centroid_cosine
wikivir-000967::window::186	82	0.8465294557403648	centroid_cosine
wikivir-000918::window::64	82	0.8458974952057572	centroid_cosine
wikivir-014629::window::72	82	0.8441801563871463	centroid_cosine
wikivir-014659::window::44	82	0.8439263748058674	centroid_cosine
wikivir-000692::window::7	82	0.8419177097023599	centroid_cosine
wikivir-011667::window::43	82	0.8403078736203986	centroid_cosine
wikivir-014421::window::105	82	0.8388445800847342	centroid_cosine
wikivir-000123::window::18	82	0.8386451775305003	centroid_cosine
wikivir-014850::window::69	82	0.8386422574144393	centroid_cosine
wikivir-004225::window::334	82	0.8384176626654716	centroid_cosine
wikivir-010219::window::59	82	0.8383546472768082	centroid_cosine
wikivir-000969::window::128	82	0.8368791902683084	centroid_cosine
wikivir-012874::window::3	82	0.8368501863669212	centroid_cosine
wikivir-013395::window::285	82	0.835954910907933	centroid_cosine
wikivir-019171::window::25	82	0.8353696296485396	centroid_cosine
wikivir-000692::window::50	82	0.8346936611442579	centroid_cosine
wikivir-018034::window::413	82	0.8341774168379564	centroid_cosine
wikivir-003155::window::18	82	0.8337908538259826	centroid_cosine
wikivir-013123::window::99	82	0.8333680246378621	centroid_cosine
wikivir-000579::window::49	82	0.8323318028311029	centroid_cosine
wikivir-001452::window::56	82	0.8322221588181662	centroid_cosine
wikivir-010249::window::169	82	0.6723353948645848	centroid_cosine
wikivir-006994::window::13	82	0.6377483867301957	centroid_cosine
wikivir-013605::window::565	82	0.6842023784304774	centroid_cosine
wikivir-018744::window::2	82	0.7379802290861179	centroid_cosine
wikivir-013605::window::253	82	0.7457010612042116	centroid_cosine
wikivir-004198::window::237	82	0.6816873353458395	centroid_cosine
wikivir-000803::window::117	82	0.6890058599283957	centroid_cosine
wikivir-004562::window::21	82	0.6982269737943144	centroid_cosine
wikivir-017071::window::463	82	0.6506717660809272	centroid_cosine
wikivir-020081::window::47	82	0.6274250831276844	centroid_cosine
wikivir-014322::window::89	83	0.9152986559044961	centroid_cosine
wikivir-015915::window::3	83	0.9134991072896794	centroid_cosine
wikivir-015463::window::280	83	0.9043885442199799	centroid_cosine
wikivir-007376::window::117	83	0.903897558745699	centroid_cosine
wikivir-013182::window::5	83	0.9024688018125315	centroid_cosine
wikivir-011729::window::317	83	0.9024242743863471	centroid_cosine
wikivir-007549::window::7	83	0.9022930397587097	centroid_cosine
wikivir-013653::window::195	83	0.9022830170733401	centroid_cosine
wikivir-004565::window::46	83	0.8974753817585177	centroid_cosine
wikivir-020794::window::28	83	0.8963629808826807	centroid_cosine
wikivir-009559::window::6	83	0.8959692867521263	centroid_cosine
wikivir-003273::window::258	83	0.8942116023674176	centroid_cosine
wikivir-017117::window::152	83	0.8935387923889757	centroid_cosine
wikivir-010840::window::150	83	0.8929013475057839	centroid_cosine
wikivir-003668::window::2	83	0.8923131579366944	centroid_cosine
wikivir-020827::window::37	83	0.8921678147394607	centroid_cosine
wikivir-016976::window::46	83	0.8917661716370162	centroid_cosine
wikivir-007549::window::2	83	0.8894799447014773	centroid_cosine
wikivir-017454::window::74	83	0.8892559250912239	centroid_cosine
wikivir-003668::window::7	83	0.8890047395874644	centroid_cosine
wikivir-000935::window::123	83	0.8886075848915811	centroid_cosine
wikivir-017454::window::72	83	0.8873097412363458	centroid_cosine
wikivir-017661::window::52	83	0.8871967077633417	centroid_cosine
wikivir-004233::window::58	83	0.8869725298207517	centroid_cosine
wikivir-007232::window::14	83	0.8865634460514484	centroid_cosine
wikivir-020178::window::12	83	0.7550677720008143	centroid_cosine
wikivir-008893::window::1	83	0.6101099714237895	centroid_cosine
wikivir-020641::window::10	83	0.7199508872311728	centroid_cosine
wikivir-000910::window::55	83	0.7820449091854849	centroid_cosine
wikivir-001182::window::52	83	0.6835448353909994	centroid_cosine
wikivir-007300::window::112	83	0.8394135107591194	centroid_cosine
wikivir-020793::window::46	83	0.8612136756191024	centroid_cosine
wikivir-003163::window::13	83	0.8535172487326572	centroid_cosine
wikivir-011679::window::116	83	0.7126310530192661	centroid_cosine
wikivir-004239::window::109	83	0.7984863887588507	centroid_cosine
wikivir-004715::window::431	84	0.8823781335079685	centroid_cosine
wikivir-004715::window::371	84	0.8697154382230866	centroid_cosine
wikivir-016099::window::155	84	0.8641511112409034	centroid_cosine
wikivir-003097::window::52	84	0.8628848447733591	centroid_cosine
wikivir-017186::window::3	84	0.859715927742455	centroid_cosine
wikivir-012090::window::21	84	0.8584602529225835	centroid_cosine
wikivir-006924::window::66	84	0.8582816467714056	centroid_cosine
wikivir-011665::window::80	84	0.8560907842396284	centroid_cosine
wikivir-015442::window::14	84	0.8559825912553443	centroid_cosine
wikivir-020169::window::61	84	0.8555534247304768	centroid_cosine
wikivir-017382::window::82	84	0.8542570835311838	centroid_cosine
wikivir-004570::window::78	84	0.8532972964647833	centroid_cosine
wikivir-014696::window::390	84	0.8525762813847878	centroid_cosine
wikivir-002999::window::161	84	0.8501279638665601	centroid_cosine
wikivir-015990::window::1	84	0.8497048172529288	centroid_cosine
wikivir-003755::window::105	84	0.8492225731059295	centroid_cosine
wikivir-020791::window::28	84	0.84847122532052	centroid_cosine
wikivir-014626::window::21	84	0.8465128799654751	centroid_cosine
wikivir-020876::window::54	84	0.8441663595868998	centroid_cosine
wikivir-002817::window::40	84	0.842139820966026	centroid_cosine
wikivir-013415::window::6	84	0.8419527505893762	centroid_cosine
wikivir-004233::window::16	84	0.8391552299239393	centroid_cosine
wikivir-003097::window::108	84	0.838662263146923	centroid_cosine
wikivir-002858::window::44	84	0.8385563330251103	centroid_cosine
wikivir-013536::window::23	84	0.8380624102306421	centroid_cosine
wikivir-011591::window::327	84	0.7671139639226533	centroid_cosine
wikivir-003155::window::487	84	0.7328054291601722	centroid_cosine
wikivir-020154::window::42	84	0.5420059268377088	centroid_cosine
wikivir-018763::window::98	84	0.7380987488814725	centroid_cosine
wikivir-013664::window::67	84	0.7810852057356569	centroid_cosine
wikivir-013700::window::24	84	0.6662547932034156	centroid_cosine
wikivir-003100::window::324	84	0.6914741313037863	centroid_cosine
wikivir-010160::window::86	84	0.7477841915874053	centroid_cosine
wikivir-017154::window::1443	84	0.6730859178715678	centroid_cosine
wikivir-017106::window::78	84	0.6921523054435577	centroid_cosine
wikivir-016086::window::11	85	0.8905552755864449	centroid_cosine
wikivir-014494::window::10	85	0.8812602051776794	centroid_cosine
wikivir-013192::window::44	85	0.8803114285101205	centroid_cosine
wikivir-000590::window::162	85	0.880102359068364	centroid_cosine
wikivir-021022::window::1169	85	0.8663310635570134	centroid_cosine
wikivir-020852::window::96	85	0.8654315628218823	centroid_cosine
wikivir-004562::window::101	85	0.862440055623824	centroid_cosine
wikivir-017408::window::55	85	0.8620937334344612	centroid_cosine
wikivir-015450::window::6	85	0.8613529480165486	centroid_cosine
wikivir-004542::window::146	85	0.8604590058050974	centroid_cosine
wikivir-001455::window::15	85	0.8600966022672101	centroid_cosine
wikivir-020558::window::224	85	0.8593181760982032	centroid_cosine
wikivir-016579::window::3	85	0.8559189554974405	centroid_cosine
wikivir-017726::window::59	85	0.8558532417075289	centroid_cosine
wikivir-000806::window::267	85	0.8549746879043104	centroid_cosine
wikivir-004575::window::256	85	0.8549032589402756	centroid_cosine
wikivir-018669::window::22	85	0.8548454309601767	centroid_cosine
wikivir-017117::window::320	85	0.8545572600491174	centroid_cosine
wikivir-013869::window::15	85	0.854380194724519	centroid_cosine
wikivir-017408::window::190	85	0.8543772771206313	centroid_cosine
wikivir-016893::window::47	85	0.853976345878153	centroid_cosine
wikivir-016893::window::310	85	0.8538733692505236	centroid_cosine
wikivir-000600::window::345	85	0.8526629192741353	centroid_cosine
wikivir-017431::window::1	85	0.8525926412510898	centroid_cosine
wikivir-004538::window::104	85	0.8503083800810597	centroid_cosine
wikivir-021121::window::20	85	0.7909797408085089	centroid_cosine
wikivir-019936::window::19	85	0.8020612377544369	centroid_cosine
wikivir-003244::window::256	85	0.8423949539573475	centroid_cosine
wikivir-001445::window::327	85	0.7135167368309785	centroid_cosine
wikivir-014045::window::474	85	0.7208636325902861	centroid_cosine
wikivir-007728::window::16	85	0.7358522164750224	centroid_cosine
wikivir-016474::window::396	85	0.6924526556655886	centroid_cosine
wikivir-003094::window::66	85	0.7766895051677205	centroid_cosine
wikivir-014711::window::155	85	0.7061457173664396	centroid_cosine
wikivir-001516::window::139	85	0.738036015560871	centroid_cosine
wikivir-020929::window::336	86	0.877853492075429	centroid_cosine
wikivir-010686::window::240	86	0.8737930305933532	centroid_cosine
wikivir-010686::window::266	86	0.8674463011386864	centroid_cosine
wikivir-010686::window::265	86	0.863044264496775	centroid_cosine
wikivir-016634::window::92	86	0.8574749368939754	centroid_cosine
wikivir-017800::window::72	86	0.8559104523297826	centroid_cosine
wikivir-020063::window::166	86	0.8553534232586154	centroid_cosine
wikivir-010686::window::112	86	0.8552718923966383	centroid_cosine
wikivir-002820::window::61	86	0.8541904282766084	centroid_cosine
wikivir-018036::window::195	86	0.854084750050228	centroid_cosine
wikivir-010686::window::170	86	0.8540693617996526	centroid_cosine
wikivir-010686::window::511	86	0.8540038295285659	centroid_cosine
wikivir-015200::window::30	86	0.8535741511906718	centroid_cosine
wikivir-010686::window::54	86	0.8518151481625457	centroid_cosine
wikivir-020868::window::710	86	0.8509321716283627	centroid_cosine
wikivir-014513::window::38	86	0.8507235968699121	centroid_cosine
wikivir-010686::window::311	86	0.8501273834274523	centroid_cosine
wikivir-018818::window::2	86	0.8493089819176269	centroid_cosine
wikivir-000945::window::27	86	0.849291925552557	centroid_cosine
wikivir-020868::window::80	86	0.8492672284431839	centroid_cosine
wikivir-007421::window::195	86	0.8478246407069416	centroid_cosine
wikivir-020868::window::606	86	0.8459576258855752	centroid_cosine
wikivir-010686::window::450	86	0.8452695647512558	centroid_cosine
wikivir-007710::window::62	86	0.8451347305194802	centroid_cosine
wikivir-010144::window::62	86	0.8451347305194802	centroid_cosine
wikivir-007710::window::79	86	0.5920653564026533	centroid_cosine
wikivir-000879::window::37	86	0.7386292709371034	centroid_cosine
wikivir-014851::window::51	86	0.7270746736775665	centroid_cosine
wikivir-016071::window::17	86	0.6117589256457995	centroid_cosine
wikivir-004676::window::10	86	0.7955507361412917	centroid_cosine
wikivir-004468::window::13	86	0.7797073161128688	centroid_cosine
wikivir-018035::window::137	86	0.7320408124021017	centroid_cosine
wikivir-007421::window::21	86	0.7282100615229037	centroid_cosine
wikivir-000970::window::4	86	0.6301623044382205	centroid_cosine
wikivir-003348::window::300	86	0.7170472988113952	centroid_cosine
wikivir-016181::window::22	87	0.8962448710835823	centroid_cosine
wikivir-012443::window::69	87	0.8796761477814303	centroid_cosine
wikivir-000906::window::290	87	0.8779386445537674	centroid_cosine
wikivir-010686::window::55	87	0.8709953096052881	centroid_cosine
wikivir-018558::window::6	87	0.870184109323187	centroid_cosine
wikivir-011679::window::543	87	0.8669045327580251	centroid_cosine
wikivir-016099::window::186	87	0.8667571195219234	centroid_cosine
wikivir-016127::window::1	87	0.8639414424333829	centroid_cosine
wikivir-018993::window::497	87	0.8637842614507285	centroid_cosine
wikivir-004193::window::82	87	0.8632645711197717	centroid_cosine
wikivir-017444::window::334	87	0.863261243758773	centroid_cosine
wikivir-020798::window::189	87	0.8581834618202895	centroid_cosine
wikivir-021106::window::271	87	0.8565334680795562	centroid_cosine
wikivir-011382::window::265	87	0.8544914704989345	centroid_cosine
wikivir-004530::window::119	87	0.8540576245515229	centroid_cosine
wikivir-011379::window::118	87	0.8539678921737197	centroid_cosine
wikivir-010973::window::226	87	0.8495157288053572	centroid_cosine
wikivir-014341::window::380	87	0.849018403572246	centroid_cosine
wikivir-018861::window::6	87	0.848503610553395	centroid_cosine
wikivir-020929::window::402	87	0.8481800946107426	centroid_cosine
wikivir-000969::window::333	87	0.8470662444048611	centroid_cosine
wikivir-004186::window::306	87	0.8455371868704438	centroid_cosine
wikivir-018344::window::3	87	0.8453790982323478	centroid_cosine
wikivir-017444::window::354	87	0.8452622594297245	centroid_cosine
wikivir-018414::window::2	87	0.8436233519653662	centroid_cosine
wikivir-012900::window::5	87	0.7228077932147541	centroid_cosine
wikivir-014399::window::199	87	0.7683230172715808	centroid_cosine
wikivir-020290::window::62	87	0.7017311318073803	centroid_cosine
wikivir-015749::window::14	87	0.6769301289328554	centroid_cosine
wikivir-014545::window::203	87	0.5386381855348453	centroid_cosine
wikivir-016117::window::167	87	0.543723594710879	centroid_cosine
wikivir-010231::window::130	87	0.7118053934679984	centroid_cosine
wikivir-003280::window::24	87	0.7669067413512334	centroid_cosine
wikivir-000578::window::290	87	0.6709188251705493	centroid_cosine
wikivir-000868::window::176	87	0.7121230531156162	centroid_cosine
wikivir-017661::window::110	88	0.916712092892456	centroid_cosine
wikivir-000908::window::138	88	0.896308653041655	centroid_cosine
wikivir-004192::window::304	88	0.8923713160560844	centroid_cosine
wikivir-016970::window::58	88	0.8886981411965194	centroid_cosine
wikivir-017444::window::414	88	0.8854334612001109	centroid_cosine
wikivir-013243::window::191	88	0.884889984774262	centroid_cosine
wikivir-019706::window::16	88	0.8828209438572241	centroid_cosine
wikivir-002999::window::433	88	0.8814033066894194	centroid_cosine
wikivir-000778::window::7	88	0.8811713256355485	centroid_cosine
wikivir-004215::window::13	88	0.8786140925243883	centroid_cosine
wikivir-001926::window::98	88	0.8759556711102936	centroid_cosine
wikivir-016102::window::451	88	0.87329730902942	centroid_cosine
wikivir-000935::window::106	88	0.8721829752036836	centroid_cosine
wikivir-011379::window::286	88	0.8718758481553671	centroid_cosine
wikivir-004227::window::119	88	0.8718600250224425	centroid_cosine
wikivir-017444::window::612	88	0.8706983739241638	centroid_cosine
wikivir-017742::window::5	88	0.8694902272634946	centroid_cosine
wikivir-018856::window::20	88	0.8693552973673793	centroid_cosine
wikivir-016587::window::44	88	0.8682601888835185	centroid_cosine
wikivir-000695::window::48	88	0.8681796954029627	centroid_cosine
wikivir-010835::window::61	88	0.8675536756744691	centroid_cosine
wikivir-003157::window::1	88	0.8671789675682388	centroid_cosine
wikivir-004197::window::51	88	0.8670741419622805	centroid_cosine
wikivir-015856::window::130	88	0.8667082335825917	centroid_cosine
wikivir-017154::window::517	88	0.8661338118191286	centroid_cosine
wikivir-001377::window::11	88	0.7042016437154821	centroid_cosine
wikivir-002883::window::32	88	0.7004661777860889	centroid_cosine
wikivir-010822::window::229	88	0.8180947584262133	centroid_cosine
wikivir-020299::window::502	88	0.6921338731652346	centroid_cosine
wikivir-014690::window::10	88	0.6235057985807786	centroid_cosine
wikivir-003444::window::181	88	0.7504184129250318	centroid_cosine
wikivir-004451::window::54	88	0.7651955311006704	centroid_cosine
wikivir-000579::window::56	88	0.6502454341496551	centroid_cosine
wikivir-000671::window::71	88	0.6569111795985136	centroid_cosine
wikivir-017727::window::44	88	0.7618002836854412	centroid_cosine
wikivir-018811::window::26	89	0.8698031525466905	centroid_cosine
wikivir-020305::window::19	89	0.865514041939135	centroid_cosine
wikivir-006141::window::58	89	0.8626535965744551	centroid_cosine
wikivir-017154::window::1575	89	0.8619910786311913	centroid_cosine
wikivir-020925::window::18	89	0.8558606959407502	centroid_cosine
wikivir-004461::window::76	89	0.8541778720873903	centroid_cosine
wikivir-017444::window::118	89	0.8526841363670379	centroid_cosine
wikivir-016268::window::66	89	0.8521056190415368	centroid_cosine
wikivir-020305::window::17	89	0.8513561168112361	centroid_cosine
wikivir-016105::window::24	89	0.8505704550475894	centroid_cosine
wikivir-014521::window::31	89	0.8505215988644514	centroid_cosine
wikivir-016878::window::251	89	0.8502977779068304	centroid_cosine
wikivir-002866::window::79	89	0.8463697270167272	centroid_cosine
wikivir-019203::window::69	89	0.8456916251049329	centroid_cosine
wikivir-016029::window::23	89	0.8450746242253585	centroid_cosine
wikivir-016065::window::11	89	0.8448041514297568	centroid_cosine
wikivir-015673::window::36	89	0.8437761734761164	centroid_cosine
wikivir-004235::window::439	89	0.8436513539418165	centroid_cosine
wikivir-001025::window::205	89	0.8433175079295583	centroid_cosine
wikivir-001753::window::109	89	0.8431940064666571	centroid_cosine
wikivir-000912::window::252	89	0.8423773291347697	centroid_cosine
wikivir-016107::window::27	89	0.8421511323644448	centroid_cosine
wikivir-007299::window::211	89	0.8402774666195463	centroid_cosine
wikivir-016433::window::1235	89	0.8400390925111343	centroid_cosine
wikivir-020034::window::194	89	0.8395111642611812	centroid_cosine
wikivir-013194::window::58	89	0.7878020236247663	centroid_cosine
wikivir-000712::window::28	89	0.7064363771674249	centroid_cosine
wikivir-015490::window::4	89	0.7276725756861548	centroid_cosine
wikivir-003446::window::11	89	0.7060996583213737	centroid_cosine
wikivir-019150::window::758	89	0.667327730508533	centroid_cosine
wikivir-018863::window::4	89	0.7426179046597152	centroid_cosine
wikivir-013731::window::56	89	0.7584595652957149	centroid_cosine
wikivir-016538::window::1	89	0.6542660789999453	centroid_cosine
wikivir-018763::window::77	89	0.7231057850830575	centroid_cosine
wikivir-006520::window::127	89	0.7656969232645676	centroid_cosine
wikivir-018035::window::463	90	0.8519243366904637	centroid_cosine
wikivir-021132::window::49	90	0.8488565110097303	centroid_cosine
wikivir-016826::window::17	90	0.8451087069077583	centroid_cosine
wikivir-015624::window::10	90	0.839773554399893	centroid_cosine
wikivir-006917::window::7	90	0.8390572861215241	centroid_cosine
wikivir-009226::window::1	90	0.8375154101676388	centroid_cosine
wikivir-018032::window::178	90	0.8347221451938793	centroid_cosine
wikivir-003062::window::36	90	0.8343844558575825	centroid_cosine
wikivir-004230::window::23	90	0.8326431359111202	centroid_cosine
wikivir-020813::window::7	90	0.8322929114412994	centroid_cosine
wikivir-017725::window::399	90	0.8317707606165547	centroid_cosine
wikivir-002864::window::76	90	0.8301610543284328	centroid_cosine
wikivir-000125::window::60	90	0.8279795534076816	centroid_cosine
wikivir-003945::window::187	90	0.8271054186316068	centroid_cosine
wikivir-001763::window::5	90	0.8248045971462664	centroid_cosine
wikivir-004212::window::199	90	0.8246328775123353	centroid_cosine
wikivir-009364::window::1	90	0.8241814869636335	centroid_cosine
wikivir-006128::window::24	90	0.8238180982243141	centroid_cosine
wikivir-000579::window::290	90	0.8215647431910031	centroid_cosine
wikivir-016432::window::922	90	0.821421776345834	centroid_cosine
wikivir-013944::window::30	90	0.821217996619133	centroid_cosine
wikivir-020232::window::6	90	0.8207589628717528	centroid_cosine
wikivir-013968::window::3	90	0.8201421010343222	centroid_cosine
wikivir-004678::window::138	90	0.8196039091106515	centroid_cosine
wikivir-002999::window::246	90	0.8194399205465197	centroid_cosine
wikivir-014408::window::191	90	0.7893292002858567	centroid_cosine
wikivir-015756::window::471	90	0.6923545688744053	centroid_cosine
wikivir-001027::window::447	90	0.7029754219692007	centroid_cosine
wikivir-021184::window::15	90	0.5568882449651156	centroid_cosine
wikivir-019272::window::41	90	0.6660385665065364	centroid_cosine
wikivir-014821::window::3	90	0.6751792071528548	centroid_cosine
wikivir-015557::window::53	90	0.6274758754805709	centroid_cosine
wikivir-001027::window::448	90	0.7169078773871266	centroid_cosine
wikivir-015511::window::22	90	0.563807243073092	centroid_cosine
wikivir-001024::window::67	90	0.6768740135994948	centroid_cosine
wikivir-000124::window::9	91	0.8392665714529367	centroid_cosine
wikivir-003157::window::4	91	0.8262935073670089	centroid_cosine
wikivir-019217::window::21	91	0.8211382838405061	centroid_cosine
wikivir-021125::window::8	91	0.8140632871822977	centroid_cosine
wikivir-014598::window::252	91	0.8127401977392201	centroid_cosine
wikivir-016634::window::294	91	0.8054748059491375	centroid_cosine
wikivir-016838::window::1	91	0.8050643913527836	centroid_cosine
wikivir-019217::window::73	91	0.8042990750137626	centroid_cosine
wikivir-004634::window::56	91	0.8035626329069026	centroid_cosine
wikivir-003301::window::94	91	0.8030899505669553	centroid_cosine
wikivir-021192::window::78	91	0.8029235082876112	centroid_cosine
wikivir-004198::window::101	91	0.7984738978715187	centroid_cosine
wikivir-015753::window::535	91	0.7975754530887786	centroid_cosine
wikivir-017905::window::9	91	0.7968943060431493	centroid_cosine
wikivir-002135::window::1	91	0.7951802495772381	centroid_cosine
wikivir-020298::window::1	91	0.792751887691587	centroid_cosine
wikivir-000654::window::282	91	0.7925918495260478	centroid_cosine
wikivir-017715::window::15	91	0.7910301034624443	centroid_cosine
wikivir-019198::window::2	91	0.790012519916577	centroid_cosine
wikivir-019218::window::4	91	0.7896363465275691	centroid_cosine
wikivir-004585::window::98	91	0.7893827999492938	centroid_cosine
wikivir-017606::window::16	91	0.7889149637269479	centroid_cosine
wikivir-021192::window::86	91	0.7885526591626002	centroid_cosine
wikivir-015266::window::315	91	0.7882121011597664	centroid_cosine
wikivir-003348::window::333	91	0.7877334075637509	centroid_cosine
wikivir-004701::window::409	91	0.6180003347800384	centroid_cosine
wikivir-015309::window::97	91	0.5859892693478606	centroid_cosine
wikivir-004695::window::233	91	0.6637910630013082	centroid_cosine
wikivir-003348::window::961	91	0.6283997402265186	centroid_cosine
wikivir-010848::window::95	91	0.4648284152615292	centroid_cosine
wikivir-021184::window::54	91	0.6248459823076776	centroid_cosine
wikivir-020876::window::19	91	0.6123229868046809	centroid_cosine
wikivir-016560::window::33	91	0.7604576364312909	centroid_cosine
wikivir-015544::window::185	91	0.631034495026956	centroid_cosine
wikivir-020483::window::4	91	0.7404978026273233	centroid_cosine
wikivir-014671::window::29	92	0.9010577429472504	centroid_cosine
wikivir-019209::window::9	92	0.8942897728381656	centroid_cosine
wikivir-018323::window::14	92	0.8805837058705163	centroid_cosine
wikivir-019209::window::10	92	0.878335483771508	centroid_cosine
wikivir-019858::window::15	92	0.8775283827644809	centroid_cosine
wikivir-019228::window::17	92	0.8762537060920045	centroid_cosine
wikivir-019205::window::7	92	0.8720087405540988	centroid_cosine
wikivir-004487::window::57	92	0.869219722169691	centroid_cosine
wikivir-016785::window::7	92	0.8664003621272326	centroid_cosine
wikivir-018065::window::4	92	0.8650013294420347	centroid_cosine
wikivir-004438::window::76	92	0.8649317544272974	centroid_cosine
wikivir-002793::window::11	92	0.8647153897323867	centroid_cosine
wikivir-019214::window::14	92	0.863593753356758	centroid_cosine
wikivir-017965::window::12	92	0.8628981070021761	centroid_cosine
wikivir-019860::window::12	92	0.8623761215246337	centroid_cosine
wikivir-010681::window::60	92	0.8614783931193123	centroid_cosine
wikivir-019873::window::8	92	0.8614525627190632	centroid_cosine
wikivir-016447::window::18	92	0.8612094813458517	centroid_cosine
wikivir-019852::window::57	92	0.8609156624071989	centroid_cosine
wikivir-016824::window::6	92	0.8608322762698013	centroid_cosine
wikivir-019169::window::1	92	0.8601713343864623	centroid_cosine
wikivir-017781::window::1	92	0.8599192926077983	centroid_cosine
wikivir-018021::window::20	92	0.8597917759874582	centroid_cosine
wikivir-011677::window::1	92	0.8596730969775491	centroid_cosine
wikivir-015200::window::5	92	0.8571138325657852	centroid_cosine
wikivir-014650::window::276	92	0.7353937118280969	centroid_cosine
wikivir-020619::window::87	92	0.5545621350733627	centroid_cosine
wikivir-014367::window::5	92	0.7609087315725134	centroid_cosine
wikivir-004468::window::71	92	0.8222023004688586	centroid_cosine
wikivir-015544::window::243	92	0.7063159288663616	centroid_cosine
wikivir-021170::window::6	92	0.7009463337051367	centroid_cosine
wikivir-020647::window::8	92	0.7808204598134665	centroid_cosine
wikivir-018123::window::27	92	0.6826198807561734	centroid_cosine
wikivir-017883::window::6	92	0.6831227782873364	centroid_cosine
wikivir-019852::window::16	92	0.8236195917183647	centroid_cosine
wikivir-010489::window::1	93	0.9446368673558285	centroid_cosine
wikivir-010487::window::1	93	0.9439647511822951	centroid_cosine
wikivir-007896::window::1	93	0.9439354578885689	centroid_cosine
wikivir-007825::window::1	93	0.9435335569420462	centroid_cosine
wikivir-007830::window::1	93	0.9410978131780221	centroid_cosine
wikivir-012443::window::65	93	0.9392719677342036	centroid_cosine
wikivir-010997::window::77	93	0.9387525547116116	centroid_cosine
wikivir-007813::window::1	93	0.9371468282904882	centroid_cosine
wikivir-014896::window::1	93	0.9368581217725865	centroid_cosine
wikivir-003346::window::1	93	0.9368125294781694	centroid_cosine
wikivir-003715::window::6	93	0.9367212498702359	centroid_cosine
wikivir-003133::window::39	93	0.9362501153665825	centroid_cosine
wikivir-007807::window::1	93	0.9355975040883215	centroid_cosine
wikivir-007854::window::1	93	0.9355429092095082	centroid_cosine
wikivir-011446::window::3	93	0.9320597541797271	centroid_cosine
wikivir-014899::window::9	93	0.9317565950546465	centroid_cosine
wikivir-008780::window::1	93	0.9316451643511188	centroid_cosine
wikivir-011611::window::2	93	0.9311125326541176	centroid_cosine
wikivir-007895::window::1	93	0.9302120900106161	centroid_cosine
wikivir-013136::window::123	93	0.9299140671556134	centroid_cosine
wikivir-007803::window::1	93	0.9290726474742924	centroid_cosine
wikivir-003491::window::431	93	0.929043216696346	centroid_cosine
wikivir-012851::window::1	93	0.9285852587846595	centroid_cosine
wikivir-007878::window::1	93	0.9283185990006564	centroid_cosine
wikivir-011486::window::1	93	0.9276623783982005	centroid_cosine
wikivir-005731::window::1	93	0.6559530840522672	centroid_cosine
wikivir-005415::window::1	93	0.8553939389731513	centroid_cosine
wikivir-004253::window::48	93	0.8387267600202826	centroid_cosine
wikivir-002927::window::1	93	0.8248475310175045	centroid_cosine
wikivir-007871::window::1	93	0.7622130643117487	centroid_cosine
wikivir-004267::window::4	93	0.7355021169519872	centroid_cosine
wikivir-004497::window::19	93	0.7642156151084865	centroid_cosine
wikivir-014409::window::6	93	0.7498179972002381	centroid_cosine
wikivir-012512::window::4	93	0.9140461160499481	centroid_cosine
wikivir-006832::window::45	93	0.6763552101268809	centroid_cosine
wikivir-017137::window::112	94	0.890031520400774	centroid_cosine
wikivir-011718::window::27	94	0.8854442453396032	centroid_cosine
wikivir-016551::window::20	94	0.8739320441992098	centroid_cosine
wikivir-016547::window::25	94	0.8680129578743099	centroid_cosine
wikivir-018545::window::10	94	0.8679209670788144	centroid_cosine
wikivir-021022::window::906	94	0.8658306889333423	centroid_cosine
wikivir-020362::window::92	94	0.8647406603722629	centroid_cosine
wikivir-017420::window::1	94	0.8639780692764927	centroid_cosine
wikivir-016578::window::2	94	0.8637071893752373	centroid_cosine
wikivir-016578::window::15	94	0.8636883681169532	centroid_cosine
wikivir-002711::window::111	94	0.8626522287750207	centroid_cosine
wikivir-020029::window::26	94	0.8624173718847012	centroid_cosine
wikivir-002870::window::245	94	0.8614917921540911	centroid_cosine
wikivir-004572::window::203	94	0.8605801251344992	centroid_cosine
wikivir-014587::window::15	94	0.8605657833670989	centroid_cosine
wikivir-011533::window::24	94	0.8592592756981277	centroid_cosine
wikivir-017024::window::2	94	0.8592452898381303	centroid_cosine
wikivir-018753::window::8	94	0.8586846720348321	centroid_cosine
wikivir-000801::window::181	94	0.858359667208842	centroid_cosine
wikivir-015892::window::2	94	0.8580116078250168	centroid_cosine
wikivir-004567::window::48	94	0.857415317342607	centroid_cosine
wikivir-000944::window::192	94	0.8562193038934476	centroid_cosine
wikivir-000837::window::136	94	0.8561938698355127	centroid_cosine
wikivir-004658::window::29	94	0.8555116879911097	centroid_cosine
wikivir-011591::window::293	94	0.8554134082753124	centroid_cosine
wikivir-018166::window::16	94	0.8347909975151961	centroid_cosine
wikivir-017408::window::204	94	0.6924541316062229	centroid_cosine
wikivir-010868::window::59	94	0.7128047973051412	centroid_cosine
wikivir-016401::window::1	94	0.6795713446587976	centroid_cosine
wikivir-003833::window::16	94	0.7065254182547039	centroid_cosine
wikivir-017071::window::401	94	0.6663787657201719	centroid_cosine
wikivir-013186::window::84	94	0.6712483541170164	centroid_cosine
wikivir-000821::window::118	94	0.7866143889095812	centroid_cosine
wikivir-013194::window::164	94	0.6684221430236673	centroid_cosine
wikivir-017047::window::16	94	0.7525812984893812	centroid_cosine
wikivir-007999::window::3	95	0.8609070277152737	centroid_cosine
wikivir-013997::window::21	95	0.853896953717932	centroid_cosine
wikivir-004600::window::39	95	0.8530243899017976	centroid_cosine
wikivir-021123::window::39	95	0.852161812058612	centroid_cosine
wikivir-015903::window::3	95	0.8518495992478845	centroid_cosine
wikivir-017090::window::2	95	0.8379446004668503	centroid_cosine
wikivir-015652::window::14	95	0.8359792741686919	centroid_cosine
wikivir-011593::window::115	95	0.835716118256045	centroid_cosine
wikivir-015754::window::83	95	0.8290589652662255	centroid_cosine
wikivir-016593::window::36	95	0.8286742601552625	centroid_cosine
wikivir-003099::window::132	95	0.8283393024366261	centroid_cosine
wikivir-017067::window::187	95	0.8282860039476286	centroid_cosine
wikivir-021022::window::1995	95	0.8251202359659844	centroid_cosine
wikivir-001431::window::10	95	0.8247851940348176	centroid_cosine
wikivir-011677::window::62	95	0.8237541738511021	centroid_cosine
wikivir-003500::window::15	95	0.8234669771758207	centroid_cosine
wikivir-014276::window::8	95	0.8211143511041927	centroid_cosine
wikivir-021041::window::380	95	0.8181866744388603	centroid_cosine
wikivir-009156::window::2	95	0.8168687559883242	centroid_cosine
wikivir-000528::window::10	95	0.8166676632229427	centroid_cosine
wikivir-000691::window::72	95	0.8149434332934771	centroid_cosine
wikivir-013697::window::14	95	0.8143873422451708	centroid_cosine
wikivir-013903::window::2	95	0.8128586233207457	centroid_cosine
wikivir-011587::window::29	95	0.8124750975160526	centroid_cosine
wikivir-016993::window::5	95	0.8122300776243424	centroid_cosine
wikivir-000690::window::187	95	0.6337111637982022	centroid_cosine
wikivir-001975::window::26	95	0.6921322728324159	centroid_cosine
wikivir-018101::window::14	95	0.5313355091455152	centroid_cosine
wikivir-002834::window::21	95	0.6845240060553504	centroid_cosine
wikivir-016215::window::93	95	0.6218575091882085	centroid_cosine
wikivir-011587::window::32	95	0.7509508867834374	centroid_cosine
wikivir-016215::window::74	95	0.6100732493577082	centroid_cosine
wikivir-004648::window::61	95	0.7619561368979904	centroid_cosine
wikivir-015469::window::33	95	0.6582199354579183	centroid_cosine
wikivir-001452::window::97	95	0.7692157655787661	centroid_cosine
wikivir-004739::window::185	96	0.8771753063351246	centroid_cosine
wikivir-011660::window::40	96	0.874272976284206	centroid_cosine
wikivir-000690::window::509	96	0.8732549677247188	centroid_cosine
wikivir-000626::window::79	96	0.8713209449149814	centroid_cosine
wikivir-017584::window::44	96	0.8534998296680445	centroid_cosine
wikivir-014707::window::336	96	0.8525554447582265	centroid_cosine
wikivir-020817::window::83	96	0.8509028102836648	centroid_cosine
wikivir-013697::window::60	96	0.8493850472586726	centroid_cosine
wikivir-000931::window::1039	96	0.8483046681757948	centroid_cosine
wikivir-018806::window::3	96	0.8475710625545754	centroid_cosine
wikivir-013471::window::25	96	0.8464141033057924	centroid_cosine
wikivir-000605::window::226	96	0.8445684563656922	centroid_cosine
wikivir-020824::window::99	96	0.8444130443070739	centroid_cosine
wikivir-018034::window::120	96	0.8439941350656479	centroid_cosine
wikivir-000808::window::20	96	0.8439734835606763	centroid_cosine
wikivir-011591::window::36	96	0.8425410552275641	centroid_cosine
wikivir-014851::window::693	96	0.8400705295094109	centroid_cosine
wikivir-017380::window::76	96	0.8387274381336224	centroid_cosine
wikivir-000666::window::9	96	0.8369928993077921	centroid_cosine
wikivir-004545::window::4	96	0.8360743031114267	centroid_cosine
wikivir-010216::window::376	96	0.835192723653909	centroid_cosine
wikivir-014734::window::4	96	0.8333247098890898	centroid_cosine
wikivir-010250::window::430	96	0.832628309638654	centroid_cosine
wikivir-014691::window::125	96	0.8321244051261487	centroid_cosine
wikivir-010840::window::298	96	0.8312988051343946	centroid_cosine
wikivir-016586::window::34	96	0.7634882119260364	centroid_cosine
wikivir-004768::window::2	96	0.7265204214252249	centroid_cosine
wikivir-001516::window::180	96	0.7986305064152731	centroid_cosine
wikivir-013125::window::15	96	0.7630307516638302	centroid_cosine
wikivir-013697::window::62	96	0.7497449680438452	centroid_cosine
wikivir-001168::window::39	96	0.7413074624407847	centroid_cosine
wikivir-018493::window::60	96	0.7401564178036921	centroid_cosine
wikivir-004667::window::190	96	0.7603153421122574	centroid_cosine
wikivir-014562::window::15	96	0.6830372672970451	centroid_cosine
wikivir-017821::window::351	96	0.7332533799434691	centroid_cosine
wikivir-011655::window::98	97	0.8611989111663092	centroid_cosine
wikivir-017853::window::3	97	0.8593233757147605	centroid_cosine
wikivir-020809::window::4	97	0.855967497342035	centroid_cosine
wikivir-017463::window::12	97	0.8487848253214942	centroid_cosine
wikivir-001445::window::307	97	0.8466384167770185	centroid_cosine
wikivir-013545::window::98	97	0.8462130917554596	centroid_cosine
wikivir-020064::window::106	97	0.8459578309378908	centroid_cosine
wikivir-002888::window::54	97	0.845846922474238	centroid_cosine
wikivir-010975::window::308	97	0.8413214287485336	centroid_cosine
wikivir-014628::window::118	97	0.8381520233553174	centroid_cosine
wikivir-016111::window::41	97	0.8336460204922658	centroid_cosine
wikivir-015176::window::18	97	0.8282973661752362	centroid_cosine
wikivir-020069::window::34	97	0.8263453689249338	centroid_cosine
wikivir-021131::window::274	97	0.8263188227800486	centroid_cosine
wikivir-015127::window::14	97	0.8254268063293704	centroid_cosine
wikivir-014107::window::64	97	0.8254126080324675	centroid_cosine
wikivir-014545::window::234	97	0.8220302597138336	centroid_cosine
wikivir-004235::window::533	97	0.8212825620852505	centroid_cosine
wikivir-017431::window::77	97	0.8177354026730539	centroid_cosine
wikivir-014336::window::110	97	0.8176609043779755	centroid_cosine
wikivir-003333::window::19	97	0.8167715298806442	centroid_cosine
wikivir-002782::window::207	97	0.815620429018579	centroid_cosine
wikivir-004235::window::462	97	0.8142018594590121	centroid_cosine
wikivir-020100::window::351	97	0.814006037103358	centroid_cosine
wikivir-010822::window::13	97	0.8125504573193657	centroid_cosine
wikivir-004325::window::291	97	0.7052680845263548	centroid_cosine
wikivir-004441::window::138	97	0.7187519290354728	centroid_cosine
wikivir-020844::window::16	97	0.7793002826829575	centroid_cosine
wikivir-016105::window::49	97	0.7390118854507771	centroid_cosine
wikivir-014636::window::9	97	0.6729184924347692	centroid_cosine
wikivir-004441::window::210	97	0.5703963149079667	centroid_cosine
wikivir-014849::window::60	97	0.7673253136696853	centroid_cosine
wikivir-006210::window::2	97	0.7082540077419528	centroid_cosine
wikivir-011783::window::170	97	0.6341029869160386	centroid_cosine
wikivir-013676::window::67	97	0.7185861602231314	centroid_cosine
wikivir-015137::window::18	98	0.8589919843206932	centroid_cosine
wikivir-001182::window::30	98	0.8524746020850325	centroid_cosine
wikivir-021132::window::66	98	0.8524058140099073	centroid_cosine
wikivir-020827::window::247	98	0.8523551963372846	centroid_cosine
wikivir-010348::window::227	98	0.8518844207807792	centroid_cosine
wikivir-004733::window::36	98	0.8515938528929261	centroid_cosine
wikivir-017067::window::30	98	0.8515570559203668	centroid_cosine
wikivir-003131::window::47	98	0.8441961396753555	centroid_cosine
wikivir-017740::window::21	98	0.842971873761739	centroid_cosine
wikivir-002839::window::290	98	0.8429619116119377	centroid_cosine
wikivir-011614::window::2	98	0.8420666466567718	centroid_cosine
wikivir-013883::window::377	98	0.8416309640152912	centroid_cosine
wikivir-000696::window::41	98	0.8413687452461343	centroid_cosine
wikivir-010347::window::279	98	0.8409687134856165	centroid_cosine
wikivir-015608::window::5	98	0.8392272256778066	centroid_cosine
wikivir-011394::window::4	98	0.839120662804741	centroid_cosine
wikivir-000797::window::49	98	0.8386339226919018	centroid_cosine
wikivir-021152::window::207	98	0.8378120593016737	centroid_cosine
wikivir-010611::window::22	98	0.8371588263900243	centroid_cosine
wikivir-004203::window::79	98	0.8358857563018058	centroid_cosine
wikivir-016447::window::5	98	0.8358783940926284	centroid_cosine
wikivir-011267::window::1	98	0.8354061677172454	centroid_cosine
wikivir-002401::window::17	98	0.8347663104794216	centroid_cosine
wikivir-010850::window::47	98	0.8344617624814061	centroid_cosine
wikivir-000695::window::11	98	0.8331953075167222	centroid_cosine
wikivir-011679::window::153	98	0.6988482221667341	centroid_cosine
wikivir-004193::window::318	98	0.7642804861557841	centroid_cosine
wikivir-010975::window::5	98	0.7773492437596368	centroid_cosine
wikivir-003460::window::1	98	0.6883397814112874	centroid_cosine
wikivir-015034::window::13	98	0.7908933661046498	centroid_cosine
wikivir-015266::window::340	98	0.6861340272199558	centroid_cosine
wikivir-020182::window::91	98	0.7440380996752841	centroid_cosine
wikivir-017403::window::85	98	0.6959468741080513	centroid_cosine
wikivir-018065::window::3	98	0.7166757439802961	centroid_cosine
wikivir-021156::window::113	98	0.5579744647277347	centroid_cosine
wikivir-002878::window::119	99	0.8447310591556073	centroid_cosine
wikivir-019224::window::12	99	0.8419673874616256	centroid_cosine
wikivir-018017::window::22	99	0.8398408234641624	centroid_cosine
wikivir-014394::window::14	99	0.8366727491695973	centroid_cosine
wikivir-002863::window::62	99	0.8365635450392496	centroid_cosine
wikivir-016431::window::24	99	0.8354612139742444	centroid_cosine
wikivir-006363::window::6	99	0.835106062046326	centroid_cosine
wikivir-002831::window::38	99	0.8290523482010983	centroid_cosine
wikivir-004737::window::60	99	0.8281220534849565	centroid_cosine
wikivir-001444::window::11	99	0.827088171544478	centroid_cosine
wikivir-020130::window::37	99	0.8258355592243536	centroid_cosine
wikivir-015309::window::102	99	0.8253669544670728	centroid_cosine
wikivir-014622::window::39	99	0.8240913669004974	centroid_cosine
wikivir-010681::window::68	99	0.821495669616832	centroid_cosine
wikivir-004698::window::10	99	0.8208360313552101	centroid_cosine
wikivir-021125::window::144	99	0.820023067482692	centroid_cosine
wikivir-020648::window::19	99	0.8198333380713196	centroid_cosine
wikivir-016115::window::19	99	0.8197807015620096	centroid_cosine
wikivir-016164::window::2	99	0.8187212796623852	centroid_cosine
wikivir-020620::window::22	99	0.8176610007032574	centroid_cosine
wikivir-019213::window::37	99	0.8176587819905847	centroid_cosine
wikivir-013605::window::296	99	0.817430210744723	centroid_cosine
wikivir-011391::window::23	99	0.8174105603808912	centroid_cosine
wikivir-016177::window::200	99	0.8173314458724548	centroid_cosine
wikivir-021192::window::46	99	0.8164025655874213	centroid_cosine
wikivir-017809::window::69	99	0.805802871577638	centroid_cosine
wikivir-003462::window::51	99	0.5423207227360725	centroid_cosine
wikivir-016852::window::22	99	0.7929509449009745	centroid_cosine
wikivir-004485::window::16	99	0.7718365377887249	centroid_cosine
wikivir-000782::window::157	99	0.6739706430280528	centroid_cosine
wikivir-016789::window::155	99	0.7192322692828064	centroid_cosine
wikivir-014859::window::67	99	0.7299505001393203	centroid_cosine
wikivir-019216::window::5	99	0.6559558231486629	centroid_cosine
wikivir-015926::window::85	99	0.7804346384624645	centroid_cosine
wikivir-020621::window::10	99	0.6025320994441191	centroid_cosine
wikivir-009187::window::1	100	0.8700508577387965	centroid_cosine
wikivir-002779::window::6	100	0.8564182433523471	centroid_cosine
wikivir-018343::window::26	100	0.853152819992991	centroid_cosine
wikivir-013705::window::1	100	0.8496974802076637	centroid_cosine
wikivir-017403::window::296	100	0.8455644157704816	centroid_cosine
wikivir-020850::window::27	100	0.8395645652668546	centroid_cosine
wikivir-018651::window::18	100	0.8328743803404093	centroid_cosine
wikivir-010823::window::3	100	0.8327996891731664	centroid_cosine
wikivir-010217::window::416	100	0.8323914569078915	centroid_cosine
wikivir-015104::window::39	100	0.8315569922745509	centroid_cosine
wikivir-003478::window::6	100	0.8307378769732932	centroid_cosine
wikivir-013632::window::4	100	0.8302535571420009	centroid_cosine
wikivir-014628::window::125	100	0.8299539589918499	centroid_cosine
wikivir-015559::window::18	100	0.8293567607619798	centroid_cosine
wikivir-013174::window::10	100	0.8276490522963045	centroid_cosine
wikivir-020929::window::153	100	0.8275969734091964	centroid_cosine
wikivir-011679::window::531	100	0.8272953306408928	centroid_cosine
wikivir-010231::window::1	100	0.8272570755586315	centroid_cosine
wikivir-002781::window::131	100	0.8271599557745859	centroid_cosine
wikivir-010231::window::11	100	0.8253806927216852	centroid_cosine
wikivir-016087::window::124	100	0.8251900151023345	centroid_cosine
wikivir-017071::window::173	100	0.8238191184365222	centroid_cosine
wikivir-004496::window::32	100	0.8237257364583033	centroid_cosine
wikivir-017725::window::287	100	0.8229832552907638	centroid_cosine
wikivir-004192::window::296	100	0.8228722746041292	centroid_cosine
wikivir-000714::window::11	100	0.7429234860047977	centroid_cosine
wikivir-020028::window::96	100	0.5825817925463506	centroid_cosine
wikivir-004377::window::153	100	0.5595999666772217	centroid_cosine
wikivir-000608::window::239	100	0.5953917746258323	centroid_cosine
wikivir-005055::window::7	100	0.7187684004514026	centroid_cosine
wikivir-020362::window::45	100	0.7554052409556663	centroid_cosine
wikivir-020787::window::79	100	0.6723593436081089	centroid_cosine
wikivir-019150::window::518	100	0.5928324977006552	centroid_cosine
wikivir-011796::window::4	100	0.7080668004043669	centroid_cosine
wikivir-019150::window::1514	100	0.6576214394264569	centroid_cosine
wikivir-018920::window::15	101	0.8693623347806831	centroid_cosine
wikivir-015721::window::64	101	0.8676472931268744	centroid_cosine
wikivir-010217::window::793	101	0.8656630372443831	centroid_cosine
wikivir-010217::window::861	101	0.861209402779486	centroid_cosine
wikivir-015721::window::12	101	0.8607203483272531	centroid_cosine
wikivir-001024::window::87	101	0.8579883031179585	centroid_cosine
wikivir-010217::window::162	101	0.856527218060326	centroid_cosine
wikivir-010217::window::207	101	0.8519328254673908	centroid_cosine
wikivir-015721::window::177	101	0.8510695516838608	centroid_cosine
wikivir-004461::window::992	101	0.8499492729667496	centroid_cosine
wikivir-010217::window::124	101	0.8490160811519709	centroid_cosine
wikivir-015721::window::217	101	0.8467119557294505	centroid_cosine
wikivir-015435::window::22	101	0.846119801423806	centroid_cosine
wikivir-010217::window::1051	101	0.8457412565496896	centroid_cosine
wikivir-010217::window::799	101	0.8456034331606799	centroid_cosine
wikivir-000687::window::415	101	0.8454288823683695	centroid_cosine
wikivir-017084::window::10	101	0.8425440385944776	centroid_cosine
wikivir-018825::window::9	101	0.8423754806654056	centroid_cosine
wikivir-015526::window::203	101	0.8406980072109362	centroid_cosine
wikivir-000687::window::421	101	0.8398351632714178	centroid_cosine
wikivir-015721::window::75	101	0.8379443037820207	centroid_cosine
wikivir-001529::window::53	101	0.837508409697196	centroid_cosine
wikivir-001529::window::10	101	0.8358995933079745	centroid_cosine
wikivir-015721::window::175	101	0.8350960381916368	centroid_cosine
wikivir-010217::window::144	101	0.8345215924457514	centroid_cosine
wikivir-001345::window::14	101	0.7384909009182032	centroid_cosine
wikivir-016813::window::5	101	0.6129982656460814	centroid_cosine
wikivir-004165::window::653	101	0.6181006955141075	centroid_cosine
wikivir-010217::window::283	101	0.8335556949558344	centroid_cosine
wikivir-016634::window::245	101	0.7098564639996983	centroid_cosine
wikivir-015665::window::77	101	0.5683533218176157	centroid_cosine
wikivir-010217::window::1044	101	0.7298071974047059	centroid_cosine
wikivir-010217::window::239	101	0.8274661401564701	centroid_cosine
wikivir-000687::window::391	101	0.6930492260218206	centroid_cosine
wikivir-019014::window::9	101	0.7093772370010103	centroid_cosine
wikivir-013201::window::87	102	0.9155502131286134	centroid_cosine
wikivir-000966::window::181	102	0.8982179372679838	centroid_cosine
wikivir-000966::window::261	102	0.8965353786576782	centroid_cosine
wikivir-013944::window::64	102	0.8945202354956511	centroid_cosine
wikivir-000648::window::7	102	0.8932924581890728	centroid_cosine
wikivir-000912::window::293	102	0.8900123987117041	centroid_cosine
wikivir-003100::window::795	102	0.8894544439779013	centroid_cosine
wikivir-000912::window::15	102	0.8873200724103192	centroid_cosine
wikivir-000966::window::66	102	0.8866415405124322	centroid_cosine
wikivir-014487::window::69	102	0.8855149835027062	centroid_cosine
wikivir-013179::window::101	102	0.8843789693189039	centroid_cosine
wikivir-019175::window::80	102	0.8833322190526589	centroid_cosine
wikivir-000966::window::240	102	0.8833007164517983	centroid_cosine
wikivir-017821::window::345	102	0.8831348053944497	centroid_cosine
wikivir-020183::window::83	102	0.8830255214926952	centroid_cosine
wikivir-003273::window::349	102	0.8829876619150325	centroid_cosine
wikivir-000912::window::147	102	0.8826074341416141	centroid_cosine
wikivir-015131::window::118	102	0.8822770524817302	centroid_cosine
wikivir-018174::window::24	102	0.8820949649792895	centroid_cosine
wikivir-004445::window::408	102	0.880433820103691	centroid_cosine
wikivir-017071::window::582	102	0.8803419152221089	centroid_cosine
wikivir-014634::window::440	102	0.8799020133957298	centroid_cosine
wikivir-011394::window::183	102	0.8798971590022417	centroid_cosine
wikivir-014085::window::25	102	0.8797761088233772	centroid_cosine
wikivir-012440::window::2	102	0.8793504063753078	centroid_cosine
wikivir-017138::window::51	102	0.7108756315518188	centroid_cosine
wikivir-017821::window::43	102	0.7625515923843154	centroid_cosine
wikivir-020854::window::24	102	0.8396380678459081	centroid_cosine
wikivir-020172::window::72	102	0.7945887780365777	centroid_cosine
wikivir-004765::window::16	102	0.7744168412021937	centroid_cosine
wikivir-018950::window::5	102	0.7818174218557048	centroid_cosine
wikivir-015428::window::173	102	0.7460572185140582	centroid_cosine
wikivir-018956::window::32	102	0.7600971990897445	centroid_cosine
wikivir-014634::window::344	102	0.731258441482237	centroid_cosine
wikivir-013963::window::132	102	0.8178227207037754	centroid_cosine
wikivir-014404::window::244	103	0.9255325222683897	centroid_cosine
wikivir-014404::window::307	103	0.913898830884448	centroid_cosine
wikivir-011000::window::97	103	0.9069627458576821	centroid_cosine
wikivir-014860::window::1	103	0.8979465404008601	centroid_cosine
wikivir-014404::window::26	103	0.8967826466027327	centroid_cosine
wikivir-003715::window::1	103	0.8950964037002763	centroid_cosine
wikivir-014404::window::59	103	0.8910956865726463	centroid_cosine
wikivir-011491::window::1	103	0.88935069878582	centroid_cosine
wikivir-014404::window::238	103	0.887246675941937	centroid_cosine
wikivir-010561::window::1	103	0.8867242113776617	centroid_cosine
wikivir-014404::window::288	103	0.8851128653654159	centroid_cosine
wikivir-014404::window::165	103	0.8849677261073533	centroid_cosine
wikivir-002815::window::119	103	0.88250021032659	centroid_cosine
wikivir-011000::window::102	103	0.882039798812105	centroid_cosine
wikivir-014404::window::230	103	0.8820276574051037	centroid_cosine
wikivir-003501::window::184	103	0.881076063274586	centroid_cosine
wikivir-011000::window::82	103	0.880677018922273	centroid_cosine
wikivir-005724::window::1	103	0.8784650364322322	centroid_cosine
wikivir-016072::window::28	103	0.8779073892536626	centroid_cosine
wikivir-011000::window::9	103	0.8771145152934483	centroid_cosine
wikivir-014404::window::62	103	0.8768166123667337	centroid_cosine
wikivir-010457::window::1	103	0.8748902867764894	centroid_cosine
wikivir-012909::window::1	103	0.8746565006272904	centroid_cosine
wikivir-006375::window::49	103	0.8730899792536323	centroid_cosine
wikivir-004250::window::45	103	0.872920873616933	centroid_cosine
wikivir-018323::window::2	103	0.7040321914648702	centroid_cosine
wikivir-012979::window::1	103	0.8089747684484889	centroid_cosine
wikivir-011783::window::606	103	0.73419877209197	centroid_cosine
wikivir-020929::window::203	103	0.7312410411257291	centroid_cosine
wikivir-009676::window::1	103	0.7749289474613966	centroid_cosine
wikivir-014404::window::143	103	0.7055429658101703	centroid_cosine
wikivir-015922::window::8	103	0.6653604608888871	centroid_cosine
wikivir-007724::window::22	103	0.6920516248051602	centroid_cosine
wikivir-005957::window::1	103	0.8171151729732042	centroid_cosine
wikivir-002880::window::15	103	0.7468432770417965	centroid_cosine
wikivir-010365::window::85	104	0.90934290268357	centroid_cosine
wikivir-016137::window::56	104	0.8923091917957398	centroid_cosine
wikivir-016783::window::60	104	0.8914455208409745	centroid_cosine
wikivir-017584::window::304	104	0.8880002740642081	centroid_cosine
wikivir-010825::window::327	104	0.8834189004523698	centroid_cosine
wikivir-016976::window::500	104	0.8801415121088904	centroid_cosine
wikivir-013865::window::12	104	0.8793873823499465	centroid_cosine
wikivir-002836::window::44	104	0.8771638611011239	centroid_cosine
wikivir-020299::window::334	104	0.8747109060226713	centroid_cosine
wikivir-015752::window::672	104	0.8745966825979256	centroid_cosine
wikivir-021022::window::2315	104	0.8745490271338339	centroid_cosine
wikivir-016883::window::9	104	0.8714297080720322	centroid_cosine
wikivir-016177::window::238	104	0.8709147381338894	centroid_cosine
wikivir-016432::window::1584	104	0.8694653038067335	centroid_cosine
wikivir-016478::window::7	104	0.8694546959691141	centroid_cosine
wikivir-000818::window::44	104	0.8674152665364303	centroid_cosine
wikivir-020671::window::180	104	0.8672307201175519	centroid_cosine
wikivir-010219::window::57	104	0.866998540229821	centroid_cosine
wikivir-016102::window::278	104	0.8669944485385963	centroid_cosine
wikivir-001653::window::29	104	0.8654358447234194	centroid_cosine
wikivir-003163::window::131	104	0.8650416040420021	centroid_cosine
wikivir-016976::window::14	104	0.8644894932664873	centroid_cosine
wikivir-003464::window::12	104	0.8638198293027821	centroid_cosine
wikivir-000703::window::144	104	0.8631633682935422	centroid_cosine
wikivir-020072::window::1	104	0.8630170866201801	centroid_cosine
wikivir-007691::window::328	104	0.7026209889313668	centroid_cosine
wikivir-016077::window::119	104	0.749640337916258	centroid_cosine
wikivir-016976::window::346	104	0.8403182689080972	centroid_cosine
wikivir-010840::window::16	104	0.6782384222031537	centroid_cosine
wikivir-016131::window::39	104	0.7375164477656715	centroid_cosine
wikivir-018603::window::7	104	0.7800310079835083	centroid_cosine
wikivir-016893::window::666	104	0.783915309167081	centroid_cosine
wikivir-019651::window::4	104	0.6898239296681632	centroid_cosine
wikivir-015179::window::21	104	0.7361104460228405	centroid_cosine
wikivir-019720::window::12	104	0.7604161965957481	centroid_cosine
wikivir-000590::window::173	105	0.871433375007826	centroid_cosine
wikivir-016031::window::59	105	0.8671339205796409	centroid_cosine
wikivir-004664::window::32	105	0.86210023880544	centroid_cosine
wikivir-004616::window::24	105	0.860795379604778	centroid_cosine
wikivir-020408::window::111	105	0.8603001654347764	centroid_cosine
wikivir-018238::window::9	105	0.8594949359107835	centroid_cosine
wikivir-013183::window::20	105	0.8565723402880041	centroid_cosine
wikivir-017725::window::367	105	0.85473259520176	centroid_cosine
wikivir-017725::window::281	105	0.8540333402291829	centroid_cosine
wikivir-001027::window::310	105	0.8521835395154509	centroid_cosine
wikivir-003092::window::657	105	0.8510979895821718	centroid_cosine
wikivir-003092::window::66	105	0.84946230653128	centroid_cosine
wikivir-019158::window::100	105	0.846702952445107	centroid_cosine
wikivir-014399::window::44	105	0.843458475441446	centroid_cosine
wikivir-017117::window::9	105	0.842417763249216	centroid_cosine
wikivir-003244::window::331	105	0.8407779180160867	centroid_cosine
wikivir-000609::window::42	105	0.8400897085523643	centroid_cosine
wikivir-000806::window::29	105	0.8393951284394362	centroid_cosine
wikivir-016432::window::483	105	0.8379214138849611	centroid_cosine
wikivir-002855::window::31	105	0.8375099989816884	centroid_cosine
wikivir-017725::window::292	105	0.8372949409774464	centroid_cosine
wikivir-010822::window::67	105	0.8360620156017164	centroid_cosine
wikivir-004480::window::17	105	0.8325305219177443	centroid_cosine
wikivir-017758::window::38	105	0.8320270843940261	centroid_cosine
wikivir-002828::window::117	105	0.8318679669251927	centroid_cosine
wikivir-016474::window::322	105	0.6627446148541745	centroid_cosine
wikivir-004220::window::103	105	0.8080625578647549	centroid_cosine
wikivir-010231::window::37	105	0.7239960695867651	centroid_cosine
wikivir-000600::window::324	105	0.6946137324115984	centroid_cosine
wikivir-020870::window::6	105	0.7430050701161353	centroid_cosine
wikivir-018159::window::3	105	0.7499729933147774	centroid_cosine
wikivir-014667::window::222	105	0.7650057556351155	centroid_cosine
wikivir-020028::window::30	105	0.5686751560830533	centroid_cosine
wikivir-019150::window::146	105	0.6845673534793483	centroid_cosine
wikivir-014166::window::13	105	0.7016367485064057	centroid_cosine
wikivir-017436::window::37	106	0.8730112453336194	centroid_cosine
wikivir-013618::window::123	106	0.866895636498541	centroid_cosine
wikivir-003121::window::86	106	0.8665448111943843	centroid_cosine
wikivir-001182::window::348	106	0.8639950745833018	centroid_cosine
wikivir-000707::window::40	106	0.8639187372574066	centroid_cosine
wikivir-011646::window::8	106	0.8624419674743216	centroid_cosine
wikivir-007381::window::21	106	0.8587672005363169	centroid_cosine
wikivir-015037::window::23	106	0.8583577092020955	centroid_cosine
wikivir-006571::window::6	106	0.8551783579075605	centroid_cosine
wikivir-000936::window::28	106	0.8537341683167543	centroid_cosine
wikivir-012459::window::9	106	0.852501428166218	centroid_cosine
wikivir-003386::window::290	106	0.8497840109918517	centroid_cosine
wikivir-012581::window::2	106	0.8492479059916944	centroid_cosine
wikivir-020841::window::5	106	0.848667114440767	centroid_cosine
wikivir-004159::window::52	106	0.8479869162148844	centroid_cosine
wikivir-002782::window::116	106	0.8471708867684948	centroid_cosine
wikivir-020617::window::244	106	0.84695305080383	centroid_cosine
wikivir-000807::window::42	106	0.8468904608213365	centroid_cosine
wikivir-001456::window::32	106	0.8466808269944124	centroid_cosine
wikivir-015051::window::336	106	0.8466634679130078	centroid_cosine
wikivir-016893::window::211	106	0.8465785749321952	centroid_cosine
wikivir-021022::window::1611	106	0.8464520278113631	centroid_cosine
wikivir-014856::window::111	106	0.8451622019236045	centroid_cosine
wikivir-004542::window::29	106	0.844887450864934	centroid_cosine
wikivir-019038::window::525	106	0.8439434549559879	centroid_cosine
wikivir-019785::window::46	106	0.7294128512266169	centroid_cosine
wikivir-014696::window::192	106	0.6808646451456971	centroid_cosine
wikivir-007381::window::20	106	0.649167991569225	centroid_cosine
wikivir-003386::window::234	106	0.7953551992127432	centroid_cosine
wikivir-004538::window::24	106	0.7870045254169828	centroid_cosine
wikivir-014762::window::3	106	0.7872886959859018	centroid_cosine
wikivir-004191::window::75	106	0.8044419282917875	centroid_cosine
wikivir-000600::window::87	106	0.7406978569487839	centroid_cosine
wikivir-001182::window::342	106	0.8238291646854482	centroid_cosine
wikivir-013958::window::35	106	0.7112572281182816	centroid_cosine
wikivir-004172::window::13	107	0.8617269532229788	centroid_cosine
wikivir-002820::window::555	107	0.8598113698873528	centroid_cosine
wikivir-003155::window::180	107	0.8478598794719479	centroid_cosine
wikivir-016077::window::345	107	0.8478520157151004	centroid_cosine
wikivir-004178::window::23	107	0.8444878161203013	centroid_cosine
wikivir-017628::window::370	107	0.8431596798034399	centroid_cosine
wikivir-012756::window::162	107	0.8426068186869552	centroid_cosine
wikivir-015042::window::38	107	0.8394880806206428	centroid_cosine
wikivir-004461::window::729	107	0.8390918412561403	centroid_cosine
wikivir-003501::window::423	107	0.8380324011769552	centroid_cosine
wikivir-015185::window::106	107	0.836410092875767	centroid_cosine
wikivir-017628::window::134	107	0.8360317743670095	centroid_cosine
wikivir-015729::window::342	107	0.8345238152482974	centroid_cosine
wikivir-003491::window::141	107	0.8336928128869666	centroid_cosine
wikivir-016634::window::163	107	0.8336839345780991	centroid_cosine
wikivir-015645::window::1	107	0.8336145889000228	centroid_cosine
wikivir-017275::window::9	107	0.8332095377261068	centroid_cosine
wikivir-003155::window::287	107	0.8329438650620651	centroid_cosine
wikivir-016634::window::85	107	0.8324947052824944	centroid_cosine
wikivir-003491::window::362	107	0.8323403556811444	centroid_cosine
wikivir-003491::window::352	107	0.8318488688171688	centroid_cosine
wikivir-015185::window::136	107	0.8311894721436502	centroid_cosine
wikivir-003501::window::630	107	0.8297019930090647	centroid_cosine
wikivir-017628::window::276	107	0.8290412799846014	centroid_cosine
wikivir-003491::window::186	107	0.8284323151587792	centroid_cosine
wikivir-004438::window::139	107	0.6551640260598331	centroid_cosine
wikivir-015258::window::6	107	0.7422994254429656	centroid_cosine
wikivir-003155::window::399	107	0.7202829967745821	centroid_cosine
wikivir-017087::window::155	107	0.7225199239821021	centroid_cosine
wikivir-019605::window::309	107	0.7500150037724796	centroid_cosine
wikivir-019876::window::3	107	0.6180516950761384	centroid_cosine
wikivir-013193::window::143	107	0.6813389701347956	centroid_cosine
wikivir-017628::window::337	107	0.6698945161360794	centroid_cosine
wikivir-003491::window::156	107	0.57408676207023	centroid_cosine
wikivir-014764::window::1	107	0.6117046431627798	centroid_cosine
wikivir-000608::window::315	108	0.920659099364852	centroid_cosine
wikivir-000687::window::180	108	0.9186610274934673	centroid_cosine
wikivir-000608::window::424	108	0.9166484111857165	centroid_cosine
wikivir-001345::window::301	108	0.91491004196114	centroid_cosine
wikivir-001345::window::227	108	0.9138960960543316	centroid_cosine
wikivir-000687::window::205	108	0.9127846433410872	centroid_cosine
wikivir-001345::window::168	108	0.911945872958966	centroid_cosine
wikivir-000608::window::295	108	0.9106630238243603	centroid_cosine
wikivir-001345::window::169	108	0.9094085933732563	centroid_cosine
wikivir-001345::window::287	108	0.9093978829788167	centroid_cosine
wikivir-000687::window::129	108	0.908801930934048	centroid_cosine
wikivir-001529::window::20	108	0.9071749685816825	centroid_cosine
wikivir-001529::window::33	108	0.9069243026818422	centroid_cosine
wikivir-001345::window::319	108	0.9031872250605831	centroid_cosine
wikivir-000608::window::317	108	0.9017441935265038	centroid_cosine
wikivir-000687::window::35	108	0.9016714736746914	centroid_cosine
wikivir-000608::window::339	108	0.9016459920044921	centroid_cosine
wikivir-001345::window::294	108	0.8999573376873516	centroid_cosine
wikivir-000687::window::171	108	0.8996744326684776	centroid_cosine
wikivir-000608::window::190	108	0.8975932795711283	centroid_cosine
wikivir-001529::window::28	108	0.8964390459358118	centroid_cosine
wikivir-010265::window::17	108	0.8955728069124669	centroid_cosine
wikivir-000687::window::26	108	0.8953611095881981	centroid_cosine
wikivir-001345::window::54	108	0.8947445328540637	centroid_cosine
wikivir-001345::window::52	108	0.8946023986087932	centroid_cosine
wikivir-014703::window::20	108	0.8309722311537823	centroid_cosine
wikivir-001345::window::150	108	0.8348838212637995	centroid_cosine
wikivir-017809::window::49	108	0.7137679526759112	centroid_cosine
wikivir-000604::window::22	108	0.7505597927745946	centroid_cosine
wikivir-013883::window::164	108	0.681461061929725	centroid_cosine
wikivir-010848::window::227	108	0.600344260458697	centroid_cosine
wikivir-000608::window::103	108	0.8555714439518538	centroid_cosine
wikivir-013632::window::2	108	0.7419916606685468	centroid_cosine
wikivir-000687::window::359	108	0.8322168437189155	centroid_cosine
wikivir-000608::window::32	108	0.7731322138286179	centroid_cosine
wikivir-018601::window::13	109	0.8596860062017662	centroid_cosine
wikivir-016031::window::32	109	0.8486068935452138	centroid_cosine
wikivir-000579::window::356	109	0.8356295766419712	centroid_cosine
wikivir-011783::window::465	109	0.830090953431605	centroid_cosine
wikivir-003945::window::114	109	0.827644726470038	centroid_cosine
wikivir-000782::window::121	109	0.8242964847999172	centroid_cosine
wikivir-020621::window::61	109	0.8205803050608478	centroid_cosine
wikivir-014619::window::185	109	0.818347774022346	centroid_cosine
wikivir-014336::window::16	109	0.8125157524994235	centroid_cosine
wikivir-003715::window::22	109	0.8119534911463387	centroid_cosine
wikivir-018141::window::3	109	0.8117730436097624	centroid_cosine
wikivir-013160::window::55	109	0.8115253689054711	centroid_cosine
wikivir-004461::window::592	109	0.8109580768238576	centroid_cosine
wikivir-014754::window::4	109	0.8105912980718971	centroid_cosine
wikivir-011652::window::5	109	0.8095334382729678	centroid_cosine
wikivir-004218::window::113	109	0.8093426739957383	centroid_cosine
wikivir-004550::window::22	109	0.8090000710067348	centroid_cosine
wikivir-015162::window::19	109	0.8083107092689862	centroid_cosine
wikivir-014598::window::174	109	0.8079951333638595	centroid_cosine
wikivir-019039::window::5	109	0.8078925291880312	centroid_cosine
wikivir-003348::window::1221	109	0.8070299441956108	centroid_cosine
wikivir-000163::window::3	109	0.806381049666369	centroid_cosine
wikivir-003461::window::4	109	0.8057678261327874	centroid_cosine
wikivir-016977::window::31	109	0.8049616267056452	centroid_cosine
wikivir-017755::window::77	109	0.8037379184748923	centroid_cosine
wikivir-004737::window::55	109	0.7277080576054408	centroid_cosine
wikivir-011633::window::88	109	0.6266977160921818	centroid_cosine
wikivir-004451::window::98	109	0.5384629926349338	centroid_cosine
wikivir-004530::window::91	109	0.7360679211624156	centroid_cosine
wikivir-020816::window::4	109	0.6236659105081753	centroid_cosine
wikivir-011282::window::1	109	0.7418398743331157	centroid_cosine
wikivir-004695::window::87	109	0.6838128067270794	centroid_cosine
wikivir-003887::window::65	109	0.6773131129580996	centroid_cosine
wikivir-015266::window::120	109	0.6977329282232855	centroid_cosine
wikivir-015451::window::76	109	0.6333121853789552	centroid_cosine
wikivir-002820::window::696	110	0.9251786428989217	centroid_cosine
wikivir-014633::window::73	110	0.9248511695805209	centroid_cosine
wikivir-002820::window::705	110	0.9220925364454148	centroid_cosine
wikivir-014633::window::67	110	0.92029256310352	centroid_cosine
wikivir-003153::window::95	110	0.9198297789027274	centroid_cosine
wikivir-004179::window::24	110	0.9179085760946193	centroid_cosine
wikivir-003501::window::668	110	0.9159813617838655	centroid_cosine
wikivir-019605::window::212	110	0.9158652820001693	centroid_cosine
wikivir-014633::window::51	110	0.9156397731798637	centroid_cosine
wikivir-004179::window::40	110	0.9144787382847785	centroid_cosine
wikivir-004246::window::339	110	0.9133283195602746	centroid_cosine
wikivir-014633::window::52	110	0.9115399857060286	centroid_cosine
wikivir-002820::window::764	110	0.9109610090930911	centroid_cosine
wikivir-004165::window::337	110	0.9098980923216822	centroid_cosine
wikivir-019605::window::213	110	0.9094762729431919	centroid_cosine
wikivir-014633::window::50	110	0.9082562203438693	centroid_cosine
wikivir-004178::window::2	110	0.9076744910691761	centroid_cosine
wikivir-004169::window::8	110	0.9071995243884108	centroid_cosine
wikivir-002820::window::706	110	0.9054202378040417	centroid_cosine
wikivir-002820::window::766	110	0.9051509186314692	centroid_cosine
wikivir-015729::window::860	110	0.9050477521750953	centroid_cosine
wikivir-002820::window::698	110	0.9046636495204463	centroid_cosine
wikivir-015729::window::869	110	0.9032813725654021	centroid_cosine
wikivir-014633::window::89	110	0.9023002008085962	centroid_cosine
wikivir-018940::window::217	110	0.9021480074824564	centroid_cosine
wikivir-010686::window::444	110	0.8358320889063153	centroid_cosine
wikivir-004165::window::581	110	0.7956215346455531	centroid_cosine
wikivir-003501::window::43	110	0.8044113249289496	centroid_cosine
wikivir-013212::window::23	110	0.7262447494138052	centroid_cosine
wikivir-003501::window::496	110	0.7014743124288305	centroid_cosine
wikivir-004178::window::124	110	0.7483019842937816	centroid_cosine
wikivir-004715::window::491	110	0.627600637214099	centroid_cosine
wikivir-003501::window::461	110	0.869992579103561	centroid_cosine
wikivir-004179::window::53	110	0.8771582631793465	centroid_cosine
wikivir-004165::window::632	110	0.664727845149877	centroid_cosine
wikivir-004195::window::21	111	0.8703278907415173	centroid_cosine
wikivir-004467::window::19	111	0.8638899956584534	centroid_cosine
wikivir-004706::window::123	111	0.8636359035329432	centroid_cosine
wikivir-004706::window::104	111	0.8624060951281031	centroid_cosine
wikivir-015271::window::90	111	0.8596478705997165	centroid_cosine
wikivir-008885::window::2	111	0.8555875628898332	centroid_cosine
wikivir-017137::window::100	111	0.8536334090131259	centroid_cosine
wikivir-015856::window::80	111	0.8519584113496179	centroid_cosine
wikivir-013883::window::488	111	0.8497220072526577	centroid_cosine
wikivir-012096::window::59	111	0.848499497664633	centroid_cosine
wikivir-003264::window::92	111	0.8484512042018096	centroid_cosine
wikivir-015144::window::15	111	0.8482154870300261	centroid_cosine
wikivir-020010::window::94	111	0.8476586724920933	centroid_cosine
wikivir-003264::window::316	111	0.8450706263768102	centroid_cosine
wikivir-015856::window::76	111	0.8443542497585603	centroid_cosine
wikivir-013883::window::14	111	0.8429339507180686	centroid_cosine
wikivir-014582::window::11	111	0.84238089865483	centroid_cosine
wikivir-020185::window::34	111	0.8403896733751798	centroid_cosine
wikivir-003074::window::8	111	0.8398288007268956	centroid_cosine
wikivir-015602::window::54	111	0.8384313801227277	centroid_cosine
wikivir-018034::window::235	111	0.8384013910669694	centroid_cosine
wikivir-003348::window::1182	111	0.8370004583544062	centroid_cosine
wikivir-013883::window::536	111	0.8356951565185442	centroid_cosine
wikivir-015326::window::23	111	0.8356463410124836	centroid_cosine
wikivir-016823::window::24	111	0.8342836797856044	centroid_cosine
wikivir-015693::window::9	111	0.6501522395204185	centroid_cosine
wikivir-006718::window::196	111	0.698358846820577	centroid_cosine
wikivir-016591::window::24	111	0.7053344500911102	centroid_cosine
wikivir-002843::window::16	111	0.6291624940992253	centroid_cosine
wikivir-015514::window::16	111	0.5265432751164847	centroid_cosine
wikivir-018126::window::151	111	0.7412795744907288	centroid_cosine
wikivir-017841::window::2	111	0.7013003332094485	centroid_cosine
wikivir-018101::window::218	111	0.7373587151283931	centroid_cosine
wikivir-004706::window::120	111	0.7883442188407246	centroid_cosine
wikivir-019196::window::1	111	0.6224567213299241	centroid_cosine
wikivir-001441::window::32	112	0.858255794754454	centroid_cosine
wikivir-011679::window::62	112	0.8484514567202035	centroid_cosine
wikivir-013649::window::1	112	0.8423633232287621	centroid_cosine
wikivir-010612::window::241	112	0.8405890082236049	centroid_cosine
wikivir-004492::window::15	112	0.8405688880872816	centroid_cosine
wikivir-004720::window::28	112	0.8388760253441387	centroid_cosine
wikivir-011679::window::406	112	0.8388063865385242	centroid_cosine
wikivir-010270::window::65	112	0.8377892781110265	centroid_cosine
wikivir-018950::window::19	112	0.8351638119374167	centroid_cosine
wikivir-019038::window::293	112	0.8349826677903724	centroid_cosine
wikivir-003387::window::51	112	0.8347997934489213	centroid_cosine
wikivir-003100::window::194	112	0.833009081563513	centroid_cosine
wikivir-020069::window::168	112	0.8313518514049546	centroid_cosine
wikivir-015742::window::38	112	0.8313259119081231	centroid_cosine
wikivir-010347::window::52	112	0.8297105365381432	centroid_cosine
wikivir-015033::window::49	112	0.8251399840867875	centroid_cosine
wikivir-017405::window::89	112	0.8247785501112772	centroid_cosine
wikivir-003092::window::428	112	0.8236228618245964	centroid_cosine
wikivir-007059::window::40	112	0.8230288735132896	centroid_cosine
wikivir-007071::window::40	112	0.8230288735132896	centroid_cosine
wikivir-010677::window::5	112	0.8229574151916655	centroid_cosine
wikivir-013737::window::37	112	0.8227639012465786	centroid_cosine
wikivir-004483::window::50	112	0.8227150176285853	centroid_cosine
wikivir-000708::window::26	112	0.8225877893205431	centroid_cosine
wikivir-004471::window::27	112	0.8223687427802784	centroid_cosine
wikivir-004699::window::35	112	0.7358199838949818	centroid_cosine
wikivir-019134::window::166	112	0.71832456005184	centroid_cosine
wikivir-014322::window::25	112	0.7539297941035733	centroid_cosine
wikivir-014521::window::38	112	0.7049695084107128	centroid_cosine
wikivir-012393::window::4	112	0.7034568456330815	centroid_cosine
wikivir-000801::window::4	112	0.7129301970103267	centroid_cosine
wikivir-004211::window::46	112	0.6841573783947701	centroid_cosine
wikivir-012024::window::1	112	0.6059903570404342	centroid_cosine
wikivir-012149::window::1	112	0.6641147146174697	centroid_cosine
wikivir-018468::window::4	112	0.6920600159103529	centroid_cosine
wikivir-000605::window::242	113	0.9027045418968223	centroid_cosine
wikivir-017693::window::13	113	0.8984852674691182	centroid_cosine
wikivir-014639::window::180	113	0.8914863918250524	centroid_cosine
wikivir-000788::window::6	113	0.8900790180185469	centroid_cosine
wikivir-015810::window::135	113	0.8899606149231915	centroid_cosine
wikivir-011687::window::95	113	0.8857134466048322	centroid_cosine
wikivir-003005::window::663	113	0.8839312223697975	centroid_cosine
wikivir-000798::window::181	113	0.8806074517036382	centroid_cosine
wikivir-000935::window::328	113	0.8806021765090094	centroid_cosine
wikivir-013456::window::82	113	0.8783446275054466	centroid_cosine
wikivir-014517::window::10	113	0.8777076366727349	centroid_cosine
wikivir-002839::window::344	113	0.8771310001602821	centroid_cosine
wikivir-011687::window::32	113	0.876884611363011	centroid_cosine
wikivir-014678::window::177	113	0.8764490240027163	centroid_cosine
wikivir-002839::window::372	113	0.8754055843312196	centroid_cosine
wikivir-010221::window::363	113	0.8748088554993885	centroid_cosine
wikivir-004193::window::61	113	0.8742315762568724	centroid_cosine
wikivir-004416::window::8	113	0.8736021066151152	centroid_cosine
wikivir-003005::window::607	113	0.8702881148760611	centroid_cosine
wikivir-017693::window::16	113	0.8701705385494868	centroid_cosine
wikivir-014840::window::10	113	0.8692800416555413	centroid_cosine
wikivir-000749::window::13	113	0.8684733379789006	centroid_cosine
wikivir-002805::window::18	113	0.8680291813632379	centroid_cosine
wikivir-014706::window::181	113	0.867995507608695	centroid_cosine
wikivir-015673::window::184	113	0.8679146461393248	centroid_cosine
wikivir-003414::window::6	113	0.7366427824211281	centroid_cosine
wikivir-004524::window::210	113	0.7802165425532359	centroid_cosine
wikivir-004567::window::108	113	0.6871425903426336	centroid_cosine
wikivir-016869::window::96	113	0.7836477865677243	centroid_cosine
wikivir-014840::window::75	113	0.7511811918633444	centroid_cosine
wikivir-013456::window::42	113	0.7211499942229426	centroid_cosine
wikivir-015673::window::194	113	0.6624902286231971	centroid_cosine
wikivir-004485::window::52	113	0.7988509968967159	centroid_cosine
wikivir-013424::window::4	113	0.6249004407950052	centroid_cosine
wikivir-004634::window::66	113	0.7469068365669717	centroid_cosine
wikivir-020929::window::175	114	0.8972066233429936	centroid_cosine
wikivir-013236::window::105	114	0.8902928886283332	centroid_cosine
wikivir-018795::window::6	114	0.8897713931174638	centroid_cosine
wikivir-018710::window::6	114	0.8889388797093563	centroid_cosine
wikivir-011044::window::12	114	0.8825704337191189	centroid_cosine
wikivir-016146::window::10	114	0.8785460714653032	centroid_cosine
wikivir-019063::window::5	114	0.8782727119217884	centroid_cosine
wikivir-011044::window::41	114	0.8770676278940255	centroid_cosine
wikivir-020929::window::105	114	0.8767050925605588	centroid_cosine
wikivir-010686::window::185	114	0.8763690173225676	centroid_cosine
wikivir-019063::window::2	114	0.8747993334648165	centroid_cosine
wikivir-018433::window::2	114	0.8742658768180852	centroid_cosine
wikivir-013154::window::7	114	0.8694932510653526	centroid_cosine
wikivir-004201::window::35	114	0.8692874796391965	centroid_cosine
wikivir-020929::window::84	114	0.8672108622033475	centroid_cosine
wikivir-016146::window::36	114	0.866430453143326	centroid_cosine
wikivir-004469::window::75	114	0.8660724839574849	centroid_cosine
wikivir-013236::window::106	114	0.8643622318725612	centroid_cosine
wikivir-013236::window::164	114	0.86305999168188	centroid_cosine
wikivir-018687::window::38	114	0.862984115037514	centroid_cosine
wikivir-018575::window::3	114	0.8626584159287324	centroid_cosine
wikivir-018571::window::3	114	0.8623261210245827	centroid_cosine
wikivir-018797::window::7	114	0.8606045762551905	centroid_cosine
wikivir-013236::window::45	114	0.8602684583915483	centroid_cosine
wikivir-000164::window::4	114	0.8589013566433338	centroid_cosine
wikivir-016548::window::447	114	0.6837963794802974	centroid_cosine
wikivir-002776::window::31	114	0.5531162672894759	centroid_cosine
wikivir-021041::window::5	114	0.7142583853232896	centroid_cosine
wikivir-017628::window::96	114	0.7644868075084539	centroid_cosine
wikivir-004714::window::231	114	0.7999219843092575	centroid_cosine
wikivir-017725::window::346	114	0.6257886526470331	centroid_cosine
wikivir-001026::window::65	114	0.7512114824055302	centroid_cosine
wikivir-010686::window::22	114	0.7858688882793908	centroid_cosine
wikivir-011587::window::22	114	0.6370041948264842	centroid_cosine
wikivir-016150::window::23	114	0.7725824009971405	centroid_cosine
wikivir-015673::window::65	115	0.909012524166654	centroid_cosine
wikivir-015673::window::14	115	0.8833227568150093	centroid_cosine
wikivir-014646::window::31	115	0.8784362921557596	centroid_cosine
wikivir-003348::window::764	115	0.8749357862319365	centroid_cosine
wikivir-016741::window::7	115	0.8731379156712542	centroid_cosine
wikivir-007113::window::4	115	0.872598341203731	centroid_cosine
wikivir-004275::window::151	115	0.8723855519648613	centroid_cosine
wikivir-003414::window::14	115	0.8692912653107396	centroid_cosine
wikivir-003414::window::3	115	0.8645893221281915	centroid_cosine
wikivir-010134::window::4	115	0.8641690606737558	centroid_cosine
wikivir-003348::window::802	115	0.8634739122096297	centroid_cosine
wikivir-003005::window::36	115	0.8609937929052291	centroid_cosine
wikivir-016869::window::146	115	0.8591791176971795	centroid_cosine
wikivir-013059::window::1	115	0.8588333537859385	centroid_cosine
wikivir-015673::window::63	115	0.8581971090099139	centroid_cosine
wikivir-004235::window::99	115	0.8579072728363988	centroid_cosine
wikivir-014678::window::164	115	0.8571522058760251	centroid_cosine
wikivir-020062::window::239	115	0.8570706880175398	centroid_cosine
wikivir-002126::window::39	115	0.8561799527812252	centroid_cosine
wikivir-016741::window::8	115	0.8561113992932908	centroid_cosine
wikivir-004433::window::8	115	0.8553464387691516	centroid_cosine
wikivir-000798::window::191	115	0.8552855203077225	centroid_cosine
wikivir-015542::window::7	115	0.8540385649126057	centroid_cosine
wikivir-020798::window::237	115	0.8531402549030958	centroid_cosine
wikivir-015542::window::6	115	0.8527086527230315	centroid_cosine
wikivir-016560::window::103	115	0.7282766555455185	centroid_cosine
wikivir-013194::window::109	115	0.7532064649975176	centroid_cosine
wikivir-016077::window::327	115	0.7727440664298787	centroid_cosine
wikivir-004434::window::12	115	0.7503310835530131	centroid_cosine
wikivir-004416::window::62	115	0.7324006992863871	centroid_cosine
wikivir-020508::window::14	115	0.6545031573465556	centroid_cosine
wikivir-004432::window::4	115	0.6842874577291929	centroid_cosine
wikivir-003348::window::674	115	0.8312336522710385	centroid_cosine
wikivir-004275::window::48	115	0.741895162410652	centroid_cosine
wikivir-000931::window::437	115	0.7900836431632317	centroid_cosine
wikivir-010977::window::92	116	0.8504892368533821	centroid_cosine
wikivir-002820::window::272	116	0.8492165822384032	centroid_cosine
wikivir-000807::window::628	116	0.8491865427614995	centroid_cosine
wikivir-012648::window::32	116	0.8445650815809118	centroid_cosine
wikivir-018418::window::1	116	0.8423223403034796	centroid_cosine
wikivir-003155::window::327	116	0.8327654535246805	centroid_cosine
wikivir-018874::window::7	116	0.8322556541525932	centroid_cosine
wikivir-018918::window::2	116	0.8313686215662359	centroid_cosine
wikivir-019270::window::8	116	0.8311380825401398	centroid_cosine
wikivir-004715::window::192	116	0.8288242061833321	centroid_cosine
wikivir-018846::window::2	116	0.8215369056207975	centroid_cosine
wikivir-013141::window::8	116	0.8207736885549461	centroid_cosine
wikivir-017717::window::11	116	0.8201319949329263	centroid_cosine
wikivir-018963::window::1	116	0.8192321554102613	centroid_cosine
wikivir-003155::window::309	116	0.8192211346782639	centroid_cosine
wikivir-010977::window::112	116	0.8178317437776944	centroid_cosine
wikivir-019065::window::21	116	0.8177564715431184	centroid_cosine
wikivir-017717::window::17	116	0.8176065170721649	centroid_cosine
wikivir-018458::window::1	116	0.8159711410759546	centroid_cosine
wikivir-015528::window::13	116	0.8142677684024149	centroid_cosine
wikivir-018918::window::3	116	0.8140281787814654	centroid_cosine
wikivir-000941::window::186	116	0.8137419718564184	centroid_cosine
wikivir-015566::window::32	116	0.8137022579759119	centroid_cosine
wikivir-018887::window::9	116	0.812744868946691	centroid_cosine
wikivir-019065::window::9	116	0.8126737268736616	centroid_cosine
wikivir-010975::window::121	116	0.748908124636654	centroid_cosine
wikivir-003110::window::24	116	0.6251145284727311	centroid_cosine
wikivir-003348::window::2066	116	0.7054807234692525	centroid_cosine
wikivir-013605::window::21	116	0.6673852661326785	centroid_cosine
wikivir-003938::window::70	116	0.6473932515464482	centroid_cosine
wikivir-010977::window::247	116	0.7163702158113878	centroid_cosine
wikivir-020868::window::137	116	0.733022700638859	centroid_cosine
wikivir-010829::window::1	116	0.6185550796708836	centroid_cosine
wikivir-016474::window::462	116	0.6793148864151353	centroid_cosine
wikivir-017729::window::1	116	0.5807738828316735	centroid_cosine
wikivir-002234::window::4	117	0.9115095254702071	centroid_cosine
wikivir-014708::window::30	117	0.9076881776971625	centroid_cosine
wikivir-004708::window::74	117	0.8999656761840937	centroid_cosine
wikivir-003465::window::20	117	0.8913608086050482	centroid_cosine
wikivir-000820::window::79	117	0.8794985002960827	centroid_cosine
wikivir-018010::window::15	117	0.8752443380105712	centroid_cosine
wikivir-013616::window::1	117	0.8745856249349533	centroid_cosine
wikivir-014709::window::7	117	0.8738065474914262	centroid_cosine
wikivir-014085::window::159	117	0.8725481840212843	centroid_cosine
wikivir-017661::window::82	117	0.8620669724896853	centroid_cosine
wikivir-015739::window::289	117	0.8606295869808829	centroid_cosine
wikivir-014851::window::341	117	0.8604381839244816	centroid_cosine
wikivir-004571::window::3	117	0.8600948360134631	centroid_cosine
wikivir-018407::window::28	117	0.8586667211708156	centroid_cosine
wikivir-017444::window::400	117	0.8569386983532125	centroid_cosine
wikivir-010839::window::95	117	0.8561743735896404	centroid_cosine
wikivir-020798::window::120	117	0.8558174745039979	centroid_cosine
wikivir-020862::window::220	117	0.8546384826738505	centroid_cosine
wikivir-011616::window::142	117	0.8545154517380249	centroid_cosine
wikivir-002741::window::27	117	0.8539879806039357	centroid_cosine
wikivir-014627::window::55	117	0.8532800517462564	centroid_cosine
wikivir-013123::window::162	117	0.8523569226320996	centroid_cosine
wikivir-015739::window::295	117	0.8514708464201601	centroid_cosine
wikivir-004732::window::24	117	0.8506298246203268	centroid_cosine
wikivir-000672::window::22	117	0.8503977578697645	centroid_cosine
wikivir-013360::window::32	117	0.7813220873983191	centroid_cosine
wikivir-002741::window::15	117	0.8489859908529594	centroid_cosine
wikivir-000934::window::280	117	0.7706923579876996	centroid_cosine
wikivir-016879::window::1041	117	0.7334621352720758	centroid_cosine
wikivir-019821::window::20	117	0.839268534922843	centroid_cosine
wikivir-020619::window::42	117	0.7037128726374415	centroid_cosine
wikivir-004434::window::167	117	0.7275717887975438	centroid_cosine
wikivir-014446::window::1	117	0.7686898838954703	centroid_cosine
wikivir-021156::window::12	117	0.7774341487451044	centroid_cosine
wikivir-015608::window::15	117	0.8066960092839535	centroid_cosine
wikivir-014427::window::10	118	0.9100507053249416	centroid_cosine
wikivir-014427::window::2	118	0.8433867241672547	centroid_cosine
wikivir-017404::window::119	118	0.8245947922312693	centroid_cosine
wikivir-020187::window::10	118	0.8193892256131777	centroid_cosine
wikivir-014427::window::1	118	0.8173698422165717	centroid_cosine
wikivir-016117::window::214	118	0.8132830238867199	centroid_cosine
wikivir-018493::window::85	118	0.8067912860851401	centroid_cosine
wikivir-014427::window::3	118	0.8050268698350507	centroid_cosine
wikivir-003273::window::82	118	0.7462787727718748	centroid_cosine
wikivir-017433::window::208	118	0.7437302016305585	centroid_cosine
wikivir-013360::window::16	119	0.9170215941983196	centroid_cosine
wikivir-007428::window::1	119	0.9019129859950754	centroid_cosine
wikivir-013176::window::58	119	0.9013133812077501	centroid_cosine
